health,fatigue,alcohol,emotion,safety_knowledge,experience,skill,accident_history,violation_history,distance,stay_time,overlap,authorized,ppe_fastened,protection_eff,hazard_type,impact_range,stability_margin,device_abnormality,sensor_coverage,alarm_effect,wind_speed,illumination,Label
0.49,0.16,否,0.7,0.84,1.16,初级,1次,无,27.06,35.38,0.05,是,是,0.61,车辆,5.99,0.86,0.58,0.95,0.56,1,0.54,中风险
0.91,0.23,否,0.51,0.97,36.99,中级,无,无,21.73,65.55,0.06,是,是,0.43,塔吊,15.04,0.58,0.08,0.78,0.78,1,0.82,无风险
0.6,0.53,否,0.63,0.8,10.25,中级,1次,无,9.02,39.85,0.2,是,是,0.09,深基坑,5.17,0.34,0.4,0.75,0.66,0,0.8,高风险
0.76,0.2,否,0.95,0.73,0.53,中级,无,无,8.21,36.21,0.43,是,是,0.19,塔吊,28.64,1,0.35,0.81,0.61,2,0.73,高风险
0.81,0.51,否,0.69,0.93,8.37,中级,1次,无,16.01,21.38,0.34,是,是,0.53,车辆,4.31,0.48,0.48,0.98,0.69,1,0.46,中风险
0.15,0.11,否,0.89,0.82,23.91,中级,无,≥2次,53.85,46.75,0.11,是,是,0.6,配电箱,26.75,0.35,0.39,0.96,0.2,1,0.64,极高风险
0.39,0.29,否,0.58,0.79,0.63,中级,无,无,29.54,49.15,0.13,是,是,0.73,高支模,11.78,0.39,0,0.68,0.32,2,0.32,中风险
0.75,0.8,否,0.62,0.86,4.05,初级,无,无,18.18,53.94,0.09,是,是,0.41,车辆,80.71,0.78,0.16,0.93,0.58,3,0.69,极高风险
0.39,0.13,否,0.72,0.76,2.77,高级,1次,无,30.06,30.8,0.03,是,是,0.47,车辆,20.71,0.38,0.25,0.9,0.8,4,0.63,中风险
0.57,0.79,否,0.76,0.95,8.75,初级,无,无,9.76,45.46,0.57,否,是,0.88,车辆,7.91,0.45,0.21,0.62,0.58,2,0.77,极高风险
0.55,0.36,否,0.63,0.78,9.06,初级,1次,1次,11.58,43.7,0.35,是,是,0.77,深基坑,10.1,0.54,0,0.79,0.35,3,0.6,高风险
0.69,0.59,否,0.59,0.86,0.59,中级,无,1次,14.46,16.36,0.28,是,是,0.17,塔吊,1.91,1,0.14,0.9,0.77,4,0.45,高风险
0.76,0.27,否,0.68,0.73,5.13,中级,无,无,24.73,32.08,0.29,否,是,0.61,深基坑,4.81,1,0.36,0.65,0.84,2,0.75,高风险
0.71,0.23,否,0.84,0.72,2.51,初级,无,1次,42.97,85.36,0.17,是,是,0.87,配电箱,11.25,1,0,0.88,0.68,4,0.62,低风险
0.59,0.4,否,0.63,0.73,0.07,中级,无,无,16.93,60.01,0.21,是,是,0.7,高支模,4.78,1,0.14,0.93,0.75,2,0.82,低风险
0.26,0.15,否,0.74,0.86,2.41,中级,无,无,37.71,19.43,0.14,是,是,0.7,深基坑,39.24,0.36,0.36,0.72,0.89,2,0.39,中风险
0.28,0.26,否,0.67,0.84,17.13,中级,无,1次,11.67,24.48,0.01,是,是,0.76,高支模,8.8,0.86,0.86,0.71,0.73,4,0.71,低风险
0.88,0.61,是,0.59,0.78,9.12,初级,无,无,38.17,84.52,0.4,是,是,0.73,塔吊,18.02,0.75,0,0.65,0.44,1,0.59,极高风险
0.25,0.29,否,0.53,0.74,1.79,高级,1次,无,29.02,22.48,0.06,是,是,0.91,高支模,15.48,1,0.07,0.94,0.58,2,0.67,无风险
0.67,0.78,否,0.56,0.69,5.56,初级,无,无,29.86,17.85,0.36,是,是,0.88,塔吊,18.45,0.61,0.5,0.78,0.65,7,0.47,高风险
0.7,0.17,否,0.69,0.79,11.54,初级,无,无,12.67,42.65,0.18,是,是,0.87,高支模,19.36,0.76,0,0.78,0.14,6,0.77,低风险
0.56,0.24,否,0.62,0.68,0.25,中级,无,无,14.37,74.56,0.08,是,是,0.91,配电箱,26.14,0.83,0,0.84,0.47,3,0.8,低风险
0.85,0.34,否,0.55,0.84,3.4,中级,无,无,16.31,23.64,0.82,是,是,0.31,深基坑,0.56,0.41,0.01,0.64,0.44,1,0.59,中风险
0.77,0.59,否,0.68,0.81,20.69,初级,无,无,12.72,22.23,0.23,是,否,0.16,高支模,4.11,0.51,0,0.84,0.54,1,0.9,极高风险
0.74,0.4,否,0.76,0.68,14.07,中级,无,1次,17.54,62.15,0.52,是,是,0.45,配电箱,5.24,0.16,0.07,0.95,0.74,1,0.27,极高风险
0.78,0.56,否,0.59,0.78,9.67,初级,无,无,15.91,37.08,0.21,是,是,0.36,深基坑,2.24,1,0,0.86,0.8,4,0.56,低风险
0.38,0.16,否,0.64,0.75,5.02,初级,无,无,10.78,30.25,0.19,否,是,0.8,高支模,20.44,0.41,0.46,0.91,0.47,2,0.19,极高风险
0.81,0.49,否,0.64,0.92,9.25,初级,无,1次,16.54,27.47,0.24,是,是,0.91,车辆,34.8,0.44,0,0.64,0.6,5,0.48,中风险
0.85,0.23,否,0.65,0.73,12.83,初级,无,1次,17.4,23.7,0.14,是,是,0.09,高支模,17.39,1,0.16,0.82,0.61,3,0.75,高风险
0.91,0.19,否,0.59,1,6.95,中级,1次,无,16.62,15.73,0.62,是,是,0.71,配电箱,14.12,1,0.08,0.91,0.56,3,0.67,低风险
0.96,0.68,否,0.81,0.78,14.06,高级,无,无,10.32,56.13,0.31,是,是,0.2,高支模,1.93,0.84,0.1,0.91,0.65,1,0.78,高风险
0.5,0.71,否,0.68,0.91,2.78,中级,无,1次,13.66,30.18,0.32,是,是,0.98,车辆,91.52,0.48,0.26,0.84,0.82,5,0.9,高风险
0.54,0.68,否,0.56,0.87,22.37,初级,无,无,14.26,38.47,0.12,是,是,0.87,配电箱,19.99,0.69,0.3,0.74,0.79,8,0.67,高风险
0.39,0.17,否,0.45,0.71,20.37,高级,无,无,13.83,7.26,0.45,否,是,0.41,车辆,3.77,0.8,0.71,0.94,0.81,3,0.85,高风险
0.39,0.44,否,0.83,0.84,4.75,无证,无,无,10.25,46.25,0.29,是,是,0.9,塔吊,16.58,0.82,0.2,0.64,0.65,2,0.74,高风险
0.64,0.21,否,0.65,0.91,2.69,初级,无,无,18.64,54.29,0.27,是,是,0.31,配电箱,26.22,0.8,0.49,0.59,0.68,3,0.41,极高风险
0.73,0.73,否,0.83,0.89,2.79,中级,无,无,18.25,56.98,0.02,否,是,0.65,塔吊,68.88,0.49,0.65,0.91,0.77,2,0.88,极高风险
0.47,0.45,否,0.61,0.71,3.15,初级,无,1次,22.51,34.2,0.12,是,是,0.81,深基坑,25.95,0.42,0,0.92,0.53,1,0.51,高风险
0.19,0.27,否,0.62,0.81,19.53,高级,1次,无,13.09,10.13,0,是,是,0.41,深基坑,4.46,0.65,0.28,0.67,0.27,1,0.49,高风险
0.24,0.14,否,0.64,0.87,19.96,初级,1次,1次,13.59,13.17,0.31,是,是,0.72,高支模,1.83,0.94,0.31,0.75,0.09,3,0.42,高风险
0.79,0.21,否,0.73,0.8,3.94,初级,无,1次,47.96,29.32,0.12,是,是,0.26,车辆,61.67,0.62,0.27,0.8,0.74,3,0.64,高风险
0.69,0.32,否,0.64,0.72,1.85,中级,无,无,16.93,47.54,0.04,是,是,0.81,高支模,4.28,0.11,0.22,0.87,0.7,5,0.91,低风险
0.8,0.31,否,0.5,0.87,11.64,中级,1次,≥2次,20.69,15.01,0.91,是,是,0.36,配电箱,27.05,0.76,0.08,0.61,0.9,1,0.33,极高风险
0.85,0.45,否,0.92,0.73,6.2,中级,无,≥2次,11.05,12.11,0.27,否,是,0.52,配电箱,0.37,0.54,0.21,0.95,0.66,2,0.26,高风险
0.8,0.4,否,0.64,0.72,1.66,初级,无,无,41.14,37.72,0.17,是,否,0.74,配电箱,14.52,0.69,0.45,0.89,0.55,7,0.44,极高风险
0.64,0.7,否,0.64,0.84,4.66,初级,1次,≥2次,21.57,56.31,0.13,是,是,0.66,车辆,17.53,0.65,0.47,0.63,0.15,2,0.31,极高风险
0.78,0.6,否,0.83,0.69,5.74,中级,1次,无,53.11,16.76,0.09,是,是,0.06,高支模,4.89,0.73,0.94,0.86,0.68,2,0.5,高风险
0.2,0.18,否,0.75,0.86,4.36,高级,无,1次,58.67,66.35,0.31,是,是,0.56,高支模,1.12,1,0.49,0.88,0.29,3,0.67,高风险
0.65,0.1,否,0.59,0.88,6.57,高级,1次,无,17.64,32.67,0.32,否,是,0.62,高支模,9.83,0.59,0.22,0.82,0.78,2,0.47,高风险
0.86,0.61,否,0.68,0.89,10.65,初级,无,无,38.69,29.53,0.04,是,是,0.47,配电箱,26.19,0.76,0.46,0.92,0.22,5,0.6,高风险
0.77,0.55,否,0.51,0.85,3.95,中级,无,1次,34.39,48.13,0.21,是,是,0.71,塔吊,14.67,0.65,0.32,0.96,0.69,3,0.81,中风险
0.59,0.33,否,0.56,0.93,5.26,中级,无,无,9.65,9.92,0.3,是,是,0.7,车辆,21.1,0.51,0.23,0.89,0.22,0,0.79,中风险
0.83,0.45,否,0.81,0.83,35.76,中级,无,1次,26.48,8.36,0.21,是,是,0.52,深基坑,1.23,0.54,0.37,0.76,0.83,2,0.61,无风险
0.56,0.55,否,0.76,0.84,2.46,高级,无,无,53.96,30.61,0.16,是,是,0.88,塔吊,1.99,1,0.34,0.88,0.51,3,0.68,无风险
0.59,0.16,否,0.68,0.78,9.12,中级,无,无,28.94,68.78,0.03,否,是,0.33,配电箱,23.72,0.42,0.54,0.92,0.71,3,0.79,极高风险
0.85,0.09,否,0.67,0.85,3.53,初级,无,1次,24.68,20.57,0.33,是,是,0.6,塔吊,9.3,0.79,0,0.89,0.2,4,0.81,低风险
0.27,0.2,否,0.65,0.9,9.5,高级,无,无,19.59,69.32,0.23,是,是,0.58,深基坑,37.28,0.24,0.64,0.94,0.56,10,0.58,极高风险
0.37,0.3,否,0.68,0.88,6.2,高级,≥2次,无,20.31,67.58,0.16,是,是,0.44,配电箱,23.19,0.37,0.49,0.64,0.39,4,0.64,极高风险
0.53,0.33,否,0.68,0.74,1.14,中级,无,无,71.5,21.72,0.58,是,是,0.74,配电箱,3.92,0.73,0.05,0.74,0.69,2,0.53,低风险
0.68,0.19,否,0.68,0.83,10.12,中级,无,无,13.64,42.29,0.38,是,是,0.3,深基坑,17.96,0.61,0.36,0.86,0.72,1,0.97,中风险
0.76,0.78,否,0.69,0.96,7.59,中级,无,1次,33.42,10.62,0.17,是,是,0.86,车辆,16.3,0.34,0.46,0.9,0.73,7,0.7,高风险
0.79,0.37,否,0.88,0.8,3.64,高级,无,无,22.82,42.59,0.31,是,是,0.93,车辆,57.5,0.52,0,0.91,0.84,1,0.91,无风险
0.41,0.24,否,0.42,0.6,8.83,初级,无,≥2次,25.42,20.82,0.01,是,是,0.73,塔吊,3.02,0.71,0,0.83,0.27,1,0.71,中风险
0.54,0.29,否,0.68,0.85,11.14,高级,无,无,28.24,28.12,0.14,是,是,0.38,深基坑,12.91,0.54,0.39,0.79,0.65,4,0.53,低风险
0.72,0.28,否,0.73,0.64,0.16,中级,无,1次,4.77,9.65,0.01,是,是,0.6,配电箱,22.43,1,0.14,0.65,0.43,4,0.73,中风险
0.83,0.27,否,0.7,0.91,6.98,中级,无,无,24.46,21.64,0.49,是,是,0.84,配电箱,2.62,0.59,0,0.7,0.42,1,0.48,无风险
0.51,0.71,否,0.73,0.64,0.91,中级,无,无,48.67,69.99,0.07,是,否,0.71,高支模,31.15,0.81,0.01,0.65,0.25,2,0.58,极高风险
0.93,0.28,否,0.82,0.99,2.97,高级,≥2次,1次,12.68,33.51,0.03,是,是,0.42,深基坑,13.94,0.71,0.25,0.89,0.86,1,0.31,低风险
0.47,0.3,否,0.66,0.91,12.36,中级,无,1次,19.75,18.21,0.12,是,是,0.4,高支模,90.12,0.58,0.19,0.83,0.4,3,0.78,高风险
0.74,0.2,否,0.52,0.8,1.14,无证,无,无,23.97,38.77,0.02,是,否,0.28,深基坑,14.23,0.75,0.24,0.97,0.9,1,0.24,极高风险
0.83,0.35,否,0.55,0.94,6.26,中级,无,无,21.36,43.33,0.01,是,是,0.9,车辆,17.41,0.78,0.23,0.84,0.62,4,0.71,低风险
0.71,0.11,否,0.84,0.78,0.83,中级,无,≥2次,24.11,19.65,0.05,是,是,0.33,车辆,4.41,0.36,0.16,0.91,0.44,2,0.19,高风险
0.56,0.35,否,0.74,0.78,3.14,中级,无,1次,14.01,22.15,0.31,是,是,0.51,塔吊,19.66,0.13,0.43,0.81,0.5,2,0.37,极高风险
0.87,0.16,否,0.79,0.77,13.7,中级,无,无,18.32,23.66,0,是,是,0.88,配电箱,25.56,0.01,0.28,0.74,0.49,8,0.19,高风险
0.85,0.16,否,0.62,0.66,2.05,初级,无,无,22.44,64.72,0.19,是,是,0.37,配电箱,11.07,1,0.26,0.65,0.81,2,0.72,高风险
0.2,0.2,否,0.64,0.92,0.87,初级,无,无,46.07,26.32,0.3,是,是,0.51,车辆,4.55,0.27,0,0.75,0.81,1,0.87,高风险
0.82,0.61,否,0.76,0.9,4.91,无证,无,无,16.03,34.47,0.22,是,是,0.62,塔吊,1.59,0.87,0,0.86,0.82,4,0.63,高风险
0.66,0.51,否,0.61,0.61,1.87,初级,无,无,24.66,12.48,0.27,是,是,0.77,深基坑,1.67,1,0.21,0.92,0.5,2,0.53,低风险
0.93,0.23,否,0.73,0.83,11.24,初级,无,≥2次,18.47,16.14,0.23,是,是,0.55,配电箱,23.51,0.79,0.35,0.84,0.74,5,0.84,高风险
0.61,0.4,否,0.66,0.68,1.48,初级,无,≥2次,11.46,24.54,0.51,是,是,0.75,车辆,7.28,0.73,0,0.78,0.29,3,0.74,极高风险
0.61,0.11,否,0.68,0.67,21.3,中级,无,无,22.96,12.13,0.29,否,是,0.73,配电箱,4.79,1,0.11,0.77,0.82,2,0.59,高风险
0.05,0.14,否,0.63,0.78,3.73,初级,无,无,13.68,40.62,0.25,是,是,0.34,高支模,17.3,0.73,0,0.7,0.53,2,0.19,高风险
0.68,0.24,否,0.7,0.57,1.26,中级,1次,无,7.14,18.18,0.19,是,是,0.77,车辆,0.83,1,0.31,0.62,0.65,4,0.84,高风险
0.87,0.29,否,0.77,0.77,16.45,中级,无,无,17.05,37.14,0.35,是,是,0.04,高支模,17.8,0.59,0.58,0.72,0.39,1,0.71,高风险
0.69,0.15,否,0.64,0.73,21.3,初级,无,无,35.23,38.26,0.35,是,是,0.53,高支模,16.28,0.27,0.28,0.82,0.82,2,0.42,中风险
0.88,0.2,否,0.66,0.82,30.75,初级,无,无,25.8,60.78,0,是,是,0.35,塔吊,96.22,0.45,0,0.83,0.15,5,0.63,中风险
0.92,0.17,否,0.71,0.84,0.27,中级,无,无,31.9,29.74,0.57,是,是,0.74,车辆,22.74,0.83,0.1,0.75,0.54,0,0.32,低风险
0.85,0.26,否,0.58,0.8,1.2,初级,无,无,11.6,43.29,0.04,是,是,0.73,高支模,0.88,1,0.22,0.81,0.5,1,0.54,无风险
0.46,0.6,否,0.78,0.88,3.84,中级,无,无,22.43,21.84,0.04,是,是,0.48,深基坑,7.29,0.74,0.01,0.97,0.57,6,0.62,低风险
0.54,0.12,否,0.76,0.84,0.87,初级,1次,无,7.32,8.67,0.15,是,是,0.56,塔吊,20.71,0.64,0.46,0.75,0.35,2,0.33,高风险
0.28,0.47,否,0.62,0.78,15.01,中级,无,无,10.61,22.69,0.46,是,否,0.95,深基坑,2.5,1,0.25,0.66,0.49,7,0.77,高风险
0.93,0.22,否,0.68,0.88,10.46,高级,无,1次,25.89,38.04,0.07,是,是,0.96,塔吊,22.7,1,0.16,0.88,0.69,3,0.62,无风险
0.26,0.18,否,0.53,0.87,2.75,中级,无,无,33.04,27.06,0.15,是,是,0.76,车辆,16.93,1,0.05,0.87,0.21,5,0.33,中风险
0.29,0.27,否,0.62,0.68,5.02,高级,无,1次,47.56,48.89,0.36,是,是,0.49,车辆,4.39,1,0.65,0.81,0.44,3,0.43,极高风险
0.79,0.36,否,0.57,0.76,22.37,中级,无,≥2次,10.74,9.16,0.02,是,是,0.63,高支模,21.13,0.42,0.04,0.8,0.6,3,0.59,中风险
0.53,0.21,否,0.6,0.8,25.19,初级,1次,1次,10.67,44.91,0.08,是,是,0.58,车辆,17.74,0.82,0,0.83,0.57,2,0.82,中风险
0.57,0.39,否,0.62,0.7,16.22,初级,无,无,13.64,18.86,0.3,是,是,0.78,深基坑,4.54,0.76,0.46,0.87,0.83,4,0.65,低风险
0.67,0.19,否,0.72,0.85,11.8,初级,无,1次,36.69,21.8,0.06,是,是,0.69,高支模,34.88,0.21,0,0.83,0.38,3,0.33,高风险
0.65,0.23,否,0.73,0.64,1.51,初级,无,1次,12.09,22.07,0.27,是,是,0.87,车辆,8.58,1,0,0.83,0.22,4,0.6,低风险
0.58,0.24,否,0.59,0.78,3.22,初级,无,1次,21.37,46.75,0.36,是,是,0.29,高支模,4.85,0.47,0.4,0.88,0.55,3,0.52,极高风险
0.31,0.24,否,0.52,0.77,6.86,中级,无,无,14.98,96.15,0.08,是,是,0.36,深基坑,11.97,0.66,0.28,0.74,0.77,2,0.82,中风险
0.3,0.15,否,0.72,0.89,3.67,中级,无,≥2次,20.32,19.78,0.23,是,是,0.81,深基坑,23.74,1,0,0.76,0.59,4,0.6,中风险
0.32,0.87,否,0.73,0.78,15.2,中级,1次,无,19.11,26.08,0.4,否,是,0.89,高支模,20.76,0.72,0.39,0.91,0.81,0,0.54,极高风险
0.35,0.12,否,0.64,0.76,5.22,高级,无,无,5.24,24.27,0.6,是,是,0.69,高支模,14.67,0.46,0.38,0.88,0.82,5,0.57,中风险
0.16,0.21,否,0.62,0.7,7.61,中级,无,1次,75.41,45.03,0.23,是,是,0.82,高支模,54.99,0.48,0.35,0.64,0.52,5,0.51,极高风险
0.59,0.63,否,0.68,0.74,17.38,初级,1次,1次,27.5,99.84,0.19,是,是,0.77,高支模,12.85,1,0.31,0.87,0.21,2,0.69,极高风险
0.84,0.48,否,0.6,0.84,3.06,中级,1次,无,27.36,50.5,0.74,是,否,0.82,配电箱,0.06,0.73,0.32,0.77,0.73,4,0.69,极高风险
0.44,0.17,否,0.57,0.82,12.06,高级,无,无,18.38,11.4,0.77,否,是,0.81,车辆,24.19,0.38,0.32,0.97,0.54,4,0.56,极高风险
0.84,0.21,否,0.71,0.7,18.82,高级,1次,无,22.28,62.58,0.02,是,是,0.25,塔吊,1.12,0.69,0.03,0.52,0.62,4,0.41,低风险
0.66,0.16,是,0.74,0.74,8.28,中级,无,1次,43.01,16.61,0.23,是,是,0.65,高支模,4.91,0.88,0,0.8,0.34,2,0.73,高风险
0.22,0.14,否,0.59,0.69,5.88,中级,无,无,32.8,29.18,0.18,是,是,0.45,深基坑,22.26,1,0.54,0.73,0.57,4,0.74,高风险
0.45,0.34,是,0.68,0.85,6.69,初级,无,1次,28.34,25.72,0.17,是,是,0.95,深基坑,19.74,1,0.48,0.69,0.61,0,0.74,极高风险
0.7,0.37,否,0.59,0.66,5.82,高级,无,无,47.55,61.75,0.11,是,是,0.68,配电箱,3.85,0.93,0.34,0.93,0.76,4,0.11,中风险
0.78,0.16,否,0.74,0.77,3.87,中级,无,无,24.06,20.8,0.36,是,是,0.74,深基坑,31.28,0.39,0.06,0.74,0.24,2,0.28,中风险
0.82,0.28,否,0.79,0.79,10.97,中级,无,无,13.9,16.23,0.2,是,是,0.71,塔吊,1.43,1,0,0.81,0.63,0,0.77,无风险
0.69,0.39,否,0.85,0.71,13.63,中级,1次,1次,9.36,53.91,0.17,是,是,0.5,塔吊,16.87,1,0.29,0.67,0,3,0.61,极高风险
0.48,0.3,否,0.83,0.78,11.95,中级,无,1次,27.6,58.65,0.21,是,是,0.37,塔吊,0.72,0.43,0.19,0.73,0.38,3,0.78,高风险
0.8,1,否,0.74,0.67,2.94,高级,1次,1次,22.12,68.96,0.38,是,是,0.58,深基坑,17.68,1,0.01,0.73,0.94,1,0.73,高风险
0.4,0.78,否,0.7,0.74,1.23,中级,无,无,66.8,23.72,0.26,是,是,0.5,塔吊,4.76,0.46,0.09,0.96,0.8,5,0.83,中风险
0.19,0.22,否,0.52,0.74,15.75,初级,无,1次,34.45,35.96,0.24,是,是,0.68,配电箱,15.85,0.82,0,0.95,0.86,0,0.22,高风险
0.73,0.28,否,0.63,0.84,8.72,高级,无,1次,15.51,12.64,0.22,是,是,0.58,车辆,2.98,1,0.59,0.73,0.63,0,0.72,无风险
0.86,0.64,否,0.79,0.94,10.41,中级,无,无,9.52,31.77,0.33,是,是,0.85,塔吊,0.13,0.92,0.38,0.94,0.47,3,0.48,无风险
0.8,0.4,否,0.67,0.86,0.38,中级,1次,无,13.72,44.11,0.21,是,是,0.18,深基坑,2.15,1,0.67,0.71,0.28,5,0.55,极高风险
0.69,0.35,否,0.57,0.76,20.71,高级,无,无,33.02,43.4,0.22,是,是,0.65,塔吊,26.94,0.86,0.12,0.74,0.65,3,0.6,无风险
0.14,0.17,否,0.68,0.56,4.38,中级,无,1次,10.26,46,0.64,是,是,0.33,深基坑,12.28,0.74,0,0.82,0.48,3,0.68,极高风险
0.57,0.41,否,0.8,0.89,11.25,中级,无,无,16.4,26.45,0.55,是,是,0.94,深基坑,81.17,0.83,0,0.75,0.39,3,0.53,低风险
0.17,0.1,否,0.6,0.9,11.06,中级,无,无,27.62,77.37,0.07,是,是,0.88,车辆,0.22,1,0.13,0.94,0.77,5,0.63,高风险
0.83,0.44,否,0.7,0.82,3.9,初级,1次,无,13.49,28.81,0.11,是,是,0.92,车辆,25,0.08,0.27,0.76,0.88,2,0.64,高风险
0.45,0.5,否,0.73,0.67,1.88,高级,无,无,26.33,46.75,0.69,是,是,0.8,深基坑,3.3,1,0.59,0.58,0.3,0,0.66,高风险
0.35,0.23,否,0.69,0.85,10.16,初级,无,无,15.8,14,0.23,是,是,0.65,配电箱,0.2,0.49,0.28,0.7,0.16,6,0.45,中风险
0.69,0.07,否,0.76,0.59,6.99,中级,无,≥2次,41.5,30.87,0.04,是,是,0.94,塔吊,0.48,0.46,0.21,0.83,0.93,2,0.77,高风险
0.59,0.1,否,0.66,0.77,7.32,中级,无,1次,26.6,35.93,0.65,是,是,0.9,塔吊,19.51,1,0.12,0.69,0.34,2,0.81,低风险
0.49,0.22,否,0.79,0.94,4.78,高级,无,1次,10.72,33.2,0.08,是,是,0.89,高支模,14.44,0.46,0,0.89,0.76,6,0.27,无风险
0.53,0.22,否,0.76,0.7,6.43,中级,无,1次,28.37,9.4,0.83,是,否,0.87,车辆,16.46,1,0.21,0.92,0.76,3,0.64,极高风险
0.89,0.81,否,0.81,0.67,3.12,高级,无,1次,33.05,76.9,0.38,是,是,0.67,深基坑,6.32,0.62,0.53,0.75,0.19,8,0.59,极高风险
0.62,0.24,否,0.58,0.79,9.08,高级,无,≥2次,14.19,35.23,0.03,是,是,0.79,深基坑,2.94,0.76,0.59,0.95,0.65,2,0.25,低风险
0.8,0.17,否,0.61,0.66,3.59,中级,无,无,19.68,49.39,0.39,是,是,0.87,配电箱,13.62,0.77,0.41,0.84,0.15,0,0.96,中风险
0.61,0.31,否,0.75,0.82,16.3,高级,无,1次,38.46,39.44,0.37,是,是,0.69,深基坑,18.88,0.89,0.46,0.78,0.42,3,0.53,中风险
0.82,0.41,否,0.65,0.88,6.96,初级,无,1次,21.45,20.26,0.07,是,是,0.58,配电箱,15.21,0.54,0.43,0.73,0.42,2,0.89,高风险
0.83,0.79,否,0.76,0.74,0.14,初级,1次,1次,31.68,49.41,0.11,是,是,0.58,高支模,4.31,0.31,0.26,0.74,0.67,4,0.65,极高风险
0.83,0.17,否,0.62,0.74,2.68,中级,无,1次,18.42,38.6,0.18,否,是,0.94,车辆,2.66,0.72,0.19,0.81,0.57,0,0.51,高风险
0.48,0.42,否,0.8,0.91,3.74,中级,无,无,21.33,30.61,0.22,是,是,0.78,塔吊,8.84,0.94,0.15,0.81,0.53,3,0.38,低风险
0.84,0.24,否,0.7,0.8,23.9,高级,1次,1次,5.41,29.72,0.06,是,是,0.59,车辆,20.84,0.83,0.05,0.81,0.28,1,0.29,低风险
0.8,0.12,否,0.76,0.78,4.31,中级,无,无,76.6,9.25,0.44,是,是,0.76,高支模,40.06,0.6,0.36,0.55,0.65,2,0.64,低风险
0.36,0.29,否,0.69,0.86,17.78,高级,无,1次,22.53,74.31,0.53,是,是,0.87,塔吊,7.94,1,0.41,0.47,0.77,4,0.84,中风险
0.56,0.14,否,0.7,0.68,1.96,初级,无,1次,41.72,62.77,0.37,是,是,0.81,深基坑,18.67,0.86,0.04,0.44,0.84,4,0.29,高风险
0.73,0.07,否,0.59,0.75,2.23,高级,无,无,38.27,39.29,0.21,否,是,0.6,车辆,16.65,0.93,0.08,0.91,0.44,2,0.75,高风险
0.44,0.22,否,0.77,0.66,12.7,中级,无,无,17.05,23.87,0.03,是,是,0.69,深基坑,23.19,0.69,0.22,0.78,0.86,2,0.68,无风险
0.65,0.33,否,0.79,0.64,1.63,初级,1次,无,10.6,11.99,0.32,是,否,0.19,深基坑,1.88,1,0.22,0.8,0.79,3,0.8,极高风险
0.62,0.03,否,0.72,0.73,2.38,中级,无,无,93.7,9.99,0.3,是,是,0.91,塔吊,53.26,0.81,0.29,0.79,0.34,2,0.71,无风险
0.42,0.2,否,0.7,0.7,4.3,高级,无,≥2次,38.29,98.21,0,是,是,0.9,配电箱,16.06,0.89,0.35,0.9,0.52,4,0.66,高风险
0.49,0.64,否,0.59,0.8,1.05,高级,无,无,21.48,34.5,0.01,是,是,0.75,车辆,2.68,0.94,0,0.85,0.59,4,0.61,无风险
0.85,0.53,否,0.76,0.75,17.25,初级,无,无,29.54,22.96,0.21,是,是,0.26,塔吊,1.82,0.65,0.13,0.8,0.3,4,0.8,中风险
0.45,0.14,否,0.58,0.89,25.45,中级,无,无,18,17.43,0.21,是,是,0.9,车辆,17.17,0.67,0.74,0.97,0.25,1,0.3,低风险
0.62,0.18,否,0.61,0.88,31.62,初级,无,1次,33.68,23.84,0.36,是,是,0.26,塔吊,13.67,0.39,0,0.63,0.85,1,0.67,低风险
0.83,0.59,否,0.7,0.91,3.46,中级,无,无,12.42,28.46,0.37,是,是,0.52,配电箱,1.2,0.93,0,0.83,0.81,0,0.73,无风险
0.28,0.36,否,0.87,0.82,5.15,中级,无,1次,15.44,11.53,0.6,是,是,0.68,深基坑,32.71,1,0.12,0.68,0.47,2,0.83,高风险
0.92,0.15,否,0.63,0.81,10.05,中级,无,无,30.08,67.36,0.1,是,是,0.79,深基坑,11.49,0.5,0.06,0.98,0.92,4,0.84,无风险
0.67,0.29,否,0.56,0.8,0.54,中级,无,无,28.36,17.6,0.54,是,是,0.82,高支模,0.09,0.71,0.25,0.86,0.82,4,0.71,无风险
0.6,0.17,否,0.72,0.63,7.01,初级,无,无,16.35,43.19,0.1,是,是,0.23,高支模,0.24,0.7,0.15,0.96,0.55,1,0.23,中风险
0.62,0.14,否,0.77,0.72,6.59,高级,无,≥2次,14.58,34.16,0.1,是,是,0.72,车辆,17.58,0.71,0,0.55,0.75,2,0.57,低风险
0.32,0.16,否,0.77,0.89,32.98,中级,无,≥2次,9.25,59.45,0.52,是,是,0.93,配电箱,20.57,0.47,0,0.96,0.86,1,0.28,中风险
0.49,0.16,否,0.73,0.91,14.39,中级,无,无,27.18,20.48,0.02,是,是,0.72,塔吊,6.24,0.81,0.16,0.73,0.85,7,0.31,无风险
0.64,0.06,否,0.78,0.94,10.97,高级,无,无,11.46,33.53,0.02,是,是,0.3,高支模,13.89,0.93,0.49,0.73,0.1,7,0.84,中风险
0.62,0.41,否,0.7,0.62,9.86,初级,无,≥2次,94.03,21.51,0.28,是,是,0.5,深基坑,0.54,0.33,0.14,0.65,0.51,2,0.58,极高风险
0.11,0.23,是,0.84,0.85,12.69,高级,1次,1次,15.36,24.06,0.22,是,是,0.5,塔吊,21.79,0.77,0.11,0.81,0.64,5,0.61,极高风险
0.75,0.4,否,0.75,0.7,3.2,初级,1次,1次,18.33,35.06,0.13,是,是,0.73,车辆,18.02,0.85,0.27,0.67,0.96,2,0.69,高风险
0.85,0.23,否,0.79,0.7,3.25,中级,1次,1次,13.33,79.33,0.25,是,是,0.25,塔吊,1.52,0.76,0.38,0.77,0.59,4,0.56,极高风险
0.79,0.36,否,0.58,0.72,36.28,初级,无,1次,25.44,20.11,0.41,是,是,0.86,配电箱,21.9,0.51,0.13,0.9,0.7,6,0.32,中风险
0.83,0.14,否,0.53,0.84,10.29,中级,无,≥2次,26.53,28.35,0.01,是,是,0.94,塔吊,10.34,1,0.37,0.48,0.81,5,0.34,低风险
0.91,0.21,否,0.69,0.9,1.04,中级,无,≥2次,14.24,14.21,0.07,是,是,0.73,塔吊,4.82,0.81,0,0.49,0.6,2,0.57,无风险
0.34,0.28,否,0.57,0.76,3.45,初级,无,无,21.89,23.28,0.13,是,是,0.67,配电箱,3.71,0.91,0.06,0.74,0.64,1,0.7,低风险
0.17,0.11,否,0.57,0.8,5.92,高级,1次,无,25.16,24.51,0.11,是,是,0.82,深基坑,48.19,1,0.5,0.87,0.39,4,0.78,高风险
0.71,0.43,否,0.72,0.76,7.91,高级,无,无,13.2,5.41,0.02,是,是,0.26,塔吊,13.08,0.75,0.06,0.78,0.82,2,0.59,无风险
0.55,0.18,否,0.55,0.69,12.93,初级,无,1次,37.94,28.67,0.06,是,是,0.39,深基坑,17.41,0.94,0.14,0.92,0.78,4,0.62,中风险
0.38,0.45,否,0.75,0.69,3.19,高级,1次,无,18.3,17.36,0.24,是,是,0.7,车辆,1.57,0.49,0.08,0.98,0.88,2,0.68,无风险
0.86,0.15,否,0.69,0.94,8.08,高级,无,无,25.46,28.24,0.13,是,是,0.52,车辆,1.01,0.65,0.39,0.76,0.15,5,0.78,无风险
0.51,0.25,否,0.65,0.79,0.62,中级,无,1次,20.31,22.9,0.15,是,是,0.7,高支模,1.92,0.42,0,0.74,0.67,2,0.57,无风险
0.79,0.37,否,0.6,0.71,5.11,无证,无,无,11.41,50.37,0.51,是,是,0.56,高支模,8,0.98,0,0.75,0.91,3,0.6,高风险
0.69,0.16,否,0.6,0.79,8.07,初级,无,1次,48.34,20.03,0.38,是,是,0.73,高支模,26.63,0.83,0.13,0.73,0.43,0,0.5,高风险
0.18,0.29,否,0.53,0.7,2.27,初级,无,无,26,36.02,0.28,是,是,0.69,车辆,51.82,0.16,0,0.89,0.49,0,0.63,极高风险
0.53,0.14,否,0.68,0.87,19.28,高级,无,无,15.96,66.48,0.08,是,是,0.11,深基坑,28.33,0.41,0.05,0.97,0.5,1,0.76,高风险
0.83,0.35,否,0.71,0.9,12.4,高级,无,无,17.57,57.21,0.13,是,是,0.87,深基坑,21.36,0.72,0.09,0.85,0.29,3,0.55,无风险
0.39,0.19,否,0.72,0.61,3.87,中级,无,1次,14.99,23.09,0.04,是,是,0.23,配电箱,26.78,0.44,0.31,0.84,0.65,3,0.88,高风险
0.16,0.13,否,0.71,0.83,1.58,无证,1次,1次,16.43,22.62,0.41,是,是,0.46,深基坑,33.79,0.76,0.03,0.91,0.83,2,0.58,极高风险
0.29,0.16,否,0.69,0.69,15.09,高级,无,1次,37.82,22.14,0.05,是,是,0.81,深基坑,4.85,1,0.55,0.62,0.69,4,0.47,无风险
0.71,0.3,否,0.73,0.68,9.09,中级,无,1次,50.3,18.84,0.04,否,是,0.81,配电箱,5.36,0.79,0.32,0.94,0.66,3,0.3,高风险
0.95,0.77,否,0.9,0.79,10.46,初级,无,无,28.18,43.39,0.3,是,是,0.75,配电箱,12.25,1,0.08,0.84,0.8,1,0.63,低风险
0.81,0.41,否,0.68,0.64,1.36,高级,无,1次,31.42,58.69,0.01,是,是,0.63,车辆,12.5,0.31,0.22,0.57,0.85,1,0.86,中风险
0.45,0.79,否,0.76,0.81,1.95,中级,无,≥2次,21.28,19.66,0.08,是,是,0.53,高支模,4.88,1,0.63,0.76,0.48,4,0.59,极高风险
0.83,0.35,否,0.72,0.71,38.62,初级,无,1次,17.98,42.58,0.63,是,是,0.41,车辆,21.98,0.49,0.72,0.7,0.74,1,0.13,极高风险
0.52,0.22,否,0.77,0.79,6.3,中级,无,无,31.84,37.43,0.47,是,是,0.5,深基坑,1.19,0.47,0.13,0.6,0.64,0,0.78,低风险
0.8,0.23,是,0.79,0.64,18.49,中级,无,无,7.28,8.31,0.22,是,否,0.84,高支模,26.35,0.71,0.03,0.95,0.52,5,0.78,极高风险
0.69,0.31,否,0.7,0.87,4.61,初级,无,无,15.12,25.19,0.43,是,是,0.9,深基坑,21.9,1,0.12,0.61,0.27,5,0.49,中风险
0.55,0.22,否,0.71,0.71,3.74,初级,无,无,28.61,61.91,0.35,是,否,0.42,塔吊,13.87,0.43,0,0.87,0.61,1,0.87,极高风险
0.56,0.11,否,0.66,0.84,4.31,中级,无,1次,37.5,18.39,0.04,是,是,0.55,深基坑,16.89,0.88,0.27,0.73,0.15,4,0.56,中风险
0.37,0.38,否,0.81,0.87,3.01,高级,1次,1次,7.1,69.71,0.22,是,是,0.66,配电箱,20.76,0.57,0.05,0.79,0.67,2,0.54,高风险
0.87,0.23,否,0.56,0.83,2.89,初级,无,≥2次,27.11,100.67,0.18,是,是,0.84,配电箱,2.18,1,0.29,0.79,0.05,2,0.67,高风险
0.56,0.35,否,0.61,0.86,1.28,高级,无,无,19.97,39.69,0.47,是,是,0.71,塔吊,4.3,0.97,0.23,0.88,0.75,6,0.73,低风险
0.85,0.08,否,0.77,0.88,1.84,高级,无,1次,50.31,15.87,0.48,是,是,0.94,塔吊,4.72,0.64,0.56,0.72,0.22,3,0.77,低风险
0.51,0.23,否,0.79,0.8,0.65,中级,1次,1次,13.86,35.33,0.19,是,是,0.9,配电箱,2.39,0.61,0,0.7,0.13,1,0.45,中风险
0.48,0.54,否,0.82,0.83,19.12,中级,无,无,41.66,24.85,0.13,是,是,0.34,车辆,57.84,1,0.04,0.81,0.46,1,0.92,低风险
0.89,0.58,否,0.69,0.99,20.65,中级,无,无,27.27,32.4,0.17,是,是,0.65,配电箱,21.15,0.76,0.21,0.86,0.74,4,0.5,无风险
0.63,0.14,否,0.58,0.88,1.23,中级,无,无,31.84,31.58,0.29,是,是,0.71,车辆,19.53,0.84,0.02,0.8,0.91,3,0.41,无风险
0.7,0.24,否,0.67,0.64,0.96,高级,无,1次,16.44,19.11,0.73,是,是,0.67,配电箱,6.73,0.9,0.45,0.63,0.83,2,0.75,中风险
0.61,0.2,否,0.67,0.81,10.21,高级,无,无,6.76,39.23,0.02,是,是,0.9,塔吊,22.49,1,0,0.91,0.8,2,0.45,无风险
0.53,0.24,否,0.54,0.76,1.12,中级,无,无,8.49,43.02,0.2,是,是,0.65,配电箱,2.57,0.87,0.47,0.96,0.85,4,0.22,中风险
0.93,0.19,否,0.69,0.86,7.02,高级,无,无,24.79,46.96,0.06,是,是,0.7,车辆,22.94,0.68,0.26,0.94,0.86,2,0.78,无风险
0.21,0.36,否,0.65,0.84,17.65,高级,无,1次,38.54,107.1,0.22,是,是,0.51,高支模,38.12,0.6,0.22,0.74,0.76,2,0.89,高风险
0.74,0.13,否,0.8,0.71,0.6,初级,无,无,13.78,32.49,0.5,是,是,0.38,深基坑,1.18,0.78,0.22,0.84,0.86,0,0.62,低风险
0.93,0.8,否,0.72,0.78,4.46,中级,无,无,27.67,30.37,0.07,是,是,0.73,配电箱,37.16,0.28,0.21,0.84,0.69,2,0.13,中风险
0.72,0.19,否,0.69,0.83,8.84,中级,无,无,15.35,12.35,0.29,是,是,0.84,车辆,2.51,0.6,0.39,0.87,0.88,2,0.2,无风险
0.65,0.63,否,0.71,0.71,9.67,高级,无,≥2次,17.73,23.42,0.06,是,是,0.73,深基坑,9.49,0.67,0.01,0.89,0.43,1,0.39,低风险
0.43,0.35,否,0.89,0.6,7.8,中级,无,无,21.43,14.11,0.02,是,是,0.66,塔吊,36.64,0.87,0.06,0.88,0.7,3,0.34,无风险
0.6,0.82,否,0.67,0.75,1.44,高级,无,无,25.02,28.35,0.15,是,是,0.81,高支模,3.81,0.58,0.27,0.97,0.59,3,0.36,高风险
0.75,0.2,否,0.81,0.7,0.24,中级,无,≥2次,21.62,51.02,0.56,否,是,0.12,塔吊,24.76,0.47,0.18,0.91,0.51,3,0.99,极高风险
0.8,0.13,否,0.68,0.92,18.03,中级,无,无,6.04,39.62,0.07,否,是,0.77,车辆,15.99,0.56,0,0.72,0.66,4,0.64,高风险
0.81,0.25,否,0.65,0.8,3.08,无证,无,无,23.84,59.91,0.21,是,是,0.94,车辆,26.13,0.63,0.22,0.71,0.95,2,0.77,高风险
0.51,0.11,否,0.66,0.79,3.15,高级,1次,无,11.98,27.71,0.31,是,是,0.88,车辆,0.68,0.64,0,0.82,0.33,3,0.49,无风险
0.48,0.38,否,0.7,0.95,2.64,高级,无,无,20.4,32.22,0.26,是,是,0.67,车辆,78.82,1,0.05,0.91,0.67,5,0.39,低风险
0.55,0.54,否,0.71,0.92,21.61,中级,无,1次,14.95,85.68,0.34,是,是,0.72,深基坑,96.78,0.5,0,0.84,0.5,0,0.62,高风险
0.47,0.21,否,0.57,0.93,2.68,高级,≥2次,无,61.73,40.14,0.4,是,是,0.18,深基坑,2.27,0.51,0,0.92,0.41,1,0.74,高风险
0.37,0.45,否,0.67,0.88,10.09,初级,无,无,8.64,33.15,0.35,是,是,0.65,高支模,2.35,0.51,0.19,0.87,0.69,2,0.3,中风险
0.62,0.39,否,0.65,0.92,1.74,中级,无,无,36.2,20.13,0.14,是,是,0.45,配电箱,22.86,0.3,0.37,0.94,0.65,2,0.29,高风险
0.58,0.19,否,0.7,0.83,5.08,中级,无,无,27.5,12.21,0.51,是,是,0.93,高支模,24.95,0.51,0,0.63,0.28,0,0.53,低风险
0.84,0.17,否,0.7,0.75,0.65,初级,无,无,11.56,29.6,0.39,是,是,0.87,高支模,13.07,0.5,0,0.9,0.72,1,0.68,无风险
0.83,0.32,否,0.75,0.78,30.8,中级,无,1次,25.11,55.06,0.22,是,是,0.16,高支模,9.69,0.52,0.05,0.66,0.16,3,0.82,高风险
0.47,0.28,否,0.81,0.54,1.26,初级,无,≥2次,27.4,16.92,0.12,是,是,0.73,配电箱,13.72,0.64,0.56,0.79,0.4,1,0.31,极高风险
0.4,0.19,否,0.94,0.9,20.26,初级,无,1次,31.92,44.27,0.57,是,是,0.86,塔吊,35.01,0.86,0,0.94,0.46,4,0.55,低风险
0.46,0.21,否,0.69,0.75,15.84,初级,≥2次,无,17.42,21.17,0,是,是,0.64,车辆,2.94,0.96,0.1,0.94,0.77,2,0.2,无风险
0.32,0.34,否,0.76,0.75,1.76,中级,无,无,18.09,29.82,0.46,是,是,0.86,塔吊,53.63,1,0.28,0.62,0.57,4,0.86,中风险
0.33,0.23,否,0.71,0.85,4.84,高级,无,无,20.78,21.52,0.2,是,是,0.8,车辆,1.23,0.9,0,0.78,0.79,4,0.87,无风险
0.83,0.56,否,0.65,0.75,6.54,中级,无,无,15.71,8.46,0.78,是,是,0.91,塔吊,17.92,0.55,0.26,0.82,0.76,1,0.79,低风险
0.85,0.11,否,0.61,0.79,0.79,无证,无,1次,20.46,21.78,0.04,是,是,0.58,高支模,23.85,1,0.14,0.87,0.93,4,0.47,高风险
0.95,0.31,否,0.79,0.75,4.62,高级,无,1次,18.68,31.61,0.13,是,是,0.88,高支模,32.02,0.82,0.41,0.63,0.63,5,0.68,中风险
0.54,0.13,否,0.75,0.85,13.63,初级,无,无,9.61,24.94,0.01,是,是,0.3,高支模,4.59,0.85,0.26,0.97,0.93,2,0.87,无风险
0.55,0.37,否,0.63,0.68,31.04,中级,无,无,9.18,46.46,0.15,是,是,0.73,塔吊,15.41,1,0.15,0.56,0.43,1,0.54,无风险
0.6,0.28,否,0.65,0.96,11.1,中级,无,1次,11.95,25.32,0.58,是,是,0.92,车辆,13.8,0.29,0,0.81,0.57,1,0.54,中风险
0.64,0.49,否,0.88,0.76,6.97,中级,无,无,20.12,21.37,0.16,是,是,0.88,配电箱,24.76,0.83,0.34,0.91,0.84,2,0.68,无风险
0.13,0.49,否,0.58,0.68,8.13,中级,无,1次,20,63.37,0.23,是,是,0.79,高支模,19.74,0.65,0.05,0.71,0.74,3,0.3,极高风险
0.06,0.18,否,0.63,0.77,10.2,初级,1次,无,16.72,47.12,0.28,是,是,0.73,塔吊,1.14,0.24,0.16,0.72,0.72,2,0.77,高风险
0.62,0.69,否,0.78,0.86,1.01,高级,无,1次,33.13,86.09,0.04,是,是,0.79,塔吊,5.93,1,0.32,0.91,0.44,6,0.57,中风险
0.91,0.61,否,0.92,0.73,10.41,高级,无,无,16,23.56,0.2,是,是,0.5,深基坑,16.92,0.76,0.08,0.68,0.43,3,0.56,无风险
0.21,0.12,否,0.72,0.95,2.37,高级,无,1次,14.75,61.64,0.18,是,是,0.9,塔吊,16.41,0.67,0.38,0.65,0.28,6,0.92,高风险
0.23,0.36,否,0.65,0.78,8.32,中级,无,无,16.71,53.85,0.11,是,是,0.56,深基坑,2.29,0.51,0.27,0.77,0.27,1,0.77,中风险
0.74,0.32,否,0.74,0.82,3.87,中级,无,1次,27.99,50.7,0.49,是,是,0.59,车辆,2.77,0.75,0.09,0.95,0.65,2,0.63,低风险
0.94,0.41,否,0.73,0.83,0.45,中级,无,1次,28.91,57.37,0.09,是,是,0.5,塔吊,14.46,0.11,0.82,0.53,0.47,2,0.66,极高风险
0.7,0.55,否,0.7,0.84,16.03,无证,1次,≥2次,11.79,63.5,0.12,是,是,0.88,高支模,2.5,1,0.35,0.85,0.72,1,0.11,极高风险
0.69,0.51,否,0.63,0.76,0.84,中级,无,1次,28.09,36.11,0.06,是,是,0.27,塔吊,21.33,0.61,0,0.81,0.69,6,0.31,高风险
0.66,0.28,否,0.73,0.8,14.22,中级,无,无,10.72,22.43,0.07,是,是,0.88,高支模,13.81,0.74,0,0.72,0.51,4,0.61,无风险
0.57,0.37,否,0.68,0.76,14.78,无证,1次,≥2次,45.87,30.43,0.06,是,是,0.08,塔吊,20.04,0.68,0,0.94,0.78,1,0.25,极高风险
0.59,0.27,否,0.7,0.69,24.29,中级,无,无,22,11.95,0.17,是,是,0.35,车辆,24.11,0.26,0.1,0.92,0.63,3,0.64,低风险
0.58,0.56,否,0.72,0.88,8.48,中级,无,无,48.84,30.5,0.43,是,是,0.2,高支模,0.54,0.45,0.06,0.78,0.91,4,0.62,高风险
0.93,0.33,否,0.84,0.83,32.58,初级,无,无,23.49,19.51,0.03,是,是,0.89,深基坑,1.44,0.83,0.21,0.86,0.74,2,0.32,无风险
0.28,0.59,否,0.58,0.82,5.24,中级,无,无,30.02,15.02,0.13,是,是,0.81,深基坑,17.12,0.15,0.3,0.9,0.9,3,0.89,低风险
0.73,0.34,否,0.76,0.84,3.04,无证,无,无,17.21,9.71,0.69,是,否,0.78,配电箱,6.83,0.84,0.44,0.87,0.77,2,0.66,极高风险
0.61,0.39,否,0.69,0.68,6.32,初级,无,1次,27.38,65.88,0.06,是,是,0.37,塔吊,6.58,0.61,0,0.83,0.61,4,0.55,高风险
0.33,0.13,否,0.72,0.69,20.98,高级,1次,1次,37.58,19.29,0.11,是,是,0.65,深基坑,1.19,0.89,0.19,0.72,0.81,4,0.68,无风险
0.74,0.33,否,0.51,0.75,13.46,中级,无,1次,13,29.63,0.4,是,是,0.51,高支模,4.74,0.67,0.38,0.79,0.74,1,0.75,中风险
0.31,0.43,否,0.68,0.75,17.48,中级,无,无,11.24,71.12,0.07,是,是,0.29,塔吊,29.28,1,0,0.87,0.76,4,0.19,中风险
0.69,0.44,否,0.58,0.78,24.62,中级,无,1次,24.49,88.15,0.21,是,是,0.62,深基坑,1.56,0.56,0.19,0.72,0.87,3,0.64,低风险
0.88,0.24,否,0.68,0.84,0.22,无证,无,1次,68.41,20.18,0.11,是,是,0.78,车辆,7.71,0.65,0,0.91,0.54,2,0.68,高风险
0.8,0.36,否,0.78,0.67,0.51,中级,1次,无,10.31,58.41,0.23,是,是,0.45,深基坑,20.77,1,0.02,0.89,0.19,3,0.59,高风险
0.29,0.29,否,0.86,0.88,29.37,中级,无,1次,45.35,19.5,0.26,是,是,0.13,塔吊,23.92,0.13,0.05,0.92,0.4,3,0.87,高风险
0.97,0.63,否,0.89,0.77,16.92,中级,无,无,16.86,59.41,0.03,是,是,0.68,车辆,8.44,0.44,0.43,0.54,0.78,0,0.68,低风险
0.81,0.5,否,0.78,1,10.51,高级,无,1次,30.3,25.99,0.48,是,是,0.83,塔吊,14.4,0.79,0,0.8,0.51,4,0.47,无风险
0.68,0.15,否,0.76,0.83,6.64,中级,≥2次,无,9.21,20.69,0.08,是,是,0.42,深基坑,6.58,0.27,0.39,0.77,0.87,4,0.58,中风险
0.41,0.18,否,0.83,0.9,5.58,中级,无,1次,10.96,43.09,0.56,是,是,0.89,配电箱,28.91,0.56,0.51,0.92,0.62,5,0.81,高风险
0.89,0.29,否,0.64,0.82,3.77,中级,无,无,32.78,40.67,0.42,是,是,0.53,塔吊,1.89,0.51,0.3,0.55,0.56,6,0.86,中风险
0.33,0.21,否,0.73,1,12.83,中级,1次,1次,25.71,27.17,0.33,是,是,0.88,塔吊,11.14,0.74,0.11,0.86,0.84,1,0.65,无风险
0.26,0.24,否,0.46,0.9,18.81,初级,无,≥2次,9.71,25.34,0.19,是,是,0.69,车辆,11.28,0.96,0.02,0.82,0.43,2,0.52,高风险
0.68,0.94,否,0.7,0.85,16.89,初级,无,无,8.23,38.85,0.36,是,是,0.92,车辆,21.88,0.92,0.67,0.99,0.4,4,0.76,极高风险
0.94,0.43,否,0.68,0.85,4.6,中级,无,无,21.91,8.12,0.01,是,是,0.84,配电箱,33.9,0.77,0.76,0.86,0.67,2,0.89,无风险
0.86,0.13,否,0.68,0.86,22.71,高级,无,无,25.34,9.89,0.01,是,是,0.73,配电箱,36.42,1,0.32,0.68,0.8,2,0.26,无风险
0.47,0.58,否,0.66,0.95,0.86,中级,无,≥2次,24.9,15.94,0.29,是,是,0.44,深基坑,15.43,1,0.1,0.89,0.64,3,0.82,高风险
0.51,0.45,否,0.77,0.77,3.23,中级,无,无,31.18,118.2,0.11,是,是,0.76,车辆,20.47,1,0.33,0.83,0.91,1,0.53,中风险
0.47,0.26,否,0.64,0.81,13.67,高级,无,无,28.54,17.58,0.19,是,是,0.91,车辆,0.09,0.58,0.31,0.79,0.73,1,0.81,无风险
0.7,0.79,否,0.57,0.83,9.77,中级,无,≥2次,39.02,84.99,0.29,是,是,0.11,高支模,12.59,0.4,0.32,0.87,0.29,5,0.37,极高风险
0.92,0.22,否,0.74,0.82,3.72,高级,无,无,13.28,34.16,0.35,是,是,0.48,高支模,3.7,1,0.49,0.8,0.64,3,0.93,无风险
0.57,0.11,否,0.72,0.85,8.56,初级,无,无,20.99,19.04,0.22,否,是,0.8,塔吊,24.67,0.69,0.34,0.78,0.59,1,0.78,高风险
0.71,0.24,否,0.75,0.72,0.46,高级,无,无,19.85,52.2,0.61,是,否,0.78,深基坑,8.6,0.71,0.07,0.79,0.81,3,0.9,高风险
0.5,0.14,否,0.82,0.98,15.64,中级,无,1次,7.9,13.74,0.18,是,是,0.83,塔吊,3.55,0.47,0.33,0.59,0.83,2,0.68,无风险
0.71,0.18,否,0.71,0.82,3,中级,无,1次,20.47,38.93,0.17,是,是,0.91,深基坑,24.4,0.46,0.29,0.65,0.4,3,0.5,高风险
0.36,0.44,否,0.68,0.71,0.72,高级,无,无,24.3,21.82,0.04,是,是,0.62,车辆,8.96,0.52,0.08,0.88,0.71,3,0.86,无风险
0.84,0.23,否,0.64,0.77,4.61,中级,无,无,65.09,20.16,0.28,否,是,0.76,车辆,22.21,1,0.37,0.88,0.6,2,0.6,高风险
0.46,0.42,否,0.74,0.79,10.45,初级,≥2次,无,29.29,15.78,0.14,是,是,0.18,深基坑,33.04,1,0.02,0.47,0.31,1,0.48,极高风险
0.84,0.48,否,0.72,0.89,18.2,中级,1次,≥2次,6.98,33.06,0.24,是,是,0.7,高支模,2.39,0.7,0.11,0.85,0.55,3,0.67,中风险
0.41,0.39,否,0.69,0.79,5.73,中级,无,无,32.02,47.82,0.51,是,是,0.59,配电箱,4.38,0.3,0.13,0.91,0.58,1,0.38,高风险
0.78,0.22,否,0.82,0.86,6.3,中级,无,1次,9.06,25.83,0.6,是,是,0.86,配电箱,1.93,1,0.13,0.94,0.9,2,0.3,无风险
0.23,0.11,否,0.73,0.98,39.03,中级,无,无,32.49,20.17,0.13,是,是,0.45,高支模,9.31,0.66,0.08,0.86,0.71,1,0.2,无风险
0.85,0.34,否,0.75,0.88,5.27,无证,1次,无,10.65,45.37,0.5,是,是,0.43,高支模,23.28,0.56,0.04,0.86,0.61,3,0.43,极高风险
0.61,0.38,否,0.83,0.84,9.29,高级,≥2次,无,7.99,18.16,0.3,是,是,0.45,高支模,25.83,0.34,0.3,0.85,0.23,0,0.74,极高风险
0.86,0.62,否,0.85,0.77,0.15,初级,无,无,19.57,25.92,0.24,是,是,0.35,高支模,6.52,0.92,0.4,0.88,0.63,4,0.65,中风险
0.39,0.57,否,0.75,0.8,0.66,中级,1次,1次,10.48,31.17,0.32,是,是,0.61,塔吊,1.42,0.49,0,0.97,0.97,3,0.68,中风险
0.39,0.56,否,0.67,0.88,26.26,初级,无,1次,20.33,43.56,0.2,是,是,0.74,车辆,26.7,0.52,0.13,0.91,0.88,3,0.77,中风险
0.57,0.71,否,0.82,0.68,7.25,中级,无,1次,17.57,71,0.04,是,是,0.33,车辆,11.52,0.53,0.43,0.83,0.53,5,0.71,极高风险
0.4,0.21,否,0.69,0.87,2.75,高级,无,无,31.63,13.52,0.13,是,是,0.7,深基坑,46.82,0.9,0.02,0.97,0.87,3,0.57,无风险
0.65,0.72,否,0.78,0.75,12.98,初级,1次,1次,23.77,30.97,0.43,是,是,0.18,配电箱,3.55,0.67,0.11,0.64,0.74,1,0.33,极高风险
0.29,0.23,否,0.72,0.79,1.38,高级,无,无,21.69,34.24,0.14,是,是,0.5,配电箱,8.95,0.96,0.26,0.84,0.95,1,0.36,低风险
0.61,0.37,否,0.64,0.58,2.81,中级,无,1次,24.48,19.03,0.03,是,是,0.79,塔吊,7.8,0.69,0.17,0.67,0.63,4,0.44,高风险
0.83,0.42,否,0.79,0.72,1.72,初级,1次,≥2次,12.45,47.97,0.68,是,是,0.24,高支模,73.13,0.75,0.44,0.79,0.31,3,0.81,极高风险
0.75,0.93,否,0.93,0.73,1.72,初级,1次,无,32.46,20.14,0.42,是,是,0.72,车辆,15.27,0.93,0.47,0.8,0.3,4,0.48,极高风险
0.4,0.11,否,0.8,0.86,13.74,无证,无,无,32.08,32.43,0,是,是,0.48,车辆,13.59,0.88,0.3,0.69,0.28,0,0.65,高风险
0.89,0.37,否,0.72,0.64,4.86,中级,无,1次,19.78,25.31,0.32,是,是,0.68,深基坑,70.4,0.43,0.29,0.8,0.97,2,0.59,中风险
0.52,0.39,否,0.76,0.74,0.99,高级,1次,无,24.64,44,0.35,是,是,0.52,高支模,14.77,0.45,0.1,0.84,0.18,0,0.61,高风险
0.71,0.09,否,0.78,0.64,1.05,中级,无,无,5.45,11.63,0.2,是,是,0.56,车辆,5.4,0.41,0.31,0.73,0.77,3,0.27,低风险
0.63,0.23,否,0.73,0.9,6.53,中级,无,无,32.14,17.73,0.11,是,是,0.2,深基坑,14.58,0.74,0,0.91,0.48,1,0.61,无风险
0.18,0.2,否,0.57,0.85,8.38,中级,无,无,6.91,25.4,0.09,是,否,0.79,车辆,21.08,0.4,0,0.9,0.78,4,0.34,极高风险
0.3,0.4,否,0.62,0.73,0.21,高级,无,1次,21.05,23.11,0.02,是,是,0.65,塔吊,13.08,0.34,0.35,0.74,0.37,1,0.83,中风险
0.93,0.42,否,0.64,0.9,0.02,初级,≥2次,无,13.49,41.55,0.28,是,是,0.9,配电箱,24.05,0.52,0,0.88,0.9,2,0.5,中风险
0.81,0.75,否,0.75,0.72,23.22,高级,1次,1次,21.37,31.47,0.3,是,是,0.9,配电箱,4.54,0.63,0.81,0.77,0.39,2,0.63,高风险
0.62,0.18,否,0.92,0.91,16.12,中级,无,1次,26.49,48.5,0.03,是,是,0.69,车辆,14.92,0.79,0.49,0.93,0.8,0,0.84,低风险
0.87,0.22,否,0.58,0.85,5.64,初级,无,1次,13.92,31.35,0.06,是,是,0.87,高支模,34.42,1,0.08,0.74,0.8,2,0.53,低风险
0.72,0.15,否,0.62,0.96,4.38,初级,无,无,9.17,22.81,0.08,是,是,0.33,塔吊,30.92,0.42,0.57,0.87,0.75,2,0.52,中风险
0.62,0.64,否,0.79,0.71,9.06,中级,无,无,18.45,77.42,0.38,是,是,0.93,塔吊,4.06,0.92,0.1,0.9,0.63,2,0.44,低风险
0.29,0.37,否,0.61,0.72,19.75,初级,无,无,15.23,36.3,0.01,否,是,0.42,车辆,65.89,1,0.03,0.46,0.28,2,0.9,极高风险
0.65,0.73,否,0.77,0.77,5.86,高级,1次,1次,19.57,64.56,0.08,是,是,0.73,车辆,19.16,0.68,0.07,0.83,0.67,2,0.66,高风险
0.54,0.07,否,0.57,0.72,6.47,中级,无,1次,14.34,14.76,0.06,是,是,0.17,高支模,32.57,0.39,0.27,0.67,0.76,3,0.41,极高风险
0.78,0.41,否,0.67,0.82,7.14,中级,1次,无,10.25,55.81,0.32,是,是,0.75,深基坑,23.55,0.93,0,0.8,0.34,6,0.71,高风险
0.55,0.07,否,0.66,0.71,0.16,中级,无,无,11.66,13.93,0.08,是,是,0.68,配电箱,14.58,0.76,0.34,0.96,0.38,4,0.8,低风险
0.75,0.28,否,0.65,0.87,14.15,中级,无,无,27.37,27.23,0.77,是,是,0.58,深基坑,30.23,1,0.07,0.73,0.88,2,0.59,低风险
0.17,0.12,否,0.69,0.8,21.89,中级,无,1次,29.05,25.16,0.37,是,是,0.76,车辆,19.29,0.66,0.09,0.87,0.53,3,0.92,高风险
0.57,0.27,否,0.63,0.77,5.07,初级,无,无,28.75,25.17,0.11,否,是,0.48,车辆,15.78,0.73,0.09,0.83,0.49,1,0.94,极高风险
0.59,0.21,否,0.72,0.91,9.17,中级,无,无,8.72,15.58,0.24,是,是,0.58,塔吊,7.34,0.82,0.33,0.82,0.72,1,0.83,无风险
0.32,0.2,否,0.64,0.77,13.21,中级,无,无,11.58,28.39,0.53,是,是,0.7,高支模,31.38,0.81,0.46,0.7,0.81,3,0.41,高风险
0.52,0.68,否,0.63,0.64,17.17,高级,1次,无,6.34,45.19,0.4,否,是,0.94,车辆,13.15,1,0.07,0.79,0.63,2,0.83,高风险
0.63,0.49,否,0.86,0.61,6.17,高级,无,≥2次,10.81,18.37,0.44,是,否,0.1,高支模,4.97,0.59,0.14,0.92,0.75,2,0.72,极高风险
0.44,0.16,否,0.53,0.77,12.73,初级,无,无,17.89,13.71,0.17,是,是,0.62,车辆,17.95,0.59,0.15,0.85,0.69,0,0.38,中风险
0.52,0.13,否,0.72,0.82,5.17,中级,无,1次,21.09,21.11,0.37,是,是,0.64,车辆,18.19,0.6,0.25,0.94,0.43,4,0.41,高风险
0.61,0.1,否,0.49,0.71,5.56,初级,无,无,15.59,56.57,0.75,是,是,0.83,配电箱,33.67,0.42,0,0.85,0.56,1,0.7,高风险
0.29,0.28,否,0.67,0.87,2.6,中级,无,无,23.74,30.63,0.33,是,是,0.87,高支模,22.7,0.5,0.11,0.85,0.9,6,0.44,中风险
0.4,0.41,否,0.83,0.71,0.45,中级,无,≥2次,15.88,24.96,0.22,是,是,0.62,高支模,10.57,0.83,0,0.92,0.62,1,0.49,中风险
0.67,0.22,否,0.6,0.68,7.89,中级,无,无,32.78,22.82,0.44,是,是,0.91,车辆,26.49,0.35,0.04,0.82,0.22,2,0.47,中风险
0.19,0.62,否,0.63,0.7,0.84,中级,无,无,26.83,18.1,0.34,是,是,0.19,车辆,22.65,0.2,0.17,0.9,0.45,1,0.46,极高风险
0.84,0.24,否,0.78,0.8,4.21,中级,无,无,8.79,37.21,0.34,是,是,0.62,高支模,0.81,0.66,0.3,0.68,0.65,2,0.43,低风险
0.73,0.6,否,0.59,0.71,15.18,中级,无,1次,22.58,35.62,0.17,是,是,0.93,深基坑,1.07,1,0.48,0.69,0.57,0,0.69,低风险
0.67,0.27,否,0.66,0.92,7.12,初级,无,1次,13.06,30.84,0.44,是,是,0.42,高支模,0.83,0.4,0.72,0.76,0.65,1,0.77,高风险
0.8,0.23,否,0.59,0.72,5.67,高级,无,≥2次,32.03,23.38,0.44,是,是,0.52,深基坑,3.61,0.95,0.14,0.73,0.82,5,0.26,中风险
0.84,0.32,否,0.51,0.68,3.24,初级,无,无,34.28,77.4,0.15,是,是,0.82,塔吊,26.99,0.9,0.2,0.74,0.8,3,0.51,中风险
0.9,0.31,否,0.53,0.85,3.04,高级,无,无,25.68,62.32,0.2,是,是,0.69,配电箱,38.26,1,0.38,0.7,0.88,6,0.76,低风险
0.41,0.21,否,0.78,0.86,4.27,中级,无,无,15.02,30.99,0.26,是,是,0.51,高支模,20.61,1,0.22,0.76,0.32,3,0.53,中风险
0.77,0.55,否,0.61,0.78,1.23,初级,无,1次,11.36,26.11,0.34,是,是,0.25,塔吊,31.97,0.6,0.2,0.7,0.42,4,0.54,极高风险
0.37,0.11,否,0.67,0.75,2.77,中级,无,无,29.8,17.16,0.53,是,是,0.6,塔吊,7.36,1,0,0.53,0.57,2,0.71,无风险
0.41,0.24,否,0.58,0.86,3.11,无证,无,1次,18.43,56.6,0.01,是,是,0.21,塔吊,7.41,0.54,0.2,0.75,0.25,3,0.63,极高风险
0.86,0.54,是,0.82,0.76,11.71,中级,无,1次,11.88,21.2,0.34,是,是,0.62,车辆,15.68,0.99,0.02,0.93,0.1,4,0.46,极高风险
0.48,0.33,否,0.6,0.93,18.63,中级,无,≥2次,31.9,42.1,0.6,是,是,0.55,深基坑,11.68,0.46,0.06,0.87,0.63,4,0.22,极高风险
0.7,0.23,否,0.61,0.7,8.45,中级,1次,≥2次,25.99,14.87,0.16,是,是,0.68,深基坑,21.53,0.66,0.25,0.72,0.61,2,0.49,高风险
0.33,0.69,否,0.58,0.63,14.2,初级,无,无,15.63,46.75,0.11,是,是,0.34,车辆,4.76,0.29,0.12,0.65,0.49,6,0.43,极高风险
0.43,0.26,是,0.77,0.67,2.37,中级,无,无,18.9,39.39,0.19,是,是,0.65,深基坑,9.44,0.84,0.24,0.62,0.33,2,0.7,极高风险
0.24,0.45,否,0.8,0.77,6.43,中级,1次,无,19.97,20.59,0.37,是,是,0.75,配电箱,15.92,0.76,0.4,0.76,0.58,2,0.46,高风险
0.85,0.38,否,0.64,0.8,15.74,初级,无,≥2次,43.74,25.67,0.04,是,是,0.93,高支模,18.27,1,0,0.96,0.65,4,0.84,无风险
0.62,0.2,否,0.53,0.87,11.01,初级,无,无,23.06,16.76,0.24,是,是,0.17,塔吊,32.65,0.71,0.05,0.91,0.63,0,0.39,高风险
0.86,0.6,否,0.79,0.85,2.09,初级,无,≥2次,54.39,41.2,0.61,是,是,0.97,塔吊,11.21,0.82,0,0.67,0.75,3,0.7,中风险
0.66,0.2,否,0.68,0.79,8.65,高级,无,1次,17.5,15.6,0.51,是,是,0.49,深基坑,37.91,0.18,0.63,0.88,0.67,2,0.36,极高风险
0.28,0.16,否,0.81,0.86,0.57,中级,无,无,39.14,26.15,0.35,是,是,0.92,塔吊,2.33,0.93,0.35,0.85,0.21,2,0.95,低风险
0.75,0.49,否,0.79,0.87,8.71,高级,无,无,29.31,21.82,0.74,是,是,0.1,塔吊,1.39,0.64,0.3,0.54,0.13,7,0.42,极高风险
0.77,0.22,否,0.63,0.88,26.06,初级,无,1次,44.19,27.73,0.69,是,是,0.88,高支模,46.63,0.87,0.18,0.93,0.76,0,0.49,低风险
0.81,0.23,否,0.71,0.81,3.08,无证,1次,无,10.55,29.37,0.43,是,是,0.65,深基坑,0.44,0.61,0.3,0.95,0.7,3,0.82,高风险
0.72,0.41,否,0.59,0.86,12.13,高级,1次,无,11.78,9.66,0.32,是,是,0.41,配电箱,21,0.68,0.54,0.81,0.5,0,0.71,中风险
0.46,0.29,否,0.62,0.89,13.21,初级,无,无,38.31,63.34,0.48,是,是,0.38,高支模,16.15,1,0.62,0.86,0.28,1,0.67,极高风险
0.87,0.13,否,0.64,0.86,11.57,高级,无,1次,32.12,41.93,0.15,是,是,0.69,深基坑,16.74,0.45,0.4,0.81,0.71,4,0.6,低风险
0.28,0.17,否,0.74,0.68,1.99,初级,无,无,21.3,56.97,0.19,是,是,0.5,塔吊,19.18,1,0.21,0.77,0.92,1,0.64,中风险
0.51,0.22,否,0.78,0.82,15.52,高级,无,1次,11.1,25.72,0.32,是,是,0.65,深基坑,28.4,0.23,0.14,0.88,0.55,4,0.55,中风险
0.71,0.39,否,0.65,0.91,1.47,初级,无,≥2次,19.62,58.99,0.06,是,是,0.8,高支模,11.23,0.73,0.2,0.95,0.35,1,0.76,高风险
0.34,0.12,否,0.66,0.77,26.91,中级,无,无,18.29,10.71,0.34,是,否,0.9,车辆,18.41,0.76,0,0.85,0.61,1,0.44,高风险
0.85,0.07,否,0.55,0.84,4.46,中级,无,无,27.79,42.66,0.01,是,是,0.47,高支模,22.01,0.45,0.08,0.62,0.83,3,0.66,低风险
0.2,0.3,否,0.76,0.59,6.56,中级,无,无,49.44,30.99,0.6,是,是,0.88,深基坑,61.76,0.87,0.04,0.87,0.86,2,0.92,高风险
0.42,0.3,否,0.69,0.76,14.93,高级,无,1次,28.86,29.34,0.15,是,是,0.67,深基坑,52.62,0.82,0.12,0.8,0.56,7,0.65,中风险
0.93,0.15,否,0.66,0.68,8.4,初级,无,≥2次,31.55,18.4,0.23,是,是,0.91,车辆,17.82,0.98,0.33,0.82,0.04,5,0.4,极高风险
0.35,0.42,否,0.8,0.82,3.4,高级,1次,≥2次,31.62,17.46,0.04,是,是,0.29,深基坑,7.47,0.51,0,0.89,0.59,1,0.81,中风险
0.28,0.3,否,0.78,0.76,1.27,初级,≥2次,无,14.2,21.29,0.03,是,是,0.44,塔吊,16.43,1,0,0.79,0.94,7,0.61,中风险
0.81,0.17,否,0.75,0.77,1.54,初级,无,无,22.8,13.25,0.35,是,是,0.74,配电箱,4.79,0.76,0.34,0.68,0.39,3,0.61,中风险
0.92,0.38,否,0.77,0.97,14.54,高级,无,1次,9.36,37.09,0.04,是,是,0.41,塔吊,10.42,1,0.05,0.62,0.65,1,0.61,无风险
0.18,0.08,否,0.48,0.92,2.46,中级,1次,无,20.71,45.07,0.18,是,是,0.46,高支模,18.23,1,0.55,0.88,0.88,2,0.71,高风险
0.67,0.5,否,0.67,0.68,12.24,初级,无,1次,60.33,64.58,0.42,是,是,0.72,配电箱,22.03,0.46,0.38,0.81,0.8,4,0.68,极高风险
0.72,0.08,否,0.69,0.87,0.09,初级,1次,无,45.01,16.56,0.52,是,是,0.86,配电箱,12.8,0.43,0.24,0.87,0.77,5,0.57,中风险
0.2,0.21,否,0.58,0.78,2.9,初级,无,≥2次,16,20.19,0.29,是,是,0.31,塔吊,9.66,0.89,0.06,0.72,0.39,2,0.76,极高风险
0.92,0.66,否,0.54,0.73,4.63,高级,无,无,10.06,18.22,0.58,是,是,0.62,配电箱,8.79,0.24,0.32,0.92,0.68,1,0.78,中风险
0.76,0.19,否,0.6,0.73,7.68,中级,无,1次,15.05,14.71,0.58,是,是,0.78,塔吊,11.73,0.76,0,0.66,0.48,5,0.44,低风险
0.14,0.46,否,0.72,0.79,4.8,初级,≥2次,无,15.36,11.08,0.42,是,是,0.81,配电箱,4.23,0.69,0.07,0.94,0.26,0,0.77,极高风险
0.63,0.27,否,0.65,0.73,11.66,中级,无,≥2次,24.49,12.16,0.09,是,是,0.16,高支模,26.36,0.61,0.2,0.74,0.57,3,0.64,极高风险
0.25,0.55,否,0.7,0.8,9.84,高级,1次,无,28.91,21.53,0.23,是,是,0.24,深基坑,4.89,0.49,0.49,0.85,0.69,1,0.56,高风险
0.85,0.2,否,0.74,0.86,9.05,初级,无,无,19.04,63.72,0.21,是,是,0.76,高支模,70.91,0.6,0,0.85,0.54,2,0.6,低风险
0.31,0.03,否,0.7,0.83,1.23,高级,无,无,21.56,24.39,0.24,是,是,0.8,配电箱,25.39,0.33,0,0.89,0.44,5,0.46,低风险
0.3,0.15,否,0.63,0.76,0.04,中级,无,无,16.67,33.31,0.75,是,是,0.4,高支模,3.44,0.41,0.05,0.63,0.49,2,0.78,高风险
0.57,0.3,否,0.72,0.71,15.87,中级,无,≥2次,34.47,20.82,0,是,是,0.68,车辆,14.44,0.57,0.36,0.81,0.19,2,0.67,高风险
0.48,0.34,否,0.74,0.81,1.87,无证,无,1次,11.62,13.51,0.2,是,是,0.9,车辆,23.37,1,0.62,0.73,0.14,3,0.85,极高风险
0.71,0.28,否,0.7,0.81,2.63,初级,无,无,22.4,75.22,0.53,是,是,0.88,配电箱,33.44,0.75,0.94,0.79,0.9,1,0.73,高风险
0.88,0.45,否,0.68,0.78,7.41,中级,无,1次,78.91,29.35,0.23,是,是,0.6,塔吊,19.74,0.84,0,0.89,0.18,7,0.3,中风险
0.95,0.75,否,0.7,0.81,35.53,中级,无,无,23.15,40.94,0.31,是,是,0.56,配电箱,3.42,0.73,0.44,0.95,0.88,1,0.86,无风险
0.83,0.21,否,0.83,0.82,0.11,中级,无,无,27.93,33.06,0.3,是,是,0.79,塔吊,2.63,0.47,0,0.7,0.72,0,0.44,无风险
0.92,0.49,否,0.68,0.84,3.6,初级,1次,无,20.53,44.81,0.29,是,是,0.63,塔吊,0.62,1,0.75,0.68,0.8,1,0.4,高风险
0.58,0.88,否,0.66,0.91,20.07,初级,无,无,19.31,21.3,0,是,是,0.55,车辆,1.8,0.73,0.22,0.83,0.22,1,0.16,高风险
0.93,0.9,否,0.76,0.8,12.46,高级,1次,≥2次,8.69,37.76,0.25,是,是,0.93,高支模,61.53,0.59,0.02,0.78,0.64,1,0.61,高风险
0.76,0.25,否,0.66,0.75,0.22,中级,无,≥2次,19.57,32.89,0.79,是,是,0.85,深基坑,34.7,0.7,0.04,0.68,0.85,6,0.95,极高风险
0.81,0.57,否,0.66,0.68,14,中级,无,1次,29.27,28.91,0.28,是,是,0.85,车辆,22.77,1,0.2,0.78,0.67,2,0.42,中风险
0.71,0.14,否,0.62,0.93,11.55,高级,无,无,37.91,17.88,0.2,否,是,0.86,深基坑,19.88,0.41,1,0.87,0.72,4,0.62,高风险
0.82,0.3,否,0.59,0.78,6.37,中级,无,1次,21.19,33.74,0.27,是,是,0.79,车辆,20.72,0.76,0.23,0.94,0.28,3,0.48,高风险
0.59,0.73,否,0.68,0.68,7,初级,无,无,17.77,33.68,0.06,是,是,0.67,高支模,11.03,1,0.16,0.92,0.78,2,0.92,低风险
0.24,0.71,否,0.65,0.8,0.99,初级,无,无,55.11,11.65,0.38,是,是,0.36,车辆,19.7,0.57,0.22,0.68,0.47,2,0.46,极高风险
0.8,0.26,否,0.58,0.81,13.26,初级,无,≥2次,13.07,34.98,0.6,是,是,0.66,车辆,24.15,0.6,0.35,0.88,0.96,1,0.23,极高风险
0.08,0.08,否,0.57,0.96,3.22,初级,无,无,21.74,29.8,0.08,是,是,0.82,配电箱,5.01,0.83,0,0.92,0.71,3,0.28,高风险
0.83,0.13,否,0.66,0.74,4.58,初级,无,1次,8.63,22.48,0.31,是,是,0.42,配电箱,10.79,0.63,0.54,0.9,0.47,4,0.89,极高风险
0.54,0.5,否,0.62,0.9,14.07,中级,无,1次,20.33,16.55,0.36,是,是,0.93,车辆,13.52,0.49,0.22,0.95,0.75,1,0.84,低风险
0.43,0.73,否,0.86,0.97,8.57,初级,无,无,29.96,19.32,0.18,是,否,0.92,车辆,15.46,0.62,0.58,0.4,0.7,1,0.72,极高风险
0.87,0.44,否,0.66,0.76,7.7,高级,无,无,19.55,23.57,0.18,是,是,0.54,配电箱,10.97,0.31,0.09,0.84,0.34,3,0.92,低风险
0.57,0.39,否,0.78,0.72,0.82,中级,无,无,16.19,52.31,0.45,是,是,0.66,配电箱,4.03,0.8,0.42,0.51,0.81,5,0.81,高风险
0.96,0.54,否,0.55,0.79,12.51,中级,无,1次,23.47,14.88,0.04,是,是,0.44,配电箱,12.78,1,0.37,0.9,0.73,4,0.85,低风险
0.9,0.09,否,0.87,0.89,22.3,高级,无,1次,37.14,25.26,0.17,是,是,0.79,配电箱,27.51,0.81,0.25,0.71,0.54,3,0.4,无风险
0.74,0.62,否,0.64,0.73,15.12,初级,无,无,23.85,10.57,0.28,是,是,0.78,配电箱,0.31,1,0.06,0.65,0.74,2,0.23,无风险
0.79,0.26,否,0.71,0.8,3.77,高级,无,1次,29.23,17.48,0.23,是,是,0.83,配电箱,24.98,0.75,0.18,0.71,0.83,2,0.45,无风险
0.08,0.48,否,0.58,0.73,20.21,高级,无,无,18.04,20.09,0.02,是,是,0.59,深基坑,17.95,0.6,0.38,0.82,0.31,0,0.44,高风险
0.79,0.15,否,0.6,0.73,0.08,中级,无,1次,20.57,29.06,0.32,是,是,0.88,深基坑,14.82,1,0.8,0.9,0.69,1,0.63,低风险
0.63,0.43,否,0.7,0.89,5.45,初级,无,1次,32.7,52.84,0.45,是,是,0.35,高支模,6.52,0.74,0.45,0.81,0.81,2,0.79,极高风险
0.28,0.31,否,0.86,0.8,38.83,中级,1次,无,38.32,33.87,0.34,是,是,0.93,配电箱,12.19,0.69,0.3,0.61,0.56,5,0.63,中风险
0.83,0.34,否,0.63,0.95,20.38,高级,无,≥2次,21.57,61.61,0.73,是,是,0.92,车辆,19.9,1,0.14,0.84,0.62,5,0.46,高风险
0.69,0.33,否,0.75,0.6,13.23,中级,无,无,21.34,28.29,0.34,是,是,0.81,配电箱,7.57,0.75,0,0.77,0.64,3,0.27,高风险
0.37,0.2,否,0.76,0.92,1.77,中级,无,无,19.42,19.77,0.02,是,是,0.81,深基坑,0.27,0.41,0.06,0.8,0.53,2,0.54,无风险
0.3,0.2,否,0.78,0.68,10.61,无证,无,无,20.08,61.43,0.24,是,是,0.47,车辆,28.12,0.87,0.37,0.71,0.72,4,0.42,极高风险
0.71,0.41,否,0.64,0.74,0.47,中级,无,1次,21.89,99.9,0.02,是,是,0.58,配电箱,0.48,0.67,0.17,0.56,0.62,3,0.96,低风险
0.93,0.1,否,0.67,0.81,4.04,高级,无,无,5.69,26.35,0.01,是,是,0.75,高支模,60.8,1,0.63,0.79,0.44,3,0.61,低风险
0.58,0.15,否,0.61,0.71,29.22,高级,无,无,20.09,39.92,0.1,是,是,0.04,高支模,18.9,0.61,0.2,0.88,0.22,4,0.39,高风险
0.55,0.21,否,0.68,0.78,1.83,无证,无,1次,29.21,26.05,0.22,是,是,0.49,车辆,3.07,0.95,0.35,0.88,0.41,5,0.86,高风险
0.44,0.82,否,0.81,0.78,5.05,高级,1次,无,28.67,40.85,0.03,是,是,0.18,车辆,43.14,0.77,0,0.97,0.52,5,0.4,极高风险
0.51,0.18,否,0.69,0.85,7.21,中级,1次,1次,12.93,19.41,0.25,是,是,0.4,配电箱,28.82,0.85,0.54,0.84,0.72,2,0.71,高风险
0.41,0.14,否,0.69,0.61,5.72,初级,无,1次,5.17,17.62,0.55,是,是,0.78,配电箱,0.1,0.4,0.32,0.91,0.57,2,0.6,中风险
0.59,0.12,否,0.74,0.71,14.3,高级,无,无,14.14,13.76,0.02,是,是,0.81,高支模,17.33,1,0.37,0.88,0.84,1,0.31,无风险
0.85,0.35,否,0.71,0.77,1.95,中级,1次,无,7.94,56.91,0.34,是,是,0.69,塔吊,2.95,0.89,0.33,0.85,0.28,3,0.59,高风险
0.43,0.42,否,0.55,0.86,16.07,无证,无,无,25.03,26.46,0.03,是,是,0.67,高支模,29.64,1,0,0.91,0.76,2,0.86,高风险
0.77,0.4,否,0.58,0.82,12.59,初级,无,1次,20.41,21.82,0.35,是,是,0.25,高支模,32.24,0.56,0,0.9,0.31,0,0.84,极高风险
0.68,0.51,否,0.61,0.87,1.38,高级,无,≥2次,27.31,76.66,0.4,是,是,0.2,高支模,21.66,0.8,0.89,0.91,0.42,3,0.92,极高风险
0.68,0.18,否,0.56,0.76,12.27,无证,无,≥2次,16.04,42.72,0.09,是,是,0.82,车辆,16.76,0.81,0.29,0.77,0.86,2,0.56,高风险
0.79,0.13,否,0.71,0.7,15.25,初级,无,无,11.4,12.32,0.08,是,是,0.11,高支模,15.49,1,0.04,0.83,0.91,2,0.33,高风险
0.45,0.19,否,0.63,0.95,9.49,中级,无,无,18.79,26.56,0.37,是,否,0.89,塔吊,4.01,0.46,0.13,0.9,0.64,2,0.35,高风险
0.74,0.45,否,0.82,0.92,14.64,初级,1次,无,17.31,24.56,0.02,是,是,0.93,深基坑,11.54,1,0.75,0.69,0.53,1,0.58,低风险
0.79,0.43,否,0.6,0.69,3.02,中级,1次,1次,38.85,64.44,0.42,是,是,0.93,配电箱,20.97,0.8,0.47,0.86,0.45,3,0.91,极高风险
0.69,0.68,否,0.78,0.78,16.57,初级,无,1次,12.27,17.04,0.01,是,是,0.65,车辆,3.61,0.91,0,0.96,0.72,2,0.61,无风险
0.84,0.82,否,0.68,0.88,5.99,初级,1次,无,31.32,22.98,0.26,是,是,0.19,塔吊,13.46,0.46,0.99,0.95,0.58,7,0.86,极高风险
0.59,0.14,否,0.61,0.93,4.26,中级,1次,无,68.92,18.85,0.66,是,是,0.66,深基坑,7.63,1,0.78,0.77,0.8,1,0.49,中风险
0.89,0.49,否,0.57,0.88,18.79,中级,无,无,11.13,17.1,0.07,是,是,0.71,塔吊,3.27,0.7,0.23,0.86,0.68,2,0.38,无风险
0.52,0.45,否,0.73,0.74,2.53,无证,无,无,22.56,35.28,0.14,是,是,0.31,深基坑,16.28,0.56,0.27,0.94,0.57,1,0.75,高风险
0.53,0.14,否,0.77,0.72,0.82,高级,无,无,64.73,38.5,0.24,是,是,0.75,深基坑,6.97,1,0.1,0.9,0.2,4,0.64,无风险
0.54,0.52,否,0.69,0.67,2.59,中级,无,1次,34.32,50.98,0.05,是,是,0.9,塔吊,9.38,1,0.2,0.96,0.47,9,0.13,高风险
0.52,0.51,否,0.78,0.81,7.32,中级,无,1次,20.07,37.99,0.19,是,是,0.76,车辆,2.48,0.75,0.6,0.99,0.64,1,0.6,低风险
0.68,0.32,否,0.88,0.83,8.64,高级,1次,1次,49.18,27.82,0.26,是,是,0.8,塔吊,6.94,1,0,0.94,0.6,1,0.26,无风险
0.77,0.35,否,0.62,0.83,4.43,初级,无,无,21.38,35.03,0.25,是,是,0.43,高支模,1.64,0.65,0.22,0.95,0.88,6,0.85,低风险
0.82,0.75,否,0.58,0.77,8.75,中级,无,1次,43.61,47.19,0.08,是,是,0.73,塔吊,53.33,1,0.56,0.84,0.76,2,0.96,中风险
0.79,0.21,否,0.78,0.76,13.6,高级,无,无,14.55,9.19,0.03,是,是,0.25,深基坑,2.92,1,0.08,0.75,0.42,2,0.81,无风险
0.66,0.37,否,0.81,0.59,10.55,初级,无,1次,40.97,33.1,0.12,是,是,0.52,车辆,22.82,0.75,0.41,0.77,0.5,5,0.55,极高风险
0.79,0.27,否,0.69,0.82,11.03,初级,无,1次,13.98,20.39,0.19,是,是,0.6,深基坑,26.01,0.46,0.4,0.61,0.83,4,0.69,高风险
0.48,0.1,否,0.85,0.9,10.88,中级,无,无,47.07,27.64,0.03,是,是,0.72,配电箱,22.99,0.6,0,0.83,0.77,2,0.68,无风险
0.4,0.23,否,0.66,0.81,2.55,初级,1次,≥2次,48.03,44.54,0.04,是,是,0.47,车辆,9.86,0.58,0.25,0.85,0.55,2,0.65,极高风险
0.4,0.79,否,0.67,0.82,7.72,初级,无,1次,19.93,88.96,0.49,是,是,0.84,配电箱,15.19,1,0.5,0.71,0.73,1,0.65,极高风险
0.84,0.56,否,0.75,0.91,7.19,无证,无,无,20.91,9.66,0.25,是,是,0.8,深基坑,3.38,0.85,0.5,0.8,0.66,3,0.4,高风险
0.42,0.28,否,0.75,0.79,5.95,中级,无,1次,9.64,73.53,0.41,是,是,0.79,深基坑,13.49,0.8,0.67,0.91,0.37,1,0.78,高风险
0.63,0.24,否,0.63,0.66,20.41,中级,无,无,19.68,35.43,0.2,是,是,0.29,车辆,17.69,0.8,0.65,0.91,0.8,7,0.75,高风险
0.79,0.24,否,0.68,0.92,4.73,中级,1次,无,28.04,25.77,0.45,是,是,0.7,塔吊,38,0.82,0,0.91,0.3,2,0.65,低风险
0.55,0.31,否,0.64,0.84,12.48,中级,无,无,15.76,19.92,0.06,是,是,0.42,高支模,20.26,0.52,0,0.69,0.4,3,0.79,低风险
0.57,0.16,否,0.73,0.86,7.24,中级,无,无,23.88,13.42,0.2,否,是,0.74,车辆,3.19,1,0.9,0.79,0.32,4,0.73,高风险
0.31,0.52,否,0.48,0.82,4.75,中级,无,1次,13.95,28.18,0.09,是,是,0.74,深基坑,2.96,0.53,0.11,0.83,0.62,2,0.55,中风险
0.42,0.17,否,0.88,0.62,11.25,中级,无,无,26.99,8.01,0.28,是,是,0.62,车辆,20.16,1,0.24,0.76,0.4,7,0.56,中风险
0.8,0.4,否,0.69,0.75,20.8,初级,无,无,22.67,14.38,0,是,是,0.77,深基坑,7.39,0.57,0.25,0.94,0.35,1,0.47,无风险
0.75,0.74,否,0.8,0.81,25.26,中级,1次,1次,20,38.73,0.8,是,是,0.8,高支模,0.18,1,0.77,0.7,0.09,2,0.93,高风险
0.78,0.45,否,0.69,0.75,6.67,初级,无,无,16.88,26.61,0.12,是,是,0.49,深基坑,67.2,0.5,0.27,0.84,0.76,3,0.79,中风险
0.68,0.32,否,0.74,0.9,14.46,初级,1次,无,10.65,31.47,0.09,否,是,0.6,高支模,13.17,0.65,0.64,0.94,0.41,2,0.92,极高风险
0.55,0.42,否,0.91,0.93,4.46,高级,≥2次,1次,33.34,103.42,0.12,是,否,0.85,塔吊,2.52,0.53,0.38,0.78,0.63,4,0.21,极高风险
0.78,0.28,否,0.7,0.87,9.26,初级,1次,1次,41.21,12.35,0.01,是,是,0.7,高支模,1.04,0.68,0,0.78,0.92,3,0.62,无风险
0.73,0.4,否,0.63,0.66,2.82,中级,无,无,11.21,22.03,0.19,否,是,0.41,高支模,34.6,0.44,0.44,0.86,0.69,0,0.92,极高风险
0.75,0.69,否,0.7,0.68,1.52,中级,无,无,11.94,89.59,0.13,是,是,0.09,深基坑,0.27,1,0.75,0.98,0.61,3,0.37,高风险
0.85,0.44,否,0.42,0.85,15.81,初级,无,1次,10.89,35.2,0.35,是,是,0.98,塔吊,24.26,0.64,0.23,0.79,0.77,1,0.22,中风险
0.55,0.42,否,0.83,0.9,34.27,中级,无,1次,23.76,42.39,0.08,是,是,0.19,深基坑,18.3,0.22,0.18,0.92,0.22,2,0.77,高风险
0.74,0.45,否,0.65,0.73,5.38,初级,无,1次,61.4,35.5,0.2,是,是,0.26,高支模,29.84,0.48,0.35,0.7,0.6,3,0.5,极高风险
0.61,0.62,否,0.63,0.97,1.69,中级,无,1次,19.22,19.39,0.03,是,是,0.76,深基坑,11.42,1,0,0.87,0.63,3,0.64,无风险
0.39,0.22,否,0.78,0.86,1.21,无证,无,1次,17.06,41.42,0.21,是,是,0.78,配电箱,10.69,0.57,0.25,0.85,0.81,1,0.65,高风险
0.66,0.3,否,0.65,0.74,8.67,中级,1次,1次,10.62,49.11,0.03,是,是,0.87,深基坑,16.83,0.95,0.05,0.8,0.32,1,0.39,中风险
0.71,0.53,否,0.56,0.91,1.8,中级,无,无,26.06,28.69,0.35,是,是,0.44,车辆,19.99,0.31,0,0.65,0.46,3,0.92,高风险
0.48,0.87,否,0.65,0.73,17.21,中级,无,无,36.48,24.89,0.33,是,是,0.3,塔吊,13.27,0.3,0.04,0.63,0.48,4,0.56,高风险
0.41,0.23,否,0.6,0.9,8.61,初级,无,无,27.82,20.96,0.02,是,是,0.51,深基坑,2.54,0.73,0.1,0.85,0.65,3,0.55,无风险
0.31,0.63,否,0.55,0.9,0.97,高级,无,无,17.18,28.04,0.2,是,是,0.79,配电箱,7.49,0.56,0.33,0.88,0.21,3,0.85,高风险
0.86,0.42,否,0.6,0.74,2.53,初级,无,无,15.23,24.78,0.33,是,是,0.83,车辆,0.28,0.68,0.04,0.95,0.72,5,0.86,无风险
0.91,0.2,否,0.71,0.87,13.02,中级,无,无,47.42,29.68,0.07,是,是,0.5,配电箱,21.09,0.6,0.5,0.93,0.55,6,0.4,中风险
0.05,0.15,否,0.58,0.6,0.75,高级,无,无,32.89,31.34,0.02,是,是,0.62,配电箱,20.76,0.54,0.28,0.74,0.89,2,0.68,高风险
0.77,0.65,否,0.66,0.81,25.43,中级,无,无,15.56,40.97,0.15,是,是,0.97,配电箱,82.19,0.84,0.41,0.79,0.16,0,0.19,中风险
0.55,0.15,否,0.64,0.78,0.38,中级,无,无,31.86,25.2,0.22,是,是,0.24,深基坑,7.39,0.61,0.29,0.86,0.35,6,0.77,高风险
0.64,0.26,否,0.62,0.85,6.12,高级,无,1次,9.29,54.58,0.43,是,是,0.68,深基坑,1.8,0.32,0,0.89,0.38,1,0.68,低风险
0.51,0.2,否,0.75,0.8,20.36,高级,无,无,27.69,36.81,0.01,是,是,0.4,塔吊,8.71,0.57,0,0.83,0.47,1,0.71,无风险
0.84,0.21,否,0.8,0.74,0.69,高级,无,无,13.58,59.57,0.1,是,是,0.7,塔吊,0.17,0.69,0.12,0.79,0.85,2,0.52,无风险
0.13,0.29,否,0.57,0.99,8.66,高级,无,无,26.68,57.93,0.04,是,是,0.9,塔吊,16.86,0.71,0.24,0.95,0.79,4,0.64,高风险
0.74,0.29,否,0.87,0.58,10.81,无证,无,1次,44.05,73.83,0.05,是,是,0.58,配电箱,22.68,1,0.46,0.89,0.75,5,0.4,极高风险
0.19,0.36,否,0.59,0.62,4.56,初级,无,1次,23.5,25.49,0.36,是,是,0.89,塔吊,0.9,0.92,0,0.9,0.85,2,0.65,高风险
0.56,0.28,否,0.78,0.84,13.21,初级,无,1次,28.19,43.26,0.08,是,是,0.93,深基坑,61.41,0.87,0.08,0.95,0.78,1,0.51,低风险
0.69,0.42,否,0.77,0.86,17.67,中级,1次,1次,13.25,85.47,0.01,是,是,0.8,配电箱,18.38,0.46,0.12,0.63,0.26,2,0.88,高风险
0.75,0.17,否,0.66,0.74,13.66,初级,无,≥2次,30.07,39.04,0.06,是,是,0.91,深基坑,3.15,0.73,0.15,0.83,0.64,2,0.28,低风险
0.83,0.24,否,0.63,0.91,0.06,初级,无,无,21.41,40.63,0.06,是,是,0.95,塔吊,14.94,0.26,0,0.85,0.67,4,0.23,无风险
0.74,0.56,否,0.72,0.86,3.72,高级,无,≥2次,15.73,30.53,0.05,是,是,0.25,塔吊,48.76,0.61,0.15,0.63,0.6,0,0.48,极高风险
0.71,0.39,否,0.65,0.63,3.44,中级,无,无,16.07,22.24,0.64,是,是,0.92,配电箱,25.33,0.92,0.13,0.76,0.38,3,0.67,中风险
0.32,0.62,否,0.74,0.85,20.12,初级,无,≥2次,6.86,21.59,0.21,是,是,0.83,高支模,6.6,0.9,0.13,0.87,0.77,3,0.59,中风险
0.77,0.45,否,0.66,0.81,16.54,高级,无,无,8.84,26.1,0.02,是,是,0.83,深基坑,0.98,1,0,0.91,0.55,3,0.31,无风险
0.1,0.44,否,0.85,0.77,8.8,初级,1次,≥2次,14.95,40.51,0.15,是,是,0.37,高支模,2.95,0.65,0.04,0.73,0.85,4,0.39,极高风险
0.79,0.34,否,0.58,0.86,16.44,中级,1次,1次,21.77,9.11,0.46,是,是,0.9,配电箱,22.9,0.76,0.81,0.75,0.23,3,0.49,高风险
0.58,0.22,否,0.44,0.92,5.67,中级,无,1次,18.01,45.09,0.44,是,是,0.72,配电箱,17.22,0.67,0.06,0.9,0.35,1,0.37,高风险
0.68,0.27,否,0.7,0.72,18.76,中级,无,无,25.69,37.19,0.13,是,是,0.28,深基坑,13.67,0.56,0.28,0.98,0.79,0,0.38,低风险
0.29,0.18,否,0.71,0.72,15.22,中级,无,无,20.23,20,0.1,是,是,0.66,塔吊,1.81,0.74,0.25,0.88,0.31,8,0.75,低风险
0.59,0.33,否,0.69,0.93,4.56,中级,1次,无,19.02,24.29,0.24,是,是,0.68,配电箱,19.98,0.63,0.44,0.6,0.59,8,0.42,极高风险
0.6,0.18,否,0.68,0.65,6.33,初级,无,1次,16.6,22.96,0.02,是,是,0.94,塔吊,16.07,0.61,0.03,0.83,0.51,3,0.4,低风险
0.8,0.25,否,0.68,0.9,1.77,高级,无,无,52.28,15.38,0.03,是,是,0.82,车辆,20.1,0.78,0,0.81,0.56,1,0.8,无风险
0.34,0.38,否,0.77,0.77,7.49,初级,无,无,28.44,46.64,0.08,是,是,0.44,车辆,3.72,1,0.59,0.81,0.68,1,0.45,中风险
0.6,0.19,否,0.51,0.96,12.58,中级,无,无,39.5,66.81,0.14,是,是,0.72,塔吊,74.84,0.45,0.16,0.77,0.8,1,0.36,中风险
0.71,0.4,否,0.81,0.71,0.15,中级,1次,无,20.61,13.85,0.24,是,否,0.55,配电箱,10.76,0.76,0.54,0.75,0.3,6,0.44,极高风险
0.73,0.75,否,0.5,0.98,6.1,初级,无,≥2次,12.17,12.73,0.04,是,是,0.38,深基坑,1.26,0.21,0.08,0.95,0.75,2,0.78,高风险
0.92,0.36,否,0.87,0.91,39.83,中级,1次,1次,10.33,54.67,0.1,是,是,0.64,配电箱,60.25,0.8,0,0.39,0.46,1,0.69,低风险
0.29,0.56,否,0.75,0.77,7.8,中级,无,无,24.57,37.57,0.73,是,是,0.56,车辆,25.72,0.41,0.42,0.8,0.46,3,0.68,极高风险
0.76,0.19,否,0.68,0.94,24.47,初级,无,无,17.64,78.54,0.09,是,是,0.63,车辆,1.02,0.67,0.39,0.88,0.92,1,0.83,无风险
0.7,0.42,否,0.57,0.86,7.49,高级,无,无,23.07,26.71,0.57,是,是,0.45,深基坑,38.87,1,0.41,0.96,0.39,1,0.76,高风险
0.11,0.13,否,0.72,0.87,9.93,高级,无,≥2次,12.85,30.76,0.24,否,是,0.96,车辆,29.12,1,0.07,0.65,0.81,2,0.26,极高风险
0.77,0.14,否,0.69,0.99,0.7,中级,1次,无,17.54,8.81,0.05,是,是,0.87,高支模,36.04,0.93,0.15,0.91,0.82,4,0.7,无风险
0.81,0.36,否,0.66,0.85,7.7,中级,无,无,29.22,20.07,0.29,是,是,0.8,塔吊,14.86,0.78,0,0.41,0.39,5,0.78,无风险
0.76,0.15,否,0.58,0.99,2.91,高级,无,无,29.06,14.76,0.03,是,是,0.82,配电箱,32.27,1,0,0.85,0.8,1,0.88,无风险
0.74,0.5,否,0.8,0.8,5.12,中级,无,无,9.05,26.92,0.14,是,是,0.1,塔吊,1.75,1,0.32,0.96,0.44,5,0.78,高风险
0.1,0.44,否,0.74,0.74,2.11,初级,无,无,32.35,22.76,0.3,是,是,0.65,深基坑,15.91,0.14,0,0.88,0.84,3,0.91,高风险
0.46,0.45,否,0.85,0.78,29.81,初级,无,1次,18.81,23.48,0.06,是,否,0.83,塔吊,10.86,0.87,0.67,0.96,0.5,3,0.52,高风险
0.72,0.53,否,0.78,0.8,13.4,高级,无,1次,30.91,58.48,0.11,是,是,0.78,车辆,24.64,0.13,0,0.9,0.32,1,0.8,中风险
0.44,0.26,否,0.49,0.75,10.82,中级,无,1次,14.9,26.09,0.48,是,是,0.24,车辆,2.89,0.73,0.26,0.8,0.7,3,0.54,高风险
0.71,0.12,否,0.7,0.77,2.87,高级,无,无,15.6,15.81,0.11,是,是,0.81,高支模,8.95,0.27,0.33,0.89,0.68,0,0.05,高风险
0.82,0.22,否,0.68,0.9,11.73,中级,无,≥2次,15.45,29.64,0.26,是,是,0.91,高支模,17.05,0.31,0.11,0.97,0.83,3,0.57,低风险
0.63,0.45,否,0.56,0.86,4.89,高级,无,无,18.02,33.77,0.05,是,是,0.48,配电箱,4.5,1,0.49,0.61,0.64,1,0.5,中风险
0.77,0.25,否,0.63,0.88,25.75,中级,无,≥2次,17.14,22.4,0.23,是,是,0.89,深基坑,7.81,0.62,0.07,0.94,0.18,5,0.86,低风险
0.75,0.7,否,0.95,0.84,2.53,中级,1次,1次,15.28,15.36,0.18,是,是,0.34,深基坑,4.15,0.76,0.28,0.87,0.47,3,0.54,高风险
0.74,0.42,否,0.71,0.88,3.22,中级,无,≥2次,20.1,83.05,0.26,是,是,0.47,深基坑,6.89,0.7,0,0.65,0.73,0,0.58,高风险
0.59,0.27,否,0.78,0.8,17.17,中级,无,1次,7.87,79.9,0.05,是,是,0.36,配电箱,24.68,0.78,0.34,0.95,0.68,3,0.67,高风险
0.37,0.32,否,0.68,0.79,14.41,高级,无,无,20.56,55.63,0.32,是,是,0.9,配电箱,7.33,0.66,0.07,0.85,0.8,0,0.71,无风险
0.86,0.15,否,0.84,0.74,18.04,中级,无,无,31.34,49.56,0.32,是,是,0.96,配电箱,21.88,0.7,0,0.92,0.72,0,0.58,无风险
0.32,0.58,否,0.8,0.82,1.59,高级,1次,无,24.29,68.31,0.17,是,是,0.53,高支模,15.57,0.72,0.07,0.79,0.57,6,0.82,高风险
0.79,0.25,否,0.56,0.96,11.34,中级,1次,1次,19.85,15.13,0.01,是,是,0.66,车辆,66.01,0.44,0.29,0.86,0.69,3,0.88,中风险
0.54,0.3,否,0.69,0.74,10.7,初级,无,无,26.04,41.14,0.02,是,是,0.69,深基坑,4,0.84,0.03,0.8,0.79,3,0.97,无风险
0.02,0.14,否,0.57,0.65,1.1,高级,无,1次,11.7,46.45,0.59,是,是,0.2,车辆,22.79,1,0.27,0.86,0.59,5,0.79,极高风险
0.41,0.9,否,0.76,0.91,13.26,中级,1次,无,8.9,35.47,0.54,否,是,0.81,车辆,15.97,0.49,0.15,0.75,0.2,3,0.76,极高风险
0.6,0.24,否,0.64,0.67,10.05,中级,无,无,19.71,11.59,0.45,是,是,0.82,深基坑,8.4,0.66,0,0.73,0.76,7,0.43,无风险
0.66,0.36,否,0.72,0.74,6.51,中级,无,无,42.71,19.76,0.22,是,否,0.26,高支模,2.38,0.75,0.51,0.88,0.57,2,0.46,极高风险
0.35,0.21,否,0.66,0.76,16.5,无证,无,无,31.64,22.8,0.06,是,是,0.49,塔吊,19.84,0.9,0,0.88,0.77,1,0.84,高风险
0.75,0.35,否,0.71,0.9,23.01,无证,无,无,11.57,28.22,0.12,是,是,0.89,塔吊,0.43,0.75,0.32,0.75,0.72,5,0.8,高风险
0.79,0.76,否,0.5,0.87,4.44,中级,无,无,22.46,11.26,0.2,是,是,0.86,高支模,5.77,0.68,0,0.88,0.49,0,0.44,无风险
0.26,0.21,否,0.64,0.93,0.34,中级,无,无,10.21,23.26,0.49,否,是,0.83,深基坑,3.68,1,0,0.91,0.68,3,0.24,高风险
0.57,0.32,否,0.7,0.77,6.02,高级,1次,1次,55.41,108.05,0.11,是,是,0.39,配电箱,19.6,0.64,0.62,0.79,0.92,3,0.86,极高风险
0.82,0.2,否,0.8,0.77,7.31,中级,无,无,14.29,47.64,0.05,是,是,0.96,配电箱,14.42,0.8,0.54,0.64,0.18,1,0.22,中风险
0.3,0.22,否,0.72,0.85,19.25,中级,无,无,24.88,79.81,0.34,是,是,0.75,深基坑,64.55,1,0,0.86,0.67,1,0.72,低风险
0.76,0.54,否,0.83,0.78,9.98,中级,无,≥2次,19.47,57.74,0.2,是,是,0.2,深基坑,22.46,0.79,0,0.87,0.61,2,0.58,极高风险
0.81,0.53,否,0.7,0.87,32.75,中级,无,无,22.75,22.24,0.15,否,是,0.95,车辆,55.26,1,0.31,0.77,0.61,6,0.43,高风险
0.88,0.22,否,0.77,0.77,25.82,初级,1次,无,14.81,20.15,0.55,是,否,0.52,塔吊,15,0.53,0.82,0.69,0.71,1,0.34,极高风险
0.6,0.71,否,0.68,0.76,1.52,中级,无,无,36.2,36.48,0.15,是,是,0.78,塔吊,17.84,0.31,0.29,0.61,0.84,2,0.92,中风险
0.98,0.88,否,0.91,0.79,16.96,中级,无,无,8.03,23.33,0.22,是,是,0.43,配电箱,5.54,1,0.03,0.99,0.34,2,0.4,高风险
0.54,0.32,否,0.77,0.88,4.83,中级,无,无,39,34.5,0.26,是,是,0.76,配电箱,33.06,0.83,0,0.44,0.85,2,0.6,无风险
0.88,0.42,否,0.78,0.67,0.12,高级,无,无,34.21,47.95,0.34,是,是,0.91,车辆,13.26,0.77,0.65,0.55,0.17,5,0.69,高风险
0.66,0.3,否,0.81,0.77,9.27,初级,无,无,28.52,26.38,0.01,是,是,0.87,配电箱,17.07,0.92,0.19,0.6,0.59,4,0.63,低风险
0.31,0.23,否,0.61,0.7,1.56,初级,无,1次,8.27,10.59,0.42,是,是,0.86,深基坑,11.52,1,0,0.88,0.36,3,0.4,中风险
0.88,0.73,否,0.8,0.8,18.33,中级,1次,无,23.62,74.67,0.34,是,是,0.86,塔吊,22.35,0.69,0.11,0.56,0.87,5,0.76,低风险
0.51,0.25,否,0.53,0.88,7.56,中级,无,无,13.61,11.95,0.08,是,是,0.56,车辆,7.85,1,0.16,0.6,0.49,4,0.68,低风险
0.12,0.32,否,0.58,0.71,13.45,初级,无,1次,16.46,22.72,0.19,是,是,0.88,塔吊,1.86,1,0,0.67,0.58,8,0.83,极高风险
0.33,0.35,否,0.58,0.79,17.79,初级,无,无,19.27,29.86,0.48,是,是,0.87,深基坑,26.92,0.61,0.23,0.65,0.51,1,0.66,高风险
0.91,0.51,否,0.91,0.73,3.85,初级,无,无,9.55,26.34,0.04,是,是,0.7,塔吊,22.31,1,0,0.9,0.64,1,0.81,无风险
0.48,0.09,否,0.71,0.68,26.5,无证,无,无,10.8,43.15,0.09,是,是,0.97,配电箱,23.59,0.34,0,0.98,0.89,0,0.54,高风险
0.7,0.22,否,0.64,0.84,9.45,无证,1次,≥2次,16.14,43.99,0.07,是,否,0.75,车辆,21.68,1,0.04,0.72,0.29,2,0.37,极高风险
0.77,0.35,否,0.57,0.73,6.94,中级,无,无,12.5,23.34,0.11,是,是,0.45,车辆,27.56,0.57,0,0.66,0.44,3,0.68,中风险
0.75,0.17,否,0.84,0.75,0.83,初级,无,无,27.34,61.69,0,是,是,0.29,深基坑,2.25,1,0.16,0.83,0.75,0,0.51,无风险
0.63,0.39,否,0.54,0.86,9.38,中级,无,无,24.47,35,0.07,是,是,0.74,塔吊,2.37,0.75,0.18,0.81,0.78,4,0.93,无风险
0.72,0.34,否,0.7,0.67,17.56,初级,无,无,13.75,30.65,0.16,是,是,0.87,深基坑,11.95,0.45,0,0.94,0.72,1,0.31,无风险
0.39,0.28,否,0.65,0.89,7.41,初级,无,1次,10.51,102.68,0.65,是,是,0.77,深基坑,43.37,0.94,0.18,0.92,0.84,5,0.62,极高风险
0.77,0.72,否,0.59,0.68,36.29,中级,无,1次,22.27,5.96,0.17,是,是,0.62,高支模,5.4,0.61,0.01,0.86,0.68,6,0.73,无风险
0.67,0.43,是,0.77,0.78,6.32,高级,无,无,15.35,8.42,0.67,是,是,0.35,车辆,21.06,0.76,0.34,0.85,0.42,3,0.44,极高风险
0.89,0.55,否,0.75,0.93,11.63,中级,无,1次,25.53,51.63,0.1,是,是,0.59,塔吊,56.27,0.74,0.47,0.72,0.55,7,0.8,极高风险
0.74,0.08,否,0.5,0.81,7.23,中级,1次,≥2次,22.66,23.36,0.42,是,是,0.95,塔吊,27.17,0.47,0.39,0.76,0.72,4,0.64,高风险
0.54,0.29,否,0.64,0.8,9.68,初级,无,无,64.27,27.31,0.12,是,是,0.7,配电箱,16.62,0.68,0.32,0.93,0.33,2,0.7,中风险
0.63,0.3,否,0.75,0.93,10.99,高级,无,1次,29.86,44.22,0.07,是,是,0.96,塔吊,36.18,0.61,0.2,0.91,0.05,2,0.39,低风险
0.84,0.54,否,0.72,0.9,13.16,初级,无,无,25.81,27.68,0.66,是,是,0.42,车辆,45.33,0.55,0.83,0.86,0.62,3,0.66,极高风险
0.66,0.3,否,0.62,0.92,1.5,中级,无,1次,28.56,20.71,0.12,是,是,0.21,深基坑,2.48,0.57,0,0.77,0.86,1,0.6,无风险
0.96,0.42,否,0.66,0.71,10.27,高级,无,无,16.09,36.2,0.25,是,是,0.88,高支模,12.62,0.6,0,0.84,0.89,2,0.53,无风险
0.58,0.29,否,0.68,0.88,12.66,初级,1次,无,19.62,39.12,0.21,是,是,0.57,车辆,7.28,0.88,0.51,0.83,0.63,0,0.6,中风险
0.88,0.46,否,0.88,0.61,3.56,中级,无,1次,18.18,13.84,0.24,是,是,0.69,深基坑,0.09,0.9,0.03,0.95,0.7,2,0.63,无风险
0.67,0.28,否,0.65,0.75,30.45,中级,无,无,16.22,19.1,0.38,否,是,0.7,车辆,25.38,0.56,0.24,0.96,0.87,6,0.64,高风险
0.9,0.61,否,0.61,0.91,21.81,初级,1次,1次,12.35,33.89,0.09,是,是,0.81,配电箱,80.29,0.7,0.71,0.86,0.26,1,0.77,高风险
0.89,0.26,否,0.58,0.66,2.04,初级,无,无,31.76,18.25,0.33,是,是,0.51,高支模,3.61,0.5,0.02,0.86,0.36,6,0.25,中风险
0.41,0.17,否,0.6,0.89,11.71,中级,无,无,15.65,21,0.02,是,是,0.29,塔吊,17.51,0.72,0.09,0.91,0.4,2,0.69,无风险
0.4,0.31,否,0.79,0.91,7.06,中级,无,无,15.69,4.26,0.55,是,是,0.57,车辆,15.87,0.37,0.52,0.68,0.78,2,0.47,高风险
0.11,0.21,否,0.65,0.72,3.35,初级,无,无,15.4,17.33,0,是,是,0.7,塔吊,28.98,0.47,0.32,0.89,0.91,2,0.49,高风险
0.92,0.63,否,0.77,0.77,6.84,初级,1次,1次,26.37,11.33,0.2,是,是,0.84,车辆,0.62,0.62,0.2,0.46,0.75,2,0.74,低风险
0.76,0.22,否,0.58,0.76,1.62,初级,无,1次,28.46,40.65,0.04,是,是,0.5,高支模,4.86,0.71,0.39,0.9,0.58,1,0.69,中风险
0.45,0.24,否,0.61,0.72,7.48,初级,无,无,31.2,17.47,0.07,是,是,0.24,高支模,22.66,0.74,0.35,0.72,0.66,4,0.88,高风险
0.54,0.2,否,0.67,0.76,19.68,中级,无,1次,18.77,45.72,0.01,是,是,0.99,车辆,4.3,0.24,0.22,0.99,0.68,2,0.52,无风险
0.29,0.21,否,0.7,0.91,0.69,无证,≥2次,无,14.98,18.85,0.1,是,是,0.88,车辆,0.8,0.58,0,0.83,0.44,3,0.34,高风险
0.9,0.31,否,0.82,0.58,1.9,初级,无,无,25.71,21.45,0.54,是,是,0.57,高支模,9.88,0.4,0.22,0.87,0.67,3,0.42,高风险
0.36,0.16,否,0.82,0.66,2.59,中级,无,无,16.59,26.6,0.27,是,是,0.83,车辆,17.72,1,0,0.78,0.45,4,0.86,低风险
0.88,0.52,否,0.97,0.88,7.7,中级,无,1次,17.58,32.19,0.05,否,是,0.58,车辆,25.07,0.82,0.23,0.61,0.81,3,0.53,高风险
0.78,0.55,否,0.6,0.84,8.86,中级,1次,1次,11.61,29.73,0.12,是,是,0.36,塔吊,5.81,0.49,0.07,0.71,0.34,3,0.79,高风险
0.34,0.25,否,0.63,0.78,30.02,高级,无,无,9.66,36.09,0.17,是,是,0.31,塔吊,20.1,0.33,0.73,0.8,0.3,5,0.69,高风险
0.53,0.14,否,0.64,0.75,7.56,初级,1次,无,23.65,28.6,0.14,否,是,0.66,配电箱,0.65,0.64,0.58,0.71,0.44,3,0.59,极高风险
0.47,0.31,否,0.83,0.97,12.07,中级,无,无,21.27,53.75,0.4,是,是,0.65,塔吊,54.3,0.61,0,0.87,0.41,1,0.56,中风险
0.75,0.32,否,0.83,0.81,12.64,初级,无,1次,15.56,20.91,0.21,否,是,0.35,塔吊,72.19,0.67,0,0.87,0.56,1,0.84,极高风险
0.21,0.5,否,0.76,0.9,26.73,中级,无,无,18.17,14.06,0.03,是,是,0.61,配电箱,16.05,0.55,0.38,0.74,0.84,2,0.58,无风险
0.5,0.26,否,0.63,0.68,24.34,中级,1次,≥2次,11.01,43.29,0.22,是,是,0.74,高支模,4.64,0.57,0.35,0.9,0.62,1,0.6,高风险
0.22,0.3,否,0.63,0.88,19.31,中级,1次,无,21.03,24.49,0.05,是,是,0.54,高支模,0.33,0.75,0.06,0.74,0.31,2,0.27,低风险
0.39,0.29,否,0.66,0.68,3.43,高级,无,无,14.28,26.01,0.08,是,否,0.3,深基坑,3.1,0.05,0.03,0.78,0.66,2,0.67,高风险
0.53,0.19,否,0.73,0.87,13.37,高级,无,≥2次,20.61,29.87,0.1,是,是,0.3,配电箱,3.21,0.76,0.36,0.95,0.43,1,0.59,中风险
0.86,0.16,否,0.85,0.65,8.32,初级,无,无,19.02,20.19,0.22,是,是,0.26,配电箱,0.43,0.63,0.59,0.56,0.5,1,0.78,低风险
0.76,0.17,否,0.76,0.84,3.07,高级,≥2次,无,30.31,31.75,0.09,是,否,0.4,车辆,15.39,0.42,0,0.69,0.76,4,0.24,极高风险
0.65,0.52,否,0.73,0.77,20.7,高级,无,1次,42.47,31.46,0.58,是,是,0.78,塔吊,0.94,0.23,0.19,0.68,0.54,3,0.32,中风险
0.28,0.14,否,0.75,0.75,2.91,中级,无,≥2次,18,44.7,0.58,是,是,0.81,塔吊,73.73,0.62,0,0.35,0.44,8,0.34,极高风险
0.59,0.38,否,0.77,0.64,0.07,无证,无,1次,73.8,22.35,0.18,是,是,0.22,配电箱,25.58,0.58,0.05,0.76,0.68,3,0.66,极高风险
0.58,0.2,否,0.7,0.73,4.19,中级,无,无,15.15,13.58,0.16,是,是,0.52,塔吊,4.79,0.42,0.55,0.96,0.98,1,0.37,无风险
0.53,0.24,否,0.75,0.82,3.83,中级,1次,无,29.85,30.65,0.03,是,是,0.88,塔吊,0.2,0.79,0,0.55,0.63,3,0.55,无风险
0.63,0.15,否,0.59,0.98,5.24,初级,无,无,13.08,53.1,0.53,是,是,0.96,塔吊,3.61,1,0.76,0.64,0.28,0,0.21,高风险
0.58,0.29,否,0.75,0.71,1.62,中级,无,无,10.92,96.8,0.36,是,是,0.31,深基坑,8.87,0.74,0.22,0.81,0.38,4,0.34,极高风险
0.4,0.27,否,1,0.73,9.81,初级,无,无,21.94,40.9,0.51,是,是,0.72,配电箱,15.37,0.92,0.13,0.64,0.52,6,0.79,高风险
0.6,0.29,否,0.63,0.86,7.25,中级,无,≥2次,37.75,25.34,0.09,是,是,0.52,配电箱,20.74,0.65,0.24,0.78,0.57,2,0.85,高风险
0.24,0.92,否,0.49,0.78,12.77,中级,无,无,14.75,45.3,0,是,是,0.25,车辆,26.45,1,0.06,0.87,0.92,2,0.48,高风险
0.59,0.25,否,0.75,0.78,6.9,中级,1次,无,12.48,33.5,0.22,是,是,0.73,深基坑,18.83,0.64,0,0.72,0.62,2,0.36,低风险
0.68,0.8,否,0.76,0.96,6.23,初级,无,无,29.37,28.59,0.15,是,是,0.87,深基坑,24.09,0.82,0.03,0.92,0.77,2,0.51,高风险
0.92,0.4,否,0.77,0.79,1.13,初级,无,无,9.37,20.8,0.1,是,是,0.58,深基坑,5.44,0.43,0.48,0.78,0.43,3,0.59,中风险
0.81,0.16,否,0.69,0.72,31.65,中级,无,1次,19.16,12.3,0.17,是,是,0.69,配电箱,1.68,0.57,0.6,0.75,0.54,6,0.91,无风险
0.43,0.72,否,0.79,0.67,16.6,中级,无,1次,16.46,38.85,0.16,是,是,0.26,高支模,4.49,1,0.4,0.83,0.45,1,0.54,高风险
0.42,0.27,否,0.77,0.63,12.87,初级,1次,无,16.96,46.17,0.17,是,是,0.83,深基坑,8.08,0.18,0.32,0.91,0.61,1,0.52,高风险
0.13,0.28,是,0.67,0.86,15.99,初级,无,无,18.15,55.45,0.45,是,是,0.8,车辆,20.45,1,0,0.84,0.83,5,0.92,极高风险
0.7,0.79,否,0.9,0.67,10.69,初级,无,1次,48.17,26.7,0.01,是,是,0.37,高支模,1.61,1,0,0.74,0.5,6,0.3,中风险
0.81,0.47,否,0.64,0.75,29.59,中级,无,无,13.3,19.6,0.02,是,是,0.39,深基坑,2.37,0.69,0.13,0.94,0.84,2,0.84,无风险
0.52,0.52,否,0.8,0.85,8.34,初级,1次,无,10.79,13.37,0.13,是,否,0.46,深基坑,3.53,0.37,0.34,0.57,0.53,1,0.19,极高风险
0.53,0.5,否,0.66,0.87,8.62,高级,无,无,31.06,23.09,0.43,是,是,0.94,塔吊,17.35,0.75,0.23,0.77,0.9,6,0.26,低风险
0.7,0.2,否,0.62,0.82,10.34,中级,无,无,33.39,49.71,0.37,是,是,0.75,配电箱,2.28,0.79,0.51,0.9,0.49,1,0.48,低风险
0.72,0.2,否,0.89,0.9,7.9,高级,无,无,14.44,15.83,0.09,是,是,0.62,塔吊,0.18,0.66,0.34,0.8,0.86,0,0.38,无风险
0.9,0.24,否,0.66,0.78,21.52,中级,无,无,28.79,70.13,0.27,是,是,0.75,高支模,11.04,0.74,0.15,0.85,0.71,2,0.38,无风险
0.71,0.28,否,0.71,0.89,23.61,中级,无,无,35.22,22.54,0.11,是,是,0.17,高支模,2.87,0.44,0,1,0.28,4,0.43,高风险
0.5,0.16,否,0.6,0.81,6.3,高级,1次,无,33.53,15.99,0.57,是,是,0.83,配电箱,9.66,0.43,0.07,0.81,0.84,3,0.91,低风险
0.26,0.11,否,0.63,0.75,7.52,初级,无,无,49.68,20.1,0.05,是,是,0.27,车辆,5.15,0.36,0.3,0.94,0.5,1,0.5,中风险
0.84,0.48,否,0.9,0.85,16.62,中级,1次,≥2次,71.54,47.7,0.25,是,是,0.77,配电箱,28.03,0.76,0.27,0.77,0.96,2,0.83,中风险
0.39,0.27,否,0.72,0.86,1.7,中级,无,无,47.01,50.41,0.43,是,是,0.46,塔吊,56.92,0.58,0.17,0.98,0.35,3,0.86,极高风险
0.65,0.36,否,0.78,0.72,4.48,无证,无,1次,14.12,26.74,0.3,是,是,0.79,塔吊,84.62,0.85,0.71,0.95,0.37,1,0.66,极高风险
0.34,0.16,否,0.7,0.85,8.84,中级,无,≥2次,18.79,43.57,0.33,是,是,0.46,车辆,39.17,0.54,0.35,0.83,0.39,1,0.6,极高风险
0.85,0.38,否,0.68,0.86,2.64,中级,≥2次,无,14.06,39.13,0.29,是,是,0.83,塔吊,0.44,0.3,0,0.91,0.17,3,0.67,中风险
0.63,0.34,否,0.63,0.97,2.25,中级,无,1次,31.12,12.54,0.13,是,是,0.52,塔吊,3.67,0.54,0.28,0.9,0.85,2,0.5,低风险
0.56,0.35,否,0.64,0.64,11.06,初级,无,无,90.37,23.06,0.16,是,是,0.89,深基坑,24.85,0.51,0.15,0.79,0.63,2,0.52,低风险
0.8,0.43,否,0.71,0.72,2.26,初级,1次,无,32.99,13.79,0,是,是,0.14,深基坑,16.22,1,0.09,0.62,0.44,2,0.8,高风险
0.73,0.19,否,0.72,0.59,9.57,高级,1次,1次,18.25,21.65,0.13,是,是,0.45,高支模,5.04,0.55,0.12,0.9,0.71,1,0.89,高风险
0.73,0.32,否,0.81,0.86,12.01,中级,无,无,37.16,43.63,0.23,是,是,0.75,深基坑,15.66,0.7,0,0.81,0.33,4,0.67,无风险
0.61,0.18,否,0.59,0.65,5.98,初级,无,无,8.85,45.23,0.03,否,是,0.75,车辆,8.98,0.88,0.05,0.89,0.8,2,0.66,高风险
0.24,0.41,否,0.73,0.75,9.07,高级,无,≥2次,13.53,38.97,0.13,是,是,0.75,高支模,16.76,0.2,0.32,0.67,0.3,4,0.88,极高风险
0.27,0.55,否,0.61,0.83,10.37,高级,无,1次,15.15,23.04,0.36,否,是,0.09,配电箱,18.52,0.64,0.55,0.79,0.66,2,0.52,极高风险
0.4,0.19,否,0.83,0.66,31.38,高级,无,无,23.33,31.54,0.31,是,是,0.4,配电箱,35.29,1,0.11,0.87,0.55,1,0.81,无风险
0.72,0.23,否,0.77,0.86,22.71,中级,无,无,40.22,62.7,0.01,是,是,0.23,深基坑,12.97,1,0.68,0.85,0.39,1,0.65,低风险
0.63,0.81,否,0.74,0.63,4.67,初级,无,无,22.49,20.98,0.41,是,是,0.81,深基坑,0.99,0.63,0.28,0.71,0.74,1,0.85,高风险
0.37,0.34,否,0.55,0.56,0.66,无证,无,无,40.67,33.2,0.05,是,是,0.43,车辆,18.11,1,0.09,0.99,0.63,1,0.71,极高风险
0.7,0.14,否,0.82,0.85,21.86,无证,1次,无,21.21,35.15,0.12,是,是,0.77,车辆,20.46,0.67,0.19,0.87,0.38,2,0.33,高风险
0.21,0.26,否,0.79,0.84,9.9,高级,无,无,10.91,28.36,0.25,是,是,0.4,高支模,36.97,0.49,0.66,0.84,0.65,3,0.7,高风险
0.59,0.64,否,0.55,0.67,9.96,初级,无,无,20.08,25.17,0.29,是,是,0.79,塔吊,3.29,0.63,0.07,0.68,0.35,2,0.82,中风险
0.48,0.23,否,0.49,0.74,3.05,高级,无,无,33.11,27.3,0.37,否,是,0.95,高支模,23.01,0.83,0.82,0.76,0.33,5,0.4,极高风险
0.92,0.29,否,0.76,0.84,3.17,高级,1次,≥2次,21.75,28.07,0.83,是,是,0.86,配电箱,16.85,0.51,0,0.86,0.55,2,0.44,高风险
0.38,0.14,否,0.8,0.78,5.1,初级,无,无,21.8,42.92,0.37,是,是,0.88,车辆,14.53,0.25,0.42,0.88,0.73,6,0.53,极高风险
0.31,0.1,否,0.65,0.7,1.02,中级,1次,无,17.42,13.26,0.21,是,是,0.82,车辆,2.37,0.8,0,0.91,0.89,3,0.94,无风险
0.39,0.26,否,0.62,0.8,15.51,无证,无,1次,44.2,30.12,0.53,是,是,0.66,配电箱,11.06,0.75,0.36,0.71,0.15,2,0.67,极高风险
0.81,0.61,否,0.74,0.63,7.69,高级,无,1次,32.2,18.39,0.25,是,是,0.43,深基坑,13.02,0.47,0.22,0.72,0.74,1,0.72,低风险
0.82,0.16,否,0.88,0.65,14.09,中级,无,无,12.05,19.54,0.09,是,是,0.85,深基坑,1.45,0.47,0.29,0.87,0.79,7,0.9,无风险
0.93,0.65,否,0.75,0.69,1.98,无证,无,≥2次,12.04,36.37,0,是,是,0.31,配电箱,62.95,0.13,0.15,0.72,0.57,2,0.91,极高风险
0.75,0.42,否,0.72,0.82,3.15,高级,无,无,10.81,30.99,0.14,是,是,0.72,高支模,6.67,0.91,0.63,0.68,0.66,2,0.38,低风险
0.38,0.1,否,0.78,0.73,10.23,高级,无,无,29.49,46.94,0.2,是,是,0.32,车辆,28.43,0.59,0.23,0.94,0.5,3,0.66,中风险
0.85,0.62,否,0.6,0.76,8.33,高级,无,无,18.53,42.19,0.45,是,是,0.52,车辆,5.66,0.12,0.22,0.73,0.92,2,0.67,中风险
0.69,0.63,否,0.69,0.76,10.3,初级,无,1次,12.94,33.67,0.31,是,是,0.64,塔吊,11.57,0.78,0.78,0.89,0.3,3,0.13,极高风险
0.42,0.57,否,0.81,0.82,11.69,中级,无,≥2次,11.61,56.25,0.21,是,是,0.3,高支模,20.98,0.5,0.21,0.86,0.88,2,0.22,极高风险
0.87,0.52,否,0.79,0.78,13.09,中级,无,无,23.9,63.76,0.11,是,是,0.94,深基坑,11.27,0.48,0.17,0.88,0.45,1,0.58,无风险
0.89,0.29,否,0.95,0.8,8.21,中级,无,无,23.42,41.17,0.08,是,是,0.42,深基坑,28.61,0.7,0.87,0.8,0.54,6,0.26,高风险
0.71,0.11,否,0.66,0.93,16.07,中级,1次,1次,39.48,47.47,0.01,是,否,0.81,配电箱,21.43,0.62,0.4,0.57,0.82,0,0.37,极高风险
0.49,0.31,否,0.6,0.75,22.86,中级,1次,≥2次,8.93,32.17,0.6,是,是,0.81,高支模,4.77,1,0.24,0.63,0.51,5,0.91,高风险
0.77,0.28,否,0.75,0.88,0.96,中级,无,1次,12.87,43.08,0.11,是,是,0.44,配电箱,14.22,1,0.25,0.7,0.54,5,0.91,高风险
0.87,0.14,否,0.75,0.85,9.03,高级,1次,无,10.34,77.18,0.17,是,是,0.68,高支模,0.69,0.36,0.65,0.84,0.97,3,0.81,无风险
0.7,0.26,否,0.72,0.85,4.51,初级,无,无,31.83,82.89,0.17,是,是,0.81,车辆,39.45,0.71,0.04,0.81,0.21,1,0.53,高风险
0.41,0.15,否,0.55,0.8,12.66,初级,无,1次,55.82,23.34,0.24,是,是,0.88,深基坑,25.9,0.79,0,0.65,0.92,3,0.88,低风险
0.49,0.9,否,0.6,0.76,0.96,中级,无,无,25.46,54.04,0.14,是,是,0.66,塔吊,4.4,0.94,0.21,0.81,0.68,2,0.62,高风险
0.3,0.24,否,0.6,0.85,8.76,中级,无,≥2次,19.44,79.59,0.63,是,是,0.65,车辆,5.92,0.67,0,0.58,0.29,1,0.72,极高风险
0.59,0.42,否,0.81,0.9,5.97,高级,无,无,28.02,33.96,0.51,是,是,0.61,高支模,30.33,0.36,0.2,0.71,0.64,1,0.87,中风险
0.32,0.26,否,0.64,0.73,3.5,中级,1次,≥2次,22,14.52,0.06,是,是,0.55,深基坑,2.29,1,0.2,0.98,0.58,1,0.32,高风险
0.81,0.43,否,0.72,0.88,23.18,高级,无,无,18.98,44.49,0.18,是,是,0.62,车辆,1.07,0.73,0.14,0.51,0.3,3,0.26,无风险
0.77,0.2,否,0.66,0.75,20.54,中级,无,无,5.7,14.55,0.47,是,是,0.74,配电箱,15.33,0.53,0.6,0.96,0.78,2,0.77,低风险
0.41,0.23,否,0.74,0.8,6.77,初级,无,无,20.9,23.07,0.03,是,是,0.76,车辆,4.02,0.93,0.14,0.76,0.96,4,0.49,无风险
0.84,0.58,否,0.79,0.98,10.07,中级,无,1次,40.58,33.44,0.01,是,是,0.91,塔吊,11.22,0.34,0.58,0.75,0.88,2,0.14,低风险
0.24,0.37,否,0.87,0.67,20.11,中级,无,1次,16.41,15.93,0.04,是,是,0.93,塔吊,15.82,0.84,0.05,0.78,0.93,2,0.31,无风险
0.76,0.16,否,0.74,0.74,3.33,中级,无,1次,21.99,23.34,0.02,是,是,0.35,车辆,12.75,0.93,0.05,0.91,0.95,5,0.1,低风险
0.77,0.14,否,0.83,0.85,2.94,初级,1次,无,23.28,10.02,0.2,是,是,0.83,高支模,0.79,0.66,0.15,0.85,0.68,1,0.69,无风险
0.64,0.19,否,0.73,0.79,1.69,初级,无,无,41.31,33.3,0.13,是,是,0.74,配电箱,20.17,0.56,0.36,0.95,0.4,2,0.81,中风险
0.91,0.37,否,0.79,0.86,21.07,中级,≥2次,无,21.44,14.43,0.55,是,否,0.49,深基坑,4.68,1,0.17,0.82,0.81,3,0.69,高风险
0.67,0.28,否,0.57,0.65,1.34,高级,无,无,14.32,19.46,0.28,是,是,0.57,深基坑,3.05,0.48,0.16,0.66,0.85,2,0.14,低风险
0.09,0.29,否,0.53,0.88,6.16,高级,无,1次,34.79,38.18,0.18,是,是,0.86,车辆,0.17,0.74,0.64,0.88,0.76,2,0.61,高风险
0.52,0.16,否,0.7,0.87,37.98,无证,无,无,27.83,21.89,0.2,是,是,0.61,配电箱,1.45,0.4,0.11,0.86,0.72,1,0.65,高风险
0.76,0.5,否,0.62,0.75,7.17,初级,无,1次,20.62,16.41,0.11,是,是,0.35,配电箱,25.12,0.12,0,0.8,0.67,3,0.75,高风险
0.74,0.17,否,0.64,0.81,5.06,中级,无,≥2次,20.01,20.46,0.08,是,是,0.75,高支模,12.76,0.58,0.35,0.82,0.45,6,0.59,高风险
0.79,0.27,否,0.55,0.77,10.7,高级,无,≥2次,12.38,25.64,0.03,是,是,0.78,塔吊,13.67,0.16,0,0.68,0.67,2,0.68,低风险
0.88,0.63,否,0.84,0.56,3.92,中级,无,1次,20.91,80.05,0.02,是,是,0.26,塔吊,12.75,0.62,0.2,0.79,0.17,4,0.22,极高风险
0.52,0.14,否,0.7,0.76,2.26,中级,无,无,18.41,28.01,0.41,是,是,0.98,配电箱,41.49,1,0.16,0.73,0.8,2,0.75,无风险
0.91,0.54,否,0.61,0.81,20.57,初级,无,≥2次,12.58,33.25,0.3,是,是,0.82,车辆,9.54,0.75,0.17,0.61,0.87,3,0.84,中风险
0.28,0.8,否,0.68,0.84,8.58,初级,无,无,13.5,17.18,0.2,是,是,0.22,高支模,5.25,0.55,0.12,0.7,0.55,1,0.76,高风险
0.93,0.61,否,0.9,0.79,6.53,高级,无,无,29.34,59.93,0.13,是,是,0.31,车辆,2.42,0.5,0.38,0.45,0.25,3,0.48,高风险
0.79,0.37,否,0.83,0.83,10.84,无证,无,1次,15.66,25.2,0.38,是,是,0.71,配电箱,18.4,0.74,0,0.93,0.81,4,0.61,高风险
0.78,0.18,否,0.72,0.72,6.86,中级,无,1次,20.51,47.73,0.25,是,是,0.42,深基坑,7.59,0.83,0.35,0.41,0.72,1,0.64,中风险
0.23,0.31,否,0.58,0.68,6,初级,无,无,11.25,30.15,0.03,是,否,0.34,深基坑,9.31,0.68,0.29,0.81,0.85,2,0.47,极高风险
0.51,0.16,否,0.59,0.87,5.56,中级,无,无,13.69,20.91,0.18,是,否,0.67,塔吊,0.66,0.55,0.06,0.75,0.82,2,0.79,高风险
0.29,0.11,否,0.82,0.82,1.26,初级,无,1次,30.48,26.85,0.31,是,是,0.2,车辆,2.93,0.87,0,0.79,0.94,2,0.58,高风险
0.14,0.16,否,0.68,0.72,18.44,中级,1次,无,13.67,61,0.52,是,是,0.07,深基坑,14.42,0.65,0.24,0.82,0.83,3,0.68,极高风险
0.72,0.31,否,0.74,0.76,20.12,中级,≥2次,无,19.37,24.51,0.62,是,是,0.53,配电箱,14.7,0.97,0.71,0.73,0.76,1,0.24,极高风险
0.61,0.22,否,0.66,0.81,3.3,无证,无,1次,13.81,7.84,0.06,是,是,0.9,配电箱,8.07,0.65,0.29,0.86,0.68,4,0.85,高风险
0.51,0.2,否,0.6,0.77,7.86,初级,1次,≥2次,29.19,37.64,0.74,是,是,0.79,塔吊,21.61,1,0.57,0.89,0.82,6,0.59,极高风险
0.67,0.11,否,0.58,0.84,15.02,中级,无,1次,36.52,12.27,0.04,是,是,0.4,车辆,8.47,0.3,0.58,0.76,0.67,8,0.61,高风险
0.84,0.91,否,0.6,0.81,15.55,中级,无,1次,17.18,83.95,0.17,是,是,0.92,塔吊,16.81,0.64,0.4,0.61,0.71,3,0.8,高风险
0.92,0.18,否,0.64,0.61,5.03,高级,无,无,35.98,24.12,0.36,是,否,0.81,塔吊,27.01,1,0.51,0.91,0.74,2,0.61,高风险
0.92,0.33,否,0.61,0.64,24.66,初级,无,无,19.23,7.47,0.04,是,是,0.31,车辆,1.55,0.69,0,0.62,0.25,0,0.79,无风险
0.57,0.24,否,0.73,0.64,10.58,初级,无,无,18.8,62.76,0.03,是,是,0.93,高支模,21.44,0.63,0.21,0.89,0.84,3,0.84,低风险
0.25,0.81,否,0.66,0.66,14.75,无证,1次,1次,21.81,23.43,0.38,是,是,0.67,配电箱,34.2,0.77,0.31,0.66,0.44,2,0.6,极高风险
0.65,0.29,否,0.82,0.93,5.58,初级,无,无,21.8,10.73,0.37,是,是,0.57,车辆,25.67,1,0.22,0.94,0.49,1,0.39,中风险
0.65,0.22,否,0.79,0.83,11.13,初级,无,无,33.31,25.93,0.34,是,是,0.39,车辆,46.66,0.43,0.04,0.87,0.85,1,0.59,低风险
0.22,0.25,否,0.77,0.9,17.51,中级,无,无,15.59,33.38,0.41,是,是,0.4,高支模,27.96,0.42,0.78,0.78,0.62,4,0.68,极高风险
0.76,0.12,否,0.7,0.94,3.92,中级,无,无,26.78,9.89,0.39,是,是,0.66,高支模,14.16,0.55,0,0.95,0.72,5,0.71,无风险
0.64,0.58,否,0.68,0.81,6.06,初级,无,1次,12.3,23.58,0.12,是,是,0.56,配电箱,32.9,1,0.37,0.84,0.83,2,0.61,高风险
0.71,0.49,否,0.7,0.72,23.31,初级,无,无,23.97,103.41,0.16,是,是,0.93,深基坑,52.14,1,0.31,0.85,0.36,6,0.66,高风险
0.42,0.3,否,0.62,0.66,4.84,高级,无,1次,30.83,36.49,0.13,是,是,0.45,深基坑,4.17,1,0.67,0.88,0.85,0,0.08,高风险
0.75,0.32,否,0.83,0.56,1.96,中级,无,无,15.05,87.38,0.47,是,否,0.93,塔吊,20.57,1,0.18,0.77,0.57,4,0.35,极高风险
0.28,0.06,否,0.7,0.74,2.54,高级,无,无,20.04,23.15,0.35,是,是,0.62,塔吊,22.2,0.22,0.8,0.78,0.9,0,0.73,中风险
0.29,0.51,否,0.77,0.73,5.76,高级,1次,无,16.48,12.75,0.52,是,是,0.62,车辆,0.5,0.44,0.23,0.7,0.19,0,0.55,高风险
0.77,0.14,否,0.8,0.7,1.16,中级,无,无,14.75,15.77,0.31,是,是,0.81,高支模,10.35,0.46,0.14,0.66,0.8,5,0.86,无风险
0.75,0.36,否,0.65,0.9,11.48,初级,1次,无,14.26,15.36,0.46,是,是,0.8,车辆,4.61,0.53,0.05,0.59,0.38,1,0.86,低风险
0.72,0.28,否,0.69,0.76,13.2,中级,1次,1次,10.98,21.53,0.02,是,是,0.41,塔吊,0.18,0.15,0,0.47,0.78,0,0.71,低风险
0.8,0.51,否,0.82,0.61,15.27,高级,无,1次,14.48,14.69,0.26,是,是,0.94,车辆,4.46,0.57,0.39,0.85,0.1,2,0.27,低风险
0.78,0.56,否,0.91,0.73,5.53,高级,无,无,8.14,14.56,0.2,是,是,0.9,车辆,1.36,0.91,0.04,0.82,0.28,2,0.61,无风险
0.92,0.96,否,0.63,0.68,5.11,高级,无,1次,12.79,18.58,0.16,是,是,0.55,高支模,1.75,0.05,0,0.83,0.53,2,0.79,高风险
0.1,0.14,否,0.57,0.79,4.99,中级,无,无,36.51,92.17,0.01,是,是,0.95,配电箱,32.09,0.88,0,0.79,0.52,0,0.46,高风险
0.7,0.25,否,0.69,0.63,10.75,无证,无,无,26.24,33.86,0.03,是,是,0.75,深基坑,25.13,0.82,0.52,0.81,0.13,3,0.3,极高风险
0.42,0.23,否,0.71,0.73,13.16,无证,无,无,12.64,31.3,0.08,是,否,0.7,高支模,3.83,0.8,0.3,0.92,0.65,3,0.61,极高风险
0.52,0.12,否,0.73,0.72,10.99,中级,1次,无,13.13,24.79,0.02,是,是,0.41,深基坑,6.84,1,0,0.94,0.83,5,0.49,无风险
0.81,0.47,否,0.72,0.66,0.05,高级,无,无,11.26,32.73,0.19,是,是,0.57,高支模,24.84,0.33,0.31,0.57,0.49,4,0.51,高风险
0.74,0.41,否,0.57,0.76,5.43,初级,无,无,17.66,22.14,0.43,是,是,0.58,高支模,28.31,0.89,0.08,0.92,0.76,3,0.66,中风险
0.55,0.22,否,0.6,0.9,13.01,高级,无,无,10.64,25.25,0.26,是,是,0.25,车辆,1.83,1,0.33,0.83,0.46,0,0.44,无风险
0.81,0.31,否,0.72,0.83,4.98,中级,无,1次,19.89,18.07,0.05,是,是,0.53,车辆,0.08,1,0.45,0.78,0.65,4,0.53,无风险
0.08,0.31,否,0.52,0.98,1.26,中级,无,1次,10.1,39.55,0.51,是,是,0.28,配电箱,0.37,0.68,0.15,0.8,0.49,2,0.86,高风险
0.22,0.34,否,0.52,0.74,5.11,无证,无,1次,16.32,17.44,0.22,是,是,0.62,车辆,7.54,1,0.35,0.92,0.8,4,0.63,高风险
0.71,0.84,否,0.8,0.91,20.52,中级,无,1次,17.14,17.65,0.46,是,是,0.73,深基坑,22.06,0.38,0.22,0.7,0.56,5,0.87,高风险
0.28,0.33,否,0.54,0.64,0.68,中级,无,无,15.54,65.61,0.46,是,是,0.46,高支模,39.39,1,0.44,0.88,0.58,0,0.92,极高风险
0.18,0.3,否,0.69,0.79,0.2,初级,无,无,37.6,15.73,0.01,是,是,0.76,车辆,1.48,0.6,0.07,0.62,0.54,2,0.74,高风险
0.71,0.57,否,0.68,0.71,3.26,中级,无,无,19.75,23.09,0.08,是,是,0.27,车辆,24.85,1,0.58,0.92,0.74,4,0.64,高风险
0.67,0.63,否,0.64,0.72,0.4,高级,无,无,14.15,29.58,0.09,是,是,0.62,配电箱,24.64,0.49,0.33,0.89,0.71,5,0.66,中风险
0.75,0.3,否,0.66,0.78,7.25,初级,无,≥2次,8.21,23.24,0.02,是,是,0.86,车辆,1.07,0.98,0.17,0.96,0.5,4,0.73,低风险
0.83,0.17,否,0.7,0.77,31.63,初级,无,无,46.36,21.07,0.27,是,是,0.98,配电箱,23.72,0.77,0,0.91,0.92,2,0.71,无风险
0.92,0.66,否,0.65,0.75,10.16,中级,1次,无,31.09,16.84,0.17,是,是,0.73,塔吊,10.37,1,0.47,0.88,0.57,6,0.33,中风险
0.74,0.29,否,0.77,0.9,12.95,中级,1次,无,12.9,11.65,0.23,否,是,0.78,高支模,60.52,1,0.29,0.92,0.8,4,0.53,高风险
0.56,0.54,否,0.73,0.75,0.11,中级,无,1次,11.69,42.27,0.01,是,是,0.02,塔吊,17.8,0.51,0.55,0.86,0.46,2,0.63,极高风险
0.44,0.26,否,0.8,0.81,25.49,高级,无,无,14.16,17.38,0.22,是,是,0.67,高支模,3.8,1,0.12,0.95,0.46,8,0.4,无风险
0.8,0.41,否,0.81,0.77,0.44,高级,无,无,21.22,38.19,0.34,否,是,0.36,深基坑,38,0.71,0,0.83,0.38,0,0.58,极高风险
0.26,0.14,否,0.71,0.76,9.03,中级,无,无,21.03,23.92,0.33,是,是,0.62,车辆,14.86,0.31,0.32,0.75,0.87,10,0.73,高风险
0.91,0.57,否,0.73,0.86,4.31,高级,无,无,32.1,45.8,0.17,是,是,0.82,塔吊,27.45,0.64,0.73,0.73,0.72,1,0.3,低风险
0.63,0.24,否,0.7,0.67,15.93,中级,1次,无,38.31,21.84,0.33,是,是,0.6,车辆,17.06,1,0.31,0.72,0.62,2,0.67,中风险
0.25,0.08,否,0.72,0.81,11.69,中级,1次,≥2次,28.71,31.87,0.08,是,是,0.91,配电箱,13.4,0.6,0.22,0.89,0.16,3,0.59,极高风险
0.44,0.48,否,0.64,0.95,2.59,中级,无,无,13.86,12.52,0.47,是,是,0.84,车辆,24.96,0.84,0,0.66,0.47,6,0.87,中风险
0.91,0.4,否,0.74,0.73,3.15,中级,无,无,23.39,17.21,0.22,是,是,0.55,深基坑,17.62,1,0.12,0.96,0.5,1,0.48,无风险
0.65,0.64,否,0.74,0.91,6.89,中级,无,1次,21.52,40.55,0.4,否,是,0.71,配电箱,2.07,0.63,0,0.87,0.59,3,0.44,高风险
0.74,0.42,否,0.53,0.71,10.85,初级,无,无,6.03,13.41,0.06,是,是,0.64,车辆,24.73,0.43,0,0.8,0.69,1,0.6,低风险
0.77,0.4,否,0.76,0.77,0.42,无证,无,无,12.84,55.53,0.37,是,是,0.4,车辆,21.55,0.72,0,0.77,0.4,3,0.49,极高风险
0.74,0.16,否,0.62,0.75,2.26,初级,无,无,32.71,21.97,0.36,是,是,0.6,塔吊,12,0.83,0.08,0.83,0.95,5,0.52,无风险
0.47,0.11,否,0.74,0.77,2.43,中级,无,1次,14.43,14.66,0.05,是,是,0.25,深基坑,2.18,1,0,0.89,0.41,4,0.45,无风险
0.72,0.28,否,0.58,0.81,30.08,高级,无,1次,17.27,47.1,0.44,是,是,0.35,车辆,11.67,0.84,0.34,0.61,0.12,1,0.71,高风险
0.94,0.14,否,0.61,0.79,4.57,高级,无,无,10.49,30.79,0.07,是,是,0.8,车辆,7.94,1,0.39,0.75,0.39,4,0.23,无风险
0.74,0.33,否,0.69,0.92,2.97,中级,无,1次,26.3,18.52,0.08,是,是,0.76,配电箱,54.82,1,0.49,0.82,0.86,3,0.24,低风险
0.83,0.23,否,0.63,0.68,0.91,中级,无,无,45.22,22.13,0.15,是,是,0.61,配电箱,3.49,0.86,0.16,0.92,0.67,4,0.44,无风险
0.83,0.39,否,0.75,0.82,11.06,中级,1次,无,32.74,26.98,0.26,是,是,0.55,深基坑,22.45,0.6,0.59,0.47,0.3,4,0.5,极高风险
0.8,0.9,否,0.81,0.62,7.99,中级,无,1次,7.34,31.04,0.01,否,是,0.57,塔吊,12.01,1,0.05,0.94,0.57,4,0.68,极高风险
0.62,0.19,否,0.68,0.7,27.96,中级,无,≥2次,33.95,30.89,0.07,是,是,0.64,车辆,28.79,0.38,0.92,0.75,0.83,1,0.17,极高风险
0.82,0.48,否,0.74,0.99,2.73,中级,无,无,14.16,42.5,0.17,是,是,0.76,高支模,4.39,0.83,0.23,0.82,0.15,1,0.83,低风险
0.27,0.12,否,0.73,0.86,0.23,初级,无,无,13.04,7.55,0.14,是,是,0.66,配电箱,3.76,1,0.19,0.9,0.52,5,0.83,低风险
0.6,0.29,否,0.88,0.73,1.17,初级,1次,1次,32.9,25.9,0.13,是,是,0.55,塔吊,17.25,0.9,0.6,0.83,0.73,1,0.85,高风险
0.41,0.2,否,0.71,0.89,3.32,高级,无,无,26.65,57.99,0.12,否,是,0.81,车辆,9.82,0.52,0.15,0.84,0.94,2,0.75,高风险
0.74,0.21,否,0.72,0.79,6.64,高级,无,无,15.92,34.92,0.01,是,是,0.59,塔吊,20.5,0.84,0.06,0.45,0.53,3,0.31,无风险
0.63,0.37,否,0.82,0.78,37.66,中级,无,1次,13.15,30.1,0.13,是,否,0.45,配电箱,22.28,1,0.33,0.88,0.66,2,0.39,高风险
0.42,0.35,是,0.73,0.83,11.19,初级,无,无,12.56,20.62,0.34,是,是,0.53,塔吊,24.19,0.77,0.08,0.43,0.89,1,0.7,高风险
0.61,0.09,否,0.74,0.79,4.08,初级,无,无,23.12,21.16,0.13,是,否,0.64,车辆,14.62,1,0.14,0.6,0.31,4,0.34,极高风险
0.84,0.33,否,0.86,0.96,9.41,中级,无,无,20.7,14.81,0.07,是,是,0.73,高支模,17.86,0.58,0.33,0.9,0.59,2,0.38,无风险
0.62,0.36,否,0.66,0.82,0.79,初级,无,无,35.14,49.53,0.87,是,是,0.9,深基坑,3.57,1,0.22,0.84,0.35,2,0.8,中风险
0.56,0.24,否,0.54,0.7,5.24,初级,无,无,23.65,42.3,0.24,是,是,0.86,深基坑,16.46,1,0.36,0.74,0.4,5,0.61,高风险
0.65,0.55,是,0.72,0.75,4.39,高级,无,1次,22.99,25.33,0.5,是,是,0.64,高支模,15.06,1,0.22,0.68,0.5,1,0.68,极高风险
0.98,0.16,否,0.61,0.88,6.53,无证,无,无,11.47,33.04,0.19,是,是,0.24,车辆,74.71,0.54,0.71,0.94,0.41,5,0.79,极高风险
0.2,0.65,否,0.79,0.8,13.74,中级,无,无,18.17,35.53,0.16,是,是,0.73,深基坑,53.94,1,0,0.85,0.62,4,0.23,中风险
0.22,0.89,否,0.76,0.89,7.57,中级,无,1次,34.31,45.68,0.26,是,否,0.65,高支模,3.06,1,0.34,0.91,0.24,4,0.56,极高风险
0.67,0.27,否,0.68,0.84,2.45,初级,无,1次,28.67,70.06,0.28,否,是,0.78,配电箱,23.27,1,0,0.59,0.49,5,0.81,极高风险
0.53,0.22,否,0.6,0.78,22.01,无证,无,无,18,14.16,0.39,否,是,0.81,深基坑,14.74,0.43,0.9,0.79,0.75,4,0.56,极高风险
0.75,0.1,否,0.91,0.7,7.36,中级,无,无,15.21,48.4,0.03,是,是,0.77,配电箱,34.19,0.57,0.71,0.64,0.65,3,0.79,低风险
0.4,0.18,否,0.56,0.78,0.66,中级,无,无,15.91,34.56,0.59,是,是,0.55,深基坑,12.53,0.72,0.12,0.78,0.29,1,0.61,高风险
0.26,0.22,是,0.68,0.73,0.42,中级,无,无,17.2,31.42,0.6,否,是,0.72,深基坑,23.02,0.74,0.1,0.81,0.24,2,0.53,极高风险
0.34,0.45,否,0.85,0.75,11.42,中级,无,无,18.69,24.34,0.09,是,是,0.78,车辆,0.2,0.89,0.07,0.91,0.11,1,0.24,无风险
0.79,0.33,否,0.87,0.69,0.38,中级,无,1次,14.89,35.24,0.12,是,是,0.61,高支模,26.96,0.29,0.62,0.69,0.99,2,0.56,高风险
0.58,0.07,否,0.8,0.86,11.98,初级,1次,1次,26.33,17.79,0.68,是,是,0.98,深基坑,21.37,0.72,0.05,0.82,0.31,3,0.89,中风险
0.84,0.24,否,0.64,0.93,17.9,中级,无,无,50.93,6.55,0.12,是,是,0.74,高支模,26.2,0.84,0.07,0.79,0.32,3,0.15,无风险
0.61,0.41,否,0.57,0.85,9.9,初级,无,无,20.32,14.96,0.33,是,是,0.64,高支模,15.9,0.34,0.11,0.77,0.28,4,0.61,高风险
0.63,0.6,是,0.87,0.91,5.35,中级,1次,1次,28.39,39.76,0.23,是,是,0.73,高支模,26.5,0.53,0.66,0.65,0.89,4,0.87,极高风险
0.35,0.1,否,0.62,0.82,0.5,初级,无,无,20.68,39.7,0.7,是,是,0.77,深基坑,33.13,0.59,0.16,0.81,0.87,1,0.79,高风险
0.78,0.87,否,0.62,0.83,18.46,无证,无,无,21.26,40.08,0.26,是,是,0.8,高支模,18.59,1,0.35,0.9,0.14,0,0.67,极高风险
0.74,0.79,否,0.76,0.97,2.22,初级,无,无,24.87,47.05,0.06,是,是,0.85,车辆,30.17,0.61,0,0.96,0.42,9,0.62,高风险
0.89,0.28,否,0.65,0.76,17.38,初级,1次,1次,15.37,18.74,0.15,是,是,0.59,深基坑,0.78,0.63,0.06,0.64,0.56,6,0.22,中风险
0.8,0.42,否,0.68,0.66,14.01,中级,无,无,18.9,44.75,0.55,是,是,0.15,深基坑,16.59,0.78,0.13,0.88,0.47,3,0.44,高风险
0.23,0.6,否,0.66,0.74,2.9,中级,无,1次,37.34,16.72,0.06,是,是,0.09,塔吊,12.48,0.55,0.68,0.96,0.7,1,0.58,极高风险
0.59,0.37,否,0.67,0.9,2.33,中级,无,无,44.91,35.22,0.26,是,是,0.43,车辆,24.62,0.91,0.03,0.63,0.88,0,0.41,低风险
0.7,0.37,否,0.77,0.7,3.33,中级,1次,无,13.53,63.23,0.63,是,是,0.62,深基坑,21.93,0.89,0.21,0.7,0.66,1,0.48,极高风险
0.26,0.4,否,0.61,0.69,8.85,中级,无,1次,10.53,8.59,0.04,是,是,0.65,高支模,22.82,0.86,0.11,0.82,0.68,1,0.9,低风险
0.48,0.4,否,0.73,0.83,5.86,中级,无,1次,23.83,56.43,0.36,是,是,0.98,深基坑,4.08,1,0.12,0.82,0.52,6,0.74,中风险
0.64,0.18,否,0.79,0.68,32.65,高级,无,1次,22.95,53.4,0.17,是,是,0.84,配电箱,68.43,0.81,0,0.99,0.82,3,0.56,无风险
0.83,0.29,否,0.57,0.79,7.94,高级,1次,无,31.07,51.59,0.25,是,是,0.34,深基坑,11.67,0.58,0.04,0.94,0.65,3,0.43,低风险
0.66,0.33,否,0.72,0.9,8.34,中级,1次,无,42.09,49.29,0.16,是,是,0.78,高支模,0.44,0.4,0.02,0.76,0.36,6,0.38,中风险
0.5,0.4,否,0.69,0.91,8.21,初级,无,无,17.34,55.93,0,是,是,0.7,高支模,39.6,1,0.05,0.83,0.64,5,0.41,中风险
0.88,0.66,否,0.74,0.83,10.34,中级,无,≥2次,18.18,25.46,0.4,是,是,0.87,深基坑,9.97,0.79,0.13,0.64,0.21,5,0.86,高风险
0.68,0.37,否,0.57,0.86,2.87,中级,无,无,48.61,64.15,0.11,是,是,0.64,深基坑,18.82,1,0.11,0.76,0.34,2,0.46,中风险
0.74,0.44,是,0.73,0.71,9.97,中级,无,1次,22.03,52.75,0.5,是,是,0.28,塔吊,20.82,0.83,0.45,0.62,0.5,4,0.72,极高风险
0.14,0.22,否,0.69,0.72,1.52,高级,无,无,17.92,32.27,0.34,是,是,0.5,配电箱,1.19,0.82,0.4,0.85,0.39,1,0.7,高风险
0.63,0.48,否,0.82,0.64,24.05,初级,无,1次,9.23,28.48,0.22,是,是,0.86,深基坑,0.78,0.46,0.33,0.87,0.83,1,0.88,无风险
0.86,0.13,是,0.59,0.83,22.57,初级,无,无,29.88,89.59,0.54,否,是,0.3,深基坑,16.4,0.62,0.39,0.91,0.65,3,0.36,极高风险
0.74,0.61,否,0.87,0.73,2.7,初级,无,无,8.41,15.88,0.21,是,是,0.85,深基坑,26.77,1,0.82,0.9,0.35,1,0.71,高风险
0.74,0.45,否,0.78,0.63,16.68,无证,无,≥2次,24.34,15.92,0.03,是,是,0.89,配电箱,3.19,0.6,0.17,0.88,0.49,4,0.28,高风险
0.67,0.55,否,0.75,0.82,14.51,中级,无,无,18.19,28.09,0.23,是,是,0.82,深基坑,2.67,0.41,0,0.9,0.64,2,0.44,无风险
0.54,0.34,否,0.78,0.86,1.19,初级,无,无,25.05,12.41,0.04,是,是,0.92,车辆,21.02,0.91,0.45,0.8,0.67,2,0.75,低风险
0.54,0.35,否,0.71,0.86,8.69,初级,无,无,21.26,25.27,0.05,否,是,0.65,深基坑,23.44,0.51,0.41,0.88,0.71,4,0.81,极高风险
0.31,0.36,否,0.63,0.61,9.3,无证,无,≥2次,19.49,26.7,0.39,是,否,0.39,深基坑,15.74,0.35,0.06,0.93,0.74,4,0.7,极高风险
0.22,0.18,否,0.77,0.73,14.44,高级,无,1次,16.73,31.82,0.3,是,是,0.68,深基坑,14.2,0.9,0,0.96,0.9,4,0.32,无风险
0.48,0.26,否,0.62,0.8,25.02,初级,无,无,30.8,27.68,0.48,是,是,0.42,车辆,2.27,1,0.18,0.9,0.59,3,0.92,无风险
0.83,0.31,否,0.75,0.83,0.79,初级,1次,无,19.43,30.14,0.49,是,是,0.24,高支模,0.31,1,0.14,0.89,0.14,2,0.26,高风险
0.81,0.67,否,0.76,0.62,18.57,初级,无,1次,12.78,21.7,0.05,是,是,0.54,深基坑,22.05,1,0.16,0.81,0.15,2,0.89,中风险
0.55,0.16,否,0.6,0.84,1.35,高级,无,无,8.86,20.69,0.08,是,是,0.73,塔吊,2.68,0.87,0.18,0.83,0.47,2,0.38,无风险
0.35,0.2,否,0.54,0.75,1.15,高级,无,无,20.71,13.61,0.08,是,是,0.67,高支模,2.25,0.75,0.24,0.67,0.89,2,0.89,无风险
0.8,0.25,否,0.83,0.92,30.49,高级,无,无,32.44,22.86,0.07,是,是,0.14,高支模,3.23,0.54,0.16,0.87,0.66,4,0.61,高风险
0.48,0.61,否,0.76,0.82,25.41,中级,无,1次,11.25,34.95,0.38,是,是,0.99,车辆,1.12,1,0,0.74,0.58,2,0.5,无风险
0.38,0.2,否,0.71,0.82,3.63,中级,无,无,14.22,43.58,0.14,是,是,0.37,车辆,92.55,0.93,0,0.91,0.43,4,0.78,中风险
0.26,0.56,否,0.66,0.97,0.21,中级,无,无,19.9,53.98,0.8,否,是,0.92,深基坑,27.96,0.56,0.12,0.91,0.73,0,0.75,极高风险
0.19,0.08,否,0.65,0.87,13.89,中级,1次,无,36.1,21.66,0.13,是,是,0.15,车辆,32.24,0.67,0,0.73,0.34,6,0.98,极高风险
0.8,0.3,否,0.86,0.68,6.22,初级,无,无,20,30.77,0.49,是,是,0.79,车辆,14.42,0.66,0.64,0.54,0.74,3,0.77,高风险
0.26,0.45,否,0.7,0.81,5.41,高级,1次,无,9.44,32.81,0.35,否,是,0.84,深基坑,31.1,0.49,0.17,0.84,0.83,4,0.43,极高风险
0.2,0.49,否,0.7,0.87,1.33,中级,无,无,43.34,44.42,0.68,是,是,0.69,塔吊,8.58,1,0,0.88,0.65,1,0.51,低风险
0.62,0.58,否,0.88,0.99,37.76,高级,1次,1次,20.14,66.57,0.35,是,是,0.94,配电箱,10.12,0.68,0.04,0.74,0.61,3,0.86,低风险
0.48,0.31,否,0.85,0.71,14.01,初级,无,≥2次,19.33,12.73,0.07,是,是,0.5,深基坑,0.16,1,0.08,0.91,0.67,2,0.93,无风险
0.72,0.39,否,0.57,0.79,6.37,初级,无,无,22.32,25.67,0.6,是,是,0.33,高支模,18.26,0.38,0.51,0.95,0.85,4,0.54,极高风险
0.65,0.32,否,0.64,0.72,5.34,初级,无,无,20.27,36.12,0.1,是,是,0.4,高支模,2.35,0.2,0.03,0.72,0.37,2,0.71,中风险
0.85,0.5,否,0.79,0.7,3.53,高级,1次,无,22.73,51.84,0.32,是,是,0.45,高支模,12.75,1,0.53,0.88,0.41,3,0.68,高风险
0.74,0.36,否,0.74,0.81,24.77,初级,无,无,46.71,35.02,0.24,是,是,0.2,配电箱,35.27,0.61,0.67,0.71,0.31,1,0.32,极高风险
0.82,0.34,否,0.76,0.84,7.17,中级,无,无,15.2,7.44,0.06,是,是,0.66,深基坑,14.24,1,0.16,0.92,0.59,3,0.8,无风险
0.83,0.38,否,0.85,0.82,5.27,中级,无,无,11.11,16.2,0,是,是,0.87,车辆,24.12,1,0,0.9,0.77,2,0.58,无风险
0.95,0.4,否,0.8,0.7,4.49,初级,无,无,27.57,32.26,0.13,是,是,0.69,塔吊,17.68,0.57,0.18,0.84,0.35,2,0.53,低风险
0.25,0.08,否,0.61,0.87,3.63,中级,无,无,16.7,14.71,0.56,是,是,0.25,塔吊,13.52,0.26,0.65,0.89,0.71,7,0.26,极高风险
0.55,0.1,否,0.81,0.79,17.79,中级,无,≥2次,16.78,85.93,0.39,是,是,0.74,深基坑,71.78,1,0.05,0.92,0.61,2,0.6,高风险
0.74,0.14,否,0.81,0.84,23.62,中级,无,无,16.32,50.77,0.59,是,是,0.26,深基坑,18.6,0.81,0,0.85,0.76,0,0.8,无风险
0.62,0.12,否,0.81,0.77,1.62,中级,无,1次,15.09,39.59,0.55,是,是,0.61,塔吊,25.55,0.82,0,0.72,0.88,4,0.37,低风险
0.39,0.08,是,0.54,0.89,0.31,初级,无,无,18.93,30.13,0.18,是,是,0.7,高支模,21.34,0.79,0.59,0.85,0.85,4,0.21,极高风险
0.23,0.29,否,0.76,0.96,4.6,高级,1次,无,7.37,43.87,0.48,是,是,0.77,配电箱,19.87,0.88,0.46,0.56,0.49,4,0.58,极高风险
0.31,0.23,否,0.6,0.82,12.75,高级,无,无,50.6,20.29,0.26,是,是,0.63,塔吊,29.16,1,0.44,0.85,0.53,3,0.74,低风险
0.75,0.24,否,0.49,0.79,23.72,高级,1次,无,31.42,48.74,0.48,是,是,0.38,塔吊,0.51,0.9,0,0.87,0.42,3,0.6,低风险
0.41,0.23,否,0.74,0.81,22.68,初级,无,无,29.11,94.1,0.54,是,是,0.82,塔吊,24.8,0.8,0,0.79,0.56,3,0.8,低风险
0.92,0.18,否,0.83,0.81,4.29,中级,无,无,6,39.56,0.1,是,是,0.63,深基坑,1.66,1,0,0.86,0.63,3,0.46,无风险
0.55,0.12,否,0.57,0.61,2.56,高级,无,无,11.51,49.31,0.02,是,是,0.38,高支模,3.71,0.18,0.14,0.67,0.81,4,0.45,中风险
0.81,0.46,否,0.69,0.87,15.02,高级,无,无,18.13,15.29,0.06,是,是,0.73,高支模,11.67,0.77,0.06,0.92,0.84,5,0.45,无风险
0.32,0.37,否,0.6,0.83,9.62,中级,无,1次,43.12,46.71,0.31,是,是,0.76,配电箱,17.46,0.64,0.45,0.86,0.89,7,0.24,极高风险
0.76,0.86,否,0.84,0.79,15.58,中级,无,无,5.76,17.16,0.14,是,是,0.26,深基坑,0.13,0.6,0,0.65,0.9,2,0.59,高风险
0.95,0.18,否,0.52,0.91,12.89,高级,无,1次,19.3,22.98,0.45,否,是,0.77,配电箱,39.74,0.81,0.24,0.84,0.73,0,0.71,高风险
0.66,0.44,否,0.47,0.67,0.68,初级,无,1次,32.29,36.34,0.29,是,否,0.25,车辆,14.95,0.87,0,0.92,0.09,6,0.71,极高风险
0.92,0.28,否,0.81,0.8,2.55,初级,无,≥2次,23.54,15.05,0.08,是,是,0.86,配电箱,1.23,0.8,0.36,0.73,0.67,5,0.74,低风险
0.54,0.29,否,0.68,0.78,0.36,高级,1次,1次,10.66,84.26,0.16,是,是,0.68,配电箱,15.53,0.57,0.12,0.72,0.88,1,0.98,中风险
0.28,0.42,否,0.84,0.64,6.72,中级,无,1次,11.84,32.28,0.46,是,是,0.87,车辆,4.07,1,0.38,0.78,0.69,3,0.81,中风险
0.41,0.32,否,0.57,0.82,6.25,高级,无,无,28.89,31.19,0.06,是,是,0.7,车辆,6.44,0.84,0.47,0.94,0.21,4,0.85,低风险
0.5,0.33,否,0.7,0.73,5.14,中级,无,≥2次,20.58,16.81,0.39,是,是,0.87,车辆,4.79,0.55,0.15,0.81,0.76,3,0.68,中风险
0.69,0.35,否,0.98,0.79,9.43,中级,无,无,30.1,14.69,0.04,是,是,0.76,深基坑,90.61,0.71,0.56,0.91,0.77,1,0.79,无风险
0.96,0.59,否,0.88,0.84,1.23,初级,无,1次,10.31,17.1,0.26,是,是,0.84,车辆,10.23,0.42,0.55,0.94,0.56,0,0.32,高风险
0.82,0.31,否,0.67,0.82,7.26,初级,无,无,11.14,24.23,0.24,是,是,0.92,高支模,10.42,0.75,0.11,0.84,0.96,3,0.62,无风险
0.8,0.33,否,0.63,0.75,7.32,初级,无,≥2次,27.67,26.29,0.29,是,是,0.6,深基坑,14.61,1,0,0.82,0.73,1,0.52,中风险
0.56,0.19,否,0.53,0.83,27.94,中级,无,无,21.22,39.19,0.08,是,是,0.7,塔吊,6,0.36,0.68,0.79,0.53,3,0.38,低风险
0.51,0.33,否,0.73,0.75,2.41,初级,1次,1次,56.33,27.26,0.12,是,是,0.66,高支模,32.02,0.91,0,0.97,0.52,0,0.82,高风险
0.4,0.31,否,0.84,0.97,20.2,高级,无,无,14.84,46.07,0.3,是,是,0.89,塔吊,87.96,1,0.18,0.94,0.77,3,0.45,无风险
0.94,0.62,否,0.8,0.98,3.25,中级,无,≥2次,36.25,26.45,0.05,是,是,0.88,塔吊,2.91,0.63,0.43,0.9,0.74,4,0.13,中风险
0.32,0.18,否,0.72,0.7,5.36,初级,无,1次,20.31,82.12,0.06,是,是,0.58,高支模,22.58,1,0.52,0.93,0.91,4,0.91,高风险
0.5,0.41,否,0.68,0.87,0.91,初级,1次,1次,19.34,29.54,0.52,是,是,0.16,高支模,0.78,0.73,0.1,0.89,0.47,1,0.18,极高风险
0.51,0.59,否,0.75,0.6,7.45,初级,1次,≥2次,27.36,37.82,0.05,是,是,0.67,深基坑,28.54,0.46,0.57,0.87,0.72,4,0.85,极高风险
0.44,0.78,是,0.68,0.71,2.49,中级,1次,1次,38.21,58.37,0.2,是,是,0.85,车辆,26.26,0.97,0,0.71,0.37,1,0.28,极高风险
0.32,0.18,否,0.6,0.94,13.61,高级,1次,1次,11.5,51.78,0.4,是,是,0.9,配电箱,26.04,0.82,0.03,0.79,0.49,1,0.2,中风险
0.82,0.69,否,0.8,0.76,2.58,高级,无,1次,19.05,44.23,0.27,是,是,0.24,高支模,8.09,0.91,0.08,0.58,0.39,0,0.4,高风险
0.69,0.11,否,0.89,0.63,33.46,中级,无,1次,10.63,9.12,0.74,是,是,0.79,深基坑,11.17,0.91,0.27,0.94,0.29,4,0.33,低风险
0.95,0.19,否,0.56,0.71,9.86,中级,无,无,21.97,60.21,0.2,是,是,0.76,配电箱,26.27,1,0.25,0.77,0.58,0,0.48,低风险
0.64,0.86,否,0.59,0.87,26.6,中级,无,1次,33.09,18.85,0.28,是,是,0.85,塔吊,76.56,0.76,0.15,0.51,0.46,4,0.94,高风险
0.14,0.2,否,0.73,0.47,2.16,中级,无,无,22.37,14.93,0.18,是,是,0.45,配电箱,4.96,0.88,0,0.82,0.5,7,0.47,极高风险
0.59,0.4,否,0.7,0.92,3.37,初级,无,1次,54.26,81.98,0.44,是,是,0.81,塔吊,12.78,1,0.19,0.85,0.77,4,0.69,中风险
0.81,0.31,否,0.9,0.75,1.19,高级,无,1次,8.81,14.67,0.2,是,否,0.55,深基坑,4.85,0.44,0.32,0.87,0.64,1,0.87,高风险
0.5,0.39,否,0.67,0.87,37.64,高级,无,1次,22.78,18.76,0.41,是,是,0.54,塔吊,0.79,0.42,0.14,0.9,0.68,4,0.39,无风险
0.52,0.39,否,0.7,0.76,10.37,初级,无,1次,9.08,70.03,0.24,是,是,0.61,配电箱,4.17,0.81,0.46,0.63,0.36,3,0.5,极高风险
0.36,0.7,否,0.81,0.7,7.42,中级,无,无,19.69,42.42,0.09,否,是,0.77,高支模,24,0.64,0.03,0.61,0.62,2,0.49,极高风险
0.76,0.32,否,0.59,0.81,2.56,初级,无,无,12.86,32.2,0.16,是,是,0.34,深基坑,2.98,1,0.5,0.77,0.62,1,0.82,低风险
0.73,0.22,否,0.69,0.63,0.1,初级,无,1次,39.51,39.53,0.64,是,是,0.78,车辆,3.04,0.66,0.09,0.9,0.76,3,0.26,中风险
0.54,0.61,否,0.65,0.75,12.5,高级,1次,无,19.34,20.98,0.2,是,是,0.68,高支模,15.89,0.77,0.4,0.75,0.48,2,0.66,中风险
0.75,0.73,否,0.76,0.61,5.32,无证,无,1次,20.66,15.52,0.12,是,是,0.89,塔吊,14.17,0.38,0.12,0.89,0.42,6,0.73,高风险
0.26,0.17,否,0.69,0.91,1.27,初级,无,≥2次,22.86,8.48,0.12,是,是,0.12,高支模,11.91,0.61,0,0.85,0.89,1,0.53,高风险
0.58,0.34,否,0.72,0.68,20.49,初级,无,无,29.47,40.7,0.09,是,是,0.63,塔吊,19.08,0.45,0.21,0.58,0.93,3,0.53,低风险
0.32,0.34,否,0.7,0.9,23.46,中级,无,无,14.43,17.91,0.02,是,是,0.84,深基坑,24.65,0.84,0,0.92,0.78,1,0.56,无风险
0.84,0.45,否,0.61,0.8,3.32,无证,无,无,28.06,44.21,0.22,是,是,0.72,高支模,0.47,0.83,0,0.64,0.72,4,0.39,高风险
0.63,0.65,否,0.77,0.8,7.65,初级,无,无,28,54,0.13,是,是,0.93,车辆,29.51,0.6,0.84,0.87,0.37,2,0.44,极高风险
0.86,0.89,否,0.72,0.78,3.82,中级,无,1次,16.11,18.09,0.1,否,是,0.72,车辆,31.59,0.83,0.07,0.75,0.79,1,0.81,极高风险
0.32,0.21,否,0.65,0.81,2.93,初级,无,无,15.79,19.66,0.74,是,是,0.57,深基坑,13.61,1,0.36,0.97,0.56,5,0.49,高风险
0.52,0.24,否,0.9,0.81,19.55,中级,无,1次,21.01,43.52,0.24,是,是,0.9,车辆,15.09,0.75,0.2,0.85,0.83,1,0.63,无风险
0.9,0.16,否,0.76,0.73,2.8,中级,无,≥2次,34,40.89,0.18,是,是,0.39,配电箱,3.15,0.76,0.02,0.83,0.45,1,0.72,中风险
0.6,0.34,否,0.73,0.71,4.86,中级,无,无,32.11,17.8,0.24,是,是,0.86,配电箱,10.28,0.67,0.56,0.77,0.39,1,0.57,中风险
0.91,0.19,否,0.74,0.58,9.48,无证,无,无,19.91,13.98,0.17,是,否,0.12,配电箱,4.25,1,0,0.81,0.48,7,0.47,极高风险
0.32,0.16,否,0.75,0.79,5.59,高级,无,无,10.09,49.02,0.72,是,是,0.79,塔吊,17.87,0.38,0,0.72,0.64,1,0.92,低风险
0.83,0.46,否,0.78,0.83,2.52,高级,无,≥2次,18.41,23.67,0.37,是,是,0.26,配电箱,9.5,0.7,0.52,0.65,0.78,3,0.88,极高风险
0.81,0.44,否,0.5,0.79,12.06,初级,无,无,16.67,40.38,0.13,是,是,0.87,配电箱,20.78,0.15,0.47,0.84,0.79,5,0.82,高风险
0.94,0.25,否,0.51,0.9,3.28,初级,无,≥2次,33.58,31.32,0.18,是,是,0.67,深基坑,16.15,0.92,0.3,0.99,0.86,5,0.53,高风险
0.89,0.48,否,0.72,0.81,0.21,中级,无,≥2次,16.87,33.54,0.33,是,是,0.23,塔吊,29.2,1,0.24,0.77,0.49,5,0.76,极高风险
0.61,0.53,否,0.66,0.94,5.79,中级,无,1次,22,32.93,0.24,是,是,0.68,配电箱,11.67,0.63,0.37,0.78,0.88,2,0.32,高风险
0.89,0.23,否,0.55,0.84,2.92,中级,无,无,44.48,37.91,0.32,是,是,0.37,配电箱,15.4,0.43,0.24,0.84,0.67,1,0.66,中风险
0.7,0.15,否,0.56,0.87,12.13,中级,无,无,11.73,29.65,0.34,是,是,0.63,塔吊,3.5,0.77,0.14,0.76,0.63,0,0.73,无风险
0.68,0.31,否,0.71,0.6,1.02,初级,无,1次,14.31,18.67,0.06,是,是,0.22,塔吊,32.8,0.44,0.11,0.55,0.84,2,0.22,高风险
0.57,0.26,否,0.67,0.79,14.32,中级,无,1次,19.14,51.03,0.44,是,是,0.51,高支模,14.56,0.73,0.7,0.77,0.86,1,0.62,高风险
0.82,0.7,否,0.67,0.83,17.48,中级,无,1次,15.97,69.25,0.01,是,是,0.76,塔吊,7.61,1,0.25,0.7,0.57,2,0.74,低风险
0.54,0.14,否,0.74,0.76,5.21,初级,无,1次,49.14,104,0.05,是,是,0.98,深基坑,19.98,1,0.2,0.89,0.75,1,0.74,低风险
0.68,0.37,否,0.69,0.79,2.87,中级,1次,无,22.55,110.27,0.43,是,是,0.4,高支模,3.73,0.84,0.14,0.88,0.32,0,0.77,高风险
0.57,0.18,否,0.69,0.78,0.11,中级,无,无,18.49,35.58,0.03,是,是,0.92,深基坑,15.97,0.83,0.09,0.74,0.84,5,0.35,无风险
0.58,0.63,否,0.54,0.72,1.73,中级,无,无,10.7,8.33,0.14,是,否,0.24,塔吊,26.04,0.42,0.96,0.89,0.77,3,0.9,极高风险
0.71,0.88,否,0.72,0.72,11.7,初级,无,1次,29.59,66.12,0.26,是,是,0.25,深基坑,15.57,0.56,0.51,0.76,0.43,1,0.36,极高风险
0.76,0.66,否,0.58,0.55,0.75,无证,1次,无,32.48,33.53,0.44,否,是,0.92,车辆,37.87,0.64,0,0.53,0.76,3,0.97,极高风险
0.47,0.19,否,0.67,0.66,10.09,初级,1次,1次,21.97,26.87,0.6,是,是,0.78,深基坑,27.15,1,0,0.81,0.55,2,0.34,高风险
0.65,0.19,否,0.53,0.96,6.81,初级,无,1次,12.53,55.12,0.12,是,是,0.92,塔吊,20.59,0.78,0.03,0.9,0.39,4,0.53,中风险
0.69,0.41,否,0.52,0.77,0.67,高级,无,1次,14.64,17.78,0.3,是,是,0.9,塔吊,2.39,0.54,0.18,0.77,0.47,2,0.61,低风险
0.23,0.21,否,0.6,0.75,0.58,初级,无,1次,19.52,28.53,0.47,是,是,0.47,配电箱,19.38,0.46,0.84,0.81,0.76,1,0.6,极高风险
0.61,0.48,否,0.77,0.66,0.16,初级,无,无,25.71,20.83,0.57,是,是,0.29,深基坑,3.02,0.94,0.24,0.82,0.89,2,0.59,中风险
0.87,0.5,否,0.69,0.74,13.57,中级,无,≥2次,19.77,15.95,0.43,是,是,0.61,车辆,23.85,1,0,0.9,0.89,1,0.61,低风险
0.42,0.59,否,0.77,0.74,14.96,中级,无,≥2次,15.19,11.13,0.1,是,是,0.92,配电箱,1.11,0.17,0.25,0.86,0.46,1,0.34,中风险
0.52,0.31,否,0.85,0.74,5.86,中级,1次,1次,38.99,15.05,0.05,是,是,0.74,高支模,9.5,0.44,0.16,0.84,0.51,2,0.26,中风险
0.51,0.29,否,0.84,0.79,22.13,高级,≥2次,无,50.24,42.4,0.33,是,是,0.67,深基坑,10.42,1,0.3,0.66,0.56,1,0.73,低风险
0.93,0.21,否,0.81,0.85,13.59,中级,无,1次,21.82,29.13,0.33,是,是,0.68,配电箱,20.97,0.69,0.23,0.91,0.72,1,0.94,无风险
0.75,0.22,否,0.9,0.69,8.32,初级,1次,无,10.56,15.7,0.1,是,是,0.81,配电箱,3.05,0.59,0,0.73,0.39,7,0.43,低风险
0.25,0.3,否,0.79,0.91,2.21,中级,1次,无,18.85,18.59,0.48,是,是,0.57,深基坑,43.87,0.34,0.26,0.92,0.64,1,0.48,极高风险
0.32,0.27,否,0.69,0.8,27.89,中级,无,无,12.61,28.13,0.38,是,是,0.87,配电箱,24.42,0.89,0.15,0.6,0.46,5,0.45,低风险
0.65,0.16,否,0.43,0.88,0.94,高级,无,无,17.16,61.82,0.37,是,是,0.76,配电箱,10.52,0.24,0.03,0.75,0.86,6,0.73,中风险
0.82,0.27,否,0.6,0.81,1.73,初级,无,1次,17.7,34.35,0.03,是,否,0.91,车辆,1.93,0.3,0.53,0.71,0.77,2,0.68,高风险
0.77,0.37,否,0.61,0.65,9.2,中级,1次,无,10.51,23.26,0.55,是,是,0.68,车辆,17,0.19,0.43,0.92,0.81,10,0.91,极高风险
0.46,0.46,否,0.61,0.88,10.29,初级,无,无,19.3,28,0.09,是,是,0.85,配电箱,19.28,0.75,0,0.9,0.68,1,0.51,无风险
0.69,0.3,否,0.82,0.87,8,中级,无,1次,16.75,49.42,0.04,是,是,0.39,高支模,15.92,0.39,0.21,0.78,0.33,1,0.43,高风险
0.18,0.29,否,0.61,0.78,1.65,中级,无,无,20.16,17.88,0.02,是,是,0.46,高支模,19.21,0.63,0.57,0.69,0.54,2,0.27,高风险
0.92,0.42,否,0.58,0.75,10.52,高级,无,无,20.32,73.09,0.13,是,是,0.6,车辆,14.07,0.55,0.29,0.9,0.6,1,0.75,低风险
0.27,0.41,否,0.6,0.72,1.18,中级,无,1次,34.55,96.84,0.27,是,是,0.55,深基坑,19.77,0.61,0,0.89,0.79,1,0.43,高风险
0.47,0.13,否,0.62,0.74,4.79,中级,无,无,17.25,17.46,0.02,是,是,0.73,深基坑,22.73,0.78,0,0.79,0.4,4,0.89,无风险
0.84,0.19,否,0.53,0.82,11.12,高级,无,1次,14.21,19.6,0.04,是,是,0.61,深基坑,0.94,0.87,0.96,0.79,0.75,6,0.66,无风险
0.59,0.23,否,0.69,0.76,9.91,高级,无,无,21.7,53.13,0.2,是,是,0.6,深基坑,14.4,0.23,0,0.63,0.69,2,0.31,低风险
0.43,0.36,否,0.81,0.83,1.49,初级,无,1次,17.25,42.93,0.13,是,是,0.92,配电箱,12.99,1,0.21,0.72,0.65,3,0.37,高风险
0.44,0.34,否,0.71,0.75,11.36,中级,无,1次,13.39,36.44,0.13,是,是,0.57,高支模,29.21,0.83,0.37,0.93,0.83,2,0.83,中风险
0.55,0.36,否,0.78,0.85,6.19,中级,无,1次,27.31,56.14,0.28,是,是,0.74,配电箱,29.13,1,0.2,0.84,0.69,2,0.84,中风险
0.76,0.1,否,0.69,0.82,4.4,高级,无,无,34.13,56.19,0.36,是,是,0.6,高支模,3.5,0.53,0,0.92,0.79,3,0.46,无风险
0.91,0.18,否,0.65,0.8,4.59,中级,1次,无,37.24,41.44,0.39,是,否,0.47,塔吊,6.29,0.64,0,0.82,0.78,6,0.73,高风险
0.46,0.19,否,0.85,0.81,6.42,无证,无,无,38.35,32.62,0.13,是,是,0.37,配电箱,22.08,1,0.1,0.91,0.9,1,0.68,高风险
0.83,0.26,否,0.63,0.88,1.57,中级,无,1次,20.35,16.06,0.2,是,是,0.93,深基坑,21.28,0.76,0.29,0.8,0.85,1,0.79,无风险
0.85,0.2,否,0.71,0.69,11.15,中级,无,1次,24.97,36.98,0.01,是,否,0.73,塔吊,16.77,0.62,0.43,0.93,0.18,6,0.83,极高风险
0.31,0.37,否,0.74,0.89,5.02,中级,无,无,7.7,14.72,0.26,是,是,0.64,车辆,38.49,1,0.11,0.91,0.31,3,0.83,中风险
0.85,0.31,否,0.82,0.74,2.47,中级,无,无,13.81,36.55,0.24,是,是,0.61,配电箱,2.12,1,0.59,0.66,0.56,1,0.64,低风险
0.77,0.22,否,0.94,0.89,24.98,中级,无,1次,23.99,29.48,0.03,是,是,0.94,高支模,25.47,0.92,0.37,0.87,0.74,4,0.64,无风险
0.38,0.1,否,0.59,0.88,0.48,中级,无,1次,14.05,40.45,0.15,是,是,0.45,配电箱,11.55,0.78,0,0.89,0.48,4,0.66,中风险
0.08,0.16,否,0.6,0.91,4.79,初级,无,1次,37.8,30.53,0.19,是,是,0.53,车辆,10.98,0.88,0.67,0.9,0.7,3,0.73,高风险
0.44,0.2,否,0.65,0.69,3.74,中级,无,无,27.93,31.18,0.16,否,是,0.96,配电箱,40.72,1,0.56,0.73,0.57,2,0.31,极高风险
0.78,0.46,否,0.68,0.8,5.01,中级,无,无,29.28,25.66,0.03,是,是,0.79,深基坑,14.59,0.73,0,0.79,0.33,0,0.72,无风险
0.25,0.46,否,0.67,0.65,17.6,初级,无,≥2次,20.67,57.27,0.4,是,是,0.81,高支模,2.77,1,0.4,0.76,0.91,6,0.95,极高风险
0.47,0.29,否,0.78,0.74,12.39,中级,1次,无,19.05,9.54,0.07,是,是,0.74,配电箱,21.91,0.78,0,0.76,0.72,3,0.57,无风险
0.82,0.27,否,0.72,0.94,24.93,初级,无,无,23.82,6.17,0.14,是,是,0.74,车辆,6.6,0.12,0.24,0.8,0.82,1,0.7,无风险
0.48,0.1,否,0.65,0.79,13.61,高级,1次,无,22.93,46.16,0.36,是,是,0.95,高支模,31.56,0.75,0,0.95,0.73,1,0.34,低风险
0.65,0.18,否,0.51,0.82,18.96,初级,无,1次,11.22,14.18,0.36,是,是,0.68,塔吊,43.49,0.83,0,0.93,0.55,1,0.57,低风险
0.51,0.05,否,0.76,0.87,19.89,中级,无,无,30.04,14.25,0.06,是,是,0.35,车辆,11.15,0.78,0.15,0.68,0.71,1,0.61,无风险
0.77,0.42,否,0.65,0.87,3.49,中级,无,无,19.54,12.6,0.1,是,是,0.55,高支模,5.39,0.61,0.08,0.9,0.81,1,0.7,无风险
0.85,0.49,否,0.64,0.8,7.68,高级,无,无,20.94,25.44,0.01,是,是,0.97,塔吊,13.87,0.84,0,0.9,0.74,3,0.58,无风险
0.69,0.18,否,0.84,0.67,18.49,中级,无,1次,44.22,27.54,0.11,是,是,0.73,车辆,1.28,0.87,0,0.69,0.35,2,0.46,无风险
0.66,0.2,否,0.78,0.77,0.24,中级,无,1次,18.56,12.17,0,否,是,0.64,高支模,0.63,0.74,0.53,0.82,0.57,11,0.84,极高风险
0.19,0.12,否,0.75,0.84,10.64,中级,无,无,25.58,18.05,0.08,是,是,0.92,深基坑,0.63,0.83,0.4,0.84,0.63,2,0.13,高风险
0.42,0.73,否,0.65,0.79,6.9,高级,无,无,35.59,46.4,0.37,是,是,0.68,塔吊,23.29,1,0.2,0.62,0.13,2,0.36,高风险
0.19,0.19,否,0.64,0.87,14.17,中级,无,无,23.85,15.05,0.26,是,是,0.66,配电箱,2.44,0.65,0.32,0.77,0.34,2,0.69,高风险
0.71,0.35,否,0.85,0.87,22.79,中级,1次,1次,47.32,17.89,0.26,是,是,0.53,塔吊,10.17,0.39,0,0.86,0.28,1,0.52,低风险
0.55,0.36,否,0.66,0.77,3.34,初级,1次,无,8.44,91.11,0.05,是,是,0.91,配电箱,31.72,0.51,0.3,0.58,0.75,5,0.67,极高风险
0.61,0.39,否,0.9,0.69,8.82,中级,无,无,20.31,13.48,0.04,是,是,0.66,深基坑,30.16,0.68,0,0.76,0.69,2,0.64,无风险
0.56,0.16,否,0.64,0.71,6.39,中级,无,无,14.96,33.44,0.24,否,是,0.87,配电箱,17.21,0.43,0.54,0.64,0.5,4,0.64,极高风险
0.5,0.22,否,0.6,0.74,0.12,初级,无,1次,10.71,45.88,0.58,是,是,0.57,塔吊,29.4,1,0.08,0.93,0.8,4,0.76,高风险
0.38,0.41,否,0.78,0.71,12.39,中级,无,1次,16.81,25,0.07,是,否,0.89,深基坑,4.03,0.53,0.59,0.83,0.51,8,0.81,极高风险
0.88,0.41,否,0.68,0.93,7.5,无证,无,无,22.31,32.92,0.22,否,是,0.72,配电箱,1.6,0.93,0.58,0.88,0.5,9,0.89,极高风险
0.7,0.09,否,0.71,0.69,3.53,高级,无,无,32.25,26.84,0.05,是,是,0.27,高支模,26.85,1,1,0.6,0.72,2,0.69,中风险
0.39,0.12,否,0.62,0.89,24.86,初级,1次,无,16.18,32.27,0.12,是,是,0.67,车辆,1.23,0.44,0.28,0.71,0.37,3,0.48,低风险
0.67,0.22,否,0.67,0.83,6.77,初级,1次,无,22.25,69.56,0.36,是,是,0.78,深基坑,2.27,0.47,0.24,0.76,0.57,4,0.88,高风险
0.24,0.23,否,0.69,0.76,3.43,无证,无,无,51.16,8.54,0.45,是,是,0.76,深基坑,4.91,0.55,0,0.76,0.89,4,0.83,高风险
0.64,0.15,否,0.72,0.68,2.68,高级,1次,1次,33.16,21.58,0.12,否,是,0.78,配电箱,18.59,0.71,0.77,0.57,0.73,0,0.41,极高风险
0.43,0.32,否,0.49,0.77,15.56,高级,无,无,46.56,114.03,0.22,是,是,0.69,深基坑,33.36,1,0.62,0.86,0.75,3,0.86,中风险
0.77,0.39,否,0.76,0.8,13.74,中级,无,1次,12.83,25.55,0.29,是,是,0.57,配电箱,29.32,1,0.41,0.93,0.1,2,0.46,高风险
0.86,0.56,否,0.78,0.87,10.14,高级,无,无,21.48,23.81,0.05,是,是,0.75,深基坑,14.17,1,0,0.87,0.56,1,0.67,无风险
0.38,0.35,否,0.63,0.65,13.44,中级,无,1次,18.43,61.8,0.26,是,是,0.86,塔吊,24.04,0.91,0.5,0.76,0.79,4,0.4,高风险
0.68,0.68,否,0.52,0.86,4.39,无证,无,1次,90.79,33.78,0.04,是,是,0.64,深基坑,10.55,0.39,0.38,0.96,0.82,2,0.48,高风险
0.57,0.53,否,0.59,0.76,18.99,中级,无,无,19.83,60.76,0.25,是,否,0.92,配电箱,20.13,0.87,0.28,0.34,0.57,2,0.84,极高风险
0.23,0.08,否,0.73,0.93,2.3,初级,≥2次,无,28.6,42.31,0.17,是,是,0.74,塔吊,25.36,1,0,0.85,0.43,2,0.6,中风险
0.53,0.48,否,0.74,0.93,23.85,高级,无,无,50.75,28.11,0.03,是,是,0.59,塔吊,2.15,0.74,0,0.83,0.65,1,0.42,无风险
0.45,0.2,否,0.7,0.82,6.95,初级,无,无,15.7,12.65,0.13,是,是,0.73,塔吊,42.43,0.6,0.38,0.81,0.4,4,0.75,中风险
0.71,0.1,否,0.67,0.79,21.28,中级,无,1次,28.31,15.2,0.04,是,是,0.91,塔吊,2.98,0.44,0.22,0.89,0.73,2,0.51,无风险
0.62,0.13,否,0.58,0.66,17.84,初级,无,1次,14.85,23.18,0.08,否,是,0.07,配电箱,1.72,0.59,0.59,0.67,0.77,1,0.3,极高风险
0.83,0.45,否,0.81,0.74,21.41,初级,无,无,23.86,41.47,0.52,是,是,0.43,车辆,8.76,0.62,0.84,0.66,0.84,2,0.71,高风险
0.44,0.37,否,0.81,0.92,11.94,中级,1次,1次,32.74,10.89,0.41,是,是,0.66,高支模,14.36,0.51,0.06,0.89,0.69,1,0.61,中风险
0.15,0.55,否,0.75,0.84,21.94,初级,无,1次,57.39,17.55,0.09,否,是,0.55,配电箱,17.44,0.82,0.16,0.77,0.15,1,0.67,极高风险
0.77,0.14,否,0.46,0.83,12.06,中级,无,1次,6.78,32.25,0.24,是,是,0.42,塔吊,9.73,0.32,0.37,0.87,0.54,1,0.4,高风险
0.79,0.34,否,0.72,0.92,11.54,中级,无,≥2次,25.11,112.6,0,是,是,0.95,高支模,3.51,1,0.4,0.69,0.63,2,0.56,低风险
0.18,1,否,0.92,0.71,12.98,中级,无,无,28.89,98.07,0.12,是,是,0.76,车辆,18.97,1,0.07,0.93,0.55,1,0.71,极高风险
0.77,0.21,否,0.85,0.93,6.25,初级,无,≥2次,25.68,19.75,0.36,是,是,0.9,深基坑,0.15,0.48,0.36,0.83,0.65,1,0.52,低风险
0.15,0.34,否,0.73,0.6,3.74,中级,无,无,9.51,26.75,0.06,是,是,0.87,高支模,12.13,0.6,0,0.8,0.65,5,0.12,高风险
0.88,0.44,否,0.75,0.68,2.54,中级,无,无,46.81,32.54,0.12,是,是,0.41,深基坑,47.69,0.74,0.12,0.85,0.75,6,0.5,中风险
0.8,0.77,否,0.94,0.6,3.64,中级,无,≥2次,13.27,17.64,0.1,是,是,0.66,配电箱,0.78,0.39,0.37,0.9,0.16,5,0.81,高风险
0.38,0.26,否,0.53,0.94,12.18,中级,1次,无,19.85,17.43,0.02,否,是,0.47,深基坑,6.32,0.42,0.19,0.95,0.7,2,0.43,高风险
0.64,0.19,否,0.72,0.82,5.62,初级,无,无,32.22,29.25,0.4,是,是,0.77,车辆,26.56,0.81,0.11,0.79,0.37,2,0.76,中风险
0.61,0.29,否,0.7,0.75,7.35,初级,1次,无,15.97,28.96,0.16,是,是,0.31,塔吊,20.84,0.62,0.54,0.87,0.16,4,0.52,极高风险
0.7,0.15,否,0.73,0.73,2.21,高级,1次,1次,12.3,25.05,0.47,否,是,0.94,深基坑,10.67,0.94,0.05,0.93,0.49,1,0.96,高风险
0.55,0.74,否,0.73,0.78,1.43,无证,无,无,40.44,48.29,0.23,是,是,0.85,车辆,16.78,0.78,0.17,0.66,0.07,3,0.35,极高风险
0.27,0.64,否,0.65,0.82,38.41,中级,1次,无,58.32,63.54,0.05,是,是,0.13,深基坑,4.32,0.68,0.77,0.95,0.67,1,0.89,高风险
0.51,0.18,否,0.89,0.88,4.99,中级,无,无,11.91,64.06,0.17,是,是,0.88,深基坑,5.6,0.85,0.45,0.75,0.12,1,0.29,中风险
0.68,0.15,否,0.68,0.93,27.73,中级,无,无,25.96,54.09,0.19,是,是,0.94,配电箱,17.75,0.41,0.39,0.72,0.57,1,0.59,无风险
0.73,0.24,否,0.79,0.85,0.24,中级,无,无,21.56,5.12,0.43,是,是,0.79,高支模,3.19,1,0,0.97,0.32,5,0.35,无风险
0.64,0.3,否,0.85,0.71,3.86,高级,无,1次,27.01,75.09,0.17,是,是,0.83,高支模,4.65,0.41,0.7,0.78,0.52,4,0.88,中风险
0.83,0.41,否,0.76,0.91,24.65,中级,无,1次,26.38,32.03,0.25,是,是,0.49,深基坑,53.78,0.22,0.7,0.75,0.2,1,0.3,极高风险
0.67,0.26,否,0.59,0.86,0.79,中级,无,无,17.45,27.38,0.11,是,是,0.93,高支模,3.42,0.65,0.18,0.88,0.49,2,0.64,无风险
0.55,0.17,否,0.56,0.84,9.89,中级,无,无,25.63,14,0.34,是,否,0.64,塔吊,4.03,0.78,0.03,0.56,0.55,2,0.92,高风险
0.77,0.27,否,0.63,0.73,0.89,中级,1次,无,13.87,13.38,0.12,是,是,0.75,高支模,14.23,0.65,0.66,0.89,0.66,5,0.74,中风险
0.89,0.42,否,0.82,0.83,3.26,无证,1次,无,7.35,27.34,0.02,是,否,0.43,高支模,88.89,0.28,0,0.77,0.44,0,0.5,极高风险
0.83,0.28,否,0.6,0.96,21.38,高级,无,1次,12.11,67.92,0.24,是,是,0.43,高支模,11.14,0.63,0.1,0.65,0.56,2,0.57,低风险
0.53,0.3,否,0.64,0.79,7.92,初级,1次,无,20.15,22.37,0.66,是,是,0.36,高支模,0.96,0.54,0.09,0.86,0.79,2,0.61,中风险
0.74,0.42,否,0.78,0.85,11.73,无证,1次,无,8.33,78.71,0.44,是,是,0.37,车辆,21.55,0.72,0.1,0.83,0.73,1,0.72,极高风险
0.45,0.4,否,0.72,0.8,24.7,初级,无,无,39.41,30.47,0.3,是,是,0.89,配电箱,19.04,0.48,0.54,0.71,0.83,4,0.49,中风险
0.9,0.5,否,0.87,0.85,0.46,中级,无,无,19.59,9.9,0.35,是,是,0.86,深基坑,57.97,1,0.13,0.9,0.77,0,0.79,无风险
0.78,0.14,否,0.69,0.78,36.8,初级,无,无,16.12,7.77,0.13,是,是,0.76,高支模,10.95,0.73,0.19,0.8,0.48,3,0.73,无风险
0.4,0.17,否,0.6,0.91,0.71,中级,1次,无,51.8,13.4,0.09,是,是,0.81,车辆,6.49,1,0.72,0.73,0.47,1,0.63,低风险
0.7,0.3,否,0.65,0.65,15.95,高级,无,1次,28.32,12.55,0.01,是,是,0.7,车辆,3.27,1,0.67,0.76,0.76,3,0.37,无风险
0.74,0.5,否,0.9,0.65,8.15,高级,无,无,19.78,43.19,0.16,是,是,0.45,塔吊,2.95,1,0.39,0.7,0.26,3,0.76,低风险
0.64,0.17,否,0.74,0.89,4.73,中级,1次,无,9.73,4.2,0.17,是,是,0.56,塔吊,2.92,0.64,0.47,0.87,0.68,4,0.48,低风险
0.66,0.21,否,0.72,0.77,10.54,中级,无,无,46.63,31.84,0.19,是,否,0.59,配电箱,9.32,0.83,0.74,0.91,0.83,1,0.88,高风险
0.74,0.31,否,0.73,0.81,3.02,中级,无,无,11.22,29.14,0.59,是,是,0.71,塔吊,8.79,1,0,0.71,0.2,2,0.28,低风险
0.56,0.31,否,0.7,0.82,4.24,高级,无,无,57.46,28.38,0.38,是,是,0.86,高支模,84.82,1,0.07,0.79,0.8,5,0.67,低风险
0.61,0.29,否,0.59,0.8,3.49,中级,无,无,14.29,36.15,0.46,是,是,0.9,配电箱,41.88,0.54,0.15,0.9,0.71,3,0.58,中风险
0.75,0.14,否,0.82,0.74,2.16,初级,1次,无,11.23,44.77,0.03,否,是,0.39,高支模,2.17,1,0.74,0.92,0.48,3,0.52,极高风险
0.57,0.12,否,0.58,0.88,37.22,中级,无,无,19.53,31.84,0.04,是,是,0.78,配电箱,38.63,0.69,0.48,0.92,0.55,1,0.7,无风险
0.71,0.16,否,0.65,0.76,15.72,中级,无,1次,27.62,11.04,0.38,是,是,0.78,深基坑,15.48,0.32,0.38,0.77,0.73,3,0.31,低风险
0.85,0.86,否,0.84,0.77,7.13,中级,无,无,18.06,40.1,0.09,是,是,0.91,车辆,1.9,0.84,0.74,0.97,0.67,5,0.63,高风险
0.23,0.41,否,0.6,0.75,4.95,中级,无,无,43.77,44.65,0.36,是,是,0.55,高支模,15.37,0.67,0,0.76,0.76,2,0.83,中风险
0.77,0.52,否,0.57,0.79,0.82,初级,1次,无,27.71,48.85,0.31,是,是,0.36,塔吊,3.58,0.59,0.12,0.72,0.27,2,0.95,极高风险
0.88,0.3,否,0.66,0.96,0.65,中级,1次,1次,11.14,22.72,0.42,是,是,0.11,高支模,13.83,0.35,0.07,0.83,0.93,0,0.71,高风险
0.37,0.21,否,0.8,0.79,5.79,中级,无,1次,24.76,28.41,0.52,是,是,0.82,深基坑,11,0.66,0.27,0.67,0.73,3,0.31,中风险
0.53,0.22,否,0.79,0.78,7.52,中级,无,无,18.03,44.71,0.35,是,是,0.35,高支模,19.75,0.81,0.21,0.75,0.59,2,0.93,中风险
0.21,0.32,否,0.62,0.84,5.7,初级,无,无,23.72,13.29,0.23,否,否,0.85,配电箱,13.7,0.73,0.13,0.89,0.55,2,0.77,极高风险
0.8,0.12,否,0.81,0.69,0.52,中级,无,无,54.45,79.07,0.9,是,否,0.93,车辆,12.2,0.45,0.45,0.86,0.38,8,0.8,极高风险
0.59,0.51,否,0.72,0.81,8.55,中级,无,1次,21.15,32.14,0.31,是,是,0.74,车辆,21.81,0.62,0.35,0.69,0.52,2,0.76,高风险
0.42,0.17,否,0.66,0.51,3.39,初级,无,无,23.62,53.38,0.53,是,是,0.32,车辆,22.56,0.69,0.12,0.71,0.86,2,0.47,极高风险
0.47,0.8,是,0.82,0.88,4.59,中级,1次,1次,7.21,20.84,0.49,是,是,0.2,深基坑,3.42,1,0.9,0.82,0.3,2,0.44,极高风险
0.77,0.56,否,0.67,0.78,21.17,中级,无,无,13.49,20.29,0.2,是,是,0.94,塔吊,0.07,1,0,0.91,0.75,4,0.53,无风险
0.18,0.35,否,0.71,0.76,2.74,初级,无,无,21.43,18,0.46,是,是,0.08,配电箱,1.6,0.69,0.15,0.85,0.65,1,0.32,极高风险
0.57,0.17,否,0.61,0.91,27.36,初级,无,无,20.33,27.47,0.57,是,是,0.9,深基坑,1.33,0.67,0.71,0.89,0.36,3,0.73,低风险
0.69,0.26,否,0.57,0.86,5.4,中级,无,无,10.49,18.69,0.13,是,是,0.61,配电箱,16.06,1,0.01,0.77,0.85,1,0.98,无风险
0.41,0.33,否,0.64,0.84,6,高级,无,1次,32.83,34.57,0,是,是,0.79,车辆,25.08,0.38,0.18,0.87,0.62,1,0.6,中风险
0.42,0.28,否,0.74,0.86,25.94,中级,无,无,48.45,57.57,0.23,是,是,0.89,深基坑,51.36,0.31,0.1,0.65,0.17,3,0.78,中风险
0.42,0.55,否,0.57,0.98,25.22,高级,无,1次,12.88,20.03,0.57,是,是,0.87,高支模,12.04,0.51,0,0.75,0.71,6,0.46,低风险
0.32,0.46,否,0.65,0.69,5.65,中级,无,1次,41.92,52.18,0.25,是,是,0.65,车辆,34.38,0.35,0.47,0.82,0.48,1,0.75,极高风险
0.66,0.31,否,0.83,0.77,4.48,初级,无,无,58.7,102.91,0.33,是,是,0.82,车辆,13.37,0.97,0.26,0.68,0.54,5,0.64,高风险
0.23,0.51,否,0.7,0.9,36.68,中级,无,1次,15.67,48.74,0,是,是,0.63,高支模,32.66,1,0.72,0.86,0.29,6,0.44,极高风险
0.7,0.21,否,0.73,0.91,2.92,中级,无,无,12.38,39.91,0.08,是,是,0.92,塔吊,22.31,0.12,0.84,0.85,0.34,3,0.39,高风险
0.38,0.29,否,0.62,0.87,11,初级,无,≥2次,18.88,30.44,0.06,是,是,0.49,高支模,21.1,0.11,0.16,0.88,0.32,2,0.58,极高风险
0.89,0.43,否,0.74,0.81,3.15,中级,无,1次,11.63,50.49,0.04,是,是,0.84,塔吊,1.07,0.29,0.36,0.88,0.84,2,0.76,低风险
0.47,0.33,否,0.65,0.64,4.01,初级,无,无,34.41,42.48,0.23,是,是,0.55,车辆,30.39,0.64,0.25,0.93,0.61,5,0.94,极高风险
0.71,0.16,否,0.83,0.65,2.22,无证,1次,无,29.8,9.29,0.45,是,是,0.6,配电箱,28.09,0.13,0.55,0.83,0.67,3,0.88,极高风险
0.86,0.27,否,0.75,0.74,19.98,中级,无,无,7.72,19.8,0.24,是,是,0.74,高支模,37.98,1,0.6,0.68,0.77,3,0.48,低风险
0.51,0.21,否,0.68,0.84,2.59,无证,无,≥2次,10.31,40.87,0.4,是,是,0.71,塔吊,20.59,0.84,0.04,0.96,0.76,3,0.24,极高风险
0.78,0.37,否,0.72,0.89,28.39,初级,无,无,26.12,9.36,0.76,是,是,0.52,配电箱,4.74,0.4,0.34,0.64,0.31,1,0.74,高风险
0.82,0.17,否,0.68,0.72,6.79,初级,无,无,26.58,46.61,0.58,是,是,0.23,高支模,8.56,0.61,0.3,0.88,0.75,4,0.6,高风险
0.48,0.45,否,0.69,0.76,14.7,中级,无,1次,17.18,37.66,0.29,是,否,0.58,塔吊,26.95,1,0.2,0.9,0.55,2,0.58,极高风险
0.91,0.6,否,0.76,0.76,5.68,初级,无,≥2次,26.85,16.54,0.3,是,是,0.95,塔吊,9.32,1,0,0.56,0.8,2,0.58,低风险
0.87,0.9,否,0.72,0.95,15.39,初级,无,无,19.58,45.54,0.02,是,是,0.76,塔吊,12.79,0.64,0.17,0.51,0.72,5,0.58,高风险
0.53,0.33,否,0.66,0.79,4.94,无证,无,≥2次,12.28,63.47,0.06,是,是,0.43,深基坑,40.47,0.75,0.03,0.39,0.47,4,0.7,极高风险
0.39,0.29,否,0.64,0.88,5.35,中级,无,1次,13.08,33.54,0.25,是,是,0.32,高支模,16.26,0.56,0.49,0.85,0.42,3,0.68,极高风险
0.21,0.24,否,0.48,0.8,4.12,初级,无,无,12.44,43.97,0.18,是,是,0.66,车辆,6.7,0.75,0.39,0.64,0.18,1,0.73,高风险
0.34,0.57,否,0.66,0.73,19.22,中级,1次,无,34.3,74.63,0.11,是,是,0.18,深基坑,55.53,0.37,0.11,0.64,0.77,3,0.77,极高风险
0.45,0.3,否,0.95,0.9,0.92,无证,1次,1次,36.88,89,0.12,是,是,0.45,深基坑,91.52,1,0.07,0.75,0.61,3,0.7,极高风险
0.82,0.18,否,0.74,0.91,39.39,高级,1次,1次,53.02,28.46,0.08,是,是,0.87,深基坑,9.23,0.7,0.01,0.78,0.7,2,0.64,无风险
0.94,0.68,否,0.68,0.69,3.69,初级,无,1次,10.51,46.12,0.01,是,是,0.47,车辆,28.33,1,0.27,0.55,0.83,2,0.54,高风险
0.61,0.22,否,0.79,0.82,15.68,中级,无,无,19.96,21.53,0.24,是,是,0.89,塔吊,9.52,0.32,0.37,0.65,0.15,3,0.82,低风险
0.41,0.18,否,0.66,0.91,10,高级,无,无,29.48,42.35,0.04,是,是,0.8,深基坑,25.63,1,0.02,0.5,0.64,1,0.42,无风险
0.74,0.31,否,0.67,0.78,2.98,初级,1次,无,18.4,19.23,0.18,是,是,0.88,高支模,2.49,0.47,0,0.93,0.37,3,0.87,无风险
0.7,0.55,否,0.88,0.97,13.38,中级,无,无,46.62,25.45,0.7,是,是,0.63,高支模,13.3,0.51,0.09,0.96,0.72,2,0.83,低风险
0.64,0.39,否,0.5,0.83,7.27,初级,无,无,15.9,17.03,0.09,是,是,0.46,塔吊,0.14,0.66,0.33,0.67,0.75,1,0.72,低风险
0.75,0.15,否,0.79,0.72,15.17,初级,1次,1次,15.71,49.9,0.38,是,是,0.72,车辆,4.79,0.87,0.28,0.73,0.34,2,0.4,高风险
0.83,0.12,否,0.6,0.68,4.31,高级,无,≥2次,32.84,87.48,0.05,是,是,0.04,车辆,64.6,0.52,0,0.87,0.45,2,0.65,高风险
0.38,0.14,否,0.63,0.93,1.84,高级,无,无,32.05,69.11,0.06,是,是,0.86,塔吊,67.86,0.62,0.35,0.82,0.03,2,0.95,中风险
0.79,0.26,否,0.61,0.7,0.98,中级,无,无,24.24,54.55,0.26,是,是,0.96,塔吊,1.54,0.85,0.14,0.9,0.72,3,0.85,无风险
0.72,0.27,否,0.68,0.72,1.27,中级,无,无,22.67,19.85,0.22,是,是,0.94,车辆,1.56,0.56,0,0.75,0.58,1,0.26,无风险
0.05,0.57,否,0.68,0.81,18.72,高级,无,无,28.39,19.6,0.46,否,是,0.45,配电箱,15.19,0.54,0.19,0.86,0.79,2,0.79,极高风险
0.73,0.73,否,0.66,0.74,5.38,中级,无,无,20.95,19.71,0.02,是,是,0.51,车辆,20.02,0.79,0.52,0.7,0.46,4,0.75,高风险
0.4,0.29,否,0.92,0.82,11.37,无证,无,无,33.92,19.88,0.07,是,是,0.45,高支模,19.04,0.48,0,0.93,0.8,3,0.96,高风险
0.74,0.22,否,0.63,0.69,7.4,初级,1次,无,14.26,29.21,0.21,是,是,0.89,深基坑,20.77,0.59,0,0.69,0.89,2,0.63,无风险
0.87,0.3,否,0.65,0.91,3.7,初级,无,无,21.83,20.16,0.02,是,是,0.27,塔吊,30.74,0.92,0.29,0.79,0.36,4,0.66,中风险
0.86,0.55,否,0.75,0.87,14.91,高级,无,无,15.12,44.29,0.15,是,是,0.85,车辆,1.06,0.68,0.45,0.62,0.45,1,0.79,无风险
0.61,0.23,否,0.78,0.81,0.49,中级,无,无,27.12,41.58,0.35,是,是,0.8,高支模,26.22,0.63,0.09,0.72,0.5,3,0.68,中风险
0.65,0.21,否,0.72,0.84,28.45,中级,无,1次,15.75,5.27,0.12,是,是,0.34,高支模,1.28,0.38,0.17,0.83,0.57,8,0.23,高风险
0.76,0.45,否,0.58,0.77,0.81,中级,无,1次,22.51,34.14,0,是,是,0.05,高支模,6.9,1,0,0.99,0.71,1,0.29,高风险
0.7,0.32,否,0.81,0.92,2.41,中级,1次,1次,15.91,9.83,0.34,是,是,0.88,配电箱,2.37,0.49,0.53,0.83,0.52,5,0.53,中风险
0.36,0.29,否,0.68,0.86,0.29,初级,无,1次,50.85,23.88,0.12,是,是,0.9,车辆,31.32,0.31,0.1,0.63,0.83,2,0.69,中风险
0.8,0.86,否,0.8,0.87,23.24,中级,无,1次,21.49,11.9,0.28,是,是,0.51,深基坑,1.32,1,0.46,0.72,0.55,1,0.74,高风险
0.49,0.4,否,0.48,0.66,2.23,初级,1次,无,22.22,51.51,0.04,是,是,0.71,配电箱,1.22,1,0.57,0.87,0.22,4,0.95,高风险
0.77,0.65,否,0.82,0.7,2.51,初级,无,1次,27.1,32.13,0.02,是,是,0.25,配电箱,12.35,0.23,0.46,0.88,0.71,3,0.54,极高风险
0.85,0.21,否,0.66,0.84,4.69,中级,无,无,12.96,26.86,0.05,是,是,0.63,塔吊,28.37,0.74,0.4,0.78,0.33,3,0.4,低风险
0.68,0.29,否,0.51,0.87,23.37,初级,无,无,13.4,32.06,0.32,否,是,0.92,配电箱,3.43,0.64,0.42,0.64,0.84,3,0.13,高风险
0.75,0.21,否,0.74,0.96,27.98,中级,1次,1次,17.79,23.4,0.13,是,是,0.67,车辆,5.58,1,0.51,0.66,0.49,4,0.72,无风险
0.93,0.7,否,0.55,0.78,2.87,中级,无,无,39.05,49.27,0.49,是,是,0.3,深基坑,21.06,0.86,0.48,0.84,0.28,4,0.99,极高风险
0.76,0.39,否,0.82,0.93,1.89,中级,无,无,14.11,30.19,0.19,是,是,0.83,塔吊,2.2,0.54,0,0.82,0.77,1,0.93,无风险
0.31,0.18,否,0.62,0.65,14.3,初级,无,无,41.82,19.32,0.2,是,是,0.9,高支模,15.97,0.77,0.23,0.82,0.9,2,0.55,无风险
0.63,0.21,否,0.75,0.73,18.07,高级,无,无,30.56,47.07,0.27,是,是,0.8,高支模,2.63,0.65,0.28,0.5,0.3,2,0.98,无风险
0.82,0.23,否,0.77,0.73,2.4,初级,无,1次,11.9,37.03,0.02,否,是,0.23,深基坑,9.94,0.9,0,0.91,0.73,1,0.92,高风险
0.62,0.3,否,0.71,0.47,7.77,无证,≥2次,无,17.68,18.77,0.41,是,是,0.26,塔吊,12.43,0.54,0,0.91,0.48,2,0.51,极高风险
0.43,0.26,否,0.57,0.67,5.73,初级,无,无,24.26,63.97,0.06,是,是,0.17,高支模,22.42,1,0.13,0.88,0.79,4,0.61,高风险
0.2,0.07,否,0.61,0.78,2.17,初级,无,无,13.39,6.69,0.48,是,是,0.31,塔吊,28.12,1,0.45,0.7,0.39,4,0.9,高风险
0.48,0.22,否,0.72,0.78,2.06,中级,无,无,37.36,14.79,0.25,是,否,0.9,高支模,9.27,0.86,0.09,0.91,0.68,1,0.47,高风险
0.14,0.19,否,0.58,0.74,4.02,中级,无,无,18.99,21.77,0.15,是,是,0.86,深基坑,30.36,0.39,0.35,0.83,0.67,2,0.81,高风险
0.62,0.14,否,0.7,0.81,7.25,无证,无,无,34.74,61.25,0.29,否,是,0.78,深基坑,3.11,0.36,0.78,0.95,0.63,0,0.56,极高风险
0.44,0.32,否,0.77,0.86,3.07,中级,无,无,11.06,58.98,0.37,是,是,0.83,深基坑,0.14,0.48,0.49,0.81,0.64,1,0.78,中风险
0.5,0.17,否,0.74,0.87,0.31,无证,无,无,17.19,44.58,0,是,是,0.87,配电箱,10.49,1,0.51,0.73,0.85,4,0.79,高风险
0.38,0.12,否,0.59,0.71,5.65,初级,无,无,23.7,36.14,0.24,是,是,0.92,深基坑,59.71,0.86,0.08,0.98,0.6,4,0.93,低风险
0.39,0.46,否,0.41,0.78,12.08,高级,无,无,32.78,22.38,0.22,是,是,0.78,塔吊,5.63,0.66,0.45,0.78,0.67,3,0.77,低风险
0.49,0.27,否,0.73,0.72,12.1,中级,无,1次,19.59,27.77,0.25,是,是,0.74,塔吊,19.79,0.86,0.31,0.72,0.11,1,0.22,高风险
0.51,0.26,否,0.7,0.75,3.36,高级,1次,无,35.4,28.8,0.28,是,是,0.87,深基坑,13.79,0.75,0,0.66,0.46,4,0.62,低风险
0.81,0.26,否,0.75,0.73,1.57,中级,无,无,22.64,19.11,0.75,是,是,0.49,配电箱,16.82,0.8,0,0.91,0.78,4,0.58,低风险
0.26,0.21,否,0.61,0.79,12.4,无证,无,1次,15.21,45.9,0.33,是,是,0.57,塔吊,14.81,0.6,0.1,0.8,0.6,6,0.57,极高风险
0.56,0.07,否,0.65,0.79,4.89,初级,无,无,27.9,20.81,0.29,是,是,0.81,车辆,49.54,0.65,0.05,0.66,0.74,1,0.61,低风险
0.53,0.09,否,0.92,0.84,3.6,中级,1次,1次,19.44,23.15,0.56,是,是,0.12,塔吊,7.6,0.62,0.82,0.66,0.7,3,0.14,极高风险
0.59,0.28,否,0.81,0.64,8.59,高级,1次,1次,13.08,13.56,0.1,是,是,0.82,配电箱,15.19,0.6,0.15,0.61,0.47,4,0.5,中风险
0.54,0.41,否,0.59,0.83,19.2,中级,无,无,14.79,78.68,0.25,是,是,0.54,深基坑,18.37,0.78,0.6,0.86,0.64,3,0.38,高风险
0.46,0.6,否,0.7,0.8,0.81,初级,1次,无,26.81,30.47,0.17,是,否,0.07,深基坑,61.78,0.47,0.28,0.82,0.82,1,0.81,极高风险
0.8,0.36,否,0.78,0.83,5.53,中级,无,1次,13.57,48.1,0.03,是,是,0.79,车辆,25.38,0.86,0.31,0.91,0.34,7,0.4,高风险
0.67,0.18,否,0.61,0.85,3.93,中级,无,1次,17.5,43.23,0.18,是,是,0.83,车辆,12.06,0.66,0.03,0.74,0.71,1,0.51,低风险
0.75,0.84,否,0.79,0.74,5.29,中级,无,无,33.36,18.78,0.32,是,是,0.38,塔吊,18.36,0.64,0,0.91,0.58,2,0.78,高风险
0.41,0.13,否,0.55,0.83,1.37,初级,1次,无,29.19,20.16,0.2,是,是,0.72,配电箱,23.68,0.72,0.24,0.89,0.81,3,0.44,中风险
0.29,0.33,否,0.58,0.76,24.55,高级,无,1次,48.79,40.01,0.2,是,是,0.9,深基坑,13.63,0.66,0.44,0.87,0.58,3,0.64,低风险
0.76,0.32,否,0.63,0.77,1,无证,无,1次,27.81,34.6,0.3,是,是,0.82,深基坑,23.02,0.48,0.38,0.74,0.72,2,0.78,高风险
0.59,0.1,否,0.6,0.83,0.9,高级,无,无,42.35,52.62,0.06,是,是,0.37,高支模,34.17,0.7,0.35,0.78,0.79,6,0.69,高风险
0.48,0.23,否,0.76,0.72,2.64,中级,无,无,9.81,29.74,0.2,是,是,0.68,深基坑,0.57,1,0.18,0.79,0.38,3,0.35,低风险
0.69,0.1,否,0.53,0.95,7.72,初级,无,1次,16.65,36.46,0.16,是,是,0.61,高支模,19.88,0.38,0.09,0.78,0.94,2,0.76,低风险
0.76,0.42,否,0.76,0.84,2.45,中级,1次,无,18.4,19.01,0.07,是,是,0.65,配电箱,35.63,1,0,0.78,0.54,1,0.53,无风险
0.91,0.35,否,0.78,0.88,2.01,初级,无,无,12.17,38.69,0.59,是,是,0.78,车辆,3.57,0.47,0.1,0.64,0.08,5,0.78,高风险
0.85,0.22,否,0.76,0.7,8.29,中级,无,≥2次,29.82,55.4,0.18,是,是,0.77,车辆,17.95,0.55,0,0.89,0.38,2,0.46,高风险
0.86,0.43,否,0.81,0.8,26.39,高级,无,1次,14.25,59.15,0.25,是,是,0.8,塔吊,2.37,0.93,0,0.64,0.74,0,0.29,无风险
0.65,0.51,否,0.53,0.8,8.77,中级,1次,≥2次,28.39,14.1,0.14,是,是,0.22,塔吊,20.88,0.74,0.14,0.82,0.38,3,0.96,极高风险
0.49,0.24,否,0.65,0.76,8.42,初级,无,无,35.93,34.02,0.14,是,是,0.99,塔吊,42.71,0.76,0.3,0.77,0.59,2,0.83,低风险
0.47,0.28,否,0.66,0.76,20.29,初级,无,≥2次,15.88,16.07,0.11,是,是,0.97,配电箱,5.89,0.52,0.23,0.87,0.6,3,0.85,中风险
0.45,0.33,否,0.74,0.9,32.4,高级,无,≥2次,43.82,18.28,0.27,是,是,0.17,高支模,8.28,0.82,0.33,0.74,0.68,2,0.7,高风险
0.54,0.37,否,0.52,0.78,3.09,中级,无,无,9,39.32,0.11,是,是,0.59,塔吊,9.63,1,0.39,0.97,0.88,0,0.81,低风险
0.78,0.47,否,0.68,0.92,6.76,高级,无,无,18.77,53.93,0.36,是,是,0.71,高支模,16.15,0.89,0.29,0.82,0.5,3,0.65,低风险
0.65,0.81,否,0.9,0.85,6.22,高级,无,无,18.66,69.55,0.2,是,是,0.29,高支模,4.41,0.05,0.05,0.66,0.28,1,0.78,高风险
0.36,0.2,否,0.47,0.79,30.43,中级,无,无,12.86,25.38,0.29,是,是,0.78,深基坑,30.24,1,0.19,0.88,0.78,0,0.43,无风险
0.41,0.26,否,0.58,0.78,9.57,初级,无,1次,17.56,25.08,0.05,是,是,0.26,高支模,0.7,0.15,0.3,0.96,0.81,2,0.95,中风险
0.24,0.15,否,0.61,0.77,5.41,高级,无,无,15.35,26,0.09,是,是,0.72,深基坑,21.22,0.6,0.09,0.81,0.84,0,0.83,无风险
0.63,0.35,否,0.54,0.67,0.55,初级,无,无,38.52,15.89,0.01,是,是,0.61,高支模,36.69,0.37,0.25,0.86,0.13,1,0.89,高风险
0.49,0.12,否,0.81,0.92,7.91,中级,无,无,31.25,23.88,0.22,是,是,0.95,车辆,8.76,1,0.62,0.71,0.52,5,0.81,无风险
0.37,0.44,否,0.55,0.85,2.23,初级,无,无,50.9,22.6,0.31,是,是,0.22,车辆,41.63,0.6,0.18,0.71,0.27,1,0.54,极高风险
0.37,0.39,否,0.73,0.74,3.14,中级,1次,1次,15.63,113.71,0.25,是,是,0.27,车辆,12.64,0.58,0.24,0.92,0.82,2,0.57,极高风险
0.23,0.3,否,0.73,0.95,29.52,初级,无,无,15.7,8.99,0,是,是,0.53,塔吊,15.77,0.33,0.17,0.5,0.69,4,0.52,低风险
0.39,0.14,否,0.68,0.82,6.12,中级,无,无,10.3,17.34,0.14,是,是,0.86,深基坑,12.81,0.23,0,0.8,0.52,5,0.44,低风险
0.6,0.82,否,0.94,0.86,27.31,中级,无,无,11.27,27.97,0.34,是,是,0.89,配电箱,8.38,0.77,0.47,0.86,0.75,1,0.63,高风险
0.24,0.19,否,0.63,0.83,3.89,中级,无,无,12.18,24.78,0.18,是,是,0.17,高支模,4.47,1,0.11,0.77,0.78,5,0.54,高风险
0.38,0.41,否,0.86,0.78,3.64,初级,1次,无,17.27,34.52,0.34,是,是,0.43,车辆,4.22,0.43,0.27,0.88,0.72,2,0.64,高风险
0.19,0.71,否,0.56,0.78,14.22,初级,无,1次,35.51,25.19,0,是,是,0.61,配电箱,9.53,0.83,0,0.92,0.64,1,0.73,高风险
0.78,0.4,否,0.85,0.75,5.66,中级,无,无,25.12,67.97,0.04,是,是,0.42,塔吊,6.1,0.62,0,0.88,0.58,2,0.35,低风险
0.72,0.4,否,0.74,0.84,1.25,高级,无,1次,7.53,15.5,0.54,是,是,0.29,高支模,8.11,0.27,0.07,0.89,0.34,2,0.52,高风险
0.63,0.23,否,0.77,0.91,12.02,高级,无,无,64.89,25.03,0.56,是,是,0.38,深基坑,22.37,0.78,0,0.9,0.47,0,0.44,低风险
0.34,0.09,否,0.41,0.81,0.07,高级,无,1次,76.53,37.71,0.21,是,是,0.38,高支模,11.09,0.52,0.14,0.66,0.62,1,0.9,中风险
0.83,0.6,否,0.79,0.87,1.69,中级,无,无,19.9,30.92,0.16,是,是,0.41,车辆,0.16,0.49,0.24,0.84,0.54,1,0.85,低风险
0.51,0.21,否,0.63,0.74,21.76,中级,无,1次,22.46,44.22,0.49,是,是,0.29,高支模,16.45,0.83,0.81,0.76,0.45,2,0.25,极高风险
0.14,0.28,否,0.63,0.92,4.5,初级,1次,1次,31.59,18.1,0.44,是,是,0.37,配电箱,51.8,0.69,0.06,0.78,0.85,1,0.36,极高风险
0.71,0.53,否,0.62,0.84,11.08,高级,1次,无,17.83,48.22,0.14,是,是,0.39,塔吊,12.3,0.91,0.45,0.8,0.8,3,0.4,中风险
0.3,0.66,否,0.51,0.94,10.32,初级,无,无,40.06,48.51,0.36,是,是,0.66,车辆,20.71,0.77,0.27,0.67,0.9,4,0.54,极高风险
0.79,0.97,否,0.73,0.84,16.43,中级,1次,无,24.42,22.43,0.59,是,是,0.82,高支模,0.92,0.55,0.38,0.95,0.92,5,0.78,高风险
0.74,0.62,否,0.86,0.89,28.8,初级,无,无,20.31,36.34,0.08,是,是,0.45,高支模,16.41,0.28,0,0.8,0.46,4,0.69,低风险
0.77,0.22,否,0.74,0.84,6.9,中级,无,无,20.43,13.08,0.2,是,否,0.68,深基坑,11.59,0.46,0.02,0.91,0.52,3,0.68,高风险
0.27,0.34,否,0.72,0.76,10.91,初级,无,无,9.61,47.98,0.44,是,是,0.96,高支模,14.65,0.76,0.24,0.7,0.44,3,0.45,高风险
0.91,0.63,否,0.83,0.82,2.49,高级,无,1次,18.58,53.83,0.05,是,否,0.16,高支模,0.01,1,0.54,0.89,0.71,2,0.81,极高风险
0.81,0.26,否,0.71,0.76,23.72,中级,无,无,14.71,27.02,0.25,是,是,0.77,深基坑,3.14,0.66,0.33,0.89,0.67,2,0.55,无风险
0.63,0.22,否,0.63,0.73,15.1,高级,1次,无,13.88,82.15,0.51,是,是,0.07,塔吊,27.41,0.58,0.2,0.8,0.69,2,0.55,高风险
0.81,0.34,否,0.74,0.85,2.84,初级,1次,1次,32.6,11.99,0.03,是,是,0.55,深基坑,13.51,0.79,0.2,0.9,0.59,2,0.73,低风险
0.76,0.18,否,0.85,0.76,9.88,中级,无,≥2次,27.8,23.33,0.03,是,是,0.63,车辆,14.35,0.54,0.42,0.75,0.72,0,0.62,中风险
0.45,0.46,否,0.92,0.8,1.04,初级,1次,≥2次,29.88,52.77,0.04,是,否,0.65,车辆,25.23,1,0.32,0.9,0.86,4,0.19,极高风险
0.71,0.19,否,0.76,0.66,7.57,初级,无,1次,28.68,33.51,0.29,是,是,0.64,配电箱,1.34,0.87,0.49,0.67,0.17,0,0.65,高风险
0.57,0.2,否,0.72,0.68,2.5,初级,1次,1次,26.21,34.09,0.05,是,是,0.97,高支模,18.91,0.25,0.46,0.79,0.89,1,0.99,高风险
0.63,0.41,否,0.77,0.79,2.44,中级,无,1次,26.14,8.57,0.3,是,是,0.24,车辆,13.7,0.52,0.51,0.97,0.29,3,0.44,极高风险
0.67,0.23,否,0.79,0.71,3.81,初级,无,1次,14.57,17.24,0.16,是,是,0.53,深基坑,22.57,1,0.13,0.79,0.23,1,0.49,高风险
0.21,0.18,否,0.49,0.75,1.39,中级,无,1次,23.58,32.42,0.58,是,是,0.6,高支模,10.74,0.67,0.04,0.69,0.6,3,0.33,高风险
0.8,0.38,否,0.65,0.93,6.95,中级,无,无,22.83,34.34,0.01,是,是,0.75,车辆,20.03,0.51,0.42,0.85,0.06,2,0.47,中风险
0.61,0.28,否,0.88,0.96,35.06,高级,无,无,21.64,45.22,0.04,是,是,0.74,配电箱,19.57,0.63,0.43,0.88,0.45,6,0.48,无风险
0.59,0.38,否,0.8,0.77,10.17,中级,无,无,37.05,70.52,0.32,是,是,0.57,配电箱,2.35,1,0,0.72,0.66,1,0.56,无风险
0.77,0.11,否,0.59,0.72,37.46,高级,无,1次,23.48,45.76,0.05,是,是,0.67,塔吊,18.13,1,0.07,0.92,0.32,1,0.79,无风险
0.77,0.3,否,0.69,0.86,23.66,中级,无,1次,23.76,44.54,0.14,是,是,0.68,高支模,3,0.06,0,0.89,0.76,2,0.49,无风险
0.79,0.39,否,0.57,0.88,0.47,中级,无,1次,22.46,9.94,0.13,是,是,0.65,高支模,22.47,0.61,0.02,0.88,0.58,0,0.75,低风险
0.67,0.37,否,0.75,0.61,0.1,中级,1次,无,8.6,44.13,0.23,是,是,0.57,车辆,19.6,0.51,0.16,0.98,0.83,5,0.66,高风险
0.76,0.1,否,0.73,0.78,20.4,中级,无,≥2次,15.19,8.59,0.3,是,是,0.9,深基坑,11.22,1,0.07,0.88,0.77,4,0.35,无风险
0.71,0.27,否,0.66,0.95,0.14,高级,无,1次,18.25,49.86,0.42,是,是,0.64,深基坑,18.64,0.57,0,0.79,0.82,1,0.78,低风险
0.8,0.33,否,0.64,0.81,3.8,高级,无,无,19.97,18.03,0.1,是,是,0.67,塔吊,18.09,0.66,0.51,0.86,0.57,2,0.65,无风险
0.78,0.21,否,0.48,0.83,8.25,高级,无,1次,14.68,22.04,0.02,是,是,0.38,高支模,4.99,0.23,0.15,0.98,0.93,0,0.25,无风险
0.48,0.26,否,0.83,0.88,17.17,中级,无,无,54.34,42.75,0.09,是,是,0.59,塔吊,36.18,1,0.62,0.84,0.86,4,0.68,低风险
0.44,0.22,否,0.91,0.74,10.69,高级,无,≥2次,34,18.97,0.68,是,是,0.71,车辆,13.54,1,0,0.8,0.42,2,0.39,中风险
0.62,0.6,否,0.72,0.8,1.25,初级,无,1次,14.15,14.49,0.03,是,是,0.85,深基坑,17.39,0.54,0,0.87,0.17,2,0.46,中风险
0.64,0.69,否,0.67,0.74,20.85,中级,无,1次,46.68,23.56,0.37,是,是,0.74,车辆,44.63,0.42,0.47,0.89,0.7,2,0.23,高风险
0.7,0.2,否,0.64,0.95,5.71,中级,无,1次,14.34,43.01,0.17,是,是,0.62,塔吊,22.03,1,0.47,0.67,0.54,8,0.39,高风险
0.64,0.56,否,0.63,0.62,4.36,中级,无,无,32.18,25.5,0.34,是,否,0.85,塔吊,21.55,1,0.11,0.39,0.23,5,0.84,极高风险
0.61,0.1,否,0.54,0.88,5.56,中级,无,无,33.11,80.01,0.26,是,是,0.63,配电箱,18.57,0.72,0.2,0.68,0.73,6,0.78,中风险
0.63,0.33,否,0.72,0.92,1.77,初级,1次,1次,28.96,87.45,0.03,否,是,0.5,深基坑,25.22,0.39,0.49,0.64,0.43,5,0.56,极高风险
0.85,0.71,否,0.64,0.61,10.49,初级,无,1次,10.74,31.29,0.28,是,是,0.75,配电箱,17.29,0.77,0.83,0.97,0.5,2,0.6,极高风险
0.55,0.13,否,0.62,0.75,10.15,初级,无,无,12.34,102.61,0.5,是,是,0.74,塔吊,16.46,1,0.02,0.76,0.62,2,0.45,低风险
0.56,0.57,否,0.87,0.68,9.76,中级,无,1次,12.14,5.75,0.04,是,是,0.81,深基坑,19.33,0.73,0.41,0.57,0.79,1,0.83,低风险
0.74,0.69,否,0.79,0.63,4.52,初级,1次,无,25.9,30.74,0.31,是,是,0.31,配电箱,8.34,0.61,0.11,0.76,0.56,1,0.22,极高风险
0.71,0.18,否,0.68,0.77,11.83,中级,无,无,18.03,19.92,0.14,是,是,0.92,车辆,2.91,0.62,0.12,0.94,0.54,6,0.42,无风险
0.49,0.4,否,0.88,0.94,11,初级,无,1次,47.78,64.3,0.36,是,是,0.6,塔吊,4.15,1,0.39,0.93,0.25,3,0.84,高风险
0.6,0.07,否,0.71,0.71,6.6,高级,无,1次,6.28,46.07,0.48,是,是,0.54,深基坑,21.27,0.72,0.35,0.47,0.56,4,0.63,极高风险
0.24,0.23,否,0.83,0.91,0.63,中级,1次,无,38.65,14.23,0.2,是,是,0.55,高支模,2.94,1,0.18,0.85,0.53,0,0.64,低风险
0.44,0.31,否,0.66,0.84,3.8,中级,无,无,37.37,96.98,0.43,是,是,0.61,车辆,17.42,0.54,0.26,0.89,0.51,2,0.71,极高风险
0.64,0.19,否,0.71,0.71,1.16,中级,无,1次,9.92,43.88,0.14,是,是,0.7,深基坑,28.59,0.75,0,0.93,0.77,1,0.89,低风险
0.67,0.53,否,0.74,0.83,4.79,初级,无,无,52.92,118.5,0.09,是,是,0.17,深基坑,12.7,0.77,0.27,0.71,0.15,1,0.48,极高风险
0.78,0.51,否,0.82,0.93,13.25,中级,无,无,15.5,17.51,0,是,是,0.78,深基坑,16.09,0.73,0.11,0.87,0.03,2,0.6,无风险
0.89,0.77,否,0.59,0.93,17.3,中级,1次,1次,26.15,9.28,0.2,是,是,0.91,配电箱,69.43,1,0.11,0.9,0.76,6,0.4,低风险
0.46,0.46,否,0.71,0.92,4.77,中级,1次,≥2次,11.87,13.82,0.44,是,是,0.95,塔吊,11.82,0.82,0.08,0.78,0.4,3,0.13,高风险
0.35,0.08,否,0.71,0.93,12.8,初级,无,无,21.1,19.77,0.43,是,是,0.81,塔吊,23.18,0.27,0,0.6,0.76,3,0.69,无风险
0.37,0.2,否,0.58,0.72,1.18,无证,无,无,15.84,37.32,0.07,是,是,0.86,深基坑,38.89,0.51,0.1,0.87,0.55,2,0.76,高风险
0.35,0.17,否,0.61,0.73,1.3,无证,1次,1次,13.07,48.28,0.02,是,是,0.38,高支模,1.16,0.32,0.2,0.84,0.64,3,0.78,极高风险
0.3,0.13,否,0.59,0.92,13.44,初级,无,无,32.03,68.59,0.08,是,是,0.13,深基坑,2.58,0.71,0,0.86,0.71,4,0.44,高风险
0.58,0.08,否,0.74,0.91,26.91,中级,无,≥2次,24.9,24.45,0.01,是,是,0.95,塔吊,12.32,0.48,0.17,0.71,0.7,3,0.64,无风险
0.29,0.09,否,0.49,0.7,5.73,初级,1次,无,13.2,45.15,0.18,是,是,0.76,配电箱,11.22,0.75,0.15,0.9,0.39,8,0.84,极高风险
0.18,0.49,否,0.68,0.77,3.46,高级,无,无,38.21,27.09,0.03,是,是,0.83,塔吊,0.9,1,0.21,0.9,0.45,5,0.36,高风险
0.69,0.29,否,0.74,0.89,2.62,高级,1次,无,34.49,10.71,0.45,是,是,0.54,深基坑,19.26,1,0.06,0.91,0.73,3,0.71,无风险
0.57,0.23,否,0.82,0.81,1.01,初级,1次,1次,14.53,18.3,0.31,是,是,0.51,配电箱,96.02,1,0.27,0.98,0.95,3,0.71,高风险
0.93,0.17,否,0.62,0.75,6.82,无证,无,1次,10.91,16.62,0.12,是,是,0.9,深基坑,1.97,1,0.25,0.89,0.27,5,0.75,高风险
0.76,0.42,否,0.62,0.83,6.19,高级,无,无,14.25,41.5,0.61,是,是,0.81,配电箱,3.39,0.71,0.55,0.88,0.75,0,0.7,低风险
0.63,0.18,否,0.67,0.73,7.98,初级,无,无,12.22,8.21,0.29,是,是,0.73,高支模,0.34,0.76,0.45,0.94,0.28,5,0.39,中风险
0.64,0.38,否,0.75,0.71,1.58,无证,无,无,21.19,34.17,0.54,是,是,0.91,车辆,34.85,0.75,0.47,0.93,0.58,1,0.34,极高风险
0.35,0.21,否,0.6,0.8,11.94,初级,无,1次,17.17,73.82,0.26,是,是,0.64,高支模,0.87,0.72,0.57,0.81,0.46,1,0.48,极高风险
0.57,0.24,否,0.64,0.89,39.85,初级,无,1次,13.35,26.42,0.56,是,是,0.85,深基坑,15.98,1,0.12,0.82,0.35,4,0.82,低风险
0.69,0.21,否,0.75,0.82,3.96,高级,无,1次,25.73,11.32,0.22,是,是,0.91,高支模,8.19,0.75,0.21,0.62,0.42,2,0.84,无风险
0.55,0.18,否,0.55,0.85,5.54,中级,无,1次,9.25,46.48,0.15,是,是,0.56,高支模,8.48,0.23,0.31,0.94,0.6,2,0.42,高风险
0.61,0.41,否,0.66,0.62,19.21,中级,无,≥2次,22.51,21.1,0.23,是,是,0.36,高支模,8.38,0.35,0.56,0.8,0.56,2,0.52,极高风险
0.55,0.11,否,0.6,0.77,13.07,初级,无,无,10.48,9.23,0.41,是,是,0.58,车辆,14.86,0.35,0.6,0.58,0.81,1,0.24,高风险
0.98,0.65,否,0.88,0.7,1.49,初级,无,无,19.28,45.62,0.24,是,是,0.64,高支模,2.32,0.7,0.03,0.81,0.58,4,0.8,低风险
0.87,0.53,否,0.83,0.59,3.6,初级,1次,无,29.8,17.79,0,是,是,0.54,车辆,2.19,0.74,0.29,0.82,0.85,5,0.21,高风险
0.41,0.13,否,0.68,0.77,2.57,高级,无,1次,18.07,17.46,0.05,是,是,0.31,深基坑,13.47,1,0.02,0.44,0.53,4,0.83,低风险
0.89,0.31,否,0.74,0.86,4.05,中级,1次,无,26.17,26.85,0.08,是,是,0.27,深基坑,11.35,0.6,0.58,0.65,0.48,1,0.47,高风险
0.74,0.19,否,0.86,0.77,7.78,无证,1次,无,12.04,42.89,0.16,是,是,0.9,高支模,13.56,0.72,0.18,0.62,0.28,3,0.4,高风险
0.86,0.44,否,0.71,0.73,2.92,中级,无,1次,22.89,102.83,0.08,是,是,0.63,塔吊,14.72,0.93,0.3,0.9,0.59,3,0.76,中风险
0.76,0.09,否,0.99,0.79,4.26,中级,1次,无,21.07,19.27,0.06,否,是,0.33,塔吊,10.45,0.42,0.04,0.97,0.39,2,0.6,高风险
0.85,0.55,否,0.54,0.93,23.7,中级,无,1次,20.64,16.38,0.55,是,是,0.08,高支模,4.46,0.77,0.22,0.83,0.73,1,0.4,高风险
0.32,0.19,否,0.66,0.75,2.05,中级,1次,无,22.95,39.38,0.2,是,是,0.94,配电箱,18.11,1,0.13,0.79,0.74,1,0.61,低风险
0.53,0.28,否,0.74,0.58,0.05,高级,无,无,21.1,16.98,0.35,是,是,0.91,车辆,90.7,0.7,0.45,0.9,0.75,2,0.15,高风险
0.84,0.28,否,0.83,0.8,3.16,高级,≥2次,无,16.05,67.59,0.3,是,是,0.91,深基坑,9.55,0.51,0.27,0.89,0.96,3,0.82,低风险
0.75,0.29,否,0.69,0.86,16.65,高级,1次,无,53.36,20.3,0.37,是,是,0.22,高支模,25.42,0.29,0.16,0.77,0.88,5,0.81,中风险
0.42,0.19,否,0.82,0.81,4.35,中级,无,无,12.14,13.49,0.56,是,是,0.89,塔吊,13.76,1,0.14,0.71,0.71,2,0.7,无风险
0.74,0.22,否,0.63,0.63,9.24,初级,无,无,17.45,55.58,0.06,是,是,0.77,高支模,37.52,0.8,0.08,0.75,0.59,6,0.45,高风险
0.61,0.21,否,0.82,0.64,14.47,中级,无,1次,37.84,25.98,0.64,是,是,0.85,配电箱,12.65,1,0,0.67,0.34,0,0.18,中风险
0.36,0.12,否,0.76,0.7,1.83,初级,1次,≥2次,51.2,26.09,0.32,是,是,0.58,车辆,2.03,0.79,0.57,0.99,0.56,2,0.41,极高风险
0.76,0.97,否,0.73,0.87,5.42,中级,无,无,54.96,17.69,0.07,是,是,0.54,塔吊,38.56,0.77,0.55,0.72,0.49,3,0.7,高风险
0.71,0.11,否,0.63,0.86,11.71,中级,无,无,22.09,22.77,0.75,是,是,0.7,车辆,23.05,0.75,0,0.86,0.66,4,0.71,低风险
0.73,0.69,否,0.72,0.61,2.74,初级,无,无,23.47,42.61,0.2,是,是,0.81,配电箱,25.3,0.8,0.51,0.77,0.79,2,0.7,高风险
0.3,0.07,否,0.59,0.73,3.81,高级,无,1次,6.98,47.35,0.09,是,是,0.87,塔吊,83.85,0.91,0,0.76,0.74,3,0.65,低风险
0.37,0.28,否,0.66,0.9,1.4,中级,无,无,18.19,25.41,0.69,是,是,0.24,高支模,3.62,0.56,0,0.89,0.76,4,0.25,中风险
0.73,0.29,否,0.66,0.97,10.18,高级,无,无,30.12,46.06,0.1,是,是,0.74,高支模,12.56,0.33,0.05,0.97,0.03,2,0.5,低风险
0.78,0.32,否,0.71,0.96,30.29,中级,1次,无,18.1,30.87,0.01,是,是,0.78,高支模,0.88,0.8,0,0.81,0.4,0,0.6,无风险
0.59,0.36,否,0.61,0.73,3.28,高级,无,1次,10.28,34.69,0.04,是,是,0.59,塔吊,18.82,0.46,0.08,0.92,0.89,1,0.7,无风险
0.45,0.45,否,0.78,0.67,1.55,初级,无,1次,14.02,46.5,0.1,是,是,0.74,塔吊,3.42,0.63,0,0.81,0.53,0,0.22,中风险
0.46,0.26,否,0.66,0.78,8.75,中级,无,1次,14.03,15.47,0.19,是,否,0.51,塔吊,33.96,0.34,0,0.91,0.94,2,0.57,高风险
0.8,0.35,否,0.75,0.86,15.15,高级,无,≥2次,11.36,111.89,0.02,是,是,0.43,高支模,16.33,0.67,0,0.78,0.43,1,0.52,中风险
0.5,0.61,否,0.57,0.85,23.75,中级,无,无,9.72,42.67,0.28,是,是,0.87,配电箱,23.02,1,0.38,0.97,0.88,2,0.68,低风险
0.71,0.49,否,0.79,0.65,9.06,初级,1次,1次,17.97,81.18,0.07,是,否,0.54,车辆,59.22,0.76,0.06,0.88,0.96,1,0.44,极高风险
0.9,0.26,否,0.88,0.77,3.23,中级,无,无,19.71,41.97,0.42,是,是,0.26,塔吊,0.82,0.89,0.2,0.88,0.63,2,0.81,低风险
0.46,0.25,否,0.68,0.93,17.16,初级,无,无,25.36,43.79,0.75,是,是,0.6,高支模,4.1,0.79,0,0.86,0.75,2,0.93,无风险
0.8,0.33,否,0.74,0.81,14.64,中级,无,≥2次,14.38,46.7,0.64,是,是,0.89,车辆,13.75,0.62,0.25,0.89,0.18,4,0.57,极高风险
0.89,0.6,否,0.86,0.8,21.59,初级,无,1次,37.86,39.24,0.13,是,是,0.71,深基坑,24.03,0.63,0.59,0.74,0.48,2,0.58,高风险
0.51,0.54,否,0.76,0.71,8.97,初级,无,无,12.32,25.92,0.06,是,是,0.64,车辆,13.72,0.74,0.36,0.54,0.7,3,0.46,高风险
0.78,0.54,否,0.58,0.82,8.11,高级,无,无,31.91,13.39,0.08,是,是,0.61,深基坑,97.2,1,0,0.91,0.91,4,0.88,无风险
0.4,0.4,否,0.65,0.79,4.13,中级,≥2次,无,32.54,38.69,0.17,是,是,0.6,车辆,38.84,0.83,0.12,0.94,0.72,3,0.64,高风险
0.38,0.15,否,0.61,0.87,5.2,中级,无,1次,21.1,24,0.04,是,是,0.75,配电箱,15.17,1,0.18,0.75,0.2,4,0.29,中风险
0.55,0.19,否,0.72,0.68,3.35,中级,无,1次,19.45,17.02,0.08,是,否,0.7,高支模,25.72,0.21,0.68,0.73,0.53,5,0.59,极高风险
0.67,0.51,否,0.73,0.75,5.09,高级,无,≥2次,18.04,13.52,0.21,是,是,0.49,配电箱,25.57,0.86,0.69,0.93,0.29,1,0.57,极高风险
0.79,0.18,否,0.79,0.8,7.31,中级,无,无,54.79,33.27,0.73,是,否,0.21,高支模,12.44,0.45,0.31,0.88,0.72,2,0.54,极高风险
0.63,0.22,否,0.59,0.83,25.03,高级,无,无,21.44,42.92,0.11,是,是,0.93,高支模,1.35,1,0.27,0.92,0.45,5,0.74,无风险
0.57,0.24,否,0.75,0.79,37.99,中级,无,无,34.01,17.18,0.47,是,是,0.87,车辆,25.11,1,0.25,0.88,0.81,3,0.71,无风险
0.39,0.96,否,0.5,0.89,2.35,无证,1次,无,18.72,41.18,0.04,是,是,0.98,配电箱,30.09,0.44,0,0.84,0.31,2,0.64,极高风险
0.83,0.23,否,0.69,0.67,1.21,高级,无,无,16.67,34.22,0.46,是,是,0.82,塔吊,20.69,0.68,0,0.94,0.35,1,0.94,无风险
0.54,0.58,否,0.64,0.71,5.33,中级,无,1次,54.95,29.24,0.3,是,是,0.66,配电箱,29.85,0.44,0.52,0.82,0.71,6,0.78,极高风险
0.42,0.39,否,0.62,0.9,0.74,无证,无,1次,4.65,88.16,0.02,是,是,0.9,配电箱,16.77,0.74,0.23,0.65,0.2,5,0.62,极高风险
0.52,0.17,否,0.66,0.77,4.47,中级,1次,无,17.39,11.94,0.04,是,是,0.61,深基坑,7.82,0.42,0.32,0.9,0.15,4,0.79,中风险
0.72,0.49,否,0.81,0.62,10.65,中级,无,无,19.15,24.55,0.6,是,是,0.76,配电箱,16.66,0.15,0.21,0.78,0.74,4,0.46,高风险
0.83,0.18,否,0.56,0.94,27.32,高级,1次,无,23.33,65.48,0.12,是,是,0.86,高支模,27.8,0.6,0.39,0.73,0.92,3,0.58,无风险
0.37,0.4,否,0.83,0.76,4.95,高级,无,无,26.61,40.32,0.38,是,是,0.21,深基坑,12.02,0.67,0.28,0.95,0.76,2,0.3,中风险
0.46,0.33,否,0.74,0.94,18.35,初级,无,无,19.42,12.59,0.04,否,是,0.72,深基坑,6.55,0.64,0.11,0.59,0.96,1,0.4,高风险
0.84,0.53,否,0.81,0.72,11.09,高级,无,无,20.28,76.72,0.34,是,是,0.81,塔吊,28.92,0.54,0.04,0.63,0.17,6,0.59,中风险
0.89,0.2,否,0.64,1,26.71,初级,无,1次,12.46,18.1,0.27,是,否,0.85,塔吊,26.44,0.82,0.05,0.89,0.61,2,0.93,高风险
0.62,0.4,否,0.82,0.72,3.26,中级,无,1次,26.89,25.15,0.01,是,是,0.63,深基坑,5.21,0.89,0.05,0.77,0.05,1,0.66,低风险
0.81,0.33,否,0.74,0.69,2.61,中级,无,无,29.11,8.58,0.24,是,是,0.27,塔吊,0.06,1,0.17,0.74,0.25,2,0.52,低风险
0.84,0.37,否,0.57,0.92,13.65,中级,无,1次,19.92,49.08,0.1,是,是,0.33,深基坑,4.68,0.62,0.38,0.64,0.57,4,0.3,高风险
0.74,0.16,否,0.74,0.79,0.67,无证,无,无,39.38,25.6,0.55,是,是,0.94,配电箱,16.53,0.52,0.29,0.84,0.81,2,0.71,高风险
0.81,0.38,否,0.78,0.85,25.18,高级,1次,无,23.48,10.88,0.72,是,是,0.86,塔吊,4.92,0.59,0.14,0.77,0.6,1,0.37,无风险
0.78,0.28,否,0.77,0.81,14.46,中级,无,无,25.28,25.91,0.34,是,否,0.47,车辆,2.43,0.45,0.71,0.75,0.55,1,0.24,极高风险
0.28,0.13,否,0.5,0.75,12.37,无证,无,无,32.21,68.64,0.1,是,是,0.66,深基坑,16.97,0.66,0.11,0.88,0.67,1,0.49,高风险
0.84,0.33,否,0.76,0.79,12.39,高级,无,无,13.99,25.55,0.08,是,是,0.92,深基坑,3.31,0.87,0.17,0.85,0.96,3,0.15,无风险
0.61,0.18,否,0.75,0.95,14.11,初级,无,无,18.07,20.82,0.06,是,是,0.83,深基坑,0.59,0.85,0,0.82,0.63,3,0.8,无风险
0.48,0.73,否,0.7,0.84,0.5,中级,无,无,17.17,10,0,是,是,0.78,配电箱,6.96,1,0,0.57,0.56,2,0.65,无风险
0.48,0.29,否,0.59,0.9,0.69,中级,无,1次,34.75,35.35,0.29,是,是,0.35,深基坑,13.82,0.53,0.04,0.84,0.81,2,0.48,中风险
0.64,0.5,否,0.77,0.75,37.87,中级,无,1次,14.67,18.28,0.29,是,是,0.8,高支模,2.21,0.47,0.21,0.96,0.6,3,0.58,无风险
0.76,0.26,否,0.68,0.63,2.86,高级,无,无,15.44,36.04,0.37,是,否,0.43,配电箱,14.34,1,0.45,0.97,0.43,4,0.38,极高风险
0.99,0.91,否,0.62,0.73,0.19,初级,无,无,23.28,26.84,0.6,是,是,0.84,塔吊,12.81,1,0,0.53,0.41,4,0.34,高风险
0.5,0.44,否,0.8,0.83,5.58,高级,无,无,16.87,25.24,0.02,是,是,0.73,塔吊,4.6,0.79,0.05,0.78,0.56,4,0.51,无风险
0.67,0.35,否,0.65,0.64,1.12,中级,无,1次,13.74,27.32,0.07,是,是,0.38,塔吊,4.72,0.66,0.11,0.62,0.83,0,0.79,低风险
0.54,0.11,否,0.69,0.81,8.71,高级,无,无,16.29,10.2,0.3,是,是,0.82,配电箱,4.18,0.37,0.16,0.73,0.7,0,0.81,无风险
0.83,0.27,否,0.61,0.68,17.88,初级,无,无,26.95,52.8,0.28,是,是,0.92,车辆,14.92,1,0.62,0.75,0.62,3,0.49,中风险
0.73,0.6,否,0.62,0.58,7.44,初级,1次,≥2次,16.72,26.43,0.27,是,是,0.85,塔吊,1.51,0.8,0,0.77,0.65,1,0.85,高风险
0.66,0.2,否,0.63,0.93,9.45,中级,1次,1次,36.11,64.68,0.23,是,是,0.85,配电箱,2.71,0.51,0.47,0.71,0.17,5,0.42,极高风险
0.89,0.49,否,0.74,0.86,4.72,中级,无,无,17.05,21.68,0.11,是,是,0.25,高支模,24.56,0.15,0,0.91,0.63,7,0.33,高风险
0.71,0.76,否,0.7,0.93,29.59,高级,无,1次,24.43,22.5,0.44,是,是,0.72,配电箱,21.7,0.59,0.11,0.95,0.89,3,0.3,低风险
0.57,0.29,否,0.64,0.83,10.98,高级,无,1次,14.54,37,0.53,是,是,0.31,深基坑,8.46,0.24,0,0.84,0.71,0,0.38,中风险
0.23,0.43,否,0.65,0.83,1.55,无证,无,无,12.8,34.03,0.1,是,是,0.73,车辆,0.29,0.67,0.41,0.85,0.29,5,0.69,高风险
0.9,0.42,否,0.75,0.72,23.08,无证,无,无,28.1,49.3,0.05,是,是,0.79,车辆,4.87,0.79,0.11,0.64,0.17,5,0.8,高风险
0.36,0.15,否,0.5,0.84,8.11,高级,1次,无,28.99,21.28,0.17,是,是,0.07,深基坑,26.68,1,0.04,0.99,0.61,4,0.51,高风险
0.68,0.91,否,0.43,0.8,8.46,中级,无,无,24.26,40.01,0.23,是,否,0.73,深基坑,9.21,0.44,0.3,0.54,0.72,4,0.38,极高风险
0.69,0.13,否,0.72,0.77,2.67,初级,≥2次,无,54.95,19.49,0.05,否,是,0.67,高支模,3.07,0.81,0.44,0.82,0.21,3,0.9,极高风险
0.51,0.32,否,0.56,0.87,31.66,高级,无,无,19.55,27.2,0.02,是,是,0.47,车辆,16.94,0.66,0,0.9,0.69,1,0.52,无风险
0.77,0.5,否,0.84,0.67,0.75,中级,1次,无,25.18,57.36,0.39,是,否,0.93,塔吊,12.72,0.62,0.15,0.9,0.54,0,0.85,极高风险
0.44,0.87,否,0.69,0.74,1.02,初级,无,无,33.6,38.73,0.36,是,是,0.45,高支模,36.11,0.41,0.36,0.87,0.72,1,0.61,极高风险
0.88,0.82,否,0.82,0.65,29.77,中级,无,1次,27.18,24.33,0.11,是,是,0.87,深基坑,37.78,0.81,0.43,0.93,0.92,3,0.76,高风险
0.46,0.12,否,0.57,0.81,5.09,初级,无,无,34.78,23.64,0.09,是,是,0.88,配电箱,14.98,0.39,0.25,0.92,0.43,2,0.72,中风险
0.83,0.44,否,0.68,0.85,13.09,中级,无,无,13.49,67.78,0.06,是,是,0.68,车辆,13.55,0.86,0.32,0.76,0.85,2,0.29,低风险
0.38,0.28,否,0.71,0.78,1.45,高级,无,1次,20.36,8.49,0.09,是,是,0.51,深基坑,0.49,0.84,0.32,0.88,0.73,0,0.73,无风险
0.83,0.33,否,0.71,0.64,9.22,中级,无,1次,20.27,19.19,0.59,是,是,0.74,车辆,19.36,0.73,0,0.95,0.35,1,0.38,中风险
0.62,0.14,否,0.6,0.69,14.33,初级,无,无,24.44,26.69,0.12,是,是,0.62,塔吊,15.25,1,0.17,0.95,0.53,2,0.72,无风险
0.7,0.19,否,0.47,0.9,10.07,中级,无,1次,15.17,14.96,0.42,是,是,0.83,车辆,50.37,0.51,0.16,0.89,0.61,2,0.38,中风险
0.21,0.46,否,0.66,0.77,0.42,初级,无,无,10.8,28.2,0.17,是,是,0.81,高支模,27.54,0.56,0.05,0.87,0.72,1,0.44,高风险
0.9,0.19,否,0.69,0.85,2.23,无证,无,1次,15.48,51.34,0.78,是,是,0.74,车辆,53.36,0.2,0,0.73,0.71,2,0.5,极高风险
0.49,0.28,否,0.65,0.75,6.6,中级,1次,1次,19.39,20.53,0.38,是,是,0.78,塔吊,17.08,0.91,0.27,0.73,0.81,2,0.61,中风险
0.73,0.3,否,0.88,0.74,0.51,中级,1次,无,10.25,31.44,0.05,是,是,0.55,深基坑,15.4,0.54,0.24,0.97,0.56,2,0.39,中风险
0.17,0.27,否,0.63,0.92,11.31,初级,无,1次,13.86,14.37,0.35,是,是,0.96,塔吊,0.17,0.44,0.4,0.67,0.69,6,0.48,高风险
0.47,0.24,否,0.76,0.81,0.5,初级,无,1次,31.97,41.73,0.02,是,是,0.68,高支模,2.54,1,0.26,0.51,0.69,4,0.38,中风险
0.66,0.53,否,0.63,0.85,3.48,中级,无,无,24.49,42.18,0.44,是,否,0.75,塔吊,29.17,0.54,0.21,0.72,0.89,2,0.66,极高风险
0.52,0.6,否,0.63,0.83,1.93,中级,1次,无,18.14,62.11,0.08,是,是,0.84,配电箱,0.71,0.26,0.36,0.91,0.67,3,0.66,中风险
0.94,0.51,否,0.81,0.88,4.43,中级,1次,1次,19.54,93.45,0.4,是,是,0.79,深基坑,0.85,0.62,0,0.95,0.71,1,0.68,低风险
0.82,0.45,否,0.7,0.87,12.15,中级,无,无,26.61,10.47,0.22,是,是,0.37,配电箱,3.55,0.76,0.57,0.93,0.73,3,0.23,低风险
0.46,0.26,否,0.68,0.66,11.22,初级,无,无,13.99,38.86,0.31,是,是,0.88,高支模,8.37,0.66,0.15,0.58,0.82,5,0.85,低风险
0.75,0.26,否,0.78,0.66,9.98,高级,无,无,18.38,20.95,0.48,是,是,0.53,塔吊,10.31,0.69,0.71,0.82,0.67,1,0.66,低风险
0.38,0.23,否,0.9,0.69,5.47,中级,无,≥2次,12.78,29.99,0.19,是,是,0.54,高支模,0.25,0.85,0,0.61,0.64,2,0.75,低风险
0.72,0.36,否,0.66,0.81,20.63,无证,无,1次,11.98,32.01,0.53,是,是,0.8,配电箱,21.72,1,0.17,0.69,0.75,5,0.53,高风险
0.87,0.26,否,0.67,0.87,14.13,中级,无,1次,50.81,14.84,0.33,是,是,0.27,塔吊,3.74,0.6,0.06,0.95,0.57,1,0.51,无风险
0.83,0.8,否,0.57,0.78,13.9,高级,无,无,14.7,18.79,0.31,是,是,0.88,深基坑,18.24,0.28,0.04,0.82,0.32,3,0.85,高风险
0.69,0.41,否,0.76,0.83,0.78,中级,无,无,29.93,54.82,0.11,是,是,0.92,深基坑,13.31,1,0.57,0.87,0.75,1,0.42,低风险
0.66,0.83,否,0.74,0.84,12.37,初级,无,无,27.55,28.13,0.45,是,是,0.79,高支模,1.82,1,0.53,0.67,0.84,6,0.7,高风险
0.47,0.21,否,0.76,0.89,10.55,初级,无,无,13.08,14.3,0.2,是,是,0.11,车辆,7.86,0.62,0.37,0.84,0.49,3,0.39,高风险
0.79,0.83,否,0.66,0.75,25.33,高级,1次,无,19.12,14.6,0.35,是,是,0.64,深基坑,19.33,0.61,0.12,0.96,0.55,3,0.65,高风险
0.51,0.36,否,0.63,0.86,16.13,中级,无,1次,9.78,43.94,0.26,是,是,0.43,塔吊,49.21,0.72,0.04,0.88,0.65,3,0.93,中风险
0.83,0.44,否,0.77,0.79,16.09,初级,1次,无,35.93,16.87,0.23,是,是,0.54,配电箱,18.41,0.94,0.21,0.82,0.71,2,0.53,低风险
0.67,0.42,否,0.83,0.88,15.17,中级,无,无,27.81,36.85,0.03,是,是,0.14,车辆,5.17,0.63,0.13,0.88,0.51,3,0.66,高风险
0.57,0.28,否,0.69,0.7,9.85,高级,无,无,9.52,28.07,0.3,是,是,0.94,塔吊,2.42,0.39,0.07,0.87,0.2,3,0.75,无风险
0.51,0.22,否,0.63,0.69,9.65,中级,无,无,8.87,52.48,0.33,是,是,0.71,高支模,0.2,0.56,0.38,0.91,0.62,1,0.66,低风险
0.72,0.33,否,0.71,0.92,2.08,中级,无,无,32.41,22.51,0.13,是,是,0.56,高支模,6.3,1,0.3,0.59,0.26,4,0.89,低风险
0.32,0.21,否,0.76,0.77,0.38,中级,1次,无,17.21,15.29,0.27,是,是,0.81,配电箱,17.79,0.79,0.51,0.95,0.78,0,0.59,中风险
0.69,0.12,否,0.93,0.55,3.3,初级,1次,无,14.92,17.61,0.05,否,是,0.67,配电箱,9.96,0.34,0.09,0.9,0.43,2,0.59,极高风险
0.83,0.96,否,0.61,0.71,25.72,中级,无,无,29.73,21.25,0.09,是,是,0.35,高支模,29.75,0.57,0,0.63,0.21,1,0.67,高风险
0.78,0.39,否,0.7,0.99,1.67,中级,无,无,19.69,31.2,0,是,是,0.38,深基坑,0.64,0.93,0.11,0.83,0.3,5,0.79,无风险
0.46,0.08,否,0.72,1,7.9,初级,无,无,33.01,31.77,0,是,是,0.74,深基坑,2.38,0.83,0,0.89,0.65,2,0.53,无风险
0.8,0.15,否,0.66,0.73,34.96,初级,1次,无,34.49,53.2,0.34,是,否,0.93,高支模,10.45,1,0.2,0.76,0.9,1,0.75,高风险
0.76,0.3,否,0.57,0.79,11.03,高级,无,1次,17.97,46.55,0.3,是,是,0.65,高支模,24.45,0.37,0.59,0.9,0.83,2,0.86,高风险
0.74,0.8,否,0.78,0.84,29.25,初级,无,无,24.99,26.61,0.61,是,是,0.87,塔吊,20.28,0.83,0.29,0.79,0.67,4,0.8,低风险
0.29,0.59,否,0.7,0.85,3.53,初级,1次,无,10.23,40.48,0.41,是,是,0.84,车辆,27.92,0.61,0,0.93,0.84,4,0.58,高风险
0.62,0.22,是,0.64,0.59,6.89,初级,无,≥2次,35.95,35.75,0.11,是,是,0.25,高支模,3.76,0.28,0,0.84,0.78,8,0.29,极高风险
0.61,0.25,否,0.75,0.73,13.28,无证,无,1次,24.79,32.67,0.28,是,是,0.92,配电箱,17.46,0.47,0,0.54,0.12,2,0.33,高风险
0.78,0.32,是,0.64,0.82,11.4,初级,无,无,32.09,22.57,0.23,是,否,0.81,车辆,10.71,0.65,0.32,0.97,0.72,3,0.76,极高风险
0.84,0.31,否,0.78,0.8,11.97,中级,≥2次,无,10.9,37.37,0.11,是,是,0.71,配电箱,15.98,0.82,0.09,0.73,0.65,1,0.94,低风险
0.61,0.2,否,0.66,0.95,27.36,中级,无,无,15.07,40.2,0.61,是,是,0.92,塔吊,23.4,0.84,0,0.79,0.96,2,0.24,无风险
0.45,0.3,否,0.67,0.89,9.6,无证,无,无,12.85,26.43,0.52,是,是,0.71,高支模,9.42,0.83,0,0.8,0.39,2,0.74,高风险
0.22,0.43,否,0.48,0.53,18.47,初级,无,无,32.47,26.96,0.44,否,否,0.88,深基坑,16.63,0.46,0,0.83,0.3,4,0.39,极高风险
0.57,0.3,否,0.61,0.82,1.36,中级,无,无,9.53,19.87,0.09,是,是,0.6,车辆,2.29,0.53,0,0.82,0.26,4,0.66,无风险
0.92,0.86,否,0.89,0.93,12.83,中级,1次,无,19.73,30.28,0.02,是,是,0.67,车辆,1.41,0.66,0.12,0.9,0.7,3,0.53,高风险
0.32,0.34,否,0.75,0.92,2.16,初级,无,无,15.11,13.88,0.14,是,否,0.69,车辆,10.66,0.83,0.48,0.93,0.16,4,0.67,极高风险
0.66,0.24,否,0.65,0.77,9.42,初级,无,无,35.36,28.9,0.41,是,是,0.08,高支模,28.47,0.76,0.7,0.91,0.54,1,0.7,极高风险
0.16,0.72,否,0.8,0.69,12.12,初级,无,1次,26.47,38.47,0.3,是,是,0.87,高支模,53.64,0.88,0.4,0.64,0.76,2,0.64,极高风险
0.08,0.24,否,0.79,0.88,4.29,初级,无,1次,27.87,26.62,0.33,是,是,0.1,塔吊,4.67,1,0.39,0.76,0.55,1,0.88,极高风险
0.3,0.74,否,0.69,0.97,18.56,高级,≥2次,无,29.26,45.79,0.29,是,是,0.68,车辆,35.34,1,0.19,0.94,0.41,5,0.7,极高风险
0.35,0.39,否,0.7,0.64,3.55,中级,无,无,18.87,20.97,0.06,是,是,0.64,塔吊,8.83,1,0,0.89,0.74,1,0.73,无风险
0.53,0.24,否,0.87,0.64,0.83,中级,无,无,23.6,27.09,0.3,是,是,0.72,塔吊,2.43,0.57,0.94,0.91,0.56,2,0.51,中风险
0.65,0.27,否,0.63,0.53,4.91,中级,无,无,19.63,19.72,0.16,是,是,0.91,配电箱,0.17,0.68,0.61,0.56,0.29,4,0.77,高风险
0.76,0.27,否,0.76,0.74,20.37,初级,无,无,9.8,23.83,0.06,是,是,0.36,深基坑,2.77,0.68,0.36,0.79,0.72,3,0.36,无风险
0.52,0.26,否,0.69,0.96,18.95,初级,无,无,30.54,45.46,0.27,是,是,0.4,车辆,0.82,0.84,0.48,0.93,0.56,3,0.86,低风险
0.5,0.13,否,0.68,0.86,0.07,高级,无,1次,15.66,26.93,0.01,是,是,0.51,深基坑,24.62,0.56,0.06,0.83,0.83,3,0.68,低风险
0.55,0.38,否,0.6,0.86,5.32,初级,无,无,14.24,28.47,0.52,是,是,0.61,深基坑,29.12,0.32,0.25,0.9,0.14,4,0.55,极高风险
0.85,0.27,否,0.66,0.87,4.02,中级,无,1次,17.77,39.11,0.26,是,是,0.73,塔吊,20.77,0.75,0.33,0.68,0.94,4,0.53,低风险
0.7,0.29,否,0.84,0.75,0.98,初级,1次,1次,13.45,15.99,0.12,是,是,0.57,深基坑,3.55,0.74,0.06,0.78,0.41,0,0.58,中风险
0.46,0.55,否,0.73,0.69,11.26,中级,无,无,31.96,31.89,0.03,是,是,0.74,配电箱,0.5,0.69,0.43,0.93,0.53,2,0.67,无风险
0.59,0.39,否,0.59,0.83,11.24,高级,无,1次,14.06,13,0.08,是,是,0.52,车辆,14.19,0.54,0.99,0.9,0.94,0,0.39,中风险
0.59,0.35,否,0.62,0.8,14.29,高级,无,无,9.38,41.04,0.17,是,是,0.58,车辆,17.07,0.75,0.1,0.85,0.41,0,0.39,中风险
0.73,0.39,否,0.75,0.85,7.28,初级,无,无,33.84,38.24,0.04,是,是,0.57,塔吊,1.39,0.57,0,0.83,0.63,1,0.8,无风险
0.18,0.24,否,0.66,0.73,19.06,中级,无,1次,17.49,43.28,0.58,是,是,0.51,配电箱,8.99,0.63,0,0.98,0.42,1,0.77,高风险
0.16,0.27,否,0.68,0.78,2.9,中级,无,1次,14.96,49.6,0.36,是,是,0.85,深基坑,12.16,0.45,0.25,0.78,0.68,5,0.46,高风险
0.88,0.69,否,0.83,0.9,0.46,初级,无,无,17.79,55.57,0.17,是,是,0.35,塔吊,11.14,0.48,0.23,0.78,0.73,2,0.57,高风险
0.59,0.57,否,0.99,0.91,18.36,高级,无,无,35.93,32.58,0.13,是,是,0.48,塔吊,0.2,0.59,0.24,0.65,0.76,2,0.57,无风险
0.38,0.53,否,0.83,0.83,2.73,中级,无,≥2次,17.61,45.79,0.21,是,是,0.92,深基坑,27.39,1,0,0.72,0.63,3,0.77,高风险
0.64,0.13,否,0.67,0.58,3.57,初级,无,无,9.98,89.44,0.02,否,是,0.83,高支模,9.66,0.53,0.67,0.83,0.87,3,0.71,极高风险
0.56,0.43,否,0.79,0.75,11.56,初级,无,1次,25.82,11.88,0.07,是,是,0.17,深基坑,20,0.16,0.3,0.68,0.76,3,0.47,极高风险
0.7,0.28,否,0.58,0.86,18.63,中级,无,无,43.93,32.99,0.15,是,是,0.37,高支模,31.12,0.57,0.05,0.84,0.6,0,0.35,中风险
0.25,0.08,否,0.62,0.75,4.13,中级,1次,无,9.61,41.74,0.19,是,是,0.58,深基坑,4.19,0.57,0.35,0.99,0.57,4,0.76,中风险
0.7,0.25,否,0.57,0.73,3.91,中级,无,无,41.33,12.65,0.05,是,是,0.84,高支模,14.6,1,0.3,0.57,0.19,3,0.45,低风险
0.62,0.1,否,0.77,0.65,0.76,中级,无,1次,23.76,18.41,0.09,是,是,0.31,车辆,2.57,0.26,0.02,0.71,0.33,3,0.69,中风险
0.58,0.19,否,0.72,0.88,2.93,中级,无,1次,13.35,17.58,0.81,是,是,0.6,高支模,21.01,0.88,0.12,0.78,0.86,0,0.61,中风险
0.87,0.16,否,0.88,0.79,3.57,中级,无,无,46.77,50.11,0.4,是,是,0.36,车辆,3.42,0.46,0.44,0.86,0.41,5,0.29,高风险
0.72,0.64,否,0.64,0.98,5.01,初级,无,无,28.2,95.3,0.35,是,否,0.85,配电箱,21.04,0.77,0.16,0.73,0.64,3,0.71,极高风险
0.48,0.17,是,0.67,0.72,3.04,无证,无,无,7.46,7.75,0.35,是,是,0.06,深基坑,3.26,0.72,0.14,0.88,0.77,2,0.66,极高风险
0.48,0.49,否,0.73,0.81,7.35,高级,无,1次,25.96,42.68,0.2,是,是,0.75,车辆,1.38,0.49,0.55,0.71,0.82,2,0.4,低风险
0.44,0.13,否,0.67,0.84,11.4,初级,无,无,67.15,32.16,0.13,是,是,0.83,高支模,22.57,0.95,0,0.53,0.5,1,0.73,无风险
0.89,0.28,否,0.75,0.99,4.79,高级,1次,1次,14.56,31.6,0.17,否,是,0.17,塔吊,45.56,0.66,0,0.75,0.33,4,0.64,极高风险
0.86,0.52,否,0.78,0.79,10.44,中级,无,1次,13.36,12.37,0.02,是,是,0.93,配电箱,36.32,0.77,0.53,0.83,0.56,5,0.48,低风险
0.2,0.28,否,0.39,0.73,1.54,高级,无,无,17.77,14.52,0.29,是,是,0.32,高支模,36.8,1,0,0.57,0.47,4,0.66,极高风险
0.84,0.43,否,0.8,0.81,0.18,高级,无,≥2次,50.47,14.76,0.34,是,是,0.32,配电箱,50.94,0.64,0.05,0.88,0.66,0,0.28,高风险
0.95,0.32,否,0.62,0.62,0.21,高级,无,1次,22.5,7.55,0.03,是,否,0.47,车辆,2.5,1,0.08,0.58,0.87,2,0.81,高风险
0.92,0.22,否,0.74,0.65,14.42,中级,1次,≥2次,20.02,13.69,0.58,是,是,0.01,深基坑,12.94,0.75,0.26,0.85,0.58,5,0.58,极高风险
0.81,0.3,否,0.7,0.77,1.03,高级,无,≥2次,14.91,43.54,0,是,是,0.32,高支模,54.83,0.41,0.13,0.82,0.89,4,0.85,高风险
0.68,0.17,否,0.71,0.79,9.01,无证,无,1次,19.12,78.44,0.47,是,是,0.53,深基坑,13.21,0.28,0.14,0.79,0.15,1,0.59,极高风险
0.57,0.2,否,0.68,0.81,4.7,高级,无,1次,13.81,35.92,0.16,是,是,0.9,配电箱,22.83,0.69,0.54,0.57,0.79,1,0.37,中风险
0.55,0.32,否,0.69,0.85,18.89,中级,无,1次,8.2,42.74,0.21,是,是,0.77,配电箱,42.76,1,0.48,0.89,0.39,2,0.58,中风险
0.24,0.37,否,0.53,0.74,3.99,中级,无,1次,18.03,14.84,0.34,是,是,0.79,车辆,33.01,1,0.18,0.86,0.5,3,0.82,高风险
0.75,0.21,否,0.83,0.79,10.54,初级,无,无,22.58,25.56,0.13,是,是,0.89,车辆,15.5,0.47,0.1,0.84,0.73,5,0.79,无风险
0.79,0.44,否,0.54,0.85,15.73,高级,无,无,11.25,37.94,0.14,是,是,0.46,深基坑,19.5,0.64,0,0.94,0.92,0,0.71,无风险
0.66,0.5,是,0.86,0.77,1.53,初级,1次,无,28.41,18.4,0.56,是,是,0.73,车辆,24.29,0.84,0,0.8,0.76,3,0.48,极高风险
0.69,0.16,否,0.8,0.73,6.15,初级,无,无,24.83,53.61,0.11,是,是,0.69,塔吊,5.23,0.47,0.22,0.46,0.31,0,0.37,中风险
0.62,0.17,否,0.89,0.8,0.26,中级,无,1次,11.01,16.56,0.01,是,是,0.33,高支模,1.87,0.53,0.12,0.86,0.86,2,0.36,无风险
0.78,0.23,否,0.67,0.83,17.01,无证,无,无,23.92,100.76,0.35,是,是,0.25,高支模,34.72,1,0,0.75,0.11,3,0.75,极高风险
0.75,0.42,否,0.75,0.8,19.75,中级,无,1次,14.61,27.19,0.07,是,是,0.6,车辆,1.63,0.49,0.32,0.81,0.4,4,0.36,低风险
0.3,0.37,否,0.96,0.81,8.3,无证,无,无,31.63,16.1,0.29,是,是,0.75,塔吊,16.18,0.53,0.61,0.6,0.63,0,0.17,高风险
0.22,0.37,否,0.57,0.86,3.92,初级,无,1次,20.49,26.89,0.29,是,是,0.79,车辆,0.68,1,0,0.75,0.69,4,0.13,低风险
0.67,0.34,否,0.59,0.82,2.53,初级,无,无,23.78,42.8,0.29,否,是,0.83,高支模,26.5,1,0,0.65,0.47,6,0.61,极高风险
0.6,0.33,否,0.71,0.84,17.77,初级,1次,1次,27.06,25.1,0.22,是,是,0.59,深基坑,3.3,0.94,0.15,0.55,0.81,4,0.37,中风险
0.67,0.32,否,0.76,0.69,3.7,中级,无,1次,15.25,23.16,0.17,是,是,0.77,塔吊,3.51,0.6,0.82,0.74,0.23,8,0.79,极高风险
0.32,0.18,否,0.7,0.82,10.59,中级,无,无,11.53,48.65,0.41,是,是,0.6,塔吊,0.62,1,0.11,0.69,0.8,2,0.86,无风险
0.35,0.2,否,0.79,0.77,0.02,初级,1次,1次,23.04,21.59,0.18,是,是,0.97,深基坑,4.15,1,0.27,0.87,0.81,1,0.96,无风险
0.95,0.2,否,0.44,0.92,14.99,初级,1次,≥2次,14.76,32.4,0.01,是,是,0.84,高支模,6.7,0.86,0.36,0.7,0.51,0,0.62,中风险
0.74,0.84,否,0.77,0.68,8.82,中级,无,无,8.27,27.76,0.1,是,是,0.86,塔吊,11.55,0.62,0.47,0.93,0.4,2,0.73,高风险
0.66,0.21,否,0.59,0.78,11.28,初级,1次,1次,31.09,27.27,0,是,是,0.66,塔吊,1.84,0.51,0.24,0.83,0.73,1,0.84,低风险
0.41,0.27,否,0.74,0.94,0.65,中级,1次,无,7.87,29.78,0.34,是,是,0.61,塔吊,21.11,1,0.02,0.96,0.71,1,0.7,低风险
0.34,0.14,否,0.63,0.69,7.6,高级,无,≥2次,45.28,41.61,0.21,是,是,0.69,车辆,3.89,0.66,0.2,0.85,0.72,1,0.53,中风险
0.33,0.59,否,0.6,0.8,7.65,高级,无,无,15.6,34.43,0.32,是,否,0.7,车辆,17.96,0.45,0.23,0.94,0.75,1,0.98,极高风险
0.81,0.42,否,0.71,0.94,2.13,高级,无,无,58.49,37.96,0.02,否,是,0.46,车辆,19.42,0.35,0.11,0.86,0.46,2,0.77,高风险
0.14,0.05,否,0.66,0.71,0.93,初级,1次,1次,15.17,72.21,0.32,是,是,0.92,配电箱,12.16,0.92,0.26,0.84,0.79,1,0.94,高风险
0.83,0.48,否,0.72,0.96,3.54,中级,1次,≥2次,11.55,87.45,0.13,是,是,0.77,配电箱,3.28,0.16,0.68,0.93,0.49,3,0.85,极高风险
0.3,0.38,否,0.64,0.75,0.68,中级,无,1次,6.23,39.41,0.33,是,是,0.36,塔吊,0.92,0.58,0.1,0.55,0.67,1,0.58,高风险
0.58,0.11,否,0.65,0.89,20.86,中级,无,无,12.04,42.69,0.17,是,是,0.52,高支模,25.75,0.47,0.11,0.92,0.62,4,0.57,低风险
0.59,0.94,否,0.69,0.83,4.09,初级,无,无,14.77,38.31,0.11,是,是,0.44,配电箱,4.06,0.51,0.13,0.72,0.52,1,0.79,高风险
0.38,0.22,否,0.63,0.98,30.97,高级,无,无,28.12,54.08,0.54,是,否,0.88,高支模,75.21,0.68,0.33,0.7,0.84,3,0.87,高风险
0.78,0.36,否,0.51,0.84,3.29,初级,无,1次,9.52,108.9,0.2,是,是,0.66,配电箱,12.51,0.44,0.45,0.59,0.58,5,0.78,极高风险
0.71,0.77,否,0.65,0.9,15.41,高级,无,无,24.47,21.33,0.25,是,是,0.91,配电箱,26.59,0.68,0.03,0.78,0.3,3,0.72,无风险
0.89,0.15,否,0.8,0.84,1.15,初级,无,无,46.48,21.37,0.15,是,是,0.32,车辆,3.21,0.68,0.13,0.8,0.72,5,0.41,无风险
0.67,0.26,否,0.61,0.89,5.82,中级,无,无,24.36,14.31,0.03,是,是,0.18,配电箱,41.52,0.68,0.44,0.83,0.54,2,0.61,高风险
0.6,0.48,否,0.8,0.74,3.27,中级,无,无,18.34,18.64,0.36,是,是,0.43,深基坑,18.05,0.72,0.27,0.84,0.62,2,0.68,中风险
0.81,0.36,否,0.66,0.68,0.73,初级,1次,无,21.14,41.9,0.69,是,是,0.27,深基坑,30.16,0.57,0.72,0.72,0.63,5,0.62,极高风险
0.42,0.16,否,0.71,0.81,12.65,中级,无,1次,34.39,13.24,0.12,是,是,0.89,配电箱,24.1,1,0.22,0.93,0.19,4,0.63,低风险
0.48,0.27,否,0.79,0.66,19.57,初级,无,无,18.92,9.45,0.3,是,是,0.66,配电箱,47.1,0.3,0.58,0.81,0.88,3,0.61,中风险
0.62,0.23,否,0.77,0.98,10.94,中级,1次,无,51.62,36.42,0.26,是,是,0.77,塔吊,2.8,0.91,0,0.87,0.74,4,0.37,无风险
0.71,0.25,否,0.68,0.9,7.35,中级,无,≥2次,14.69,25.64,0.27,是,否,0.5,高支模,6.3,0.68,0.57,0.77,0.58,3,0.67,极高风险
0.55,0.15,否,0.61,0.9,6.24,中级,1次,1次,15.13,21.5,0.37,是,是,0.27,高支模,1.86,0.52,0,0.71,0.47,2,0.36,高风险
0.72,0.28,否,0.68,0.77,0.9,初级,无,1次,24.82,18.72,0.26,是,是,0.88,车辆,26.36,0.4,0.46,0.81,0.76,5,0.52,高风险
0.57,0.47,否,0.69,0.87,6.8,中级,无,无,20.95,60.53,0.12,是,是,0.76,塔吊,7.46,0.82,0.21,0.93,0.92,2,0.49,无风险
0.52,0.42,否,0.74,0.72,9.85,中级,无,无,13.15,44.56,0.25,是,是,0.93,塔吊,10.38,1,0.27,0.82,0.27,6,0.35,中风险
0.79,0.52,否,0.87,0.89,3.64,初级,无,1次,21.3,10.8,0.11,是,是,0.61,深基坑,24.39,0.54,0.04,0.81,0.45,1,0.48,中风险
0.52,0.34,否,0.74,0.92,1.65,中级,无,无,33.86,34.1,0.78,是,是,0.03,塔吊,22.22,0.7,0.36,0.79,0.28,1,0.84,极高风险
0.67,0.26,否,0.72,0.81,4.04,初级,无,无,20.76,7.63,0.01,是,是,0.78,塔吊,1.96,1,0.48,0.91,0.2,1,0.4,无风险
0.47,0.14,否,0.76,0.76,0.34,无证,≥2次,无,46.22,86.57,0.12,是,是,0.32,车辆,2.94,0.61,0,0.94,0.25,1,0.65,极高风险
0.78,0.14,否,0.76,0.84,0.27,初级,无,1次,18.26,26.81,0.46,是,是,0.56,车辆,29.44,0.37,0.04,0.58,0.76,4,0.61,高风险
0.44,0.71,否,0.73,0.77,0.11,中级,无,1次,50.63,27.55,0.16,是,是,0.23,高支模,1.78,0.84,0.25,0.84,0.37,4,0.85,高风险
0.65,0.76,否,0.64,0.83,8.17,高级,无,无,22.09,9.97,0.28,是,是,0.66,深基坑,11.99,0.34,0,0.76,0.65,4,0.95,无风险
0.2,0.1,否,0.65,0.81,4.1,无证,无,1次,37.85,23.29,0.23,是,是,0.79,车辆,0.29,0.72,0.47,0.79,0.17,3,0.9,高风险
0.47,0.4,否,0.69,0.82,4.34,中级,无,无,12.77,40.47,0.03,是,是,0.73,塔吊,1.42,0.72,0.67,0.95,0.79,2,0.61,低风险
0.84,0.27,否,0.89,0.67,0.09,中级,1次,1次,26.51,36,0.26,是,是,0.79,高支模,13.1,0.83,0.3,0.74,0.4,3,0.9,中风险
0.65,0.38,否,0.64,0.71,1.88,中级,≥2次,无,24.17,52.25,0.03,是,是,0.5,高支模,2.75,1,0.16,0.95,0.65,4,0.41,中风险
0.77,0.37,否,0.66,0.78,4.04,中级,无,无,20.21,15.41,0.28,是,是,0.77,高支模,0.83,0.6,0,0.9,0.1,5,0.86,无风险
0.32,0.16,否,0.71,0.83,5.87,中级,无,1次,20.44,113.8,0.02,是,是,0.52,深基坑,8.4,0.76,0.4,0.58,0.4,4,0.66,高风险
0.3,0.21,否,0.65,0.65,5.69,中级,无,无,13.84,15.2,0.02,是,是,0.75,配电箱,14.91,0.73,0.37,0.7,0.68,5,0.68,低风险
0.74,0.37,否,0.8,0.9,22.71,无证,1次,无,59.13,43.27,0.15,是,是,0.65,塔吊,14.46,0.48,0.1,0.94,0.81,3,0.5,高风险
0.44,0.29,否,0.72,0.77,1.95,中级,无,1次,21.65,35.21,0.01,是,是,0.07,塔吊,0.89,0.77,0.45,0.86,0.73,3,0.92,高风险
0.82,0.22,否,0.5,0.75,0.33,初级,无,1次,11.54,13.9,0.21,是,是,0.92,高支模,4.88,0.62,0.03,0.87,0.24,6,0.09,高风险
0.46,0.31,否,0.8,0.85,30.81,中级,≥2次,无,12.15,22.18,0.19,是,是,0.87,深基坑,1.73,0.52,0.31,0.97,0.5,1,0.79,无风险
0.78,0.32,否,0.78,0.78,3.32,中级,1次,无,14.9,8.61,0.03,是,否,0.18,深基坑,16.54,0.35,0.66,0.94,0.7,3,0.56,极高风险
0.78,0.17,否,0.67,0.64,0.45,中级,无,1次,35.05,28.35,0.05,是,是,0.6,深基坑,26.21,1,0.55,0.94,0.31,5,0.52,高风险
0.36,0.1,否,0.78,0.75,5.48,中级,无,无,40.07,37.06,0.15,是,是,0.88,深基坑,41.29,0.2,0.36,0.84,0.57,4,0.98,中风险
0.64,0.18,否,0.76,0.94,3.81,中级,无,无,20.65,26.32,0.56,是,是,0.93,高支模,26.94,0.79,0,0.85,0.66,5,0.78,无风险
0.28,0.17,否,0.57,0.84,2.64,中级,无,无,19.09,9.37,0.3,是,否,0.53,塔吊,3.15,0.37,0.36,0.84,0.9,3,0.91,高风险
0.28,0.27,否,0.81,0.54,21.91,中级,无,1次,36.22,15.89,0.07,是,是,0.81,深基坑,31.07,1,0.16,0.89,0.52,8,0.55,极高风险
0.7,0.28,否,0.64,0.97,6.03,初级,无,1次,42.49,15.93,0.5,是,是,0.91,深基坑,28.61,0.77,0,0.99,0.49,2,0.92,低风险
0.34,0.69,否,0.68,0.73,3.96,中级,无,无,29.37,20.84,0,是,是,0.71,车辆,20.63,0.15,0.5,0.75,0.62,1,0.44,极高风险
0.24,0.29,否,0.74,0.8,4.07,中级,1次,无,12.31,54.17,0.08,是,是,0.36,车辆,20.06,0.68,0.33,0.73,0.85,6,0.31,极高风险
0.67,0.48,否,0.75,0.67,0.38,中级,无,1次,23.08,18.97,0.24,否,否,0.65,配电箱,14.33,1,0.4,0.72,0.5,4,0.78,极高风险
0.85,0.53,否,0.85,0.86,5.01,高级,无,无,22.35,35.69,0.23,是,是,0.79,深基坑,17.34,0.98,0.03,0.88,0.94,1,0.51,无风险
0.43,0.55,否,0.74,0.67,7.1,初级,无,1次,24.38,78.02,0.15,是,是,0.68,深基坑,11.15,0.52,0.12,0.8,0.77,5,0.87,高风险
0.78,0.18,否,0.93,0.82,13.3,高级,无,无,13.46,37.76,0.02,是,是,0.99,塔吊,12.51,0.59,0,0.87,0.8,1,0.29,无风险
0.8,0.18,否,0.66,0.63,3.69,中级,无,无,53.55,55.03,0.46,是,是,0.86,深基坑,9.53,0.75,0.08,0.84,0.88,2,0.51,无风险
0.52,0.28,否,0.61,0.91,10.85,中级,无,无,14.97,31.26,0.15,是,是,0.79,高支模,21.34,0.63,0,0.87,0.82,3,0.68,无风险
0.51,0.14,否,0.98,0.79,24.08,中级,无,1次,31.4,27.68,0.12,是,是,0.78,深基坑,1.26,0.71,0.43,0.95,0.75,2,0.69,无风险
0.85,0.28,否,0.73,0.85,15.28,初级,无,无,31.2,54.68,0.38,是,是,0.38,深基坑,30.91,1,0.2,0.87,0.79,5,0.52,高风险
0.58,0.31,否,0.76,0.77,10.8,中级,无,1次,15.43,15.28,0.27,否,是,0.74,塔吊,19.82,0.62,0.03,0.79,0.44,4,0.8,高风险
0.58,0.39,否,0.8,0.74,5.96,中级,无,无,9.93,15.43,0.12,是,是,0.78,配电箱,14.32,0.9,0.24,0.84,0.92,1,0.57,无风险
0.41,0.46,否,0.67,0.92,0.88,高级,无,无,21.96,97.46,0.1,是,是,0.79,车辆,28.52,0.74,0,0.96,0.79,3,0.85,无风险
0.35,0.38,否,0.78,0.83,0.95,初级,无,≥2次,8.8,32.73,0.42,是,是,0.68,深基坑,12.76,0.56,0.21,0.77,0.76,8,0.34,极高风险
0.58,0.12,否,0.65,0.87,1.54,中级,无,≥2次,20.6,43.43,0.29,是,是,0.82,高支模,22.26,0.61,0,0.65,0.55,5,0.63,高风险
0.14,0.15,否,0.63,0.97,12.06,中级,无,无,16.9,35.54,0.18,是,是,0.83,塔吊,54.37,0.77,0.16,0.92,0.13,1,0.38,高风险
0.84,0.44,是,0.73,0.78,17.66,无证,无,无,33.72,20.64,0.68,是,是,0.46,车辆,22.03,0.42,0.29,0.95,0.83,3,0.77,极高风险
0.34,0.13,是,0.61,0.86,5.36,高级,无,无,21.98,53.35,0.22,是,是,0.76,高支模,20.81,0.54,0,0.64,0.74,1,0.8,高风险
0.63,0.52,否,0.62,0.88,3.84,高级,无,无,14.96,64.88,0.36,是,是,0.25,高支模,36.43,1,0.03,0.72,0.33,3,0.79,极高风险
0.44,0.16,否,0.56,0.81,7.18,中级,无,无,21.73,38.5,0.13,是,是,0.55,塔吊,3.83,0.44,0.16,0.75,0.35,3,0.93,低风险
0.75,0.21,否,0.73,0.74,7.16,无证,无,无,16.38,22.99,0.31,是,是,0.44,深基坑,3.57,0.47,0.44,0.79,0.62,2,0.75,高风险
0.84,0.28,否,0.74,0.75,1.5,初级,无,1次,19.9,15.39,0.26,是,是,0.81,配电箱,9.46,1,0.61,0.89,0.9,3,0.67,中风险
0.31,0.21,否,0.8,0.77,9.55,中级,1次,无,10.76,44.84,0.25,是,是,0.69,塔吊,25.61,0.56,0.3,0.84,0.91,3,0.37,中风险
0.26,0.26,否,0.7,0.9,25.05,初级,无,无,16.8,33.84,0.47,是,是,0.69,塔吊,16.63,0.79,0.12,0.82,0.89,2,0.16,低风险
0.76,0.13,否,0.58,0.79,5.23,中级,无,无,7.46,10.05,0.17,是,是,0.57,深基坑,3.3,0.56,0.08,0.92,0.34,1,0.91,无风险
0.5,0.33,否,0.76,0.78,7.5,初级,无,无,13.96,29.62,0.04,是,是,0.43,车辆,15.32,0.52,0.53,0.73,0.34,2,0.7,极高风险
0.61,0.36,否,0.55,0.78,14.29,高级,1次,1次,5.72,28.46,0.3,是,是,0.84,深基坑,22.49,0.24,0,0.91,0.82,2,0.4,中风险
0.75,0.97,否,0.83,0.87,4.89,初级,无,无,19.8,74.14,0.11,否,是,0.31,高支模,25.34,1,0,0.91,0.52,2,0.53,极高风险
0.4,0.19,否,0.48,0.76,1.34,无证,无,无,15.49,17.03,0.62,是,是,0.17,车辆,2.3,0.64,0.17,0.93,0.77,4,0.63,极高风险
0.65,0.37,否,0.87,0.89,2.07,无证,无,1次,38.63,13.01,0.39,是,是,0.84,车辆,28.28,1,0,0.79,0.35,1,0.75,高风险
0.5,0.31,否,0.66,1,15.22,中级,≥2次,无,29.24,45.01,0.19,是,是,0.41,车辆,3.74,0.82,0.56,0.85,0.7,5,0.53,高风险
0.85,0.81,否,0.63,0.56,32.02,中级,无,1次,25.73,12.58,0.17,是,是,0.46,配电箱,14.63,0.89,0,0.71,0.37,2,0.7,极高风险
0.89,0.49,否,0.51,0.91,7.52,中级,1次,无,8.09,50.26,0.12,是,是,0.53,深基坑,3.37,0.77,0.19,0.73,0.39,1,0.77,中风险
0.52,0.56,否,0.71,0.66,8.42,中级,1次,无,58.13,27.59,0.23,是,是,0.66,车辆,2.77,0.78,0.29,0.87,0.43,1,0.65,中风险
0.87,0.15,否,0.67,0.74,2.11,初级,无,无,28.59,16.18,0.06,是,是,0.2,高支模,28.88,0.19,0,0.79,0.18,5,0.61,高风险
0.82,0.26,否,0.85,0.77,4.86,中级,无,无,20.91,6.29,0.25,是,是,0.7,配电箱,20.9,1,0.23,0.59,0.87,4,0.57,无风险
0.77,0.16,否,0.55,0.77,13.64,初级,无,无,11.93,17.46,0.63,是,是,0.78,高支模,25.32,0.84,0.31,0.63,0.7,4,0.73,中风险
0.2,0.15,否,0.61,0.9,18.9,初级,无,无,37.89,33.86,0.28,是,是,0.38,配电箱,70.9,0.8,0.52,0.39,0.88,2,0.48,高风险
0.85,0.4,否,0.69,1,3.39,初级,无,1次,15.39,31.02,0.2,是,是,0.93,车辆,23.41,0.95,0,0.96,0.3,3,0.72,低风险
0.32,0.1,否,0.71,0.77,20.67,中级,无,无,24.09,23.69,0.23,是,是,0.68,深基坑,4.99,0.78,0.38,0.87,0.67,1,0.58,无风险
0.36,0.22,否,0.58,0.98,12.05,高级,无,1次,15.84,39.91,0.11,是,是,0.32,配电箱,33.51,1,0.52,0.91,0.79,3,0.13,高风险
0.65,0.2,否,0.7,0.61,1.96,初级,无,≥2次,27.59,22.74,0.2,是,是,0.51,塔吊,1.61,0.46,0.03,0.66,0.58,1,0.76,高风险
0.55,0.15,是,0.81,0.68,10.72,中级,无,无,7.61,19.1,0.23,否,是,0.81,深基坑,1.41,1,0,0.96,0.93,5,0.57,极高风险
0.84,0.15,否,0.71,0.71,0.33,初级,无,1次,24.38,14.51,0.14,是,是,0.67,车辆,29.46,0.24,0.37,0.72,0.66,1,0.22,高风险
0.54,0.18,否,0.69,0.69,1.52,无证,无,1次,13.74,16.48,0.31,是,是,0.39,配电箱,8.29,1,0.35,0.89,0.89,1,0.72,高风险
0.71,0.15,否,0.7,0.64,0.75,高级,1次,无,22.13,38.07,0.17,是,是,0.76,车辆,8.87,0.75,0,0.78,0.71,4,0.62,无风险
0.76,0.22,否,0.58,0.65,10.26,中级,无,无,41.84,37.71,0.13,是,是,0.88,深基坑,25.76,0.61,0.07,0.87,0.41,1,0.86,低风险
0.25,0.51,否,0.79,0.69,13.68,中级,≥2次,1次,24.31,19.4,0.25,是,是,0.66,配电箱,15.09,0.66,0.18,0.88,0.56,1,0.7,极高风险
0.55,0.23,否,0.7,0.64,23.59,高级,无,无,19.66,16.48,0.25,是,是,0.34,高支模,1.98,0.79,0,0.88,0.65,2,0.61,无风险
0.29,0.35,否,0.67,0.85,4.38,初级,1次,1次,11.32,14.99,0.43,是,是,0.61,车辆,16.79,1,0,0.98,0.87,5,0.55,高风险
0.37,0.15,否,0.78,0.7,0.11,初级,无,无,18.13,12.18,0.02,是,是,0.88,车辆,15.42,0.46,0.73,0.86,0.27,3,0.59,高风险
0.53,0.13,否,0.72,0.85,0.8,初级,无,≥2次,38.31,20.46,0.58,否,是,0.38,深基坑,7.86,0.86,0.48,0.7,0.92,4,0.47,极高风险
0.32,0.28,否,0.66,0.57,5.31,中级,无,无,12.87,14.97,0.1,是,是,0.9,深基坑,22.93,0.87,0.22,0.94,0.84,2,0.55,高风险
0.81,0.37,否,0.82,0.8,5.03,中级,无,无,18.59,21.7,0.22,是,是,0.66,高支模,0.03,0.63,0.3,0.86,0.77,2,0.63,无风险
0.28,0.21,否,0.56,0.81,13.02,中级,1次,1次,17.23,23.92,0.2,是,是,0.98,高支模,24.57,0.29,0.13,0.74,0.34,2,0.8,高风险
0.77,0.34,否,0.65,0.93,7.6,初级,无,无,22.18,25.51,0.58,是,是,0.5,塔吊,23.1,0.68,0.05,0.85,0.57,0,0.29,中风险
0.92,0.23,否,0.94,0.82,6.88,中级,无,无,16.82,21.22,0.18,是,是,0.89,深基坑,1.59,0.59,0.27,0.58,0.59,6,0.33,无风险
0.85,0.61,否,0.87,0.65,2.33,中级,无,≥2次,21.28,10.19,0.39,是,是,0.76,车辆,95.81,0.78,0.71,0.35,0.84,1,0.56,极高风险
0.46,0.31,否,0.65,0.67,5.44,中级,无,无,13.81,29.4,0.1,是,是,0.44,深基坑,3.39,1,0.17,0.72,0.44,4,0.47,低风险
0.82,0.75,否,0.66,0.82,4.33,中级,无,无,27.73,25.05,0.11,是,是,0.87,高支模,12.89,0.09,0,0.7,0.66,4,0.92,低风险
0.59,0.4,否,0.61,0.83,0.22,无证,无,无,23.28,28.77,0.11,是,是,0.78,深基坑,36.96,0.85,0.49,0.89,0.75,3,0.87,高风险
0.41,0.18,否,0.74,0.7,0.66,中级,无,无,15.01,20.12,0.38,是,是,0.81,深基坑,13.28,1,0.28,0.79,0.74,1,0.31,低风险
0.4,0.53,否,0.51,0.76,0.39,高级,无,无,12.78,57.82,0.17,是,是,0.48,深基坑,4.47,0.78,0.04,0.93,0.66,2,0.62,低风险
0.49,0.28,否,0.54,0.84,5.3,高级,无,1次,18.88,38.99,0.29,是,是,0.67,高支模,3.9,0.39,0.24,0.87,0.77,0,0.28,中风险
0.93,0.37,否,0.79,0.87,18.41,初级,无,无,7.15,17.74,0.01,是,是,0.43,高支模,13.14,1,0.17,0.79,0.88,4,0.74,无风险
0.78,0.25,否,0.78,0.8,24.5,中级,无,≥2次,33.21,42.74,0.47,是,否,0.82,配电箱,0.43,0.52,0.2,0.91,0.64,2,0.53,高风险
0.67,0.25,否,0.68,0.84,8.41,中级,无,1次,21.93,8.36,0.01,是,是,0.57,高支模,0.13,0.51,0.53,0.87,0.22,0,0.84,低风险
0.8,0.22,否,0.74,0.97,40,高级,1次,无,12.46,12.01,0.23,是,是,0.75,车辆,16.1,0.68,0.25,0.88,0.95,4,0.42,无风险
0.51,0.62,否,0.63,0.84,14.7,初级,无,无,14.51,48.38,0.5,是,是,0.53,深基坑,0.18,0.8,0.33,0.91,0.78,2,0.75,中风险
0.53,0.41,否,0.83,0.69,1.38,中级,无,≥2次,6.33,24.98,0.2,是,是,0.29,塔吊,12.58,0.76,0,0.76,0.19,2,0.59,极高风险
0.85,0.24,否,0.69,0.63,1.54,中级,无,1次,25.62,50.01,0.17,是,是,0.87,配电箱,20.08,0.15,0.89,0.77,0.4,1,0.71,极高风险
0.66,0.37,否,0.64,0.67,13.2,初级,无,无,25.34,28.79,0.08,是,是,0.15,深基坑,0.9,0.26,0.09,0.94,0.75,2,0.58,高风险
0.62,0.52,否,0.76,0.9,7.88,高级,无,无,20.83,55.95,0.08,是,是,0.47,塔吊,10.78,1,0,0.98,0.51,2,0.81,无风险
0.35,0.55,否,0.63,0.92,14.55,高级,无,无,23.07,36.96,0.34,是,是,0.16,深基坑,25.43,0.47,0.6,0.94,0.58,2,0.4,极高风险
0.8,0.41,否,0.64,0.97,32.75,无证,1次,无,40.4,46.22,0.14,是,是,0.84,车辆,25.35,0.56,0,0.44,0.79,8,0.73,极高风险
0.94,0.95,否,0.6,0.66,21.24,中级,无,1次,26.12,46.25,0.45,是,是,0.66,高支模,23.07,0.78,0,0.89,0.82,1,0.69,高风险
0.77,0.22,否,0.75,0.84,33.98,中级,无,无,31.7,81.83,0.16,是,是,0.89,深基坑,33.67,0.51,0.33,0.82,0.91,2,0.91,无风险
0.61,0.29,否,0.74,0.85,19.67,中级,无,1次,8.69,27.02,0.24,是,是,0.79,塔吊,1.12,0.54,0.69,0.85,0.76,3,0.23,低风险
0.51,0.48,否,0.88,0.85,11.1,中级,无,≥2次,28.05,32.26,0.2,是,是,0.75,高支模,0.87,0.73,0.67,0.8,0.81,0,0.25,高风险
0.71,0.26,否,0.72,0.71,2.66,中级,无,1次,31.02,25.81,0.19,是,是,0.62,配电箱,0.25,1,0.36,0.97,0.87,5,0.59,无风险
0.25,0.19,否,0.77,0.81,1.85,中级,无,无,26.02,29.28,0,是,是,0.47,车辆,0.72,0.7,0.34,0.79,0.83,2,0.77,无风险
0.71,0.19,否,0.74,0.72,1.77,中级,1次,无,37.21,29.08,0.23,是,是,0.45,高支模,19.16,0.76,0.08,0.82,0.42,2,0.68,中风险
0.87,0.24,否,0.81,0.79,9.5,无证,1次,无,23.33,11.5,0.06,是,是,0.9,配电箱,2.39,0.64,0.12,0.8,0.19,5,0.86,高风险
0.3,0.49,否,0.82,0.83,17.88,中级,1次,无,20.04,67.44,0.22,是,是,0.68,车辆,0.88,0.69,0.31,0.71,0.81,2,0.51,低风险
0.79,0.45,否,0.86,0.77,19.12,中级,无,1次,19.77,3.86,0.45,是,是,0.81,车辆,0.37,1,0.2,0.76,0.83,3,0.36,无风险
0.82,0.26,否,0.77,0.72,14.08,中级,≥2次,≥2次,22.67,18.27,0.2,是,是,0.39,车辆,2.23,0.94,0.23,0.47,0.34,0,0.3,极高风险
0.44,0.12,否,0.71,0.64,3.11,初级,无,无,23.04,25.56,0.2,是,是,0.52,塔吊,5.1,0.7,0,0.86,0.74,2,0.56,无风险
0.85,0.21,否,0.55,0.74,0.7,中级,1次,1次,33.09,17.42,0.06,是,是,0.48,车辆,3.64,0.33,0,0.93,0.87,1,0.85,无风险
0.83,0.17,否,0.71,0.8,4.54,初级,无,≥2次,9.65,56.27,0.41,是,是,0.82,车辆,16,0.69,0.2,0.87,0.6,2,0.44,极高风险
0.91,0.28,否,0.91,0.75,13.46,初级,无,无,20.17,42.63,0.27,是,是,0.31,塔吊,14.69,0.71,0.11,0.77,0.94,0,0.43,无风险
0.67,0.42,否,0.69,0.87,24.63,高级,无,无,9.58,34.01,0.42,是,是,0.09,配电箱,1.61,0.15,0,0.93,0.82,4,0.59,高风险
0.8,0.41,否,0.71,0.72,0.25,中级,1次,1次,11.81,21.46,0.22,是,是,0.83,塔吊,2.73,0.28,0.32,0.95,0.36,3,0.42,高风险
0.31,0.31,否,0.56,0.72,4.82,高级,无,无,39.55,13.5,0.01,是,是,0.74,车辆,38.99,0.64,0.09,0.72,0.22,0,0.36,低风险
0.68,0.3,否,0.83,0.85,15.1,中级,无,无,16.85,20.47,0.31,是,是,0.82,深基坑,0.77,0.74,0,0.93,0.39,4,0.9,无风险
0.54,0.31,否,0.55,0.64,0.31,中级,无,无,11.11,59.31,0.06,是,是,0.88,高支模,29.41,0.5,0,0.91,0.25,1,0.48,高风险
0.89,0.26,否,0.7,0.6,5.42,无证,1次,1次,12.78,32.86,0.04,是,是,0.91,配电箱,4.05,0.56,0.01,0.9,0.7,2,0.84,极高风险
0.32,0.25,否,0.54,0.73,7,高级,无,无,22.94,41.49,0.03,是,是,0.38,配电箱,13.49,0.6,0,0.89,0.31,2,0.95,低风险
0.95,0.99,否,0.69,0.88,4.02,高级,无,≥2次,27.77,38.01,0.19,是,是,0.58,高支模,10.62,0.4,0.38,0.95,0.59,4,0.91,高风险
0.34,0.49,否,0.8,0.68,1.91,无证,1次,无,21.22,20.63,0.12,是,是,0.95,深基坑,7.77,0.88,0.18,0.86,0.95,1,0.57,高风险
0.44,0.22,否,0.92,0.72,5.14,中级,无,1次,13.33,15.15,0.16,是,是,0.59,配电箱,49.21,0.64,0.3,0.7,0.79,7,0.57,高风险
0.75,0.18,否,0.46,0.84,6.22,中级,无,无,10.67,11.7,0.63,是,是,0.79,高支模,1.16,0.76,0.45,0.84,0.83,2,0.71,无风险
0.53,0.18,否,0.77,0.9,2.18,中级,无,≥2次,10.56,66.79,0.11,是,是,0.1,深基坑,12.01,0.22,0.21,0.77,0.13,5,0.58,极高风险
0.86,0.34,否,0.69,0.83,3.47,初级,无,1次,19.09,28.65,0.56,是,是,0.33,配电箱,17.98,0.59,0.18,0.88,0.1,1,0.61,极高风险
0.61,0.33,否,0.74,0.93,0.78,初级,无,无,11.64,25.81,0.12,是,是,0.89,塔吊,22.24,1,0.46,0.95,0.85,2,0.78,无风险
0.14,0.21,否,0.62,0.81,4.35,初级,无,无,23.24,25.92,0.15,是,是,0.91,塔吊,27.21,0.66,0.12,0.91,0.88,3,0.96,高风险
0.89,0.27,否,0.69,0.76,19.21,初级,1次,无,20.39,72.55,0.49,是,是,0.47,深基坑,93.44,0.38,0.03,0.82,0.55,0,0.59,极高风险
0.29,0.28,否,0.56,0.6,14.91,初级,无,无,16.26,57.94,0.05,是,是,0.68,配电箱,8.99,0.57,0.23,0.95,0.62,0,0.39,高风险
0.16,0.16,否,0.6,0.69,11.8,初级,无,无,15.1,19,0.05,是,是,0.81,塔吊,34.18,1,0.15,0.81,0.65,3,0.81,高风险
0.71,0.21,否,0.83,0.81,6.01,中级,无,无,18.28,12.4,0.01,是,是,0.58,塔吊,1.72,0.42,0.04,0.96,0.73,2,0.18,无风险
0.38,0.37,否,0.84,0.75,2.27,中级,无,无,46.54,26.02,0.26,否,是,0.4,深基坑,16.13,0.34,0.41,0.94,0.56,3,0.78,极高风险
0.28,0.34,否,0.69,0.69,10.23,中级,无,无,22.16,23.83,0.63,是,是,0.16,塔吊,31.11,0.73,0.59,0.84,0.69,0,0.87,高风险
0.19,0.56,否,0.74,0.83,5.35,初级,无,无,11.29,24.87,0.2,是,是,0.31,高支模,18.9,0.31,0,0.58,0.07,5,0.94,极高风险
0.9,0.3,否,0.72,0.86,22.47,中级,无,无,14.45,96.95,0.24,是,是,0.3,配电箱,25.46,0.52,0.2,0.88,0.87,1,0.62,低风险
0.78,0.22,否,0.7,0.62,9.33,高级,无,1次,24.68,28.55,0.58,是,是,0.26,深基坑,7.85,1,0.19,0.86,0.78,3,0.67,低风险
0.65,0.45,否,0.75,0.87,6.11,中级,无,1次,27.98,33.37,0.05,是,是,0.8,高支模,12.24,0.85,0.61,0.82,0.34,6,0.67,高风险
0.48,0.21,否,0.56,0.9,24.18,中级,无,无,18.48,36.67,0.18,是,是,0.86,车辆,3.21,0.54,0.05,0.8,0.57,4,0.8,无风险
0.48,0.19,否,0.84,0.74,14.7,高级,1次,无,15.42,17.03,0.13,是,是,0.34,深基坑,6.85,0.52,0.14,0.92,0.61,1,0.52,无风险
0.91,0.43,否,0.71,0.85,10.98,中级,无,1次,15.73,30.15,0.29,是,是,0.64,深基坑,11.3,1,0.17,0.75,0.83,1,0.54,无风险
0.7,0.32,否,0.75,0.75,5.31,初级,无,1次,33.63,42.04,0.87,是,是,0.94,深基坑,12.75,0.84,0.27,0.6,0.25,7,0.74,极高风险
0.85,0.4,否,0.78,0.88,4.53,中级,1次,≥2次,63.11,39.71,0.07,是,是,0.84,车辆,1.49,0.48,0.3,0.95,0.87,2,0.31,低风险
0.53,0.25,否,0.72,0.81,10.49,高级,无,无,25.05,98.4,0.66,否,是,0.3,塔吊,1.7,1,0.06,0.81,0.2,2,0.75,极高风险
0.98,0.19,否,0.63,0.95,20.16,初级,无,1次,34.27,46.39,0.09,是,是,0.83,车辆,4.72,0.67,0.32,0.7,0.81,1,0.82,无风险
0.28,0.32,否,0.62,0.73,6.5,初级,1次,无,11.34,27.34,0.32,是,是,0.14,塔吊,0.82,0.52,0,0.69,0.72,4,0.28,极高风险
0.77,0.16,否,0.67,0.93,7.41,中级,无,无,36.69,6.92,0.53,是,是,0.68,车辆,17.84,1,0.27,0.87,0.58,3,0.49,低风险
0.74,0.27,否,0.76,0.77,18.32,中级,无,无,36.23,18.09,0.11,是,是,0.73,高支模,20.53,0.47,0.29,0.64,0.79,1,0.43,无风险
0.24,0.31,否,0.69,0.9,21.14,中级,无,无,20.35,68.72,0.29,否,是,0.85,高支模,16.7,0.76,0,0.73,0.64,3,0.85,高风险
0.56,0.44,否,0.64,0.97,24.25,中级,无,无,20.46,49.09,0.08,是,是,0.95,高支模,23.14,0.63,0.4,0.83,0.45,1,0.77,低风险
0.29,0.48,否,0.64,0.85,11.95,初级,无,无,17.78,11.15,0.18,是,是,0.87,高支模,11.72,0.39,0.09,0.72,0.66,3,0.68,低风险
0.96,0.4,否,0.51,0.82,1.84,中级,≥2次,无,21.3,13.51,0.06,是,是,0.37,深基坑,15.74,0.57,0.02,0.87,0.72,2,0.53,低风险
0.91,0.43,否,0.86,0.86,2.25,中级,≥2次,1次,24,28.39,0.01,是,是,0.36,配电箱,17.48,1,0.55,0.95,0.52,4,0.61,极高风险
0.78,0.21,否,0.66,0.77,2.51,高级,无,1次,56.51,14.17,0.03,是,是,0.85,高支模,29.92,0.84,0.48,0.91,0.91,5,0.48,低风险
0.91,0.29,否,0.65,0.82,12.13,中级,无,无,17.37,15.82,0.08,是,是,0.44,高支模,12.4,0.62,0.17,0.85,0.63,2,0.58,无风险
0.84,0.79,否,0.63,0.83,36.36,中级,无,无,18.23,74.15,0.05,是,是,0.77,塔吊,3.24,0.86,0.11,0.68,0.28,4,0.69,无风险
0.78,0.26,否,0.8,0.7,15.16,中级,无,无,40.03,81.49,0.37,是,是,0.45,配电箱,18.92,1,0.3,0.81,0.46,4,0.66,高风险
0.39,0.16,否,0.8,0.8,1.73,中级,1次,无,38.62,13.13,0.25,是,是,0.74,高支模,14.46,0.74,0.52,0.75,0.56,3,0.85,中风险
0.63,0.33,否,0.48,0.85,2.87,初级,无,无,19.05,44.71,0.19,是,是,0.59,深基坑,12.79,0.44,0.46,0.62,0.55,3,0.78,高风险
0.51,0.48,否,0.65,0.8,3.24,中级,1次,1次,56.68,31.9,0.48,是,是,0.78,车辆,25.83,0.68,0.19,0.88,0.29,2,0.09,极高风险
0.84,0.5,否,0.79,0.85,22.12,中级,无,无,15.28,34.42,0.03,是,是,0.73,塔吊,16.68,0.49,0.08,0.83,0.63,2,0.18,无风险
0.81,0.46,否,0.65,0.97,0.08,中级,1次,无,15.32,109.25,0.03,是,是,0.94,车辆,27.43,0.47,0.59,0.88,0.45,2,0.76,高风险
0.55,0.42,否,0.69,0.9,0.51,初级,无,无,19.04,25.44,0.13,是,是,0.85,车辆,23.17,0.59,0.12,0.86,0.91,5,0.31,中风险
0.68,0.59,否,0.83,0.84,26.59,高级,无,无,61.62,31.74,0.74,是,否,0.77,车辆,7.69,0.74,0.22,0.63,0.59,0,0.89,高风险
0.58,0.36,否,0.63,0.72,19.81,初级,1次,无,19.84,29.56,0.18,是,是,0.84,塔吊,15.24,1,0.2,0.68,0.79,8,0.96,低风险
0.78,0.66,否,0.69,0.92,7.09,中级,无,无,22.32,61.8,0.62,是,是,0.88,高支模,20.33,0.86,0.49,0.74,0.73,8,0.71,极高风险
0.63,0.32,否,0.84,0.73,3.21,初级,1次,无,22.67,18.54,0.47,是,是,0.56,高支模,26.94,0.52,0,0.8,0.69,2,0.78,高风险
0.58,0.43,否,0.66,0.86,15.25,初级,无,1次,11.58,24.81,0.58,是,是,0.93,塔吊,3.15,0.79,0.67,0.87,0.26,5,0.78,高风险
0.98,0.23,否,0.76,0.77,18.27,初级,无,≥2次,19.06,27.22,0.63,是,是,0.86,车辆,1.48,0.74,0.19,0.67,0.52,1,0.78,低风险
0.71,0.1,否,0.82,0.89,10.17,中级,无,无,15.35,14.04,0.13,是,是,0.92,车辆,0.81,0.78,0.29,0.8,0.59,1,0.37,无风险
0.4,0.34,否,0.77,0.85,2.35,中级,无,1次,22.46,37.03,0.8,是,是,0.88,配电箱,13.33,0.86,0,0.67,0.5,4,0.67,高风险
0.6,0.12,否,0.77,0.75,3.08,高级,无,≥2次,13.63,28.29,0.05,是,是,0.57,高支模,1.04,0.62,0.2,0.55,0.19,2,0.78,中风险
0.71,0.17,否,0.72,0.9,2.53,中级,无,无,14.91,14.11,0.06,否,是,0.58,配电箱,58.14,0.83,0,0.68,0.32,2,0.84,高风险
0.22,0.05,否,0.69,0.88,7.05,高级,无,无,27.22,11.57,0.24,是,是,0.76,塔吊,11.33,0.52,0.22,0.85,0.65,8,0.39,高风险
0.47,0.2,否,0.54,0.65,3.07,初级,无,≥2次,8.99,18.99,0.33,是,是,0.36,高支模,3.23,0.44,0,0.84,0.54,0,0.49,极高风险
0.5,0.61,否,0.85,0.83,21.94,中级,无,无,18.99,49.01,0.36,是,是,0.71,深基坑,9.03,0.45,0.96,0.9,0.89,1,0.63,中风险
0.67,0.18,否,0.7,0.79,5.14,中级,无,无,28.05,14.24,0.03,是,是,0.62,车辆,4.28,0.61,0.28,0.95,0.56,1,0.56,无风险
0.61,0.14,否,0.65,0.82,4.29,初级,无,无,41.07,39.58,0.34,是,是,0.89,塔吊,0.82,1,0.05,0.82,0.66,4,0.8,无风险
0.34,0.31,否,0.65,0.78,6.4,中级,1次,1次,28.91,44.06,0.63,是,是,0.57,塔吊,17.94,0.74,0.08,0.67,0.62,1,0.73,极高风险
0.69,0.37,否,0.77,0.9,5.56,初级,无,1次,26.79,19.56,0.04,是,是,0.84,高支模,10.67,0.73,0.95,0.56,0.43,1,0.53,高风险
0.48,0.15,否,0.49,0.6,12.45,中级,无,无,14.87,33.47,0.23,否,是,0.7,塔吊,16.64,0.11,0.35,0.89,0.51,2,0.67,极高风险
0.86,0.63,否,0.77,0.9,1.85,中级,无,1次,30.47,83.72,0.08,是,是,0.38,塔吊,8.08,0.62,0.22,0.95,0.35,2,0.79,高风险
0.61,0.28,否,0.63,0.75,5.63,中级,无,1次,32.34,49.19,0.11,是,是,0.57,高支模,4.27,0.89,0.22,0.72,0.75,4,0.54,中风险
0.79,0.55,否,0.63,0.89,9.32,中级,无,≥2次,27.05,50.78,0.05,否,是,0.62,深基坑,10.91,0.73,0.16,0.77,0.69,3,0.74,极高风险
0.8,0.33,否,0.59,0.81,0.75,中级,无,1次,10.99,34.25,0.43,是,是,0.49,配电箱,3.56,0.71,0.53,0.77,0.34,1,0.46,极高风险
0.31,0.39,否,0.72,0.81,18.03,初级,无,1次,26.9,13.52,0.19,是,是,0.9,车辆,11.56,0.25,0.28,0.63,0.43,5,0.75,高风险
0.66,0.24,是,0.7,0.83,23.17,初级,≥2次,1次,42.8,31.67,0.23,是,是,0.7,深基坑,20.22,0.68,0,0.71,0.83,3,0.37,极高风险
0.41,0.13,否,0.63,0.81,1.27,中级,无,1次,16.01,31.69,0.17,是,是,0.13,高支模,1.28,0.93,0,0.85,0.94,3,0.46,高风险
0.84,0.56,否,0.76,0.77,11.12,中级,1次,无,43.87,41.22,0.26,是,是,0.57,高支模,0.3,0.32,0.51,0.72,0.27,2,0.63,高风险
0.36,0.63,否,0.74,0.8,9.93,中级,无,无,8.76,31.84,0.68,是,是,0.52,高支模,23.91,0.6,0,0.5,0.77,1,0.92,高风险
0.89,0.6,否,0.82,0.83,33.92,中级,无,无,50.8,42.91,0.27,是,是,0.87,高支模,1.7,1,0.11,0.9,0.84,2,0.52,无风险
0.73,0.44,否,0.6,0.71,20.73,初级,无,1次,20.8,19.21,0.38,是,是,0.87,车辆,22.29,0.82,0.15,0.86,0.79,3,0.93,低风险
0.25,0.33,否,0.55,0.82,2.18,中级,无,1次,10.74,29.69,0.57,是,是,0.93,车辆,15.44,0.65,0.25,0.79,0.8,2,0.46,高风险
0.82,0.11,否,0.78,0.68,27.85,初级,无,无,23.14,15.05,0.23,是,是,0.05,深基坑,24.02,0.79,0.13,0.87,0.49,1,0.79,高风险
0.28,0.13,否,0.8,0.89,23.53,初级,无,无,23.05,15.13,0.14,是,是,0.76,配电箱,13.92,0.58,0.69,0.83,0.59,2,0.95,低风险
0.34,0.49,否,0.76,0.7,34.58,中级,1次,无,14.57,26.12,0.37,否,是,0.44,深基坑,27.22,0.47,0.15,0.72,0.32,2,0.85,极高风险
0.82,0.13,否,0.91,0.77,16.15,中级,≥2次,1次,17.91,33.22,0.24,是,是,0.56,塔吊,22.83,0.58,0.17,0.78,0.77,1,0.53,低风险
0.76,0.66,否,0.55,0.73,2.32,初级,无,无,16.88,64.39,0.15,是,是,0.62,深基坑,25.18,0.86,0.41,0.86,0.5,3,0.71,极高风险
0.26,0.22,否,0.61,0.76,2.79,中级,无,≥2次,18.91,22.37,0.19,是,是,0.96,塔吊,19.2,0.48,0.09,0.93,0.67,4,0.5,中风险
0.92,0.42,否,0.74,0.71,7.14,中级,1次,1次,11.91,70.74,0.42,是,是,0.69,车辆,24.82,0.49,0,0.82,0.56,2,0.88,高风险
0.55,0.19,否,0.85,0.77,3.57,中级,无,1次,24.65,93.05,0.37,是,是,0.52,深基坑,45.7,0.54,0.52,0.96,0.48,2,0.43,极高风险
0.94,0.74,否,0.79,0.82,8.02,中级,无,无,20.3,13.33,0.25,是,是,0.74,高支模,0.12,0.86,0.4,0.76,0.82,2,0.46,无风险
0.6,0.23,否,0.62,0.8,3.62,初级,无,无,19.87,38.15,0.66,是,是,0.8,高支模,8.93,1,0.25,0.8,0.82,2,0.36,中风险
0.89,0.39,否,0.61,0.69,2.76,中级,无,1次,13.74,30.58,0.33,是,是,0.93,配电箱,18.62,0.91,0.3,0.9,0.24,3,0.71,高风险
0.86,0.29,否,0.81,0.76,3.29,中级,无,无,10.29,8.49,0.01,是,是,0.73,车辆,11.9,0.74,0.36,0.72,0.77,1,0.41,无风险
0.21,0.16,否,0.54,0.8,5.88,高级,无,无,30.11,100.54,0.47,是,是,0.44,配电箱,25.23,0.59,0.02,0.7,0.6,2,0.87,高风险
0.89,0.25,否,0.77,0.71,0.77,初级,无,无,31.52,88.09,0.11,是,是,0.64,深基坑,11.3,0.29,0.08,0.95,0.49,2,0.56,中风险
0.46,0.19,否,0.59,0.71,12.17,中级,无,无,19.07,71.41,0.01,是,是,0.64,高支模,9.56,0.86,0,0.97,0.68,1,0.16,无风险
0.46,0.24,否,0.65,0.88,1.7,初级,无,无,18.7,22.26,0.49,是,是,0.55,配电箱,21.78,0.74,0,0.85,0.58,2,0.91,中风险
0.83,0.58,是,0.76,0.75,18.21,高级,无,无,27.81,63.16,0.18,是,是,0.94,塔吊,6.39,0.16,0,0.66,0.17,1,0.8,高风险
0.64,0.44,否,0.85,0.71,3.37,中级,无,1次,7.56,15.03,0.69,是,是,0.56,车辆,30.23,0.41,0,0.95,0.59,9,0.95,极高风险
0.34,0.33,否,0.73,0.75,11.11,中级,无,无,16.96,16.65,0.15,是,否,0.12,深基坑,22.27,0.82,0.17,0.91,0.68,0,0.81,极高风险
0.14,0.43,否,0.63,0.79,5.89,初级,无,1次,26.59,21.74,0.16,是,是,0.7,塔吊,20.48,0.63,0.44,0.9,0.85,4,0.24,高风险
0.38,0.35,否,0.74,0.66,3.34,无证,无,无,10.5,18.77,0.19,是,是,0.83,高支模,17.53,0.55,0.2,0.65,0.34,4,0.41,极高风险
0.63,0.14,否,0.61,0.79,2.71,中级,1次,≥2次,21.72,17.91,0.35,是,是,0.71,高支模,40.8,0.65,0.28,0.95,0.43,4,0.45,极高风险
0.4,0.24,否,0.78,0.87,5.79,无证,无,1次,10.01,58.73,0.05,是,是,0.66,高支模,16.26,1,0.54,0.85,0.86,1,0.69,高风险
0.65,0.57,否,0.84,0.83,25.53,初级,1次,无,6.03,12.56,0.16,是,是,0.69,深基坑,9.9,0.51,0,0.71,0.7,2,0.66,无风险
0.45,0.52,否,0.91,0.66,4.59,中级,1次,1次,8.67,12.53,0.14,是,是,0.81,深基坑,5.94,0.55,0.29,0.74,0.46,0,0.34,高风险
0.7,0.37,否,0.87,0.77,1.45,初级,1次,无,48.02,68.54,0.41,是,是,0.85,车辆,12.07,0.62,0,0.94,0.39,4,0.65,高风险
0.89,0.14,是,0.85,0.62,10.56,中级,无,无,5.8,43.71,0.12,是,是,0.74,深基坑,0.81,0.39,0.1,0.95,0.93,4,0.7,高风险
0.56,0.27,否,0.59,0.94,14.83,高级,无,1次,29.31,24.91,0.39,是,是,0.82,车辆,27.25,0.72,0,0.6,0.93,0,0.92,无风险
0.76,0.43,否,0.86,0.8,6.92,初级,无,无,18.9,14.83,0.52,是,是,0.57,塔吊,18.31,0.6,0.59,0.85,0.93,0,0.75,低风险
0.89,0.09,否,0.64,0.86,6.25,中级,无,≥2次,17.79,18.57,0.2,是,是,0.52,深基坑,3.87,0.43,0.65,0.81,0.66,4,0.36,高风险
0.37,0.23,否,0.9,0.78,1.76,初级,无,无,27.94,33.67,0.16,是,是,0.62,配电箱,19.03,0.54,0.52,0.81,0.25,1,0.74,高风险
0.69,0.19,否,0.52,0.63,6.03,中级,无,1次,32.14,18.75,0.04,否,是,0.72,塔吊,18.33,0.68,0.22,0.85,0.43,2,0.85,高风险
0.47,0.22,否,0.64,0.73,2.25,高级,无,1次,26.73,29.21,0.36,是,是,0.42,配电箱,25.2,0.44,0.16,0.8,0.19,4,0.83,极高风险
0.05,0.23,否,0.76,0.75,21.83,中级,无,≥2次,27.7,31.61,0.28,是,是,0.86,车辆,36.41,0.41,0,0.85,0.32,1,0.81,高风险
0.8,0.46,否,0.61,0.94,21.77,初级,无,1次,13.72,46.56,0.01,是,是,0.6,高支模,14.62,0.28,0.48,0.98,0.84,1,0.56,中风险
0.57,0.16,否,0.7,0.88,35.93,高级,无,1次,16.09,13.42,0.03,是,是,0.45,塔吊,0.87,0.5,0.09,0.69,0.08,1,0.37,无风险
0.27,0.23,否,0.82,0.94,22.31,高级,无,无,21.75,60.49,0.1,是,是,0.68,深基坑,32.05,0.65,0.11,0.86,0.8,2,0.88,无风险
0.8,0.57,否,0.51,0.68,2.39,中级,无,1次,13.54,64.77,0.13,是,否,0.27,高支模,13.08,1,0.23,0.9,0.85,0,0.79,极高风险
0.16,0.24,否,0.72,0.91,1.58,高级,无,1次,14.37,22.22,0.06,是,是,0.75,配电箱,4.97,0.45,0.56,0.87,0.71,2,0.78,高风险
0.81,0.47,否,0.9,0.82,6.14,初级,无,无,28.22,56.23,0.19,是,是,0.92,配电箱,12.14,0.55,0.31,0.54,0.78,4,0.53,中风险
0.31,0.09,否,0.72,0.72,5.87,中级,无,无,12.61,15.39,0.29,是,是,0.33,车辆,31.07,0.61,0,0.71,0.81,2,0.49,低风险
0.2,0.11,否,0.73,0.86,24.98,中级,无,无,7.78,38.06,0.01,是,是,0.69,车辆,3.82,0.67,0.52,0.95,0.74,2,0.68,高风险
0.03,0.41,否,0.67,0.83,4.64,无证,无,无,10.59,18.94,0.48,是,是,0.59,深基坑,10.6,0.62,0.45,0.55,0.44,4,0.43,极高风险
0.8,0.57,否,0.74,0.82,22.78,高级,无,无,30.92,28.87,0.14,是,是,0.82,高支模,23.77,0.16,0.26,0.72,0.55,3,0.59,低风险
0.77,0.52,否,0.68,0.75,6.98,初级,无,无,42.86,17.99,0.25,是,是,0.82,车辆,3.87,1,0.75,0.76,0.78,1,0.82,无风险
0.51,0.2,否,0.76,0.69,3.37,中级,无,无,6.25,55.68,0.24,是,是,0.17,车辆,2.23,1,0,0.73,0.46,2,0.38,高风险
0.12,0.09,否,0.52,0.8,11.45,高级,无,1次,35.25,53.42,0.2,是,是,0.56,塔吊,25.22,0.9,0.71,0.83,0.09,0,0.85,高风险
0.51,0.22,否,0.56,0.82,24.02,中级,1次,无,19.52,13.65,0.07,是,是,0.61,深基坑,32.11,1,0.33,0.72,0.57,3,0.57,低风险
0.8,0.35,否,0.87,0.73,16.34,中级,无,无,12.89,20.76,0.15,是,是,0.79,深基坑,29.98,0.69,0.14,0.87,0.77,2,0.4,无风险
0.19,0.29,否,0.78,0.74,5.58,初级,无,无,31.72,88.69,0.22,是,是,0.92,深基坑,53,0.5,0.01,0.91,0.88,2,0.37,高风险
0.49,0.22,否,0.84,0.76,7.44,初级,无,1次,31.41,45.32,0.05,是,是,0.69,深基坑,41.44,0.91,0,0.95,0.37,2,0.87,中风险
0.71,0.46,否,0.64,0.81,6.97,中级,无,≥2次,69.71,47.45,0.06,是,是,0.41,车辆,23.86,0.76,0.17,0.85,0.57,0,0.96,极高风险
0.65,0.28,否,0.62,0.92,10.98,高级,无,无,17.67,29.67,0.02,是,否,0.44,深基坑,11.71,0.13,0,0.79,0.45,1,0.67,高风险
0.51,0.45,否,0.58,0.97,8.97,中级,无,1次,14.85,23.98,0.01,是,是,0.52,深基坑,3.59,0.18,0.08,0.74,0.66,3,0.88,低风险
0.86,0.6,否,0.8,0.58,5.72,初级,无,无,19.26,40.91,0.18,是,是,0.68,配电箱,56.28,0.21,0.45,0.84,0.37,1,0.88,极高风险
0.15,0.15,否,0.7,0.75,0.05,中级,1次,无,8.16,27.06,0.11,是,是,0.3,高支模,0.07,0.51,0.46,0.93,0.87,3,0.58,高风险
0.76,0.48,否,0.72,0.76,17.48,初级,无,无,16.3,27.49,0.13,是,是,0.94,高支模,14.1,0.67,0.88,0.86,0.44,5,0.78,中风险
0.69,0.94,否,0.68,0.68,9.54,中级,无,无,50.99,47.62,0.39,是,是,0.87,高支模,24.23,0.98,0.18,0.72,0.81,3,0.88,高风险
0.62,0.12,否,0.58,0.79,5.14,中级,无,无,10.01,38.28,0.27,是,是,0.79,配电箱,4.27,1,0.42,0.88,0.67,2,0.86,低风险
0.57,0.11,否,0.6,0.73,19.25,中级,1次,无,19.25,53.11,0.27,是,是,0.43,配电箱,44.84,0.65,0.11,0.92,0.37,1,0.59,高风险
0.21,0.21,否,0.5,0.65,3.64,初级,1次,无,26.61,11.2,0.66,是,是,0.88,高支模,26.59,1,0.53,0.84,0.6,5,0.82,极高风险
0.87,0.17,否,0.67,0.74,1.44,初级,无,无,16.01,19.69,0.51,是,是,0.32,高支模,2.34,0.46,0.07,0.91,0.69,0,0.64,低风险
0.31,0.3,否,0.69,0.61,8.87,初级,1次,无,24.68,105.09,0.47,是,是,0.52,高支模,13.1,0.51,0.06,0.9,0.22,2,0.5,极高风险
0.37,0.1,否,0.94,0.57,1.47,中级,无,1次,7.5,39.47,0.12,是,是,0.27,配电箱,1.1,0.6,0.57,0.49,0.51,0,0.7,高风险
0.58,0.64,否,0.68,0.77,28.74,中级,无,≥2次,11.43,13.41,0.02,是,是,0.71,配电箱,0.03,0.08,0,0.9,0.62,3,0.6,无风险
0.62,0.44,否,0.83,0.86,7.34,高级,无,1次,45.25,78.3,0.55,是,是,0.86,车辆,18.95,0.42,0.6,0.91,0.31,0,0.33,极高风险
0.95,0.47,否,0.68,0.73,4.78,中级,1次,无,37.47,60.52,0.08,是,是,0.29,深基坑,33.17,0.64,0.19,0.69,0.65,1,0.65,高风险
0.54,0.57,否,0.65,0.79,1.48,无证,无,无,30.07,16.72,0.05,是,是,0.24,塔吊,14.6,0.27,0.29,0.94,0.87,1,0.52,高风险
0.82,0.11,否,0.81,0.83,23.89,高级,无,无,48.5,40.6,0.2,是,是,0.41,深基坑,2.85,0.13,0.2,0.94,0.52,2,0.77,无风险
0.74,0.23,否,0.83,0.61,0.93,初级,无,1次,20.07,15.52,0.04,是,是,0.87,车辆,39.72,0.7,0.04,0.83,0.73,0,0.75,无风险
0.63,0.88,否,0.77,0.91,11.66,中级,无,无,46.41,71.6,0.1,是,是,0.83,配电箱,2.14,0.74,0.4,0.88,0.75,2,0.72,高风险
0.65,0.18,否,0.78,0.71,2.89,高级,无,≥2次,11.01,100.19,0.19,是,是,0.44,配电箱,27.06,0.56,0.25,0.85,0.53,1,0.87,极高风险
0.66,0.15,否,0.68,0.81,6.41,中级,无,无,64.28,26.88,0.27,是,是,0.54,塔吊,74.61,0.67,0,0.62,0.7,1,0.59,低风险
0.76,0.37,否,0.66,0.64,1.19,初级,无,1次,24.54,63.08,0.01,是,是,0.15,高支模,15.77,0.63,0.58,0.76,0.92,2,0.53,极高风险
0.78,0.15,否,0.63,0.87,8.11,无证,无,无,24.69,32.95,0.32,是,是,0.36,塔吊,20.41,1,0.8,0.76,0.77,4,0.79,高风险
0.75,0.51,否,0.65,0.98,27.79,高级,无,无,31.43,93.1,0.32,是,否,0.26,配电箱,19.05,0.51,0.11,0.71,0.89,4,0.7,高风险
0.47,0.23,否,0.79,0.74,14.03,中级,无,无,11.63,34.54,0.28,否,是,0.83,深基坑,22.59,0.39,0,0.61,0.86,6,0.78,高风险
0.35,0.06,否,0.69,0.77,4.07,中级,无,1次,34.04,48.96,0.67,是,是,0.58,配电箱,1.82,0.87,0.37,0.95,0.83,5,0.84,中风险
0.88,0.37,是,0.69,0.87,7.62,高级,无,无,5.63,34.73,0.37,是,是,0.96,深基坑,12.51,1,0,0.75,0.73,3,0.79,高风险
0.65,0.15,否,0.68,0.88,14.41,中级,无,1次,15.77,17.35,0.62,是,是,0.4,深基坑,16.28,0.72,0,0.84,0.56,3,0.26,中风险
0.11,0.19,否,0.71,0.81,0.53,中级,无,无,31.97,13.76,0.29,是,是,0.53,塔吊,15.42,0.78,0.31,0.58,0.81,5,0.53,高风险
0.5,0.17,否,0.66,0.71,3.46,无证,无,1次,22.36,33.84,0.15,是,是,0.51,配电箱,7.94,0.81,0.19,0.58,0.51,3,0.61,极高风险
0.5,0.7,否,0.62,0.69,1.78,中级,无,无,11.04,13.88,0.15,是,是,0.67,车辆,1.37,1,0.52,0.94,0.9,9,0.28,高风险
0.21,0.21,否,0.67,0.72,2.95,初级,无,1次,18.96,17.55,0.49,是,是,0.78,塔吊,1.61,0.58,0.09,0.96,0.85,0,0.72,低风险
0.47,0.17,否,0.57,0.65,3.22,无证,无,1次,39.04,58.38,0.09,是,是,0.24,配电箱,45.02,0.26,0.13,0.85,0.53,2,0.8,极高风险
0.87,0.15,否,0.97,0.8,10.82,中级,无,≥2次,6.25,25.27,0.18,是,是,0.66,高支模,25.82,0.68,0.12,0.61,0.61,2,0.82,中风险
0.58,0.18,否,0.71,0.87,0.58,中级,1次,无,13.21,27.63,0,是,是,0.48,车辆,18.85,0.15,0.3,0.51,0.5,2,0.51,极高风险
0.51,0.24,否,0.67,0.78,1.87,初级,无,1次,32.69,30.34,0,是,是,0.56,高支模,0.16,0.51,0.11,0.89,0.19,5,0.76,中风险
0.47,0.12,否,0.71,0.84,0.33,中级,1次,无,13.41,8.74,0.28,是,是,0.29,塔吊,4.19,0.93,0,0.87,0.65,6,0.37,低风险
0.31,0.31,否,0.74,0.86,10.49,中级,无,无,21.02,24.37,0.03,是,是,0.5,深基坑,2.47,0.45,0.28,0.65,0.73,4,0.54,低风险
0.45,0.38,否,0.52,0.74,5.71,无证,无,无,14.7,49.22,0.2,是,是,0.41,高支模,7.08,1,0.48,0.76,0.89,3,0.46,高风险
0.76,0.2,否,0.63,0.83,4.58,初级,无,1次,44.8,13.4,0.11,是,是,0.59,配电箱,31.82,0.53,0.31,0.93,0.67,4,0.6,中风险
0.32,0.65,否,0.65,0.98,29.24,初级,无,无,16.85,21.5,0.17,是,是,0.88,车辆,26.58,1,0.16,0.79,0.65,3,0.57,低风险
0.59,0.6,否,0.57,0.8,20.26,高级,无,无,36.32,49.81,0.17,是,是,0.74,深基坑,16.09,0.35,0.61,0.87,0.79,1,0.54,低风险
0.16,0.18,否,0.59,0.67,4.1,高级,无,无,21.94,36.62,0.11,否,是,0.23,车辆,13.89,0.75,0.1,0.56,0.06,4,0.48,极高风险
0.62,0.5,否,0.54,0.95,35.55,高级,无,无,18.74,35.99,0.01,是,是,0.74,塔吊,16.55,0.32,0.73,0.92,0.84,3,0.71,无风险
0.63,0.22,否,0.67,0.87,3.08,中级,无,无,17.93,16.84,0.15,是,是,0.77,高支模,17.4,0.44,0.68,0.91,0.82,3,0.76,低风险
0.72,0.33,否,0.78,0.85,9.02,高级,无,无,13.66,45.77,0.44,是,是,0.29,塔吊,2.87,0.3,0.04,0.66,0.44,2,0.82,低风险
0.49,0.26,否,0.63,0.66,13.45,中级,无,1次,14.47,53.33,0.19,是,是,0.56,深基坑,19.17,0.76,0,0.81,0.63,7,0.52,高风险
0.92,0.5,否,0.63,0.77,4.09,高级,无,≥2次,15.31,54.22,0.48,是,是,0.44,塔吊,28.74,0.72,0.3,0.72,0.78,1,0.66,极高风险
0.56,0.18,是,0.75,0.92,7.92,中级,1次,1次,18.86,19.19,0.26,是,是,0.92,高支模,15.79,0.35,0.07,0.9,0.76,2,0.64,高风险
0.88,0.1,否,0.67,0.96,15.16,高级,无,无,16.52,23.83,0.76,是,是,0.65,高支模,18.5,0.56,0.05,0.66,0.86,1,0.47,无风险
0.74,0.42,否,0.54,0.73,4.72,中级,无,1次,17.59,14.31,0.12,是,是,0.71,车辆,26.7,0.41,0.36,0.88,0.51,0,0.88,高风险
0.61,0.73,否,0.77,0.77,3.57,中级,无,无,18.26,37.61,0.63,是,否,0.15,高支模,1.68,0.62,0.34,0.93,0.23,6,0.92,极高风险
0.97,0.24,否,0.53,0.92,3.1,中级,无,1次,21.98,33.08,0.43,是,是,0.39,配电箱,21.88,0.44,0,0.83,0.68,4,0.93,中风险
0.5,0.09,否,0.55,0.91,17.98,初级,无,无,38.13,43.73,0.04,是,是,0.47,高支模,3.25,0.53,0,0.98,0.26,3,0.85,无风险
0.87,0.13,否,0.8,0.88,7.83,高级,无,无,39.95,18.67,0.06,是,否,0.73,车辆,3.15,0.72,0.53,0.75,0.44,7,0.31,高风险
0.51,0.39,否,0.66,0.78,4.55,初级,无,无,42.4,34.74,0.68,是,是,0.88,配电箱,6.66,1,0.42,0.7,0.65,6,0.55,极高风险
0.76,0.2,否,0.75,0.9,22.04,中级,无,无,11.53,57.99,0.31,否,是,0.89,配电箱,23.04,1,0.01,0.87,0.43,2,0.52,高风险
0.81,0.27,否,0.75,0.59,5.48,中级,无,无,14.13,25.29,0.32,是,是,0.97,配电箱,24.17,0.78,0.12,0.77,0.71,3,0.36,高风险
0.94,0.32,否,0.63,0.83,21.73,中级,无,无,13.64,28.83,0.39,是,是,0.12,塔吊,58.39,0.35,0,0.84,0.77,2,0.72,高风险
0.76,0.32,否,0.89,0.86,8.87,高级,1次,无,30.25,37.51,0.54,是,是,0.32,高支模,6.39,1,0.02,0.78,0.43,3,0.69,低风险
0.56,0.25,否,0.63,0.89,9.33,高级,无,无,13.82,34.2,0.81,是,是,0.7,深基坑,3.25,0.59,0.35,0.89,0.52,4,0.62,低风险
0.82,0.21,否,0.66,0.73,3.63,初级,无,1次,25.57,20.87,0.18,是,是,0.6,配电箱,22.24,0.59,0.31,0.85,0.93,1,0.26,中风险
0.62,0.46,否,0.7,0.78,9.73,高级,无,无,45.67,18.5,0.23,是,是,0.46,车辆,2.47,1,0,0.62,0.18,1,0.39,无风险
0.17,0.66,否,0.7,0.75,2.18,中级,无,无,15.4,47.27,0.06,否,是,0.37,塔吊,11.94,1,0,0.91,0.56,2,0.84,极高风险
0.92,0.21,否,0.74,0.87,10.28,中级,无,无,20.01,8.22,0.2,是,是,0.7,车辆,26.81,0.78,0.58,0.78,0.44,8,0.5,高风险
0.68,0.54,否,0.79,0.83,16.6,中级,1次,无,15.62,23.08,0.14,是,是,0.74,配电箱,17.29,0.86,0.24,0.92,0.35,2,0.66,低风险
0.63,0.6,否,0.69,0.81,13.59,中级,无,≥2次,18.7,20.72,0.25,是,是,0.65,塔吊,1.69,0.61,0.76,0.9,0.17,1,0.69,极高风险
0.82,0.38,否,0.71,0.74,1.14,中级,无,1次,15.99,9.8,0.03,是,是,0.75,高支模,71.31,0.19,0.3,0.91,0.64,3,0.43,高风险
0.58,0.3,否,0.64,0.81,21.99,初级,无,无,19.14,17.38,0.66,是,是,0.6,车辆,12.65,1,0.01,0.71,0.64,4,0.37,低风险
0.56,0.25,否,0.6,0.65,0.14,初级,无,1次,31.66,82.36,0.08,是,否,0.75,车辆,9.32,0.49,0.56,0.92,0.33,4,0.68,极高风险
0.59,0.36,否,0.56,0.82,28.39,初级,无,无,18.7,12.98,0.23,是,是,0.89,车辆,2.46,0.89,0.53,0.82,0.55,2,0.84,无风险
0.43,0.16,否,0.76,0.94,7.53,高级,1次,无,16.27,62.47,0.15,是,否,0.51,高支模,1.33,0.72,0,0.7,0.48,4,0.83,高风险
0.75,0.47,否,0.74,0.72,0.03,中级,无,无,18.54,19.68,0.02,是,否,0.48,深基坑,20.77,0.8,0.32,0.46,0.34,4,0.67,极高风险
0.83,0.19,否,0.62,0.68,5.9,中级,无,≥2次,14.64,73.37,0.26,是,是,0.62,深基坑,0.16,0.78,0,0.96,0.37,0,0.49,中风险
0.77,0.04,否,0.67,0.79,28.94,初级,无,无,28.55,22.69,0.38,是,是,0.8,深基坑,1.36,0.87,0.2,0.73,0.56,0,0.55,无风险
0.31,0.16,否,0.52,0.7,4.01,中级,无,无,18.88,23.86,0.02,是,是,0.71,高支模,17.94,0.43,0.2,0.92,0.53,0,0.25,中风险
0.71,0.37,否,0.66,0.78,14.62,初级,无,无,10.87,18.6,0.87,是,是,0.57,车辆,6.39,0.02,0.37,0.91,0.64,2,0.66,极高风险
0.5,0.17,否,0.64,0.76,3.21,高级,无,1次,21.78,48.76,0.54,是,是,0.58,深基坑,17.7,1,0.36,0.56,0.66,1,0.24,高风险
0.58,0.19,是,0.94,0.81,9.06,中级,无,1次,20.58,35.19,0.12,是,是,0.55,高支模,36.81,0.28,0.24,0.84,0.68,1,0.84,极高风险
0.31,0.24,否,0.74,0.81,36.69,高级,无,无,29.34,35.7,0.13,是,是,0.75,配电箱,6.6,0.47,0,0.8,0.85,3,0.4,无风险
0.72,0.12,否,0.67,0.75,20.31,初级,无,1次,26.49,30.7,0.51,是,否,0.85,配电箱,12.45,0.49,0.14,0.71,0.85,2,0.7,高风险
0.56,0.09,否,0.81,0.62,4.08,初级,无,1次,6.7,14.07,0.01,是,是,0.76,深基坑,30.52,0.68,0.22,0.82,0.59,1,0.46,中风险
0.59,0.44,否,0.69,0.74,2.22,初级,无,≥2次,16.34,81.12,0.16,是,是,0.04,深基坑,25.08,0.66,0.41,0.83,0.49,5,0.59,极高风险
0.81,0.24,否,0.62,0.94,3.38,初级,无,无,12.29,9.47,0,是,是,0.84,配电箱,0.42,0.84,0.52,0.9,0.3,4,0.62,无风险
0.31,0.48,否,0.65,0.78,7.33,高级,无,无,14.58,19.72,0.34,是,是,0.67,高支模,21.02,1,0.15,0.81,0.68,0,0.82,低风险
0.67,0.11,否,0.71,0.74,9.19,中级,无,1次,13.76,48.16,0.05,否,是,0.38,配电箱,13.27,0.44,0,0.83,0.28,4,0.64,极高风险
0.4,0.17,否,0.64,0.83,19.46,中级,无,无,28.76,24.04,0.18,是,是,0.15,塔吊,23.1,0.66,0.12,0.53,0.46,2,0.53,高风险
0.58,0.66,否,0.56,0.91,4.79,中级,无,无,23.75,18.95,0.27,是,否,0.55,深基坑,18.91,0.59,0.37,0.59,0.38,3,0.6,极高风险
0.49,0.26,否,0.73,0.89,10.5,高级,无,无,9.59,13.48,0.12,是,是,0.38,高支模,10.17,0.72,0.23,0.83,0.68,1,0.7,无风险
0.65,0.38,否,0.64,0.82,0.11,中级,1次,无,24.12,69.23,0.27,是,是,0.24,深基坑,34.87,0.57,0.43,0.8,0.37,1,0.14,极高风险
0.71,0.71,否,0.73,0.83,1.32,高级,无,1次,32.58,29.41,0,是,是,0.82,高支模,26.16,0.25,0.08,0.86,0.14,2,0.73,高风险
0.75,0.44,否,0.83,0.81,8.67,无证,无,无,16.11,25.18,0.17,是,是,0.45,塔吊,17.88,1,0.38,0.81,0.73,6,0.8,高风险
0.43,0.31,否,0.75,0.66,3.41,中级,1次,1次,25.63,20.05,0.15,是,是,0.8,车辆,0.85,0.46,0.08,0.95,0.49,6,0.88,低风险
0.8,0.4,否,0.88,0.84,2.28,中级,无,无,16.11,21.17,0.17,是,是,0.26,车辆,1.85,0.9,0.19,0.7,0.57,2,0.72,无风险
0.81,0.41,否,0.71,0.81,0.83,中级,无,1次,21.69,33.16,0.33,是,是,0.63,高支模,24.19,0.61,0.02,0.92,0.76,3,0.22,中风险
0.63,0.18,否,0.84,1,13.42,中级,无,1次,22.57,13.51,0.04,是,是,0.41,深基坑,10.48,0.51,0.15,0.89,0.53,4,0.58,无风险
0.95,0.49,否,0.74,0.71,3.35,中级,无,1次,16.99,32.56,0.42,是,是,0.19,车辆,13.86,0.55,0.17,0.9,0.41,4,0.71,极高风险
0.88,0.2,否,0.64,0.63,3.13,高级,无,无,27.89,58.31,0.1,是,是,0.72,深基坑,17.52,0.34,0.02,0.9,0.73,0,0.91,无风险
0.42,0.34,否,0.6,0.64,18.57,高级,无,无,13.95,62.02,0.16,是,是,0.95,配电箱,27.81,0.81,0.3,0.9,0.65,1,0.81,低风险
0.44,0.27,否,0.53,0.93,1.21,初级,无,1次,25.89,23.74,0.2,是,是,0.77,配电箱,41.92,0.14,0.39,0.75,0.65,3,0.26,极高风险
0.98,0.64,否,0.59,0.82,6.54,高级,无,1次,26.71,16.51,0.02,是,是,0.81,塔吊,21.04,1,0.23,0.97,0.78,3,0.77,无风险
0.62,0.16,否,0.52,0.8,7.97,高级,无,无,19.81,38.06,0.21,否,是,0.42,配电箱,4.31,0.65,0.49,0.84,0.53,1,0.48,极高风险
0.71,0.5,否,0.86,0.66,12.56,中级,无,1次,16.88,24.31,0.77,是,是,0.71,车辆,15.94,0.77,0,0.82,0.83,2,0.66,低风险
0.8,0.21,否,0.59,0.67,6.46,高级,无,无,20.28,15.41,0.21,是,是,0.79,车辆,21.34,0.87,0.25,0.85,0.65,1,0.4,无风险
0.3,0.28,否,0.9,0.88,10.56,中级,无,≥2次,33.02,50.15,0.63,是,是,0.72,车辆,0.59,0.28,0.21,0.89,0.2,7,0.42,极高风险
0.93,0.41,否,0.67,0.78,10.32,初级,无,≥2次,7.62,25.61,0.04,是,是,0.38,塔吊,0.88,0.63,0.38,0.93,0.34,5,0.67,极高风险
0.63,0.32,否,0.62,0.77,11.94,初级,1次,无,21.3,51.27,0.7,是,是,0.34,车辆,4.47,0.52,0.2,0.73,0.75,2,0.83,高风险
0.56,0.15,否,0.73,0.73,1.34,中级,无,无,38.58,38.02,0.22,是,是,0.56,塔吊,27.16,0.4,0.24,0.69,0.55,2,0.52,中风险
0.76,0.94,否,0.72,0.78,16.98,高级,1次,无,19.94,29.73,0.27,是,是,0.54,塔吊,12.09,1,0.43,0.62,0.12,2,0.68,高风险
0.79,0.33,否,0.73,0.77,2.06,中级,无,无,16.45,34.92,0.05,是,是,0.61,配电箱,33.63,0.29,0.22,0.88,0.79,3,0.91,低风险
0.55,0.83,否,0.72,0.82,14.36,初级,无,无,21.31,14.75,0.27,是,是,0.69,深基坑,12.05,0.8,0.25,0.8,0.24,6,0.66,高风险
0.48,0.34,否,0.74,0.85,5.29,中级,无,无,7.57,26.72,0.07,是,是,0.37,车辆,29.51,0.45,0.27,0.98,0.36,3,0.79,高风险
0.59,0.33,否,0.52,0.69,16.72,高级,无,1次,21.57,20.53,0.17,是,是,0.59,高支模,16.34,0.14,0.28,0.95,0.65,3,0.64,中风险
0.1,0.3,否,0.54,0.88,9.07,中级,无,无,13.99,36.01,0.27,是,是,0.37,车辆,5.03,0.52,0.13,0.87,0.37,5,0.32,高风险
0.56,0.35,否,0.82,0.72,14.6,高级,无,无,10.15,8.87,0.27,是,是,0.65,高支模,21.57,0.55,0,0.65,0.42,4,0.72,无风险
0.23,0.25,否,0.7,0.7,8.81,初级,1次,1次,24.49,58.65,0.25,是,是,0.35,车辆,0.97,0.58,0.47,0.76,0.34,4,0.57,极高风险
0.68,0.32,否,0.6,0.69,11.1,初级,≥2次,无,37.07,15.52,0.04,是,是,0.89,配电箱,1.02,0.59,0.82,0.83,0.17,4,0.48,高风险
0.93,0.43,否,0.55,0.95,5.5,高级,无,≥2次,11.26,92.17,0.1,是,是,0.88,车辆,13.91,1,0.2,0.88,0.87,1,0.77,低风险
0.78,0.29,否,0.73,0.76,17.74,中级,无,1次,22.82,25.03,0.07,是,是,0.82,配电箱,1.33,0.67,0.54,0.93,0.93,4,0.4,无风险
0.74,0.08,否,0.61,0.64,2.23,中级,无,无,13.96,12.35,0.28,是,是,0.52,塔吊,4.77,1,0.04,0.86,0.6,1,0.32,无风险
0.8,0.15,否,0.69,0.96,14.92,初级,1次,≥2次,33.28,11.28,0.14,是,是,0.71,深基坑,14.33,1,0.11,0.75,0.76,4,0.48,低风险
0.91,0.3,否,0.85,0.66,2.82,中级,1次,1次,22.78,108.45,0.41,否,是,0.14,车辆,4.89,0.83,0.39,0.65,0.16,4,0.86,极高风险
0.56,0.1,否,0.52,0.83,38.26,中级,无,1次,33.19,23.19,0.09,是,是,0.84,塔吊,11.2,0.93,0.49,0.75,0.8,6,0.58,无风险
0.24,0.17,否,0.83,0.76,27.93,中级,1次,1次,7.76,40.47,0.66,是,是,0.93,高支模,13.69,1,0.38,0.64,0.36,2,0.5,高风险
0.71,0.33,否,0.78,0.85,13.58,初级,无,无,33.05,34.95,0.33,是,是,0.77,配电箱,17.53,0.76,0,0.76,0.53,0,0.45,低风险
0.56,0.28,否,0.66,0.79,10.07,初级,无,无,13.67,16.41,0.58,否,是,0.84,配电箱,41.63,0.76,0.23,0.59,0.56,6,0.46,极高风险
0.76,0.88,否,0.76,0.74,10.74,中级,1次,≥2次,15.77,77.37,0.33,是,是,0.71,高支模,21.79,0.52,0.03,0.86,0.5,4,0.23,极高风险
0.82,0.12,否,0.69,0.89,4.35,初级,无,无,10,48.93,0.38,是,是,0.44,高支模,0.01,0.91,0.37,0.9,0.26,1,0.82,中风险
0.79,0.32,否,0.68,0.72,4.26,无证,无,无,25.64,52.83,0.18,是,否,0.71,配电箱,3.98,0.54,0.27,0.79,0.37,6,0.38,极高风险
0.66,0.11,否,0.63,0.82,12.84,高级,无,无,6.02,60.61,0.31,是,是,0.63,配电箱,51.49,0.58,0,0.82,0.51,3,0.55,低风险
0.93,0.13,否,0.8,0.62,12.17,无证,无,无,15.62,66.16,0.28,是,是,0.55,塔吊,5.6,0.44,0.65,0.57,0.96,0,0.52,高风险
0.78,0.44,否,0.75,0.75,6.93,初级,无,无,25.69,18.73,0.49,是,否,0.36,车辆,19.47,0.86,0.07,0.95,0.43,2,0.82,极高风险
0.6,0.22,否,0.71,0.86,1.44,初级,1次,无,15.69,18.44,0.68,是,是,0.89,塔吊,16.74,0.67,0,0.63,0.26,4,0.69,中风险
0.56,0.17,否,0.76,0.78,11.71,高级,无,无,35.61,36.9,0.11,是,是,0.89,配电箱,28.38,1,0.02,0.74,0.4,4,0.61,无风险
0.83,0.37,否,0.69,0.69,9.46,高级,无,无,13.9,33.02,0.35,是,是,0.56,配电箱,2.5,0.44,0.56,0.6,0.77,5,0.6,中风险
0.93,0.2,否,0.71,0.74,20.57,中级,无,1次,34.52,11.25,0.26,否,是,0.81,塔吊,24.3,0.75,0.38,0.84,0.17,2,0.7,高风险
0.74,0.18,否,0.63,0.92,24.79,中级,无,≥2次,20.98,17.14,0.26,是,是,0.36,配电箱,42.84,0.39,0.25,0.66,0.63,3,0.44,高风险
0.86,0.09,否,0.72,0.91,15.33,高级,无,无,9.81,43.62,0.18,是,是,0.89,车辆,30.87,1,0.08,0.79,0.65,1,0.64,无风险
0.66,0.56,否,0.82,0.87,2.27,中级,无,1次,23.06,22.32,0.02,是,是,0.79,高支模,40.87,0.88,0.16,0.96,0.73,2,0.31,低风险
0.78,0.19,否,0.64,0.84,3.42,中级,无,1次,14.36,38.14,0.4,是,是,0.78,深基坑,8.08,0.1,0.47,0.88,0.78,3,0.73,中风险
0.86,0.47,否,0.65,0.64,4.57,无证,无,1次,24.96,56.55,0.08,是,是,0.38,车辆,10.8,1,0,0.85,0.19,2,0.23,极高风险
0.66,0.68,否,0.79,0.84,15.11,高级,无,无,30.84,61.24,0.38,是,是,0.95,配电箱,45.48,0.63,0.04,0.6,0.56,2,0.09,高风险
0.75,0.17,否,0.61,0.72,0.66,初级,无,≥2次,37.97,54.96,0.33,是,是,0.72,配电箱,44.1,0.5,0.26,0.88,0.87,1,0.71,极高风险
0.27,0.24,否,0.64,0.71,2.91,中级,无,无,9.14,12.09,0.39,是,是,0.59,高支模,17.56,0.55,0.03,0.9,0.74,1,0.3,中风险
0.11,0.34,否,0.67,0.99,3.49,初级,1次,无,18.41,10.98,0.62,是,是,0.8,配电箱,21.25,0.84,0,0.91,0.72,4,0.58,高风险
0.78,0.17,否,0.57,0.94,8.82,高级,无,无,19.44,31.61,0.8,是,是,0.69,配电箱,0.59,1,0.2,0.96,0.42,1,0.77,无风险
0.58,0.18,否,0.75,0.72,13.54,中级,≥2次,无,19.39,26.05,0.28,是,是,0.63,深基坑,55.29,0.69,0.15,0.8,0.68,5,0.46,高风险
0.34,0.19,否,0.56,0.73,0.17,中级,无,≥2次,10.43,14.3,0.15,是,是,0.63,车辆,20.93,0.59,0,0.61,0.51,1,0.82,高风险
0.49,0.36,否,0.55,0.73,10.08,高级,1次,无,8.11,12.99,0.18,是,是,0.88,高支模,0.12,0.57,0.04,0.9,0.78,2,0.71,无风险
0.66,0.45,否,0.62,0.8,8.43,中级,无,1次,23.49,14.14,0.38,是,是,0.35,深基坑,1.42,0.67,0.24,0.83,0.9,1,0.93,低风险
0.45,0.25,否,0.67,0.85,11.75,初级,无,无,13.31,75.35,0.12,是,是,0.91,高支模,15.57,0.71,0,0.41,0.32,3,0.59,中风险
0.28,0.13,否,0.61,0.73,0.38,中级,无,无,13.54,13.85,0.03,是,是,0.09,高支模,6.89,1,0.33,0.7,0.74,2,0.65,高风险
0.71,0.15,否,0.72,0.72,2.35,中级,无,无,24.59,22.02,0.88,是,是,0.5,车辆,11.63,0.87,0.06,0.39,0.81,2,0.9,中风险
0.41,0.28,否,0.84,0.77,11.16,中级,无,无,26.97,18.05,0.44,否,是,0.58,高支模,1.56,0.5,0.25,0.86,0.65,0,0.75,高风险
0.77,0.53,否,0.73,0.78,3.93,中级,无,无,11.3,70.29,0.05,是,是,0.86,车辆,25.61,0.74,0.48,0.42,0.43,1,0.95,高风险
0.8,0.27,否,0.61,0.94,19.44,初级,无,1次,11.7,41.13,0.14,是,是,0.9,车辆,0.6,1,0.34,0.91,0.82,1,0.93,无风险
0.21,0.2,否,0.66,0.83,6.74,高级,1次,1次,18.33,66.19,0.24,否,是,0.91,深基坑,25.36,0.71,0.4,0.87,0.26,4,0.35,极高风险
0.64,0.33,否,0.69,0.8,7.19,初级,1次,无,19.73,55.04,0.55,是,是,0.97,车辆,23,0.57,0.22,0.77,0.34,5,0.86,极高风险
0.7,0.12,否,0.52,0.81,5.57,初级,无,无,18.41,48.27,0.37,是,是,0.52,配电箱,34.56,1,0.81,0.92,0.86,4,0.81,高风险
0.54,0.32,否,0.53,0.93,4.37,中级,无,无,29.18,28.81,0.07,是,是,0.71,深基坑,8.5,0.89,0.13,0.86,0.81,4,0.89,无风险
0.15,0.13,否,0.6,0.97,24.79,中级,无,无,16.04,22.96,0.02,是,是,0.75,深基坑,2.55,0.83,0.29,0.66,0.13,1,0.82,高风险
0.83,0.24,否,0.6,0.85,0.4,初级,1次,无,8,102.25,0.04,是,是,0.86,深基坑,6.76,0.81,0.48,0.77,0.59,0,1,低风险
0.74,0.22,否,0.7,0.82,10.2,高级,无,无,34.38,106.66,0.25,是,是,0.54,深基坑,13.37,0.5,0,0.67,0.81,1,0.83,无风险
0.57,0.41,否,0.77,0.63,6.3,高级,1次,无,22.46,14.93,0.14,是,是,1,配电箱,14.77,0.69,0.3,0.79,0.49,1,0.76,低风险
0.7,0.22,否,0.68,0.72,2.39,高级,无,1次,26.99,39.74,0.08,是,是,0.7,高支模,24.73,0.11,0,0.67,0.87,1,0.66,低风险
0.83,0.25,否,0.6,0.78,37.39,中级,无,无,19.87,22.61,0.33,是,是,0.87,高支模,29.67,0.99,0.35,0.74,0.25,3,0.7,低风险
0.75,0.49,否,0.77,0.61,2.63,初级,无,无,13.92,61.11,0.05,是,是,0.5,配电箱,15.51,0.83,0.01,0.55,0.48,2,0.88,高风险
0.41,0.17,否,0.74,0.82,8.4,中级,无,≥2次,60.97,28.49,0.07,是,是,0.93,塔吊,18.17,0.57,0.02,0.93,0.69,6,0.56,低风险
0.24,0.24,否,0.63,0.76,3.96,中级,无,无,25.64,82.37,0.24,是,是,0.45,配电箱,32.37,0.41,0.48,0.78,0.28,3,0.7,极高风险
0.67,0.21,否,0.7,0.66,24.47,高级,无,无,24.74,37.92,0.74,否,是,0.71,深基坑,10.92,0.76,0.57,0.96,0.78,1,0.49,高风险
0.77,0.4,否,0.66,0.73,6,初级,无,无,43.04,34.26,0.52,是,否,0.72,高支模,27.46,0.41,0.49,0.71,0.82,4,0.21,极高风险
0.54,0.25,否,0.62,0.98,6.6,中级,1次,无,23.17,33.17,0.22,是,是,0.73,深基坑,6.91,0.73,0.7,0.58,0.13,2,0.4,高风险
0.28,0.39,否,0.73,0.77,18.66,中级,1次,无,51.65,93.95,0.12,是,是,0.02,车辆,2.33,0.49,0.04,0.88,0.27,3,0.79,高风险
0.56,0.28,否,0.62,0.84,12.3,中级,无,1次,10.82,26.24,0.24,是,是,0.18,深基坑,6.7,0.9,0,0.83,0.27,4,0.44,高风险
0.58,0.18,否,0.85,0.89,0.59,初级,无,1次,23.35,16.37,0.05,是,是,0.27,高支模,13.51,0.45,0.23,0.93,0.29,3,0.4,高风险
0.6,0.19,否,0.77,0.72,3.07,初级,无,1次,19.32,51.4,0.19,是,是,0.63,高支模,13.62,0.53,0.53,0.79,0.8,5,0.39,极高风险
0.7,0.23,是,0.6,0.78,12.53,中级,1次,无,9.36,45.1,0.32,是,是,0.74,深基坑,2.9,0.42,0.29,0.62,0.77,2,0.48,极高风险
0.79,0.26,否,0.69,0.87,0.38,中级,无,无,7.44,11.78,0.24,是,是,0.54,深基坑,16.97,0.37,0.39,0.91,0.77,6,0.65,中风险
0.62,0.12,否,0.71,0.85,9.42,初级,无,无,22.16,12.13,0.64,是,是,0.45,塔吊,13.58,0.13,0.13,0.63,0.62,3,0.54,高风险
0.47,0.39,否,0.58,0.85,13.46,中级,无,≥2次,26.53,11.94,0.06,是,是,0.9,深基坑,3.38,0.49,0.52,0.87,0.7,1,0.64,低风险
0.76,0.3,否,0.64,0.81,2.13,初级,无,1次,24.59,69.69,0.31,是,是,0.73,高支模,1.09,1,0.5,0.87,0.6,3,0.46,高风险
0.71,0.3,否,0.58,0.74,3.51,中级,无,无,15.69,13.62,0.34,是,是,0.66,高支模,18.64,0.24,0,0.81,0.32,3,0.68,中风险
0.88,0.26,否,0.86,0.89,23.59,初级,≥2次,无,27.66,13.5,0.13,是,是,0.81,塔吊,14.23,0.77,0.84,0.92,0.74,6,0.74,低风险
0.51,0.35,否,0.83,0.92,9.24,高级,无,1次,9.24,20.02,0.1,是,是,0.64,车辆,2.3,0.69,0.31,0.82,0.52,2,0.34,无风险
0.21,0.18,是,0.59,0.59,12.61,中级,1次,无,51.49,14.42,0.13,是,是,0.54,车辆,15.99,0.94,0.26,0.85,0.43,6,0.37,极高风险
0.83,0.49,否,0.61,0.72,3.07,无证,无,1次,20.29,53.78,0.11,是,是,0.51,高支模,1.86,0.42,0.31,0.54,0.31,3,0.53,极高风险
0.28,0.35,否,0.83,0.82,14.27,初级,无,无,16.07,31.05,0.19,是,是,0.6,塔吊,2.77,0.7,0.38,0.7,0.56,2,0.61,中风险
0.58,0.24,否,0.76,0.75,3.22,无证,无,1次,20.98,39.66,0.38,是,是,0.51,配电箱,1.52,0.51,0.11,0.73,0.36,4,0.45,极高风险
0.79,0.2,否,0.65,0.74,2.45,初级,无,≥2次,21.09,29.06,0.17,是,是,0.51,深基坑,26.82,0.32,0.3,0.74,0.12,4,0.42,极高风险
0.83,0.59,否,0.75,0.89,1.57,初级,无,≥2次,11.78,99.65,0.11,是,是,0.61,高支模,0.54,0.16,0.25,0.97,0.45,2,0.32,极高风险
0.63,0.27,否,0.65,0.84,16.45,中级,无,≥2次,10.08,26.05,0.32,是,是,0.84,车辆,28.51,0.03,0.06,0.59,0.26,3,0.79,极高风险
0.86,0.26,否,0.68,0.84,5.27,无证,无,1次,33.74,14.84,0.17,是,是,0.94,塔吊,4.1,0.71,0.22,0.66,0.92,2,0.91,高风险
0.57,0.78,否,0.86,0.84,1.65,中级,无,1次,7.9,39.37,0.37,是,是,0.23,高支模,55.32,1,0.44,0.97,0.93,1,0.78,极高风险
0.5,0.18,否,0.57,0.94,2.41,中级,无,无,46.62,25.63,0.43,是,是,0.59,高支模,20.43,0.86,0.44,0.82,0.74,2,0.46,中风险
0.39,0.94,否,0.6,0.69,32.15,无证,1次,无,28.89,115.64,0.03,是,是,0.91,塔吊,28.38,1,0.35,0.75,0.62,2,0.66,极高风险
0.52,0.7,否,0.81,0.92,12.56,中级,无,无,10.65,29.96,0.1,是,是,0.75,塔吊,74.96,0.42,0,0.89,0.48,2,0.57,中风险
0.24,0.19,否,0.77,0.97,18.76,初级,无,无,16.71,15.14,0.18,是,是,0.83,配电箱,12.5,1,0,0.64,0.82,0,0.66,无风险
0.64,0.17,否,0.77,0.86,2.23,中级,无,无,25.85,13.5,0.02,是,否,0.58,车辆,31.65,1,0.15,0.73,0.53,3,0.77,高风险
0.83,0.37,否,0.57,0.7,25.17,中级,无,≥2次,26.94,54.26,0.13,是,是,0.87,深基坑,16.64,0.76,0.43,0.81,0.53,1,0.39,高风险
0.67,0.31,否,0.75,0.88,10.91,中级,无,无,10.65,31.98,0.31,是,是,0.83,车辆,2.75,0.87,0.71,0.8,0.74,1,0.66,无风险
0.81,0.25,否,0.95,0.82,0.4,高级,无,1次,13.86,25.61,0.52,是,是,0.92,深基坑,3.02,1,0.25,0.9,0.87,2,0.57,无风险
0.28,0.19,否,0.68,0.69,8.05,中级,无,1次,18.89,23.39,0.47,是,是,0.75,塔吊,25.18,1,0.13,0.59,0.6,3,0.42,中风险
0.83,0.34,否,0.66,0.85,6.29,高级,无,无,10.62,30.28,0.31,是,是,0.53,深基坑,2.56,0.56,0.37,0.91,0.49,3,0.37,低风险
0.58,0.37,否,0.63,0.81,28.28,中级,无,无,29.98,71.4,0.38,是,是,0.24,深基坑,38.91,0.52,0.23,0.8,0.76,1,0.9,高风险
0.07,0.84,否,0.7,0.99,0.76,初级,无,无,12.06,10.31,0.03,是,是,0.31,塔吊,3.13,0.67,0.46,0.86,0.81,3,0.87,极高风险
0.59,0.13,否,0.77,0.86,7.09,高级,无,1次,18.95,32.29,0.04,是,是,0.35,高支模,24.35,0.47,0.01,0.87,0.55,5,0.62,低风险
0.92,0.65,否,0.85,0.95,13.17,中级,无,≥2次,26.91,29.62,0.62,是,是,0.05,深基坑,3.34,0.31,0.33,0.87,0.8,3,0.15,极高风险
0.69,0.17,是,0.81,0.54,0.31,无证,无,无,12.59,45.94,0.14,是,否,0.77,配电箱,18.18,0.65,0.11,0.44,0.3,2,0.57,极高风险
0.98,0.43,否,0.81,0.77,15.35,中级,无,≥2次,27.51,10.23,0.03,是,是,0.84,配电箱,3.86,1,0.48,0.71,0.68,6,0.61,低风险
0.55,0.52,否,0.77,0.66,0.83,中级,1次,无,33.98,20.62,0.09,是,是,0.94,配电箱,27,0.8,0,0.87,0.65,2,0.87,无风险
0.77,0.17,否,0.67,0.88,10.79,无证,无,无,27.37,20.44,0,是,是,0.83,塔吊,34.86,1,0.53,0.82,0.76,4,0.83,高风险
0.73,0.3,否,0.76,0.87,3.01,高级,无,≥2次,11.03,17.09,0.31,是,否,0.78,深基坑,15.81,0.99,0.51,0.74,0.76,1,0.79,高风险
0.74,0.29,否,0.47,0.64,1.84,中级,1次,无,25.33,27.94,0.27,是,是,0.63,深基坑,2.93,0.35,0.71,0.93,0.08,3,0.77,极高风险
0.84,0.94,否,0.65,0.77,11.99,中级,无,无,12.56,52.77,0.32,是,是,0.49,车辆,6.23,0.57,0.24,0.94,0.46,5,0.66,高风险
0.55,0.72,否,0.7,0.82,0.86,中级,1次,1次,19.24,22.59,0.44,否,是,0.5,深基坑,4.15,0.67,0.36,0.78,0.49,0,0.49,极高风险
0.67,0.11,否,0.61,0.86,4.23,初级,无,无,39.23,36.18,0.61,是,是,0.74,配电箱,31.93,0.54,0.18,0.73,0.54,4,0.61,高风险
0.26,0.43,否,0.71,0.71,1.18,高级,无,1次,37.54,31.56,0.07,否,是,0.63,配电箱,25.94,1,0.11,0.9,0.87,5,0.69,高风险
0.82,0.41,否,0.69,0.7,0.93,初级,无,无,31.77,72.8,0.65,是,是,0.28,配电箱,16.71,0.63,0.13,0.8,0.47,3,0.4,极高风险
0.64,0.08,否,0.67,0.81,5.5,中级,无,无,13.12,72.61,0.34,是,是,0.61,车辆,22.44,0.63,0.09,0.91,0.74,3,0.53,中风险
0.82,0.58,否,0.82,0.66,11.77,高级,1次,无,24.33,31.47,0.34,是,是,0.32,配电箱,3.02,0.68,0.53,0.73,0.78,0,0.36,中风险
0.76,0.36,否,0.61,0.86,12.11,初级,无,无,17.58,33.87,0.31,是,是,0.38,配电箱,11.77,0.34,0.52,0.87,0.65,3,0.55,极高风险
0.47,0.15,否,0.68,0.81,2.22,中级,无,无,19.84,107.64,0.43,是,是,0.55,塔吊,35.95,0.62,0,0.92,0.87,2,0.64,低风险
0.52,0.22,否,0.74,0.79,10.6,初级,无,无,22.07,35.36,0.58,是,是,0.36,车辆,13.58,0.22,0.15,0.74,0.68,2,0.83,极高风险
0.57,0.3,否,0.68,0.7,6.89,中级,1次,无,8.53,21.47,0.32,否,是,0.46,塔吊,2.35,0.53,0.73,0.91,0.75,2,0.31,极高风险
0.23,0.5,否,0.81,0.58,10.19,高级,无,无,25.13,60.25,0.07,是,是,0.72,高支模,14.98,0.53,0,0.84,0.8,0,0.85,高风险
0.35,0.96,否,0.69,0.94,6.05,初级,无,≥2次,23.36,62.08,0.26,是,是,0.51,高支模,1.5,0.59,0,0.83,0.77,2,0.67,极高风险
0.66,0.17,否,0.85,0.74,9.39,高级,1次,无,16.83,17.81,0.04,是,是,0.96,高支模,26.17,0.7,0.37,0.84,0.19,2,0.65,低风险
0.25,0.19,否,0.65,0.72,18.48,中级,无,1次,22.15,29.13,0.56,是,是,0.54,深基坑,15.68,0.72,0.13,0.87,0.38,2,0.27,高风险
0.72,0.2,否,0.55,0.86,4.5,初级,1次,无,17.37,34.24,0.03,是,是,0.73,深基坑,58.3,1,0,0.82,0.7,3,0.79,低风险
0.92,0.37,否,0.68,0.79,4.38,中级,1次,无,17.01,35.47,0.15,否,是,0.23,深基坑,0.38,1,0.1,0.95,0.63,1,0.84,高风险
0.32,0.18,否,0.62,0.81,1.05,中级,≥2次,无,13.08,32.62,0.02,是,是,0.88,深基坑,13.52,1,0.18,0.8,0.34,3,0.74,中风险
0.53,0.17,否,0.68,0.79,1.01,高级,1次,无,26.13,16.54,0.09,是,是,0.62,车辆,3.85,0.76,0,0.6,0.93,2,0.78,无风险
0.38,0.7,否,0.82,0.76,7.33,初级,1次,无,24.22,85.08,0.02,是,是,0.76,塔吊,50.14,0.29,0,0.9,0.31,1,0.43,极高风险
0.52,0.27,否,0.85,0.66,0.53,无证,1次,无,27.18,95.06,0.21,是,是,0.72,配电箱,15.64,0.19,0,0.57,0.12,2,0.12,极高风险
0.24,0.06,否,0.72,0.74,4.95,高级,无,1次,7.66,9.49,0.06,是,是,0.24,深基坑,1.36,0.72,0.06,0.83,0.33,1,0.36,低风险
0.14,0.1,否,0.73,0.65,10.55,中级,≥2次,无,24.01,13.13,0.2,是,是,0.89,车辆,27.11,1,0.27,0.93,0.91,6,0.9,高风险
0.44,0.19,否,0.54,0.68,0.73,中级,无,1次,12.44,23.24,0.32,是,是,0.09,高支模,6.66,0.78,0.49,0.96,0.49,3,0.7,极高风险
0.35,0.15,否,0.7,0.84,5.35,初级,1次,无,31.98,31.54,0.77,是,是,0.91,车辆,21.57,0.79,0.47,0.87,0.58,5,0.56,极高风险
0.55,0.29,否,0.78,0.8,30.25,高级,无,无,15.23,53.8,0.25,是,是,0.26,配电箱,22.81,0.82,0,0.83,0.2,3,0.86,低风险
0.83,0.19,否,0.73,0.78,18,高级,无,无,17.9,25.47,0.04,是,是,0.21,深基坑,4.29,0.6,0,0.87,0.67,3,0.68,无风险
0.78,0.18,否,0.63,0.92,0.55,高级,1次,无,19.81,17.86,0.25,是,是,0.28,高支模,17.96,0.71,0,0.79,0.22,1,0.61,低风险
0.59,0.2,否,0.6,0.89,13.3,中级,无,1次,20.66,14.98,0.11,否,是,0.38,深基坑,23.19,0.87,0.25,0.91,0.46,1,0.7,高风险
0.55,0.24,否,0.69,0.81,28.73,高级,无,无,7.15,9.58,0.15,是,是,0.61,塔吊,32.61,0.75,0.1,0.74,0.86,0,0.68,无风险
0.47,0.2,否,0.71,0.67,5.48,中级,无,1次,13.02,69.46,0.48,是,是,0.51,高支模,4.25,0.64,0.35,0.6,0.87,2,0.37,高风险
0.19,0.48,否,0.61,0.95,9.45,初级,无,无,17.93,26.48,0.15,是,是,0.46,高支模,28.41,1,0.57,0.73,0.33,7,0.93,极高风险
0.67,0.14,否,0.64,0.67,17.1,初级,无,无,16.9,46.46,0.21,是,是,0.76,塔吊,13.83,0.6,0.91,0.94,0.71,2,0.94,低风险
0.66,0.41,否,0.52,0.76,1.44,高级,1次,无,8.58,20.87,0.04,是,是,0.69,配电箱,19.62,1,0.1,0.88,0.15,3,0.71,中风险
0.87,0.88,否,0.85,0.71,14.8,高级,1次,1次,10.49,27.49,0.16,是,是,0.83,深基坑,19.86,0.66,0.02,0.95,0.87,0,0.67,高风险
0.75,0.12,否,0.75,0.92,4.24,初级,无,无,20.92,20.72,0.16,是,是,0.88,车辆,16.18,0.79,0.17,0.89,0.67,1,0.73,无风险
0.33,0.41,否,0.76,0.87,7.2,中级,无,1次,13.81,93.27,0.05,是,是,0.75,配电箱,11.08,0.74,0.44,0.82,0.7,1,0.55,高风险
0.82,0.44,否,0.78,0.8,1.47,初级,无,1次,19.58,20.39,0.17,是,是,0.55,塔吊,11.12,0.33,0.3,0.91,0.53,3,0.44,高风险
0.63,0.41,否,0.55,0.9,7.37,初级,无,1次,30.94,39.96,0.38,是,是,0.82,深基坑,31.38,0.52,0.16,0.72,0.63,2,0.72,极高风险
0.74,0.31,否,0.79,0.88,0.77,高级,无,1次,32.04,68.5,0.06,是,是,0.96,配电箱,2.92,1,0.34,0.94,0.62,3,0.73,无风险
0.74,0.32,否,0.76,0.81,0.72,中级,1次,无,11.08,21.54,0.13,是,是,0.35,深基坑,21.5,0.58,0.25,0.76,0.73,2,0.85,中风险
0.36,0.09,否,0.76,0.95,7.97,初级,1次,无,10.44,10.67,0.42,是,是,0.74,车辆,8.61,0.11,0.08,0.79,0.37,4,0.91,高风险
0.59,0.24,否,0.67,0.72,5.51,初级,无,无,17.3,42.53,0.03,是,是,0.71,车辆,41.58,0.69,0.21,0.8,0.97,4,0.29,中风险
0.43,0.46,否,0.77,0.85,13.7,初级,1次,无,15.08,45.84,0.01,是,是,0.83,塔吊,37.13,0.45,0.31,0.9,0.68,3,0.77,中风险
0.65,0.25,否,0.79,0.61,7.41,初级,无,无,7.5,17.4,0.17,是,是,0.82,深基坑,16.47,0.65,0.34,0.84,0.59,4,0.76,低风险
0.67,0.15,否,0.75,1,12.9,高级,无,无,29.91,24.32,0.19,是,是,0.92,配电箱,8.94,0.53,0.03,0.83,0.62,2,0.74,无风险
0.25,0.22,否,0.69,0.82,5.81,中级,无,≥2次,6.8,20.42,0,是,是,0.23,车辆,1.06,0.62,0.31,0.78,0.08,1,0.38,极高风险
0.45,0.19,否,0.64,0.7,11.39,中级,无,≥2次,20.47,39.9,0,是,是,0.82,配电箱,21.56,0.34,0.3,0.73,0.81,1,0.43,高风险
0.57,0.28,否,0.61,0.78,0.52,中级,1次,无,20.78,23.56,0.15,是,是,0.99,配电箱,0.3,0.44,0,0.89,0.08,3,0.56,无风险
0.72,0.13,否,0.57,0.76,2.93,中级,无,无,8.15,63.94,0.45,是,是,0.88,配电箱,18.51,1,0.44,0.9,0.73,3,0.9,中风险
0.63,0.39,否,0.74,0.96,5.1,初级,无,无,32.34,80.48,0.4,是,是,0.8,车辆,18.68,0.6,0.13,0.71,0.55,2,0.71,高风险
0.53,0.18,否,0.83,0.72,0.08,初级,无,1次,40.6,95.32,0.19,是,是,0.25,高支模,2.34,0.33,0.22,0.61,0.83,3,0.24,极高风险
0.67,0.43,否,0.78,0.79,31.91,中级,无,无,18.49,26.19,0.86,是,是,0.85,高支模,32.28,0.46,0.18,0.62,0.15,3,0.27,高风险
0.49,0.22,否,0.54,0.82,38.68,中级,1次,无,20.36,39.26,0.07,是,是,0.92,高支模,15.49,0.59,0.19,0.66,0.39,2,0.11,低风险
0.17,0.09,否,0.56,0.83,9.68,中级,1次,无,13.86,17.63,0.6,是,是,0.9,塔吊,17.24,1,0,0.87,0.78,1,0.45,高风险
0.85,0.32,否,0.76,0.82,8.25,中级,无,无,38.75,14.3,0.33,是,是,0.69,深基坑,1.31,1,0.08,0.68,0.64,2,0.47,无风险
0.65,0.17,否,0.64,0.78,9.09,无证,无,无,29.89,9.08,0.12,是,是,0.86,塔吊,32.8,0.64,0,0.71,0.71,4,0.69,高风险
0.42,0.65,否,0.6,0.71,0.47,中级,无,无,14.04,11.46,0.06,是,是,0.8,高支模,35.65,0.12,0.29,0.94,0.32,3,0.38,极高风险
0.45,0.58,否,0.56,0.74,8.96,高级,无,1次,43.77,69.12,0.15,是,是,0.3,高支模,16.15,0.84,0.48,0.81,0.76,1,0.35,极高风险
0.67,0.18,否,0.75,0.8,2.37,初级,1次,无,21.12,20.47,0.28,是,是,0.94,车辆,23.81,0.66,0.37,0.9,0.62,3,0.8,中风险
0.92,0.34,否,0.75,0.79,25.68,初级,无,无,22.83,38.81,0.22,是,是,0.63,深基坑,29.29,0.49,0.17,0.82,0.55,5,0.19,中风险
0.69,0.12,否,0.87,0.63,7.35,中级,无,无,9.56,31.33,0.41,是,是,0.44,配电箱,12.75,0.65,0.24,0.93,0.62,3,0.35,中风险
0.85,0.18,否,0.59,0.82,10.54,初级,1次,≥2次,33.73,48.52,0.19,是,是,0.44,塔吊,15.8,0.67,0.52,0.92,0.42,2,0.4,极高风险
0.48,0.09,否,0.56,0.95,10.3,初级,无,无,35.67,14.84,0.23,是,是,0.88,深基坑,26.36,0.67,0.32,0.87,0.85,4,0.72,低风险
0.84,0.46,否,0.86,0.69,4.69,中级,无,无,19.87,29.28,0.22,是,是,0.45,深基坑,4.44,1,0,0.44,0.49,4,0.24,低风险
0.68,0.29,否,0.71,0.81,11.57,初级,无,1次,19.22,44.06,0.19,是,是,0.7,深基坑,16.26,0.87,0,0.85,0.79,3,0.88,无风险
0.63,0.21,否,0.74,0.92,26.15,中级,无,1次,27.48,22.51,0.33,是,是,0.76,高支模,21.57,0.36,0.09,0.9,0.39,1,0.51,低风险
0.63,0.53,否,0.75,0.89,4.97,中级,1次,无,30.94,22.66,0.14,是,否,0.79,配电箱,0.52,0.61,0,0.66,0.6,0,0.6,高风险
0.21,0.12,否,0.67,0.76,4.33,初级,无,无,30.38,29.79,0.58,是,是,0.58,塔吊,40.76,1,0.41,0.92,0.86,3,0.64,高风险
0.49,0.21,否,0.81,0.67,12.81,中级,无,1次,7.84,104.96,0.25,否,是,0.65,配电箱,9.37,0.38,0.27,0.72,0.91,2,0.21,极高风险
0.82,0.34,否,0.86,0.76,2.45,初级,无,无,7.5,37.71,0.23,是,是,0.95,配电箱,0.2,0.77,0,0.78,0.87,3,0.65,无风险
0.85,0.35,否,0.61,0.74,14.86,高级,1次,1次,31.17,26.15,0.21,是,是,0.79,深基坑,14.24,0.55,0.26,0.94,0.78,4,0.42,低风险
0.63,0.32,否,0.77,0.86,22.53,中级,无,无,24.46,32.41,0.04,是,是,0.46,配电箱,61.29,0.83,0.01,0.77,0.85,3,0.31,无风险
0.34,0.24,否,0.82,0.9,2.06,初级,1次,无,30.39,18.42,0.21,是,是,0.6,塔吊,28.92,1,0.25,0.97,0.75,0,0.82,低风险
0.8,0.56,是,0.83,0.85,1.52,高级,1次,1次,7.36,29.49,0.06,是,是,0.88,配电箱,3.65,1,0,0.83,0.63,5,0.52,高风险
0.74,0.26,否,0.93,0.85,6.14,高级,1次,无,30.2,38.65,0.16,是,是,0.6,高支模,4.1,0.13,0.07,0.83,0.8,2,0.7,无风险
0.89,0.81,否,0.76,0.7,17.57,高级,1次,1次,9.34,16.85,0.51,是,是,0.4,深基坑,4.45,0.66,0.45,0.71,0.34,2,0.87,高风险
0.92,0.81,否,0.59,0.93,15.51,中级,无,无,12.36,53.94,0.2,是,是,0.26,深基坑,13.27,0.73,0.11,0.71,0.85,1,0.93,高风险
0.48,0.57,否,0.68,0.84,1.17,无证,无,1次,29.6,59.94,0.28,是,是,0.4,高支模,20.23,0.22,0.17,0.87,0.78,0,0.42,极高风险
0.52,0.31,否,0.83,0.76,2.16,初级,1次,无,10.41,54.04,0,是,是,0.8,配电箱,27.09,0.85,0.18,0.93,0.86,3,0.92,低风险
0.4,0.19,否,0.78,0.73,3.37,高级,无,1次,8.38,37.77,0.31,是,是,0.6,深基坑,19.74,0.45,0,0.98,0.9,2,0.56,低风险
0.08,0.4,否,0.49,0.82,5.92,初级,无,无,15.92,21.43,0.02,是,是,0.25,塔吊,1.41,0.37,0,0.79,0.47,2,0.72,高风险
0.87,0.43,否,0.66,0.73,25.59,高级,无,1次,59.57,9.08,0.64,是,是,0.7,车辆,20.15,0.49,0,0.61,0.83,1,0.57,无风险
0.53,0.18,否,0.74,0.73,17.01,初级,无,1次,14.18,38.38,0.16,是,是,0.87,深基坑,4.88,1,0.3,0.86,0.83,2,0.5,无风险
0.77,0.74,否,0.85,0.81,4.9,初级,1次,无,29.34,38.66,0.47,是,是,0.85,塔吊,11.65,0.27,0,0.87,0.77,3,0.71,中风险
0.49,0.2,否,0.59,0.98,5.17,无证,无,无,17.33,13.15,0.29,是,是,0.69,高支模,16.35,1,0.32,0.8,0.76,0,0.62,高风险
0.63,0.41,否,0.45,0.64,9.41,中级,无,无,18.68,32.17,0.57,是,是,0.74,配电箱,8.12,0.73,0.36,0.76,0.31,0,0.46,极高风险
0.41,0.3,否,0.76,0.88,13.91,中级,无,1次,12.57,23.7,0.4,是,是,0.88,配电箱,24.51,0.69,0.39,0.76,0.71,0,0.61,中风险
0.55,0.16,否,0.63,0.89,29.8,中级,1次,无,39.35,25.07,0.06,是,是,0.91,塔吊,10.3,0.68,0.09,0.86,0.32,2,0.27,无风险
0.3,0.66,否,0.79,0.79,7.11,中级,无,无,34.61,26.41,0.12,是,是,0.58,高支模,43.23,0.96,0.11,0.84,0.59,4,0.59,高风险
0.76,0.28,否,0.64,0.79,0.89,无证,无,无,22.37,23.53,0.07,是,是,0.48,塔吊,15.31,1,0.51,0.79,0.8,5,0.93,高风险
0.66,0.47,否,0.79,0.64,11.12,初级,1次,1次,18.4,52.74,0.65,是,是,0.58,配电箱,1.71,1,0,0.8,0.68,3,0.47,高风险
0.55,0.28,否,0.67,0.83,13.72,中级,无,无,35.94,46.71,0.52,是,是,0.53,深基坑,2.96,0.76,0,0.72,0.56,2,0.63,无风险
0.69,0.36,否,0.66,0.76,9.4,初级,无,无,18.99,30.2,0.51,是,是,0.96,配电箱,3.47,1,0.07,0.76,0.63,2,0.54,低风险
0.28,0.18,否,0.73,0.6,3.1,初级,无,无,19.35,23.07,0.46,是,是,0.9,车辆,18.4,1,0.14,0.85,0.65,2,0.46,高风险
0.89,0.47,否,0.55,0.94,36.14,高级,无,无,40.37,27.64,0.68,是,是,0.98,深基坑,70.56,0.61,0,0.75,0.48,7,0.26,低风险
0.43,0.12,否,0.6,0.8,0.67,中级,无,无,35.35,29.25,0.56,是,是,0.75,深基坑,1.04,0.78,0.29,0.56,0.65,2,0.25,低风险
0.66,0.8,否,0.75,0.86,3.62,高级,无,无,18.86,26.12,0.35,是,是,0.84,深基坑,38.44,0.24,0.45,0.95,0.38,4,0.58,极高风险
0.81,0.67,否,0.79,0.62,2.08,初级,1次,1次,20.47,37.53,0.11,是,是,0.66,深基坑,2.67,0.73,0,0.79,0.25,2,0.62,中风险
0.44,0.11,否,0.78,0.9,11.24,初级,无,无,36.41,106.6,0.12,是,是,0.55,高支模,94.45,0.68,0.19,0.92,0.47,4,0.47,高风险
0.27,0.21,否,0.66,0.75,1.34,高级,1次,1次,27.4,18.5,0.64,是,是,0.23,配电箱,37.9,0.69,0.2,0.79,0.67,5,0.83,极高风险
0.59,0.61,否,0.6,0.95,20.89,高级,1次,无,13.62,56.23,0.41,是,是,0.96,深基坑,0.97,0.66,0.29,0.69,0.6,1,0.73,低风险
0.66,0.14,否,0.7,0.91,4.17,中级,无,无,16.72,11.53,0.71,是,是,0.76,塔吊,2.49,0.37,0,0.39,0.4,4,1,低风险
0.91,0.18,否,0.67,0.8,28.1,初级,无,1次,18.16,12.23,0.47,是,是,0.66,配电箱,0.43,0.67,0.16,0.93,0.93,3,0.83,无风险
0.76,0.17,否,0.59,0.75,2.55,初级,1次,无,26.21,38.23,0.58,是,是,0.87,车辆,27.72,0.73,0.17,0.91,0.78,4,0.88,高风险
0.65,0.58,否,0.7,0.73,12.99,无证,1次,无,20.9,28.21,0.23,是,是,0.56,配电箱,32.75,0.62,0.31,0.88,0.58,2,0.3,极高风险
0.92,0.71,否,0.78,0.61,3.02,高级,无,无,34.11,20.75,0.34,是,否,0.49,塔吊,32.28,0.77,0.21,0.82,0.42,1,0.88,高风险
0.83,0.75,否,0.72,0.77,1.43,初级,无,1次,46.69,19.55,0.01,是,是,0.74,高支模,26.38,0.7,0.31,0.95,0.65,1,0.69,高风险
0.74,0.47,否,0.69,0.81,4.91,高级,1次,无,10.88,19.24,0.37,否,是,0.4,车辆,22.17,1,0.11,0.9,0.86,2,0.63,高风险
0.42,0.17,否,0.65,0.75,17.63,无证,无,无,28.68,50.68,0.64,是,是,0.49,车辆,15.45,0.78,0.36,0.68,0.61,1,0.27,极高风险
0.17,0.2,否,0.67,0.89,3.93,中级,1次,无,27.47,24.96,0.14,是,是,0.84,高支模,17.23,1,0,0.87,0.32,2,0.32,高风险
0.38,0.39,否,0.76,0.76,3.3,高级,无,无,20.23,10.62,0.27,是,是,0.5,深基坑,15.4,0.27,0.14,0.76,0.51,3,0.45,中风险
0.63,0.21,否,0.75,0.81,2.88,中级,1次,1次,13.64,41.97,0.16,是,是,0.8,高支模,3.73,0.63,0.21,0.74,0.49,6,0.84,中风险
0.62,0.25,否,0.71,0.7,1.78,中级,无,1次,30.81,45.53,0.33,是,是,0.64,深基坑,19.75,0.43,0.48,0.53,0.73,3,0.41,极高风险
0.72,0.41,否,0.72,0.76,21.65,高级,无,无,20.57,40.27,0.31,是,是,0.85,深基坑,4.85,1,0.52,0.91,0.89,2,0.8,无风险
0.15,0.22,否,0.48,0.91,10.08,无证,无,1次,13.14,70.9,0.38,是,是,0.52,深基坑,22.04,1,0.29,0.72,0.15,2,0.47,极高风险
0.69,0.33,否,0.83,0.74,8.52,初级,无,≥2次,37.52,63.09,0.66,是,是,0.62,深基坑,20.24,0.75,0.13,0.67,0.11,2,0.75,极高风险
0.15,0.2,否,0.65,0.78,7.27,中级,无,1次,14.25,36.76,0.04,是,是,0.93,高支模,58.24,1,0.23,0.61,0.85,1,0.31,高风险
0.51,0.43,否,0.72,0.84,0.92,初级,无,无,12.91,76.76,0.23,是,是,0.8,高支模,74.5,0.75,0.27,0.87,0.95,4,0.62,高风险
0.56,0.21,否,0.87,0.71,0.37,中级,无,无,68.56,43.34,0.14,是,是,0.89,深基坑,15.72,0.82,0.35,0.87,0.45,6,0.52,中风险
0.52,0.55,否,0.73,0.77,0.23,中级,无,1次,53.54,32.66,0.06,是,否,0.63,深基坑,2.31,1,0.64,0.73,0.42,2,0.66,极高风险
0.53,0.06,否,0.54,0.84,34.1,高级,无,无,28.85,27.64,0.12,是,是,0.45,深基坑,34.49,0.47,0.57,0.97,0.54,2,0.62,低风险
0.48,0.33,否,0.49,0.84,11.99,高级,无,无,32.91,71.81,0.22,是,是,0.71,塔吊,15.04,0.81,0.78,0.77,0.15,3,0.66,高风险
0.81,0.13,否,0.72,0.84,16.03,高级,无,无,31.38,14.49,0.24,否,是,0.44,配电箱,11.81,1,0.24,0.86,0.78,3,0.68,高风险
0.45,0.21,否,0.57,0.64,0.33,中级,无,无,29.67,51.76,0.2,是,是,0.84,深基坑,3.34,1,0,0.85,0.62,1,0.48,无风险
0.55,0.21,否,0.57,0.9,6.01,中级,无,无,22.84,29.21,0.26,是,是,0.96,塔吊,34.43,0.51,0.35,0.84,0.47,1,0.43,低风险
0.34,0.35,否,0.68,0.76,21.25,高级,无,无,11.81,11.63,0.09,是,是,0.98,塔吊,12.5,0.51,0,0.83,0.75,2,0.84,无风险
0.45,0.16,否,0.81,0.82,15.79,初级,无,无,43.75,63.29,0.15,是,是,0.9,配电箱,6.97,0.81,0.77,0.71,0.76,1,0.72,中风险
0.43,0.3,否,0.72,0.8,2.1,中级,无,无,32.01,31.36,0.02,是,是,0.17,车辆,22.15,0.54,0.5,0.87,0.49,3,0.35,极高风险
0.58,0.27,否,0.87,0.7,2.91,中级,无,无,18.78,28.53,0.16,是,是,0.27,高支模,17.72,1,0.19,0.61,0.86,1,0.82,低风险
0.82,0.74,否,0.63,0.55,0.06,中级,无,无,56.65,14.7,0.15,是,否,0.93,高支模,3.06,0.73,0.19,0.67,0.2,1,0.44,极高风险
0.43,0.19,否,0.59,0.82,10.51,初级,无,无,35.17,65.68,0.06,是,是,0.82,塔吊,26.84,0.8,0.27,0.88,0.74,2,0.48,低风险
0.23,0.07,否,0.79,0.79,11.99,中级,≥2次,无,23.27,25.96,0.41,是,是,0.59,塔吊,11.51,0.54,0.13,0.6,0.86,1,0.97,低风险
0.74,0.25,否,0.63,0.75,1.28,高级,无,1次,7.39,81.34,0.32,是,是,0.78,深基坑,2.4,0.68,0.26,0.97,0.84,1,0.75,无风险
0.61,0.42,否,0.6,0.77,4.31,初级,无,无,35.09,3.85,0.26,是,是,0.58,配电箱,20.76,0.27,0.68,0.97,0.89,3,0.43,高风险
0.59,0.26,否,0.73,0.68,14.66,初级,1次,无,74.33,11.62,0.02,是,是,0.37,高支模,0.1,0.8,0,0.87,0.67,1,0.82,无风险
0.61,0.79,否,0.72,0.84,6.17,初级,无,无,14.78,25.48,0.6,是,是,0.1,塔吊,13.86,0.63,0,0.94,0.18,2,0.68,极高风险
0.81,0.18,否,0.77,0.76,16.53,无证,1次,无,17.01,44.36,0.09,是,是,0.36,高支模,27.63,0.83,0.42,0.73,0.6,3,0.63,极高风险
0.68,0.15,否,0.73,0.88,4.46,高级,≥2次,无,7.09,31.57,0.36,是,是,0.94,车辆,10.59,1,0.76,0.73,0.27,3,0.54,高风险
0.73,0.8,是,0.77,0.89,13.63,中级,无,1次,20.14,18.1,0.2,是,是,0.6,深基坑,30.46,0.73,0.09,0.93,0.69,4,0.81,极高风险
0.74,0.59,否,0.8,0.63,5.73,中级,无,1次,16.78,35.43,0.11,否,是,0.4,配电箱,0.49,0.73,0.48,0.88,0.71,3,0.43,极高风险
0.21,0.15,否,0.51,0.68,0.5,中级,1次,无,13.2,68.72,0.42,是,是,0.89,车辆,11.26,0.46,0.02,0.7,0.84,2,0.6,高风险
0.82,0.96,否,0.9,0.86,4.16,初级,无,1次,12.18,25.47,0.47,否,是,0.21,深基坑,0.01,1,0.27,0.77,0.31,0,0.79,极高风险
0.78,0.21,否,0.69,0.89,7.46,初级,无,无,17.41,27.33,0.25,是,是,0.48,高支模,19.56,0.79,0.18,0.97,0.36,1,0.73,中风险
0.52,0.42,否,0.81,0.85,14.08,中级,无,≥2次,48.45,77.09,0.7,是,是,0.72,深基坑,1.3,1,0,0.78,0.46,5,0.78,高风险
0.44,0.32,否,0.59,0.91,1.76,高级,无,1次,19.28,12.64,0.21,是,是,0.42,高支模,18.95,0.67,0,0.72,0.84,6,0.83,低风险
0.4,0.09,否,0.59,0.84,10.08,高级,1次,≥2次,18.2,9.38,0.4,是,是,0.8,深基坑,0.39,0.65,0,0.85,0.63,5,0.67,低风险
0.89,0.35,否,0.84,0.74,0.86,初级,1次,无,20.33,19.65,0.39,是,是,0.71,车辆,19.13,1,0.14,0.79,0.82,2,0.45,中风险
0.55,0.12,否,0.66,0.78,27.22,中级,无,无,17.79,32.42,0.02,是,是,0.64,高支模,2.29,0.77,0.29,0.81,0.69,1,0.74,无风险
0.68,0.36,否,0.77,0.7,13.98,初级,无,≥2次,15.86,23.25,0.1,是,是,0.82,深基坑,18.68,0.65,0.09,0.88,0.93,3,0.62,低风险
0.72,0.46,否,0.53,0.75,10.71,无证,无,1次,45.79,40.22,0.69,是,是,0.79,塔吊,13.25,0.28,0.35,0.95,0.74,3,0.6,极高风险
0.68,0.31,否,0.63,0.86,3.94,高级,无,无,15.84,17.15,0.39,是,是,0.52,配电箱,1.79,1,0,0.63,0.65,4,0.76,无风险
0.65,0.49,否,0.58,0.63,2.6,中级,无,≥2次,21.52,23.94,0.52,是,是,0.43,高支模,19.92,0.8,0.17,0.86,0.29,1,0.76,极高风险
0.86,0.51,否,0.84,0.95,6.76,初级,1次,1次,19.4,20.33,0.48,是,是,0.16,车辆,17.6,0.58,0.43,0.88,0.86,3,0.55,极高风险
0.52,0.64,否,0.68,0.66,6.37,中级,无,无,11.26,47.98,0.2,是,是,0.63,配电箱,37.17,0.78,0,0.81,0.38,1,0.89,中风险
0.44,0.3,否,0.72,0.72,3.07,中级,无,无,21.09,72.75,0.05,是,是,0.58,配电箱,5.36,0.06,0,0.63,0.7,3,0.51,高风险
0.61,0.21,否,0.75,0.79,4.59,高级,无,无,17.85,56.74,0.17,是,是,0.43,高支模,9.19,0.6,0,0.79,0.67,3,0.4,低风险
0.78,0.48,否,0.7,0.77,1.68,中级,无,1次,12.13,24.39,0.41,是,是,0.35,深基坑,20.54,0.92,0,0.64,0.3,3,0.53,高风险
0.47,0.42,否,0.72,0.77,8.76,高级,1次,无,6.49,42,0.12,是,是,0.98,配电箱,11.6,1,0.26,0.64,0.64,1,0.68,低风险
0.22,0.37,否,0.67,0.81,18.5,中级,无,1次,21.44,27.37,0.36,是,是,0.78,深基坑,3.15,0.99,0.33,0.9,0.72,2,0.44,低风险
0.8,0.14,否,0.7,0.95,7.44,中级,1次,无,19.87,43.49,0.16,是,是,0.9,深基坑,67.66,0.6,0.11,0.62,0.58,5,0.93,低风险
0.69,0.11,否,0.8,0.76,9.56,初级,1次,1次,16.92,32.28,0.57,是,是,0.29,塔吊,20.92,0.64,0.04,0.66,0.81,0,0.82,高风险
0.57,0.25,否,0.51,0.84,6.44,中级,无,无,46.44,88.69,0.1,否,是,0.56,深基坑,16.61,0.77,0.88,0.8,0.28,3,0.67,极高风险
0.58,0.24,否,0.69,0.8,1.49,初级,无,无,16.5,16.98,0.23,是,是,0.74,深基坑,4.42,1,0.24,0.85,0.68,4,0.92,无风险
0.56,0.32,否,0.48,0.86,9.22,无证,无,1次,43.2,26.69,0.08,是,是,0.89,车辆,23.25,0.8,0,0.84,0.69,1,0.78,高风险
0.5,0.14,否,0.67,0.78,9,无证,无,无,18.11,9.96,0.15,是,是,0.58,车辆,19.67,0.71,0.48,0.79,0.65,4,0.21,高风险
0.71,0.28,否,0.71,0.64,5.37,中级,无,无,20.11,96.66,0.02,是,是,0.42,配电箱,6.15,0.43,0.02,0.97,0.75,2,0.38,中风险
0.52,0.38,否,0.81,0.96,1.12,中级,无,≥2次,18.7,13.63,0.21,是,是,0.8,塔吊,19.05,0.64,0.31,0.86,0.68,3,0.91,中风险
0.55,0.11,否,0.58,0.8,1.81,中级,无,无,10.82,20.57,0.67,是,否,0.85,车辆,10.13,0.44,0,0.73,0.49,3,0.91,高风险
0.29,0.16,否,0.75,0.58,7.97,中级,无,1次,23.44,18.16,0.52,是,是,0.22,车辆,13.09,0.71,0.05,0.86,0.82,2,0.58,高风险
0.67,0.25,否,0.54,0.79,1.38,中级,无,无,17.67,34.96,0.29,是,是,0.75,塔吊,16.14,0.63,0.18,0.75,0.25,5,0.54,中风险
0.3,0.4,否,0.72,0.64,1.52,无证,无,≥2次,17.31,26.57,0.54,是,是,0.38,塔吊,22.05,0.4,0.32,0.66,0.98,2,0.67,极高风险
0.87,0.18,否,0.76,0.86,1.65,中级,无,无,10.13,23.57,0.25,是,是,0.6,深基坑,16.71,0.75,0.3,0.9,0.93,2,0.89,无风险
0.82,0.45,否,0.87,0.81,4.08,中级,无,无,19.32,118.65,0.39,是,是,0.85,配电箱,2.05,1,0.17,0.7,0.31,1,0.37,低风险
0.76,0.15,是,0.59,0.85,13.18,中级,无,无,14.09,55.9,0.48,是,是,0.68,高支模,25.84,0.52,0.55,0.59,0.59,6,0.71,极高风险
0.73,0.36,否,0.73,0.87,2.86,高级,无,无,34.13,30.87,0.17,是,是,0.74,车辆,1.98,0.25,0.18,0.91,0.69,5,0.35,无风险
0.31,0.27,否,0.71,0.71,2,中级,无,1次,30.84,24.08,0.15,是,是,0.84,高支模,69.28,0.8,0.06,0.74,0.37,0,0.63,高风险
0.67,0.25,否,0.67,0.83,3.6,中级,无,无,20.43,11.85,0.49,是,是,0.48,高支模,57.17,0.59,0.06,0.86,0.73,5,0.67,中风险
0.65,0.57,是,0.84,0.83,17.25,初级,1次,无,33.1,76.31,0.6,是,是,0.77,配电箱,12,0.22,0.08,0.84,0.76,1,0.68,极高风险
0.36,0.13,否,0.63,0.86,23.71,高级,无,1次,13.05,15.12,0.06,是,是,0.89,车辆,10.3,0.64,0.55,0.89,0.8,1,0.66,无风险
0.5,0.36,否,0.87,0.88,2.49,中级,无,≥2次,11.78,15.38,0.56,是,是,0.86,深基坑,1.03,0.33,0,0.76,0.62,5,0.93,中风险
0.33,0.4,否,0.78,0.61,29.78,中级,无,无,50.48,38.3,0.45,是,是,0.83,配电箱,4.82,0.82,0.12,0.89,0.73,2,0.82,无风险
0.79,0.32,否,0.74,0.82,4.23,中级,无,≥2次,15.97,16.86,0.77,是,是,0.73,深基坑,6.97,0.59,0,0.41,0.76,1,0.55,中风险
0.77,0.14,否,0.44,0.77,37.43,中级,无,无,40.56,70.26,0.08,是,是,0.32,深基坑,22.87,0.59,0.19,0.8,0.35,3,0.83,低风险
0.52,0.37,否,0.75,0.69,0.96,高级,无,1次,27.29,54,0.29,是,是,0.48,车辆,4.52,0.53,0.41,0.86,0.25,5,0.83,极高风险
0.55,0.46,否,0.77,0.76,0.08,中级,无,1次,15.97,18.72,0.36,是,是,0.63,车辆,14.24,0.68,0,0.75,0.39,0,0.58,高风险
0.32,0.33,否,0.64,0.77,14.99,中级,1次,无,17.69,31.25,0.18,是,是,0.78,配电箱,2.5,0.79,0.22,0.81,0.87,1,0.58,无风险
0.71,0.29,否,0.69,0.9,35.38,无证,无,无,24.24,15.86,0.28,是,是,0.18,塔吊,3.37,0.68,0.12,0.91,0.66,1,0.46,极高风险
0.68,0.46,否,0.66,0.8,0.69,中级,无,无,25.54,34.9,0.14,是,是,0.79,塔吊,27.74,0.86,0.05,0.99,0.26,2,0.67,低风险
0.68,0.67,否,0.71,0.83,2.38,高级,无,无,32.91,37.67,0.26,是,否,0.92,配电箱,4.59,0.7,0.39,0.57,0.23,3,0.29,极高风险
0.59,0.14,否,0.88,0.78,6.03,中级,无,无,35.71,19.13,0.04,是,是,0.74,配电箱,12,1,0,0.66,0.53,1,0.85,无风险
0.39,0.24,否,0.74,0.86,11.72,中级,无,1次,59.6,39.96,0.86,是,是,0.97,车辆,17.04,0.69,0.36,0.96,0.56,1,0.89,高风险
0.87,0.18,否,0.72,0.8,1.84,高级,无,无,17.18,58.25,0.1,是,是,0.93,车辆,4.99,0.57,0.07,0.71,0.72,3,0.79,无风险
0.59,0.39,否,0.96,0.69,20.41,中级,1次,无,15.31,31.96,0.55,是,是,0.68,塔吊,36.82,0.78,0.04,0.84,0.22,3,0.91,中风险
0.82,0.31,否,0.78,0.76,13.09,初级,1次,1次,22.4,8.81,0.08,是,是,0.84,配电箱,25.78,0.73,0.27,0.94,0.58,4,0.48,中风险
0.5,0.14,否,0.65,0.7,2.44,初级,无,无,24.96,48.32,0.01,是,是,0.52,深基坑,4.03,0.88,0.11,0.79,0.61,2,0.31,低风险
0.4,0.32,否,0.71,0.79,5.67,中级,无,无,9.95,61.55,0.37,是,是,0.43,配电箱,26.38,0.76,0,0.76,0.63,1,0.31,高风险
0.71,0.22,否,0.65,0.83,2.57,高级,无,无,16.25,51.66,0,是,是,0.69,深基坑,40.39,1,0.09,0.95,0.75,3,0.52,无风险
0.87,0.47,否,0.9,0.71,1.83,初级,无,无,25.89,27.34,0.12,是,是,0.95,高支模,10.31,0.34,0.03,0.68,0.62,4,0.83,无风险
0.49,0.39,否,0.86,0.72,2.27,中级,无,1次,34.64,80.74,0.03,是,是,0.46,深基坑,22.18,0.4,0.3,0.8,0.82,5,0.47,极高风险
0.41,0.15,否,0.64,0.82,4.07,高级,无,无,21.92,24.95,0.61,是,是,0.77,高支模,2.9,0.73,0,0.88,0.81,1,0.87,无风险
0.77,0.23,否,0.65,0.58,0.55,初级,无,无,17.64,9.99,0.11,是,是,0.43,深基坑,1.16,0.56,0.32,0.58,0.78,6,0.72,高风险
0.62,0.26,否,0.72,0.78,15.57,中级,无,≥2次,12.5,21.58,0.6,是,是,0.81,车辆,13.42,0.27,0.44,0.47,0.28,6,0.14,极高风险
0.88,0.26,否,0.61,0.67,4.84,初级,无,无,16.89,8.83,0.14,是,是,0.78,深基坑,1.82,0.46,0.03,0.77,0.53,1,0.98,无风险
0.87,0.54,否,0.53,0.77,5.15,中级,无,1次,14.47,18.41,0.17,是,是,0.76,车辆,49.52,0.62,0.26,0.5,0.43,3,0.7,高风险
0.57,0.4,否,0.64,0.94,7.27,中级,无,1次,11.25,49.24,0.17,是,是,0.87,车辆,25.55,0.65,0.11,0.67,0.92,4,0.75,中风险
0.85,0.72,否,0.87,0.68,1.43,中级,1次,无,23.86,71.29,0.47,是,是,0.09,高支模,19.7,0.39,0.25,0.82,0.85,4,0.47,极高风险
0.59,0.62,否,0.69,0.74,10.01,高级,无,1次,38.13,21.58,0.15,是,是,0.58,高支模,11.2,0.08,0.28,0.91,0.71,4,0.31,高风险
0.84,0.74,否,0.58,0.69,1.48,中级,无,无,10.45,60.16,0.32,是,是,0.88,配电箱,19.72,0.57,0.13,0.86,0.54,3,0.37,高风险
0.59,0.22,否,0.85,0.85,4.43,中级,无,无,20.69,15.34,0.64,是,是,0.43,车辆,15.68,0.86,0.06,0.86,0.52,4,0.51,中风险
0.53,0.39,否,0.81,0.85,3.27,中级,无,≥2次,8.88,22.27,0.28,是,是,0.62,配电箱,45.63,1,0.51,0.83,0.39,2,0.63,极高风险
0.3,0.3,否,0.67,0.91,0.37,中级,1次,无,25.53,27.72,0.09,是,否,0.11,车辆,1.54,1,0.07,0.74,0.58,1,0.95,极高风险
0.78,0.29,否,0.69,0.8,5.39,初级,无,≥2次,9.74,42.5,0.5,是,是,0.94,配电箱,2.79,0.75,0.28,0.78,0.45,6,0.57,极高风险
0.47,0.19,否,0.59,0.67,9.38,初级,无,无,32.7,11.14,0.49,是,否,0.97,车辆,24.87,1,0,0.88,0.41,3,0.96,高风险
0.77,0.32,否,0.56,0.85,0.51,中级,无,无,9.56,18.59,0.22,是,是,0.75,高支模,0.94,0.5,0.02,0.81,0.69,3,0.5,无风险
0.55,0.39,否,0.61,0.86,24.73,初级,无,无,4.41,52.42,0.28,是,是,0.48,配电箱,0.53,1,0.09,0.89,0.72,4,0.45,低风险
0.41,0.14,否,0.64,0.75,1.01,初级,无,无,40.54,101.29,0.41,是,是,0.65,塔吊,1.28,0.75,0.06,0.72,0.45,1,0.66,中风险
0.6,0.17,否,0.63,0.74,1.13,高级,无,无,24.75,24.3,0.4,是,是,0.48,塔吊,13.3,0.34,0.38,0.72,0.67,1,0.71,中风险
0.77,0.29,否,0.9,0.92,4.79,中级,无,无,15.78,27.72,0.46,是,是,0.55,高支模,35.38,0.53,0,0.78,0.89,3,0.5,低风险
0.6,0.76,否,0.76,0.78,1.96,中级,无,无,10.55,39.53,0.01,是,是,0.44,深基坑,16.26,0.68,0.22,0.85,0.77,1,0.45,中风险
0.63,0.29,否,0.6,0.89,13.16,中级,无,无,11.45,51.27,0.12,是,是,0.48,高支模,18.58,0.67,0,0.92,0.21,2,0.72,低风险
0.52,0.43,否,0.59,0.93,0.14,初级,无,无,28.91,18.25,0.36,是,是,0.15,配电箱,16.2,0.35,0,0.77,0.91,1,0.46,高风险
0.66,0.29,否,0.76,0.71,3.48,高级,无,1次,17.05,43.13,0.1,是,是,0.72,配电箱,4.22,1,0,0.75,0.33,2,0.73,无风险
0.48,0.65,否,0.67,0.77,23.49,中级,无,无,10.03,18.01,0.27,是,是,0.9,深基坑,13.41,0.36,0,0.86,0.66,1,0.91,无风险
0.62,0.66,否,0.68,0.59,6.08,中级,无,无,15.45,37.63,0.12,是,是,0.77,配电箱,23.39,0.71,0.15,0.67,0.86,1,0.34,高风险
0.52,0.13,否,0.67,0.87,3.03,中级,1次,1次,12.19,14.88,0.16,是,是,0.61,高支模,4.69,0.32,0.41,0.75,0.81,0,0.47,中风险
0.71,0.38,否,0.58,0.92,7.02,高级,无,1次,42.43,36.25,0.28,是,是,0.7,车辆,2.34,1,0.5,0.81,0.84,3,0.67,无风险
0.37,0.29,否,0.78,0.62,6.3,高级,1次,1次,30.76,27.38,0.01,是,是,0.41,配电箱,21.82,0.61,0.26,0.7,0.47,1,0.57,高风险
0.83,0.53,否,0.73,0.85,2.9,初级,无,无,10.95,45.45,0.37,是,是,0.72,车辆,14.4,1,0.37,0.87,0.84,3,0.62,中风险
0.87,0.39,否,0.67,0.73,1.88,中级,无,1次,13,21,0.06,是,是,0.83,高支模,1.27,0.73,0.24,0.73,0.5,1,0.36,无风险
0.73,0.42,否,0.8,0.66,15.29,初级,无,无,17.15,29.38,0.29,是,是,0.81,配电箱,52.66,0.56,0.1,0.81,0.32,3,0.54,中风险
0.75,0.23,否,0.63,0.77,5.43,中级,1次,1次,19.43,58.64,0.02,是,是,0.68,车辆,28.74,0.86,0.28,0.75,0.85,1,0.54,高风险
0.32,0.17,否,0.69,0.75,31.78,初级,1次,1次,20.31,25.42,0.32,是,是,0.2,深基坑,15.85,0.24,0.49,0.85,0.26,2,0.73,极高风险
0.1,0.22,否,0.78,0.82,2.13,初级,1次,无,28.71,27.06,0.09,是,是,0.87,车辆,2.86,0.54,0.47,0.66,0.44,0,0.33,高风险
0.75,0.47,否,0.74,0.9,27.92,中级,无,无,14.58,109.77,0.36,是,是,0.89,塔吊,34.34,1,0.14,0.9,0.73,3,0.73,无风险
0.46,0.33,否,0.68,0.75,12.24,初级,无,1次,26.96,28.32,0.05,是,是,0.46,车辆,5.29,0.47,0.35,0.76,0.41,3,0.7,高风险
0.54,0.14,否,0.56,0.84,2.94,初级,无,1次,8.76,37.14,0.31,是,是,0.47,高支模,19.84,0.84,0.08,0.86,0.61,2,0.54,高风险
0.7,0.31,否,0.74,0.62,20.1,高级,无,1次,15.76,20.51,0.02,否,是,0.43,车辆,31,1,0.78,0.67,0.8,2,0.44,高风险
0.44,0.16,否,0.63,0.65,6.68,无证,1次,无,15.21,32.97,0.09,是,是,0.95,车辆,24.07,0.84,0.64,0.72,0.41,1,0.4,极高风险
0.71,0.36,否,0.76,0.69,20.82,中级,无,1次,18.57,24.72,0,是,是,0.36,高支模,5.29,0.59,0.39,0.7,0.78,4,0.48,低风险
0.45,0.53,否,0.87,0.83,2.08,中级,1次,1次,17.42,68.29,0.12,是,是,0.58,深基坑,14.96,0.43,0,0.78,0.77,1,0.64,高风险
0.63,0.76,否,0.81,0.72,14.7,高级,无,1次,10.45,45.11,0.08,是,是,0.64,车辆,0.4,0.63,0.48,0.8,0.38,3,0.26,中风险
0.79,0.16,否,0.72,0.88,4.76,初级,无,无,12.17,8.58,0.42,是,是,0.52,车辆,3.74,1,0.29,0.95,0.64,3,0.25,无风险
0.72,0.74,否,0.69,0.85,14.68,中级,无,1次,27.55,49.76,0.66,是,是,0.65,高支模,4.01,0.65,0.06,0.81,0.52,2,0.5,高风险
0.59,0.29,否,0.75,0.76,3.41,初级,无,无,39.85,26.99,0.03,是,是,0.86,高支模,20.7,0.43,0.27,0.58,0.62,2,0.84,低风险
0.8,0.56,否,0.96,0.54,10.84,中级,无,无,15.29,33.47,0.16,是,是,0.48,深基坑,4.61,0.5,0.17,0.69,0.75,5,0.83,高风险
0.14,0.4,否,0.64,0.78,14.78,中级,无,无,19.19,29.21,0.06,是,是,0.46,深基坑,8.09,0.55,0.11,0.89,0.89,4,0.71,高风险
0.84,0.45,否,0.75,0.69,15.03,中级,无,无,12.39,98.95,0.37,是,是,0.36,车辆,21.19,1,0,0.71,0.21,3,0.41,高风险
0.72,0.3,否,0.75,0.59,3.08,高级,无,无,21.23,12.35,0.64,是,否,0.67,高支模,14.87,0.56,0.52,0.85,0.39,1,0.83,极高风险
0.99,0.48,否,0.72,0.79,29.28,中级,无,无,40.34,27.54,0.03,是,是,0.83,深基坑,23,1,0.26,0.84,0.79,0,0.64,无风险
0.55,0.37,否,0.81,0.64,4.48,中级,1次,无,25.5,18.42,0.15,是,是,0.23,塔吊,3.1,0.56,0.45,0.87,0.76,3,0.98,中风险
0.67,0.21,否,0.63,0.74,11.22,中级,1次,1次,11.93,31.35,0.07,是,是,0.87,车辆,17.46,1,0.03,0.76,0.86,1,0.44,低风险
0.66,0.61,否,0.59,0.68,3.73,中级,无,无,50.85,105.41,0.56,是,是,0.37,高支模,14.01,0.4,0.4,0.87,0.68,4,0.65,极高风险
0.88,0.2,否,0.56,0.81,3.07,初级,无,≥2次,11.42,23.69,0.07,是,是,0.83,塔吊,8.8,1,0.09,0.82,0.65,4,0.32,低风险
0.39,0.98,否,0.68,0.78,14.05,初级,1次,1次,12.65,51.34,0.09,是,是,0.38,塔吊,3.6,1,0.22,0.87,0.69,1,0.71,极高风险
0.74,0.76,否,0.82,0.64,36.71,初级,1次,1次,30.14,45.82,0.11,是,是,0.65,高支模,18.72,0.69,0,0.8,0.65,1,0.9,中风险
0.47,0.24,否,0.93,0.83,36.2,中级,无,无,20.58,39.38,0.32,是,是,0.7,深基坑,45.9,0.63,0.13,0.93,0.18,2,0.68,低风险
0.8,0.49,否,0.95,0.76,7.54,中级,无,1次,17.48,45.1,0.05,是,是,0.5,高支模,23.84,0.59,0,0.87,0.37,2,0.42,中风险
0.54,0.3,否,0.78,0.75,1.7,中级,1次,无,31.83,46.34,0.2,是,是,0.5,塔吊,58.36,0.2,0.57,0.79,0.59,2,0.78,极高风险
0.72,0.24,是,0.82,0.84,23.8,中级,无,≥2次,16.28,27.17,0.06,是,是,0.75,塔吊,27.33,0.41,0.2,0.77,0.16,5,0.74,极高风险
0.92,0.25,否,0.72,0.76,12.95,初级,无,无,14.08,45.29,0.16,是,是,0.31,车辆,0.12,0.5,0.45,0.88,0.84,3,0.63,低风险
0.09,0.2,否,0.64,0.86,23.59,中级,无,无,16.02,30.15,0.04,是,是,0.69,塔吊,1.67,0.86,0,0.77,0.8,0,0.77,高风险
0.65,0.18,否,0.67,0.88,5.57,初级,无,1次,19.69,57.43,0.05,是,是,0.59,塔吊,4.58,0.75,0,0.89,0.68,3,0.56,低风险
0.56,0.34,否,0.65,0.76,9.95,高级,无,1次,14.73,13.84,0.14,是,是,0.66,配电箱,1.86,0.72,0.67,0.88,0.94,5,0.73,无风险
0.8,0.26,否,0.8,0.83,10.86,中级,无,无,15.21,108.2,0.5,是,是,0.58,塔吊,20.86,0.74,0.11,0.93,0.89,3,0.23,低风险
0.34,0.19,否,0.61,0.71,6.9,中级,无,≥2次,31.32,22.4,0.74,是,是,0.89,塔吊,0.4,0.8,0.33,0.72,0.33,3,0.49,极高风险
0.83,0.44,否,0.86,0.87,0.7,无证,无,≥2次,50.2,22.47,0.32,是,是,0.51,深基坑,35.08,0.46,0.28,0.87,0.3,1,0.58,极高风险
0.44,0.32,否,0.73,0.79,4.02,中级,1次,无,17.63,24.25,0.08,是,否,0.92,塔吊,0.23,1,0,0.66,0.86,2,0.51,高风险
0.62,0.15,否,0.84,0.79,13.67,初级,1次,≥2次,14.43,27.38,0.17,是,是,0.72,车辆,1.29,0.28,0.49,0.86,0.87,1,0.63,中风险
0.07,0.26,否,0.67,0.84,22.95,中级,无,无,12.66,23.54,0.11,是,是,0.64,塔吊,20.84,0.8,0.82,0.76,0.34,1,0.66,高风险
0.8,0.29,否,0.6,0.85,13.24,初级,无,无,27.31,32.45,0.28,是,是,0.88,配电箱,2.09,0.69,0.28,0.8,0.45,3,0.79,无风险
0.59,0.39,否,0.72,0.68,0.26,中级,无,无,22.93,45.75,0.16,是,是,0.14,深基坑,21.37,0.51,0.03,0.74,0.84,3,0.66,高风险
0.9,0.58,否,0.78,0.74,34.93,中级,无,无,26.4,10.18,0.28,是,是,0.3,塔吊,1.68,0.63,0.19,0.58,0.76,4,0.46,无风险
0.52,0.19,否,0.64,0.77,0.87,中级,1次,无,12.69,18.79,0.15,是,是,0.81,高支模,6.41,0.47,0.08,0.76,0.68,3,0.36,低风险
0.32,0.63,否,0.62,0.76,5.07,初级,无,1次,23.69,106.39,0.21,是,是,0.74,高支模,17.05,0.32,0.22,0.7,0.65,1,0.86,极高风险
0.35,0.46,否,0.62,0.71,24.96,初级,无,1次,10.46,11.6,0.41,是,是,0.88,配电箱,19.62,0.73,0,0.91,0.29,2,0.59,中风险
0.6,0.12,否,0.55,0.84,34.08,中级,无,无,8.58,25.58,0.27,是,是,0.73,配电箱,0.66,0.93,0.04,0.88,0.64,4,0.86,无风险
0.83,0.28,否,0.73,0.71,1.57,中级,无,无,15.42,53.11,0.25,是,是,0.69,塔吊,3.53,0.6,0.41,0.79,0.64,1,0.48,低风险
0.65,0.25,否,0.54,0.56,4.67,中级,无,无,25.18,25.16,0.43,是,是,0.7,配电箱,23.78,0.9,0.04,0.83,0.79,1,0.57,高风险
0.7,0.25,否,0.68,0.82,4.18,初级,无,无,45.48,59.98,0.44,是,是,0.9,车辆,0.03,0.52,0.39,0.61,0.25,0,0.5,高风险
0.63,0.57,否,0.5,0.93,0.18,中级,无,无,19.41,61.39,0.1,是,是,0.69,塔吊,1.28,0.33,0,0.77,0.67,4,0.39,中风险
0.72,0.27,否,0.7,0.95,10.17,中级,无,无,13.46,61.26,0.3,是,是,0.86,塔吊,18.83,0.68,0.12,0.76,0.23,0,0.74,低风险
0.75,0.4,否,0.7,0.79,1.64,中级,1次,无,19.55,42.85,0.4,是,是,0.83,深基坑,6.69,0.89,0.08,0.52,0.68,2,0.2,中风险
0.55,0.67,否,0.71,0.73,7.14,初级,无,1次,7.44,34.73,0.25,是,是,0.4,深基坑,0.77,0.38,0.79,0.71,0.6,1,0.34,极高风险
0.49,0.73,否,0.67,0.64,1,高级,无,无,19.2,100.93,0.06,是,是,0.94,塔吊,42.11,0.31,0.77,0.82,0.72,2,0.79,高风险
0.61,0.11,否,0.59,0.78,15,高级,无,无,73.9,18.65,0.36,是,是,0.74,配电箱,0.13,0.57,0.88,0.71,0.67,2,0.81,无风险
0.44,0.27,否,0.58,0.79,2.18,高级,无,无,46.12,16.57,0.06,是,否,0.8,车辆,12.98,0.71,0.51,0.79,0.29,1,0.31,极高风险
0.86,0.48,否,0.57,0.75,5.05,初级,无,无,29.85,30.29,0.11,是,是,0.79,高支模,28.84,0.61,0,0.86,0.71,1,0.6,低风险
0.85,0.43,否,0.89,0.93,17.06,高级,无,≥2次,17.31,36.86,0.1,是,是,0.68,塔吊,0.05,0.81,0.26,0.82,0.51,0,0.52,无风险
0.85,0.47,否,0.79,0.85,28.78,高级,无,≥2次,25.43,40.51,0.19,是,是,0.94,车辆,32.27,0.25,0.26,0.94,0.65,5,0.59,中风险
0.63,0.51,否,0.82,0.77,25.63,中级,1次,无,16.68,88.36,0.39,是,是,0.45,配电箱,11.79,0.17,0,0.94,0.8,2,0.85,中风险
0.76,0.3,是,0.69,0.69,4.4,中级,无,1次,12.55,44.74,0.28,是,是,0.73,配电箱,37.46,0.68,0,0.65,0.45,4,0.89,极高风险
0.3,0.23,否,0.61,0.84,11.07,高级,无,≥2次,34.39,31.71,0.34,是,是,0.36,塔吊,13.34,0.91,0.32,0.58,0.49,4,0.8,极高风险
0.77,0.15,否,0.83,0.98,14.58,初级,无,1次,24.1,45.02,0.76,是,是,0.62,车辆,16.09,0.84,0.29,0.58,0.28,5,0.79,极高风险
0.65,0.21,否,0.65,0.67,2.62,中级,无,无,15.99,22.67,0.5,是,是,0.34,高支模,16.89,0.77,0.02,0.87,0.51,2,0.59,中风险
0.67,0.19,否,0.71,0.82,10.45,高级,无,无,36.12,74.7,0.32,是,是,0.5,高支模,0.18,0.48,0,0.84,0.68,1,0.52,无风险
0.76,0.73,否,0.72,0.9,6.12,中级,无,无,27.23,21.76,0.02,是,是,0.47,深基坑,2.27,0.8,0.46,0.78,0.13,3,0.38,中风险
0.32,0.2,否,0.89,0.77,3.65,中级,无,无,17.24,69.08,0.52,是,否,0.69,深基坑,33.24,1,0.66,0.91,0.5,4,0.37,极高风险
0.19,0.33,否,0.51,0.81,0.05,无证,无,无,17.31,41.69,0.1,是,是,0.8,车辆,26.55,0.54,0.03,0.78,0.61,4,0.47,极高风险
0.43,0.18,是,0.61,0.94,2.39,初级,≥2次,1次,14.93,22.82,0.2,是,是,0.87,车辆,15.8,0.44,0.62,0.63,0.98,1,0.69,极高风险
0.22,0.13,否,0.7,0.69,6.32,初级,无,无,20.89,29.07,0.46,是,是,0.84,配电箱,2.19,0.35,0,0.71,0.68,5,0.53,中风险
0.67,0.2,否,0.69,0.86,0.96,中级,无,无,44.96,17.75,0.09,是,是,0.4,深基坑,28.79,0.46,0.73,0.74,0.62,2,0.82,高风险
0.65,0.2,否,0.74,0.84,12.4,高级,无,1次,29.81,29.09,0.33,是,是,0.78,配电箱,2.93,1,0.41,0.96,0.72,2,0.56,无风险
0.34,0.27,否,0.78,0.96,4.42,高级,1次,无,22.54,14.89,0.44,否,是,0.89,塔吊,14.25,1,0,0.91,0.31,5,0.84,高风险
0.55,0.08,否,0.68,0.72,12.53,中级,1次,无,50.31,16.89,0.1,是,是,0.97,配电箱,24.02,0.6,0.37,0.76,0.9,6,0.61,低风险
0.97,0.15,否,0.62,0.76,37.6,中级,1次,1次,40.65,8.11,0.56,是,是,0.81,深基坑,0.94,0.68,0.53,0.76,0.9,7,0.61,无风险
0.88,0.31,否,0.68,0.87,3.47,中级,无,1次,11.35,14.11,0.14,是,是,0.61,塔吊,40.53,1,0.28,0.7,0.78,5,0.73,低风险
0.64,0.22,否,0.83,0.82,15.52,高级,无,无,27.99,23.91,0.25,是,是,0.6,车辆,21.39,0.71,0.75,0.87,0.89,5,0.92,低风险
0.64,0.29,否,0.78,0.97,8.33,高级,无,无,26.09,33.81,0.07,是,是,0.46,塔吊,0.19,0.87,0.23,0.88,0.47,4,0.7,无风险
0.22,0.4,否,0.64,0.81,11.59,高级,无,≥2次,26.51,7.26,0.46,是,是,0.34,深基坑,21.76,0.33,0.65,0.91,0.68,0,0.65,极高风险
0.26,0.14,否,0.66,0.82,14.01,中级,无,≥2次,30.02,40.77,0.24,是,是,0.59,深基坑,15.78,1,0.03,0.91,0.68,6,0.48,高风险
0.41,0.14,否,0.63,0.83,4.52,初级,无,无,39.44,4.84,0.08,是,是,0.57,车辆,23.12,0.63,0.07,0.69,0.71,7,0.72,中风险
0.28,0.18,否,0.83,0.86,14.66,高级,无,1次,14.97,12.64,0.38,否,是,0.85,塔吊,60.09,0.8,0.33,0.81,0.62,2,0.67,高风险
0.4,0.9,否,0.78,0.8,33.47,中级,无,1次,25.1,46.99,0.18,是,是,0.94,深基坑,1.35,0.4,0.01,0.5,0.35,1,0.75,高风险
0.78,0.35,否,0.66,0.79,25.37,初级,无,≥2次,23.72,15.02,0.42,是,是,0.88,车辆,6.81,0.34,0.17,0.89,0.4,3,0.5,中风险
0.47,0.47,否,0.63,0.94,11.73,初级,无,≥2次,18.48,38.92,0.19,是,是,0.77,车辆,10.31,0.53,0,0.85,0.52,5,0.89,高风险
0.52,0.21,否,0.72,0.66,6.55,中级,无,无,33.51,35.47,0.01,是,是,0.58,深基坑,9.42,1,0,0.57,0.51,3,0.97,无风险
0.77,0.73,否,0.78,0.9,0.22,初级,无,无,28.51,19.59,0.09,是,否,0.76,深基坑,20.09,1,0,0.83,0.39,4,0.63,高风险
0.33,0.55,否,0.71,0.87,31.4,高级,无,1次,16.04,31.08,0.13,是,是,0.74,车辆,16.36,1,0.02,0.53,0.78,5,0.89,无风险
0.65,0.25,否,0.68,0.61,6.94,高级,无,无,34.01,22.23,0.1,是,是,0.88,配电箱,3.89,0.76,0.29,0.87,0.96,1,0.4,无风险
0.38,0.23,否,0.62,1,4.98,初级,无,无,14.22,25.35,0.43,否,是,0.48,车辆,16.42,0.91,0,0.94,0.45,8,0.48,极高风险
0.45,0.23,否,0.6,0.69,6.01,中级,无,无,20.81,22.5,0.34,是,是,0.83,车辆,43.97,0.53,0.06,0.83,0.66,0,0.79,低风险
0.48,0.47,否,0.88,0.73,6.51,初级,无,1次,19.94,12.45,0,是,是,0.48,配电箱,11.85,0.3,0.11,0.82,0.47,2,0.25,高风险
0.78,0.49,否,0.8,0.86,2.43,初级,无,无,5.62,69.25,0.25,是,是,0.67,高支模,2,0.91,0,0.81,0.6,0,0.62,低风险
0.5,0.21,否,0.63,0.96,4.86,中级,无,1次,21.85,24,0.72,是,是,0.87,车辆,16.94,0.57,0.21,0.68,0.39,3,0.61,高风险
0.41,0.38,否,0.6,0.82,5.59,高级,无,≥2次,16.23,44.97,0.19,是,是,0.71,深基坑,6.16,0.77,0.25,0.79,0.6,4,0.9,高风险
0.79,0.48,否,0.77,0.89,18.94,中级,无,≥2次,38.03,19.61,0.46,是,是,0.81,深基坑,5.94,0.44,0.67,0.94,0.46,5,0.58,高风险
0.63,0.08,否,0.68,0.82,14.3,中级,无,无,24.21,29.69,0.13,是,否,0.76,高支模,1.93,0.66,0.05,0.82,0.87,2,0.85,高风险
0.54,0.17,否,0.85,0.84,8.63,初级,无,1次,15.53,37.55,0.21,是,是,0.37,深基坑,9.33,0.28,0.26,0.87,0.45,1,0.93,高风险
0.66,0.49,否,0.75,0.82,6.34,高级,无,无,22.21,65.32,0.55,是,否,0.66,车辆,13.38,0.65,0.17,0.76,0.8,1,0.75,极高风险
0.74,0.21,否,0.73,0.8,13.26,中级,无,1次,9.81,31.45,0.52,是,是,0.61,高支模,15.03,0.04,0.08,0.52,0.53,5,0.75,极高风险
0.54,0.29,否,0.59,0.85,2.01,中级,1次,1次,32.61,25.67,0.03,是,是,0.19,深基坑,19.4,0.69,0.3,0.77,0.59,2,0.53,极高风险
0.72,0.4,否,0.65,0.77,0.59,初级,无,1次,18.02,58.2,0.36,是,是,0.49,深基坑,0.74,1,0,0.92,0.38,1,0.7,中风险
0.22,0.54,是,0.8,0.51,8.84,高级,1次,无,24.55,30.71,0.62,是,是,0.48,配电箱,29.87,0.53,0,0.96,0.42,1,0.58,极高风险
0.76,0.12,否,0.61,0.79,2.57,中级,无,1次,10.07,50.75,0.36,是,是,0.8,配电箱,14.69,1,0.93,0.95,0.82,6,0.6,高风险
0.8,0.26,否,0.84,0.89,2.52,中级,1次,≥2次,25.12,49.36,0.27,是,是,0.69,深基坑,18.2,1,0.16,0.9,0.5,4,0.16,极高风险
0.34,0.2,否,0.74,0.83,13.83,初级,无,无,13.11,26.99,0.31,是,是,0.65,配电箱,30.22,0.35,0.21,0.9,0.91,3,0.75,中风险
0.64,0.16,否,0.49,0.81,16.35,中级,1次,无,18.2,18.48,0.61,是,是,0.55,塔吊,0.54,0.77,0,0.9,0.72,3,0.67,无风险
0.43,0.28,否,0.75,0.94,9.5,高级,1次,≥2次,21.02,35.52,0.05,是,是,0.87,塔吊,0.14,0.81,0.12,0.89,0.55,4,0.43,低风险
0.6,0.23,否,0.62,0.86,3.46,初级,无,无,20.63,19.86,0.49,是,是,0.32,深基坑,9.73,0.59,0.27,0.79,0.3,2,0.79,高风险
0.85,0.14,否,0.66,0.76,9.76,中级,无,≥2次,33.08,11.51,0.5,是,否,0.41,塔吊,20.8,1,0.09,0.67,0.84,1,0.68,高风险
0.3,0.2,否,0.63,0.62,9.49,初级,1次,无,14.03,16.01,0.23,是,是,0.3,配电箱,0.39,0.67,0.46,0.78,0.86,1,0.35,中风险
0.56,0.24,否,0.76,0.73,6.03,初级,无,≥2次,19.75,46.66,0.22,是,是,0.63,塔吊,22.12,0.55,0,0.64,0.53,2,0.41,极高风险
0.59,0.3,否,0.61,0.8,5.57,中级,无,无,45.22,28.15,0.47,是,是,0.71,车辆,4.95,0.67,0.04,0.85,0.79,2,0.88,无风险
0.59,0.24,否,0.7,0.74,0.3,无证,无,无,13.75,35.78,0.26,是,是,0.82,车辆,31.18,1,0.13,0.84,0.07,4,0.75,高风险
0.75,0.22,否,0.43,0.68,4.33,初级,无,≥2次,13.47,43.75,0.13,是,是,0.79,车辆,16.16,0.6,0,0.91,0.45,2,0.75,高风险
0.37,0.69,否,0.65,0.98,3.09,中级,无,≥2次,16.64,45.2,0.18,是,是,0.72,车辆,13.35,1,0.06,0.95,0.53,2,0.71,高风险
0.65,0.53,否,0.67,0.81,0.32,初级,无,1次,30.15,18.51,0.46,是,是,0.41,高支模,17.78,0.62,0.51,0.96,0.89,5,0.75,极高风险
0.75,0.16,否,0.57,0.71,3.78,中级,无,无,16.43,28.46,0.39,是,是,0.33,配电箱,12.08,1,0,0.75,0.65,7,0.52,中风险
0.34,0.48,否,0.82,0.93,9.06,中级,无,无,30.85,25.96,0.51,是,是,0.45,配电箱,28.87,1,0.14,0.79,0.53,4,0.63,高风险
0.61,0.53,否,0.6,0.82,4.19,初级,无,无,26.82,11.39,0.13,是,是,0.65,车辆,12.33,0.54,0.42,0.7,0.51,4,0.59,高风险
0.52,0.18,否,0.65,0.72,0.44,中级,1次,无,13.52,31.03,0.05,是,是,0.87,配电箱,26.66,1,0.23,0.69,0.91,0,0.75,无风险
0.16,0.35,否,0.81,0.8,2.09,中级,无,1次,47.44,18.68,0.25,是,是,0.34,高支模,24.47,0.43,0,0.79,0.81,1,0.45,高风险
0.77,0.1,是,0.65,0.82,16.97,中级,无,无,12.34,31.94,0.4,是,是,0.71,深基坑,0.93,0.78,0.16,0.86,0.74,1,0.24,高风险
0.6,0.19,否,0.65,0.87,7.78,中级,无,无,34.88,13.72,0.41,是,是,0.4,高支模,29.93,1,0.68,0.87,0.65,1,0.44,高风险
0.81,0.31,否,0.82,0.74,12.14,中级,无,1次,67.45,27.36,0.41,是,是,0.91,深基坑,3.91,0.39,0.35,0.58,0.64,5,0.77,低风险
0.74,0.51,否,0.71,0.77,0.82,初级,≥2次,无,27,5.46,0.55,是,是,0.96,高支模,24.46,0.52,0.08,0.95,0.57,4,0.48,高风险
0.75,0.38,否,0.8,0.77,25.94,中级,无,无,17.07,24.67,0.01,否,是,0.2,配电箱,22.23,1,0.64,0.92,0.74,1,0.68,高风险
0.78,0.71,否,0.68,0.85,5,初级,无,1次,22.77,34.04,0.52,是,是,0.5,车辆,14.46,0.8,0.28,0.89,0.56,1,0.41,极高风险
0.91,0.62,否,0.78,0.73,1.54,中级,无,无,14.65,86.74,0.08,是,是,0.72,塔吊,3.89,0.41,0.32,0.81,0.66,1,0.76,低风险
0.55,0.13,否,0.76,0.98,10.3,初级,无,无,29.39,47.44,0.12,是,是,0.83,深基坑,10.66,0.69,0.04,0.97,0.38,4,0.61,无风险
0.75,0.19,否,0.58,0.85,4.3,中级,无,≥2次,20.9,16.41,0.16,是,是,0.45,深基坑,2.72,0.88,0.31,0.88,0.7,3,0.61,低风险
0.61,0.26,否,0.72,0.73,19.87,初级,无,1次,24.55,27.81,0.71,是,是,0.87,深基坑,19.47,0.72,0.2,0.98,0.54,2,0.51,中风险
0.51,0.42,否,0.66,0.73,13.42,初级,无,1次,22.3,34.11,0.27,是,是,0.81,深基坑,3.2,0.95,0.68,0.81,0.85,2,0.55,中风险
0.44,0.27,否,0.6,0.53,0.35,初级,无,无,23.4,20.09,0.28,是,是,0.39,高支模,32.62,0.54,0.24,0.86,0.57,2,0.56,极高风险
0.71,0.35,否,0.79,0.83,2.44,中级,1次,1次,21.19,58.66,0.29,是,是,0.53,深基坑,12.97,0.54,0.55,0.74,0.67,4,0.5,极高风险
0.83,0.2,否,0.7,0.84,10.27,中级,无,≥2次,35.65,55.76,0.06,是,是,0.79,高支模,5.83,0.46,0.61,0.85,0.61,4,0.72,高风险
0.75,0.26,否,0.58,0.67,3.01,中级,无,1次,19.72,37.88,0.64,是,是,0.65,配电箱,57.75,0.78,0.33,0.85,0.43,2,0.84,极高风险
0.88,0.5,否,0.67,0.91,6.28,中级,1次,无,11.63,30.94,0.7,是,是,0.43,车辆,8.77,0.16,0.14,0.74,0.57,4,0.31,极高风险
0.67,0.32,否,0.72,0.77,23.12,高级,无,无,13.8,33.48,0.61,是,是,0.23,车辆,47.91,0.43,0.17,0.78,0.73,3,0.53,中风险
0.45,0.22,否,0.77,0.86,4.02,中级,无,无,15.82,27.48,0.27,是,是,0.14,深基坑,10.36,0.86,0,0.85,0.36,0,0.38,高风险
0.64,0.36,否,0.6,0.92,12.25,初级,无,无,36.04,21.52,0.45,是,否,0.25,深基坑,17.75,0.37,0.63,0.98,0.38,6,0.46,极高风险
0.28,0.33,否,0.68,0.81,11.44,中级,1次,无,30.25,107.61,0.49,是,是,0.57,塔吊,15.16,0.8,0.27,0.92,0.19,1,0.84,极高风险
0.82,0.56,否,0.74,0.81,34.04,中级,无,无,34.81,65.52,0.55,是,是,0.96,配电箱,3.97,0.44,0.68,0.71,0.23,7,0.88,高风险
0.74,0.27,否,0.66,0.79,25.83,中级,1次,1次,11.23,24.77,0.14,是,是,0.8,车辆,1.18,1,0.02,0.88,0.42,2,0.33,无风险
0.39,0.54,否,0.71,1,4.9,初级,无,≥2次,29.88,65.37,0.4,是,是,0.34,配电箱,26.72,0.52,0.16,0.96,0.3,0,0.53,极高风险
0.72,0.42,否,0.63,0.98,16.54,初级,无,≥2次,23.57,32.9,0.03,是,是,0.72,塔吊,3.76,0.6,0.33,0.72,0.76,1,0.65,中风险
0.65,0.32,否,0.58,0.79,8.12,初级,无,≥2次,17.78,10.43,0.48,是,是,0.9,深基坑,25.3,1,0.05,0.63,0.65,3,0.3,高风险
0.94,0.6,否,0.81,0.74,1.02,高级,无,无,32.28,29.02,0.2,是,是,0.52,高支模,55.88,0.46,0.11,0.81,0.65,3,0.33,中风险
0.38,0.3,否,0.56,0.8,14.12,初级,无,无,23.23,91.03,0.08,是,是,0.64,配电箱,2.07,1,0.49,0.87,0.5,2,0.53,中风险
0.86,0.28,否,0.7,0.9,16.54,初级,无,无,12.81,41.94,0.42,是,是,0.74,车辆,15.67,0.51,0.12,0.94,0.66,1,0.63,低风险
0.54,0.35,否,0.65,0.79,3.83,中级,1次,1次,12.99,57.32,0.01,是,是,0.87,深基坑,42.17,0.79,0.6,0.78,0.71,7,0.68,极高风险
0.38,0.21,否,0.6,0.79,5.77,中级,无,无,17.39,52.16,0.35,是,是,0.62,车辆,14.8,0.21,0.14,0.77,0.07,8,0.05,极高风险
0.76,0.18,否,0.75,0.67,0.97,高级,1次,1次,20.64,14.54,0.58,是,是,0.77,车辆,15.88,0.57,0.09,0.9,0.51,3,0.51,中风险
0.86,0.56,否,0.78,0.85,9.84,高级,无,1次,39.66,45.9,0.38,是,是,0.83,深基坑,12.88,0.65,0.18,0.83,0.47,2,0.92,低风险
0.79,0.31,否,0.75,0.76,1.81,初级,无,无,14.48,19.75,0.04,是,是,0.55,高支模,9.78,0.6,0,0.74,0.49,2,0.77,无风险
0.61,0.54,否,0.79,0.8,16.33,初级,无,无,19.81,10.18,0.72,是,是,0.53,高支模,22.57,0.38,0.75,0.82,0.83,0,0.84,高风险
0.74,0.67,否,0.59,0.77,18.74,初级,无,无,28.07,72.7,0.2,是,是,0.81,车辆,0.06,0.82,0,0.58,0.67,4,0.88,无风险
0.79,0.11,否,0.87,0.79,1.21,初级,无,1次,18.21,52.91,0.47,是,是,0.59,高支模,55.05,0.46,0.08,0.74,0.19,1,0.73,极高风险
0.67,0.07,否,0.63,0.79,2.34,中级,无,无,16.09,36.04,0.01,是,是,0.09,高支模,2.23,0.81,0.16,0.98,0.72,0,0.67,高风险
0.33,0.34,否,0.76,0.71,7.05,初级,无,无,25.72,39.3,0.62,是,是,0.9,高支模,0.04,1,0.04,0.64,0.6,3,0.72,低风险
0.48,0.28,否,0.63,0.73,7.26,初级,1次,≥2次,10.5,53.39,0.01,是,是,0.06,塔吊,70.47,0.76,0.34,0.93,0.77,1,0.88,极高风险
0.26,0.18,否,0.55,0.84,1.67,初级,无,1次,55.32,50.23,0.07,是,是,0.61,塔吊,11.39,0.5,0.18,0.92,0.68,1,0.21,高风险
0.85,0.3,否,0.71,0.75,7.33,中级,无,无,8.31,16.93,0.1,是,是,0.83,车辆,3.6,0.96,0.24,0.66,0.68,2,0.31,无风险
0.73,0.62,否,0.73,0.69,5.67,高级,无,无,35.9,26.07,0.41,是,是,0.19,配电箱,34.74,0.2,0.28,0.57,0.28,3,0.15,极高风险
0.46,0.16,否,0.74,0.74,3.6,中级,无,无,16.32,57.39,0.21,是,是,0.41,深基坑,2.6,0.39,0.05,0.62,0.45,5,0.68,中风险
0.95,0.68,否,0.81,0.92,5.39,高级,无,无,22.28,31.29,0.52,是,是,0.34,高支模,4.4,0.81,0.23,0.94,0.79,2,0.42,无风险
0.59,0.5,否,0.59,0.89,14.1,中级,无,无,34.59,62.82,0.1,是,是,0.85,塔吊,25.59,0.56,0.41,0.89,0.4,1,0.42,中风险
0.31,0.35,否,0.74,0.81,4.17,中级,无,≥2次,9.66,32.84,0.03,是,是,0.69,车辆,12.27,0.72,0.09,0.99,0.31,4,0.31,极高风险
0.57,0.22,否,0.66,0.85,5.06,初级,无,1次,33.6,45.8,0.36,是,是,0.56,配电箱,23.08,1,0,0.84,0.67,2,0.8,中风险
0.73,0.2,否,0.61,0.71,0.6,中级,1次,无,10.21,55.64,0.25,是,是,0.33,高支模,2.22,0.39,0,0.95,0.6,4,0.76,中风险
0.5,0.29,否,0.57,0.92,9.65,无证,无,无,24.59,31.94,0.43,是,是,0.83,深基坑,15.68,0.55,0.27,0.92,0.66,4,0.89,高风险
0.7,0.27,否,0.8,0.82,9.16,高级,无,1次,17.59,29.57,0.54,是,是,0.3,高支模,1.55,0.3,0,0.76,0.66,3,0.53,低风险
0.6,0.33,否,0.78,0.59,3,中级,1次,无,20.2,19.96,0.03,是,是,0.69,塔吊,4.66,1,0.15,0.91,0.81,1,0.82,高风险
0.51,0.24,否,0.59,0.72,4.56,无证,无,1次,12.74,20.96,0.03,是,是,0.62,塔吊,24.91,0.43,0.34,0.89,0.88,1,0.42,高风险
0.73,0.18,否,0.75,0.88,7.48,中级,无,无,29.31,20.47,0.13,是,是,0.34,车辆,17.11,0.28,0.06,0.66,0.58,1,0.39,中风险
0.78,0.38,否,0.86,0.74,7.23,初级,无,1次,23.05,41.61,0.25,否,是,0.52,车辆,28.39,0.51,0.18,0.77,0.73,4,0.49,极高风险
0.88,0.18,否,0.61,0.69,0.57,中级,无,≥2次,25.42,19.95,0.44,是,是,0.98,配电箱,34.01,1,0.21,0.74,0.95,5,0.99,低风险
0.77,0.21,否,0.78,0.85,7.51,初级,无,无,13.6,21.44,0.36,是,是,0.78,高支模,5.98,0.14,0.04,0.86,0.09,0,0.44,中风险
0.47,0.82,否,0.64,0.8,3.15,中级,无,1次,15.9,99.23,0.76,是,是,0.73,塔吊,36.67,0.62,0.07,0.88,0.48,1,0.79,极高风险
0.69,0.07,是,0.7,0.85,2.09,初级,无,无,19.67,13.69,0.55,是,是,0.52,车辆,22.01,0.67,0.53,0.81,0.17,1,0.91,极高风险
0.87,0.22,否,0.65,0.89,5.58,中级,无,无,17.44,39.21,0.45,是,是,0.89,车辆,0.32,0.43,0,0.61,0.84,2,0.79,无风险
0.61,0.17,否,0.73,0.83,15.54,中级,1次,1次,50.7,24.74,0.33,是,是,0.78,配电箱,24.55,0.54,0.14,0.72,0.43,5,0.77,高风险
0.73,0.82,否,0.77,0.87,12.24,中级,无,1次,15,27.53,0.04,是,是,0.55,塔吊,36.31,1,0.17,0.87,0.54,6,0.46,高风险
0.69,0.52,否,0.65,0.76,3.7,初级,无,无,14.5,13.74,0.14,是,是,0.38,塔吊,13.42,0.18,0.2,0.8,0.36,3,0.49,高风险
0.85,0.81,否,0.67,0.68,21.97,初级,无,无,18.65,33.83,0.7,是,是,0.23,塔吊,3.33,0.5,0.27,0.78,0.87,2,0.41,高风险
0.46,0.27,否,0.75,0.69,0.21,中级,无,无,20.27,14.64,0.06,是,否,0.48,车辆,0.62,0.45,0.37,0.93,0.35,3,0.71,高风险
0.71,0.19,否,0.79,0.84,6.08,高级,无,无,15.92,33.31,0.19,是,是,0.76,配电箱,25.41,0.73,0.14,0.9,0.44,3,0.56,无风险
0.78,0.73,否,0.65,0.99,3.13,中级,无,≥2次,9.91,40.04,0.27,是,是,0.68,车辆,36.4,0.73,0.15,0.67,0.16,4,0.76,极高风险
0.76,0.63,否,0.84,0.69,6.03,初级,1次,无,34.16,67.19,0.43,是,是,0.86,塔吊,32.73,0.66,0,0.81,0.75,4,0.57,高风险
0.95,0.47,否,0.78,0.68,0.06,初级,无,无,23.01,9.61,0.23,是,是,0.86,高支模,15.15,0.6,0.16,0.75,0.88,0,0.49,无风险
0.55,0.66,否,0.65,0.82,0.92,无证,≥2次,≥2次,47.22,69.55,0.16,是,是,0.95,配电箱,2.63,0.64,0.25,0.67,0.33,2,0.32,极高风险
0.3,0.28,否,0.67,0.7,2.84,初级,无,1次,25.98,20.78,0.31,是,是,0.64,车辆,15.29,1,0.14,0.97,0.89,6,0.49,高风险
0.32,0.14,否,0.69,0.77,16.63,初级,无,无,24.64,10.15,0.04,是,是,0.59,深基坑,0.01,1,0,0.61,0.51,2,0.71,无风险
0.42,0.22,否,0.61,0.67,0.68,中级,无,无,20.82,11.64,0.09,否,是,0.54,配电箱,3.21,0.86,0.2,0.41,0.49,4,0.73,高风险
0.3,0.36,否,0.76,0.72,11.05,中级,无,无,16.87,72.9,0.04,是,是,0.61,车辆,21.33,0.89,0.14,0.94,0.69,1,0.65,中风险
0.14,0.17,否,0.54,0.84,1.91,初级,无,无,21.83,28.11,0.22,是,是,0.02,高支模,19.2,0.79,0.37,0.41,0.25,2,0.77,极高风险
0.48,0.18,否,0.87,0.8,15.85,中级,无,无,23.58,10.95,0.54,是,是,0.47,高支模,24.29,0.75,0.16,0.52,0.57,0,0.54,中风险
0.85,1,否,0.66,0.65,0.25,无证,无,无,18.71,60.18,0.73,是,是,0.66,车辆,20.02,0.89,0,0.71,0.34,2,0.34,极高风险
0.55,0.19,否,0.71,0.8,2.78,中级,无,1次,17.11,22.51,0.14,是,是,0.66,配电箱,16.97,0.5,0.13,0.84,0.35,4,0.89,中风险
0.34,0.27,否,0.62,0.81,11.83,中级,无,1次,28.37,41.9,0.78,是,是,0.19,高支模,17.03,0.57,0.32,0.91,0.85,0,0.84,极高风险
0.32,0.43,否,0.65,0.75,14.07,中级,≥2次,无,11.69,41.49,0.54,是,是,0.72,车辆,47.62,0.78,0.25,0.94,0.57,3,0.81,极高风险
0.34,0.22,否,0.66,0.94,6.3,中级,无,1次,20.37,16.15,0.19,是,是,0.87,车辆,35.39,0.64,0.53,0.6,0.86,5,0.8,中风险
0.77,0.14,否,0.77,0.93,2.6,初级,无,无,7.01,17.97,0.05,是,是,0.45,车辆,14.64,0.33,0.51,0.9,0.67,5,0.62,高风险
0.41,0.68,否,0.59,0.77,15.52,高级,无,无,18.28,33.95,0.3,是,是,0.94,塔吊,2.3,0.7,0.05,0.59,0.54,3,0.96,无风险
0.47,0.31,否,0.8,0.93,20.45,初级,无,无,8.34,9.1,0.01,是,是,0.73,配电箱,20.06,0.75,0.2,0.41,0.58,1,0.36,低风险
0.79,0.57,否,0.81,0.85,2.68,高级,无,无,26.91,8.01,0.17,是,是,0.61,配电箱,20.14,0.72,0.33,0.69,0.68,2,0.68,无风险
0.14,0.21,否,0.7,0.89,0.63,中级,无,无,17.38,14.92,0.25,是,否,0.42,配电箱,24.99,0.95,0.67,0.83,0.42,6,0.76,极高风险
0.88,0.29,否,0.69,0.51,5.15,初级,无,无,50.19,15.33,0.05,是,是,0.72,配电箱,3.29,0.72,0.13,0.92,0.7,1,0.64,高风险
0.67,0.26,否,0.61,0.85,34.23,初级,1次,无,15.49,17.36,0.22,是,是,0.55,深基坑,23.85,1,0,0.88,0.59,6,0.47,低风险
0.83,0.19,否,0.81,0.8,7.17,初级,无,无,51.22,10.81,0.12,是,是,0.62,车辆,21.84,0.71,0.53,0.79,0.14,2,0.87,中风险
0.74,0.19,否,0.71,0.74,12.3,中级,无,无,14.27,18.84,0.11,否,是,0.84,塔吊,9.38,0.87,0,0.74,0.44,1,0.54,高风险
0.8,0.25,否,0.85,0.81,2.06,初级,1次,无,16.9,60.15,0.22,是,是,0.53,车辆,8.89,0.77,0,0.75,0.75,8,0.38,高风险
0.51,0.54,否,0.61,0.95,14.28,中级,无,无,10.09,30.82,0.19,否,否,0.93,高支模,12.55,0.63,0.04,0.91,0.84,1,0.25,极高风险
0.61,0.19,否,0.68,0.76,1.4,初级,无,无,9.56,28.03,0.06,是,是,0.06,塔吊,7.65,0.35,0.18,0.92,0.81,1,0.19,高风险
0.56,0.22,否,0.82,0.6,2.5,无证,无,1次,30.7,28.73,0.03,是,是,0.94,深基坑,16.64,0.7,0.1,0.66,0.8,4,0.47,极高风险
0.6,0.28,否,0.5,0.82,9.45,无证,1次,1次,20.61,30.51,0.08,是,是,0.73,车辆,1.58,0.91,0.36,0.65,0.5,1,0.68,高风险
0.63,0.21,否,0.74,0.82,1.32,初级,无,无,21.98,23.12,0.15,是,是,0.3,塔吊,16.01,0.43,0.07,0.7,0.95,5,0.79,低风险
0.79,0.14,否,0.6,0.65,12.37,初级,无,无,42.15,24.62,0.11,是,是,0.06,配电箱,13.42,0.55,0.53,0.83,0.7,1,0.45,高风险
0.47,0.82,否,0.81,0.8,12.05,中级,1次,无,13.97,79.99,0.31,是,是,0.4,车辆,59.13,0.56,0.11,0.89,0.61,1,0.4,极高风险
0.5,0.27,否,0.65,0.66,3.14,初级,1次,1次,13.52,16.76,0.05,是,是,0.74,配电箱,27.61,1,0.74,0.94,0.46,3,0.76,极高风险
0.86,0.51,否,0.83,0.87,11.49,初级,无,无,15.41,21.88,0.46,是,是,0.71,配电箱,3.73,0.65,0.14,0.92,0.68,4,0.56,低风险
0.23,0.29,否,0.71,0.74,35.23,初级,无,无,16.09,57.14,0.05,是,是,0.94,塔吊,87.72,1,0.1,0.53,0.47,1,0.66,低风险
0.74,0.44,否,0.92,0.75,19.34,中级,无,1次,23.9,34.8,0.06,是,是,0.66,配电箱,51.13,1,0.17,0.4,0.15,2,0.24,中风险
0.65,0.47,否,0.84,0.65,0.4,初级,无,1次,15.09,52.89,0.23,是,是,0.32,车辆,0.74,0.82,0.05,0.65,0.59,2,0.57,高风险
0.84,0.28,否,0.81,0.85,19.54,中级,无,无,44.88,27.43,0.4,是,是,0.69,塔吊,4.99,0.84,0.22,0.48,0.52,5,0.49,无风险
0.83,0.65,否,0.7,0.9,20.66,无证,无,无,12.09,28.79,0.04,是,是,0.73,高支模,0.41,1,0.55,0.86,0.75,6,0.71,高风险
0.29,0.2,否,0.65,0.83,5.85,初级,无,无,16.34,11.61,0.82,是,是,0.27,高支模,20.76,0.84,0.04,0.74,0.61,0,0.56,高风险
0.79,0.17,否,0.65,0.98,15.52,初级,无,无,23.18,78.41,0.09,是,是,0.91,塔吊,26.6,1,0.31,0.78,0.64,6,0.39,低风险
0.38,0.2,否,0.61,0.71,15.49,无证,无,1次,17.53,60.38,0.05,是,是,0.11,塔吊,7.24,0.8,0.77,0.85,0.23,6,0.65,极高风险
0.62,0.17,否,0.66,0.75,19.94,初级,无,无,16.12,33.81,0.62,是,是,0.86,塔吊,34.66,0.89,0.92,0.91,0.67,1,0.46,中风险
0.58,0.49,否,0.7,0.65,7.49,中级,无,无,8.48,46.19,0.2,是,是,0.43,车辆,21.43,0.87,0.86,0.81,0.78,2,0.57,极高风险
0.78,0.38,否,0.67,0.82,9.21,初级,无,无,21.26,20.62,0.6,是,是,0.83,车辆,2.79,0.65,0.47,0.84,0.79,9,0.42,高风险
0.46,0.21,否,0.73,0.84,6.09,中级,无,无,24.41,43.64,0.19,是,是,0.37,塔吊,1.92,0.71,0.44,0.91,0.86,3,0.57,低风险
0.64,0.3,否,0.65,0.89,18.49,高级,无,无,14.85,42.98,0.13,否,是,0.67,车辆,15.07,1,0.52,0.91,0.62,8,0.4,极高风险
0.67,0.27,否,0.68,0.81,34.56,高级,无,≥2次,27.15,37.46,0.04,是,是,0.77,深基坑,3.02,0.54,0.68,0.75,0.66,5,0.57,低风险
0.52,0.21,否,0.74,0.76,8.01,无证,无,无,17.98,27.81,0.41,是,是,0.53,高支模,4.47,0.75,0,0.7,0.48,1,0.4,高风险
0.66,0.43,否,0.75,0.85,3.72,中级,无,1次,29.2,46.27,0.12,是,是,0.3,车辆,21.05,0.3,0.74,0.63,0.44,4,0.68,极高风险
0.22,0.17,否,0.61,0.86,13.57,中级,1次,1次,15.07,42.29,0.38,是,是,0.32,塔吊,13.9,0.6,0.07,0.77,0.88,7,0.84,高风险
0.75,0.17,否,0.67,0.72,5.48,中级,无,无,23.11,16.16,0.18,是,是,0.93,深基坑,34.71,0.2,0.22,0.83,0.91,0,0.57,无风险
0.66,0.22,否,0.61,0.9,23.92,中级,1次,无,9.52,33.61,0.16,是,是,0.82,高支模,4.17,0.34,0.39,0.88,0.75,6,0.93,无风险
0.58,0.29,否,0.7,0.75,0.65,初级,1次,无,32.25,12.79,0.18,是,是,0.28,高支模,23.86,0.61,0.08,0.94,0.84,2,0.73,高风险
0.78,0.55,否,0.71,0.78,10.46,中级,1次,无,24.07,46.75,0.22,是,否,0.63,配电箱,3.38,0.1,0,0.64,0.72,3,0.35,极高风险
0.8,0.11,否,0.69,0.96,13.79,初级,无,1次,13.93,36.38,0.54,是,是,0.62,塔吊,5.93,0.63,0.23,0.68,0.69,4,0.35,中风险
0.65,0.09,否,0.68,0.79,17,中级,无,无,10.48,36.89,0.05,是,是,0.38,深基坑,18.34,0.48,0,0.86,0.16,3,0.52,低风险
0.37,0.37,否,0.75,0.69,5.22,中级,无,1次,7.82,16.92,0.71,是,否,0.59,高支模,19.72,0.78,0.08,0.82,0.29,3,0.35,极高风险
0.8,0.31,否,0.76,0.81,5.26,无证,无,无,55.02,45.57,0.44,是,是,0.76,高支模,24.82,0.68,0.33,0.8,0.61,0,0.67,高风险
0.69,0.16,否,0.75,0.8,0.15,中级,无,无,14.86,17.6,0.31,是,是,0.34,深基坑,17.1,0.43,0,0.75,0.72,6,0.55,低风险
0.72,0.3,否,0.74,0.87,6.06,高级,无,≥2次,25.69,20.3,0.44,是,是,0.82,车辆,2.16,0.13,0.01,0.75,0.51,5,0.56,中风险
0.44,0.13,否,0.71,0.7,6.74,高级,1次,无,24.67,16.89,0.03,是,是,0.26,深基坑,33.47,0.82,0.15,0.98,0.31,0,0.69,中风险
0.77,0.18,否,0.68,0.91,5.71,初级,无,1次,12.73,60.84,0.52,是,是,0.81,高支模,26.24,0.81,0.64,0.69,0.36,5,0.56,极高风险
0.52,0.24,否,0.92,0.76,18.99,中级,无,无,30.47,9.73,0.84,是,是,0.49,塔吊,23.59,0.39,0.11,0.82,0.53,1,0.52,低风险
0.88,0.34,否,0.66,0.93,1.19,中级,无,1次,19.11,32.76,0.12,是,是,0.2,车辆,1.46,0.62,0.2,0.94,0.58,2,0.39,高风险
0.62,0.16,否,0.63,0.9,0.55,中级,无,无,25.66,101.32,0.55,是,是,0.1,深基坑,1.26,0.44,0.36,0.87,0.89,2,0.53,高风险
0.66,0.77,否,0.61,0.83,0.47,初级,无,无,27.88,45.47,0.13,是,是,0.73,配电箱,16.58,0.7,0.47,0.89,0.74,4,0.58,高风险
0.44,0.1,否,0.67,0.76,1.78,高级,无,无,25.05,32.08,0.08,是,是,0.73,车辆,44.12,0.9,0.12,0.76,0.68,1,0.77,无风险
0.19,0.57,否,0.83,0.82,38.68,高级,无,≥2次,12.28,15.16,0.44,是,是,0.76,深基坑,16.16,0.65,0.19,0.64,0.88,1,0.89,高风险
0.73,0.46,否,0.64,0.79,12.28,中级,无,1次,14.86,52.19,0.39,是,是,0.86,深基坑,9.45,0.55,0,0.62,0.09,2,0.48,中风险
0.68,0.56,否,0.79,0.73,11.94,中级,无,无,27.84,29.16,0.83,是,是,0.48,深基坑,4.38,0.42,0,0.8,0.69,0,0.93,低风险
0.53,0.16,否,0.64,0.83,16.83,高级,无,1次,24.69,14.63,0.31,是,是,0.85,塔吊,3.26,0.44,0.5,0.86,0.54,2,0.69,无风险
0.76,0.32,否,0.83,0.85,14.7,初级,无,1次,20.57,77.13,0.2,是,是,0.6,高支模,1.69,1,0.51,0.86,0.47,4,0.46,中风险
0.31,0.23,否,0.69,0.95,0.61,高级,无,无,24.39,31.75,0.33,是,否,0.87,配电箱,17.49,0.78,0,0.87,0.86,2,0.38,高风险
0.6,0.13,否,0.63,0.8,36,中级,≥2次,无,9.65,15.45,0.11,是,是,0.29,车辆,3.57,0.73,0.39,0.69,0.32,2,0.59,低风险
0.44,0.27,否,0.55,0.78,0.9,中级,无,无,29.53,54.04,0.13,是,是,0.57,高支模,2.53,0.7,0.31,0.8,0.49,5,0.71,中风险
0.42,0.38,否,0.51,0.93,16.21,中级,无,无,41.19,31.72,0.52,是,是,0.73,配电箱,21.46,0.55,0.33,0.92,0.51,0,0.65,高风险
0.91,0.51,否,0.63,0.82,7.5,中级,无,无,16.73,41.64,0.08,是,是,0.48,深基坑,56.65,0.65,0.16,0.94,0.59,3,0.23,中风险
0.81,0.39,否,0.74,0.79,1.15,中级,无,1次,14.06,30.17,0.46,是,是,0.72,配电箱,15,0.71,0,0.93,0.76,0,0.46,低风险
0.51,0.51,否,0.7,0.8,3.06,初级,无,无,14.89,62.5,0.1,是,是,0.92,高支模,13.54,0.55,0.13,0.81,0.72,4,0.9,中风险
0.74,0.21,否,0.88,0.65,7.89,初级,1次,1次,13.81,47.67,0.67,是,是,0.59,深基坑,54.67,0.73,0,0.75,0.82,2,0.65,高风险
0.82,0.37,否,0.79,0.77,19.84,初级,无,无,22.11,29.89,0.5,是,是,0.81,配电箱,0.53,0.72,0.38,0.81,0.64,3,0.24,无风险
0.58,0.23,是,0.64,0.71,12.38,中级,1次,1次,8.91,16.56,0.03,是,是,0.67,深基坑,4.95,0.79,0.12,0.87,0.48,3,0.38,高风险
0.6,0.37,否,0.81,0.91,1.24,初级,无,无,44.72,27.33,0.01,是,是,0.79,车辆,11.04,0.7,0.23,0.75,0.86,6,0.34,低风险
0.72,0.46,否,0.47,0.74,1.68,初级,无,1次,30.35,22.31,0.06,是,是,0.97,塔吊,16.24,1,0.2,0.8,0.74,0,0.17,低风险
0.87,0.46,否,0.79,0.83,8.65,中级,无,无,35.67,33.82,0.64,是,是,0.98,配电箱,15.86,0.78,0.38,0.89,0.63,0,0.82,低风险
0.67,0.32,否,0.74,0.82,6.04,初级,无,无,10.8,41.78,0.07,是,是,0.33,深基坑,1.77,0.86,0.61,0.84,0.55,4,0.79,中风险
0.23,0.06,否,0.59,0.76,17.86,中级,无,无,23.1,43.81,0.34,是,是,0.61,配电箱,22.3,0.8,0.23,0.73,0.57,1,0.76,中风险
0.31,0.53,否,0.62,0.79,24.46,初级,无,无,23.84,13.75,0.22,是,是,0.51,高支模,5.94,0.6,0.5,0.81,0.4,2,0.81,中风险
0.18,0.18,否,0.57,0.65,3.69,高级,无,无,17.14,23.71,0.05,是,是,0.74,配电箱,10.49,0.62,0.31,0.73,0.29,1,0.79,高风险
0.73,0.39,否,0.7,0.87,2.55,高级,无,1次,10.41,17.88,0,是,是,0.79,配电箱,16.72,0.72,0,0.99,0.77,5,0.55,无风险
0.61,0.24,否,0.56,0.75,18.69,中级,无,1次,42.15,26.8,0.82,是,是,0.93,车辆,10.48,1,0,0.92,0.86,2,0.7,无风险
0.68,0.18,否,0.64,0.73,0.43,高级,无,无,11,19.86,0.16,是,是,0.59,深基坑,0.56,0.3,0.03,0.82,0.62,6,0.3,无风险
0.75,0.49,否,0.8,0.86,14.16,初级,1次,1次,32.79,13.86,0.03,是,是,0.8,车辆,6.75,1,0,0.67,0.92,3,0.59,无风险
0.87,0.23,否,0.8,0.61,9.36,中级,无,无,10.13,26.75,0.09,是,是,0.32,配电箱,26.41,0.46,0.04,0.69,0.82,8,0.72,低风险
0.41,0.16,否,0.64,0.83,6.74,初级,无,1次,9.57,39.08,0.12,是,是,0.62,配电箱,32.86,0.72,0.09,0.93,0.68,1,0.5,中风险
0.69,0.41,否,0.64,0.64,27.91,中级,无,1次,11,22.52,0.33,是,是,0.57,高支模,17.41,0.51,0.35,0.7,0.54,2,0.69,中风险
0.58,0.27,否,0.59,0.83,26.86,中级,无,≥2次,54.59,53.99,0.57,是,是,0.79,塔吊,31.05,0.53,0,0.79,0.72,1,0.62,中风险
0.44,0.28,否,0.56,0.72,3.83,高级,无,无,18.7,15.59,0.06,是,是,0.66,配电箱,3.95,0.88,0.25,0.89,0.71,1,0.78,无风险
0.33,0.23,否,0.71,0.59,11.59,初级,无,无,9.96,34.09,0.24,是,是,0.57,深基坑,6.34,0.51,0.12,0.79,0.66,5,0.79,高风险
0.87,0.47,否,0.78,0.98,15.44,中级,无,无,29.08,17.96,0.11,是,是,0.91,塔吊,24.28,0.99,0.33,0.68,0.73,2,0.82,无风险
0.64,0.53,否,0.75,0.76,0.72,初级,无,≥2次,26.43,25.73,0.14,是,是,0.74,塔吊,25.24,0.83,0,0.88,0.65,1,0.34,高风险
0.76,0.26,否,0.84,0.85,6.86,高级,无,无,20.05,40.56,0.14,是,是,0.52,塔吊,19.82,0.63,0,0.72,0.62,1,0.8,无风险
0.86,0.23,否,0.84,0.8,1.99,无证,无,1次,12.76,61.43,0.09,是,是,0.88,车辆,17.68,0.83,0,0.61,0.5,2,0.45,高风险
0.32,0.57,否,0.66,0.69,1.89,初级,无,无,59.68,48.52,0.01,是,是,0.21,高支模,3.86,0.6,0.2,0.68,0.51,2,0.7,高风险
0.27,0.53,否,0.63,0.83,1.7,中级,无,无,11.51,18.8,0.12,是,是,0.45,配电箱,2,0.37,0.22,0.81,0.79,4,0.55,中风险
0.78,0.24,否,0.55,0.63,10.76,中级,无,1次,26.57,51.83,0.11,是,是,0.89,深基坑,18.44,1,0.04,0.83,0.4,3,0.59,低风险
0.84,0.22,否,0.91,0.8,14.18,中级,无,无,9.45,38.85,0.26,是,是,0.36,高支模,15.09,0.76,0,0.77,0.13,1,0.1,高风险
0.81,0.26,否,0.66,0.81,27.02,初级,无,无,31.77,42.35,0.33,是,是,0.73,高支模,19.32,1,0.36,0.88,0.62,5,0.84,低风险
0.72,0.17,否,0.75,0.89,17.98,中级,≥2次,1次,28.42,16.97,0.13,是,否,0.92,配电箱,2.66,0.47,0,0.92,0.94,5,0.48,高风险
0.24,0.13,否,0.75,0.76,24.15,中级,无,无,27.1,24.46,0.12,是,是,0.29,塔吊,15.74,0.55,0.31,0.76,0.42,1,0.91,低风险
0.29,0.31,否,0.5,0.87,0.63,初级,无,无,24.33,42.09,0.76,是,是,0.95,配电箱,1.81,1,0.3,0.66,0.78,3,0.41,中风险
0.28,0.26,否,0.57,0.73,4.47,中级,无,无,29.93,48.27,0.5,否,是,0.67,塔吊,0.29,0.57,0.5,0.81,0.3,2,0.57,极高风险
0.59,0.33,否,0.73,0.69,27.59,高级,无,无,7.74,23.6,0.29,是,是,0.36,高支模,22.42,0.37,0.37,0.64,0.73,3,0.82,低风险
0.09,0.21,否,0.67,0.67,1.7,初级,无,无,78.71,15.06,0.22,是,是,0.92,塔吊,4.78,0.82,0.09,0.96,0.42,2,0.55,高风险
0.25,0.93,否,0.69,0.77,3.4,高级,无,1次,23.81,59.55,0.06,是,是,0.24,深基坑,4.78,0.88,0.29,0.85,0.41,1,0.48,极高风险
0.87,0.1,否,0.76,0.91,2.24,中级,无,无,18.53,21.71,0.95,是,是,0.89,配电箱,17.18,0.66,0.16,0.67,0.56,2,0.63,低风险
0.68,0.45,否,0.77,0.86,27.78,高级,无,无,18.14,15.11,0.25,是,是,0.21,配电箱,1.98,0.82,0.49,0.94,0.64,4,0.65,无风险
0.22,0.36,否,0.59,0.95,0.83,初级,无,1次,15.29,25.65,0.17,是,是,0.85,高支模,21.12,0.79,0.01,0.86,0.78,3,0.28,中风险
0.4,0.42,否,0.83,0.82,9.36,中级,≥2次,1次,19.03,89.23,0.09,是,是,0.63,配电箱,13.15,0.49,0.12,0.88,0.63,3,0.44,极高风险
0.08,0.17,否,0.5,0.71,7.78,中级,无,无,23.94,12.41,0.23,是,是,0.78,塔吊,3.05,0.78,0.49,0.63,0.12,1,0.78,高风险
0.67,0.27,否,0.67,0.71,3.31,中级,无,无,63.67,30.66,0.04,是,是,0.37,高支模,19.79,0.87,0.38,0.9,0.58,1,0.92,低风险
0.65,0.25,否,0.59,0.95,10.32,中级,无,无,15.64,14.5,0.37,是,是,0.8,车辆,2.93,0.66,0.05,0.86,0.78,1,0.65,无风险
0.86,0.54,否,0.8,0.89,0.93,高级,无,1次,13.44,20.37,0.46,是,是,0.28,深基坑,35.6,0.81,0.06,0.76,0.73,4,0.52,高风险
0.72,0.32,否,0.79,0.78,2.33,高级,无,无,24.54,22.82,0.36,是,是,0.9,配电箱,40,0.9,0,0.87,0.25,2,0.44,无风险
0.49,0.1,否,0.66,0.94,13.76,初级,1次,无,15.17,20.36,0.26,是,是,0.76,车辆,28.2,1,0.56,0.67,0.24,1,0.61,高风险
0.87,0.56,否,0.81,0.86,0.74,高级,无,1次,13.66,26.67,0.11,是,是,0.82,车辆,1.6,0.91,0.08,0.67,0.78,2,0.44,无风险
0.17,0.15,否,0.69,0.92,23.12,中级,≥2次,1次,22.36,16.14,0.67,是,是,0.77,车辆,36.06,0.73,0.6,0.94,0.28,6,0.76,极高风险
0.79,0.21,否,0.78,0.91,6.3,中级,无,无,18.95,49.27,0.21,是,是,0.61,高支模,11.29,0.85,0.01,0.85,0.41,5,0.83,无风险
0.8,0.4,否,0.58,0.93,3.67,中级,无,1次,33.04,12.45,0.04,是,是,0.77,配电箱,13.06,0.55,0,0.86,0.66,3,0.66,无风险
0.84,0.35,否,0.7,0.79,4.8,中级,无,无,12.2,21.38,0.08,是,是,0.52,深基坑,22.62,0.47,0.31,0.89,0.98,0,0.9,无风险
0.76,0.24,否,0.54,0.65,35.74,中级,无,无,24.58,26.29,0.05,是,是,0.85,高支模,55.72,1,0.1,0.94,0.48,3,0.94,无风险
0.89,0.5,否,0.74,0.77,28.22,中级,无,无,16.26,42.04,0.2,是,是,0.74,塔吊,5.78,0.69,0,0.91,0.57,3,0.93,无风险
0.62,0.15,否,0.74,0.79,5.09,中级,无,1次,13.34,17.58,0,是,是,0.89,塔吊,0.72,0.72,0.28,0.88,0.85,3,0.51,无风险
0.79,0.12,否,0.74,0.84,2.5,中级,无,无,14.6,30.91,0.11,是,是,0.4,高支模,2.11,0.79,0.1,0.87,0.44,1,0.2,无风险
0.45,0.55,否,0.73,0.62,15.79,高级,无,无,14.82,16.58,0.37,否,是,0.81,高支模,1.09,0.79,0.32,0.69,0.87,2,0.46,高风险
0.41,0.19,否,0.71,0.76,2.61,中级,无,无,7.65,40.15,0.11,是,是,0.76,塔吊,27.33,0.74,0,0.75,0.35,1,0.34,低风险
0.64,0.26,否,0.59,0.87,13.54,初级,无,1次,22.25,28.62,0.54,否,是,0.87,配电箱,34.39,0.71,0.41,0.85,0.57,2,0.74,极高风险
0.73,0.49,否,0.68,0.71,0.63,中级,无,无,29.94,55.49,0.08,是,是,0.43,配电箱,82.32,0.48,0,0.81,0.83,2,0.54,中风险
0.54,0.18,否,0.66,0.91,3.85,初级,无,无,47.79,15.99,0.2,是,是,0.8,塔吊,28.78,0.43,0.18,0.34,0.73,2,0.3,中风险
0.73,0.15,否,0.73,0.86,7.45,中级,1次,1次,9.68,24.74,0.06,是,是,0.68,高支模,25.79,1,0.48,0.84,0.8,1,0.91,低风险
0.19,0.38,否,0.8,0.89,23.7,高级,1次,无,38.5,18.24,0.26,是,是,0.75,配电箱,18.93,0.85,0.54,0.9,0.78,1,0.63,高风险
0.9,0.35,否,0.74,0.98,22.88,中级,1次,无,24.84,16.74,0.16,是,是,0.87,车辆,5.38,1,0.51,0.9,0.49,2,0.68,无风险
0.41,0.35,否,0.62,0.96,3.2,高级,无,1次,18.07,29.92,0.2,是,是,0.75,配电箱,3.2,0.63,0.91,0.7,0.59,4,0.64,高风险
0.86,0.55,否,0.64,0.72,11.41,无证,1次,无,16.84,42.84,0.29,是,是,0.85,深基坑,28.49,0.61,0.52,0.9,0.57,4,0.28,极高风险
0.6,0.41,否,0.45,0.82,4.39,中级,无,无,22.03,63.18,0.01,是,是,0.55,车辆,10.6,0.67,0.3,0.81,0.68,8,0.72,高风险
0.79,0.22,否,0.76,0.85,11,初级,无,≥2次,32.12,27.57,0.62,是,是,0.81,车辆,18.84,1,0.17,0.72,0.25,7,0.56,极高风险
0.42,0.09,否,0.56,0.83,0.69,中级,无,无,18.02,23.93,0.7,是,是,0.92,高支模,2.68,0.44,0.48,0.68,0.59,2,0.73,低风险
0.35,0.07,否,0.56,0.65,3.1,中级,1次,≥2次,15.45,37.36,0.28,是,是,0.9,深基坑,13.58,0.43,0.01,0.66,0.18,7,0.61,极高风险
0.78,0.26,否,0.78,0.65,7.91,高级,1次,1次,11.84,21.58,0.48,是,是,0.88,塔吊,11.25,0.77,0.09,0.79,0.61,1,0.44,低风险
0.88,0.58,否,0.87,0.87,2.41,高级,无,无,28.04,27.11,0.07,是,是,0.93,配电箱,2.59,1,0.41,0.73,0.6,5,0.35,无风险
0.16,0.21,否,0.69,0.76,4.36,初级,无,1次,13.65,15.96,0.29,是,是,0.84,深基坑,17.91,0.35,0.05,0.7,0.61,0,0.63,高风险
0.67,0.37,否,0.84,0.88,30.66,中级,无,1次,63.27,13.36,0,是,是,0.65,塔吊,11.9,1,0.09,0.88,0.38,3,0.29,无风险
0.59,0.31,否,0.61,0.87,4.04,初级,无,无,46.29,11.26,0.46,是,是,0.67,塔吊,2.81,0.5,0.67,0.87,0.61,1,0.7,中风险
0.77,0.18,否,0.71,0.8,4.32,中级,无,无,12.24,27.36,0.49,是,是,0.92,塔吊,3.02,0.61,0,0.55,0.46,1,0.3,无风险
0.79,0.11,否,0.85,0.87,5.94,初级,1次,1次,24.33,30.2,0.28,是,是,0.69,车辆,13.9,1,0.07,0.88,0.68,2,0.83,低风险
0.69,0.21,否,0.64,0.64,13.34,初级,无,1次,9.3,111.56,0.06,是,是,0.26,高支模,4.9,0.66,0.17,0.96,0.74,4,0.73,中风险
0.38,0.17,否,0.67,0.86,2.14,中级,无,1次,23.52,25.22,0.03,是,是,0.81,高支模,18.16,0.78,0.58,0.79,0.67,2,0.52,中风险
0.41,0.09,否,0.71,0.8,12.56,初级,无,无,31.71,24.28,0.11,是,是,0.14,高支模,27.27,0.62,0.36,0.52,0.77,1,0.41,高风险
0.92,0.5,否,0.76,0.86,5.34,初级,无,≥2次,19.89,64.22,0.02,是,是,0.57,车辆,12.79,0.68,0,0.95,0.47,2,0.23,高风险
0.59,0.45,否,0.76,0.8,2.47,中级,无,无,21.92,29.43,0.25,是,是,0.91,车辆,9.62,0.46,0.03,0.65,0.85,2,0.33,无风险
0.8,0.68,否,0.81,0.88,0.88,中级,1次,1次,41.45,60.74,0.45,是,是,0.19,高支模,13.12,0.54,0,0.93,0.54,2,0.64,极高风险
0.26,0.15,否,0.69,0.89,3.06,初级,无,1次,14.92,25.45,0.49,是,是,0.68,高支模,1.09,0.65,0,0.94,0.69,3,0.31,中风险
0.54,0.14,否,0.48,0.81,2.22,初级,无,无,17.31,19.2,0.64,是,是,0.92,深基坑,2.71,0.72,0,0.61,0.53,4,0.37,低风险
0.62,0.38,否,0.59,0.83,23.59,初级,无,无,18.24,24.39,0.12,是,是,0.95,车辆,27.64,0.44,0.66,0.88,0.77,1,0.5,低风险
0.61,0.13,否,0.53,0.88,10.47,初级,1次,无,14.62,49.96,0.08,是,是,0.7,配电箱,16.2,0.37,0.3,0.98,0.8,1,0.85,中风险
0.35,0.11,否,0.53,0.65,6.23,高级,无,1次,70.32,18.95,0.41,是,否,0.63,配电箱,4.6,0.62,0.53,0.85,0.69,1,0.86,极高风险
0.39,0.17,否,0.79,0.8,7.91,中级,无,无,24.75,46.42,0.81,是,是,0.61,高支模,3.04,0.86,0.17,0.59,0.72,2,0.33,中风险
0.81,0.28,否,0.69,0.54,1.61,初级,无,≥2次,14.45,60.49,0.24,是,是,0.52,车辆,17.54,1,0.06,0.92,0.78,4,0.92,极高风险
0.31,0.38,否,0.65,0.79,0.11,高级,无,无,10.48,27.38,0.4,是,是,0.26,深基坑,27.02,0.55,0,0.7,0.73,2,0.61,高风险
0.41,0.31,否,0.75,0.74,1.84,初级,无,无,20.59,24,0.14,是,是,0.37,车辆,8.3,0.72,0.59,0.92,0.68,1,0.62,高风险
0.86,0.19,否,0.73,0.75,5.39,高级,无,无,24.16,32.91,0.05,是,是,0.92,塔吊,30.05,0.52,0.13,0.79,0.81,2,0.52,无风险
0.77,0.12,否,0.82,0.82,12.51,中级,1次,1次,50.91,47.12,0.28,是,是,0.34,车辆,9.92,0.61,0.13,0.73,0.3,8,0.66,极高风险
0.43,0.18,否,0.61,0.75,3.82,初级,1次,无,21.65,27.88,0.64,是,是,0.55,深基坑,17.81,0.17,0.35,0.91,0.26,2,0.9,极高风险
0.67,0.64,否,0.84,0.91,20.18,高级,无,≥2次,11.82,25.63,0.2,是,否,0.48,车辆,4.04,0.29,0.25,0.59,0.95,2,0.21,极高风险
0.89,0.77,否,0.8,0.71,7.95,高级,无,无,38.11,34.26,0.14,是,是,0.22,深基坑,21.22,1,0.52,0.83,0.57,1,0.39,中风险
0.83,0.23,否,0.67,0.84,18.04,中级,1次,无,51.91,46.55,0.28,是,是,0.92,深基坑,3.62,0.74,0.8,0.65,0.69,1,0.24,低风险
0.82,0.17,否,0.66,0.77,1.16,初级,1次,无,29.93,34.29,0.22,是,是,0.76,深基坑,25.6,1,0.34,0.97,0.71,1,0.71,中风险
0.74,0.94,否,0.75,0.85,3.1,高级,无,1次,14.58,34.46,0.25,是,是,0.9,车辆,1.42,0.97,0.3,0.75,0.85,1,0.42,高风险
0.62,0.3,否,0.78,0.85,0.61,中级,无,无,61.92,15.32,0.51,是,是,0.98,配电箱,63.93,0.58,0.01,0.79,0.64,3,0.49,低风险
0.67,0.5,否,0.67,0.8,29.91,中级,无,1次,20.44,48.89,0.02,是,是,0.74,高支模,3.33,0.75,0,0.78,0.23,4,0.32,无风险
0.74,0.25,否,0.78,0.77,3.8,中级,无,无,21.86,18.07,0.37,是,是,0.71,高支模,50.56,1,0,0.84,0.89,3,0.51,无风险
0.12,0.37,否,0.56,0.71,4.64,初级,无,无,19.22,12.23,0.4,是,是,0.84,高支模,27.17,0.65,0.06,0.87,0.93,5,0.73,高风险
0.25,0.26,否,0.78,0.73,0.74,初级,无,无,11.66,49.45,0.06,是,是,0.7,车辆,34.68,0.53,0.08,0.87,0.59,7,0.7,高风险
0.61,0.69,否,0.94,0.75,1.31,中级,无,1次,61.16,40.05,0.28,是,是,0.78,配电箱,1.71,0.7,0.06,0.72,0.61,2,0.86,低风险
0.52,0.41,否,0.69,0.83,0.98,初级,无,1次,14.25,14.74,0,是,是,0.77,车辆,37.03,0.42,0.23,0.78,0.74,5,0.17,高风险
0.49,0.19,否,0.75,0.67,19.02,高级,无,无,38.11,29.52,0.62,是,是,0.79,配电箱,28.7,1,0.04,0.7,0.63,5,0.32,低风险
0.75,0.39,否,0.78,0.89,2.97,中级,无,无,11.46,51.13,0,是,是,0.19,深基坑,23.93,0.46,0.5,0.69,0.52,4,0.82,极高风险
0.64,0.2,否,0.66,0.65,0.84,中级,无,无,18.23,30.77,0.07,是,是,0.41,车辆,24.98,1,0.17,0.78,0.94,1,0.74,低风险
0.35,0.17,否,0.66,0.84,5.32,初级,无,≥2次,15.72,90.28,0.5,是,是,0.75,配电箱,1.39,0.66,0,0.66,0.36,2,0.9,高风险
0.46,0.21,否,0.76,0.89,9.73,高级,无,无,15.75,21.66,0.12,是,是,0.69,高支模,17.93,0.49,0.16,0.82,0.77,1,0.68,无风险
0.61,0.36,否,0.53,0.77,14.28,初级,无,无,21.67,33.19,0.06,是,是,0.75,塔吊,12.25,0.62,0.07,0.86,0.84,1,0.4,无风险
0.54,0.29,否,0.65,0.93,5.51,高级,无,1次,12.75,18.67,0.14,是,是,0.5,塔吊,26.53,0.92,0.21,0.82,0.43,2,0.6,低风险
0.51,0.31,否,0.81,0.81,5.85,中级,无,无,13.93,31.72,0.32,是,是,0.54,配电箱,2.29,0.81,0.44,0.53,0.72,2,0.35,中风险
0.64,0.3,否,0.68,0.87,30.56,高级,无,无,15.65,18.17,0.19,否,是,0.98,车辆,12.27,0.37,0.25,0.7,0.12,2,0.33,高风险
0.35,0.44,否,0.68,0.88,0.37,中级,无,1次,36.46,59.53,0.1,是,是,0.68,配电箱,14.99,1,0.43,0.53,0.57,4,0.45,极高风险
0.76,0.23,否,0.73,0.86,18.04,高级,无,无,7.22,16.33,0.31,是,是,0.5,车辆,5.68,0.96,0.15,0.73,0.65,4,0.62,无风险
0.46,0.62,否,0.76,0.83,31.91,初级,无,无,32.67,29.77,0.08,是,是,0.79,深基坑,16.5,1,0.12,0.59,0.55,6,0.69,低风险
0.89,0.04,否,0.83,0.83,7.01,初级,无,≥2次,25.82,5.42,0.67,否,是,0.63,配电箱,28.82,0.94,0.26,0.79,0.64,5,0.73,极高风险
0.79,0.38,否,0.79,0.7,2.21,无证,1次,1次,43.28,51.43,0.03,是,是,0.8,高支模,3.53,1,0,0.6,0.85,1,0.47,高风险
0.77,0.52,否,0.79,0.78,11.57,中级,1次,1次,16.93,20.07,0.02,是,是,0.6,高支模,0.69,0.9,0.2,0.63,0.07,6,0.29,高风险
0.66,0.35,否,0.78,0.95,6.69,初级,无,无,19.43,39.59,0.27,是,是,0.73,塔吊,0.31,0.5,0,0.92,0.76,1,0.45,无风险
0.45,0.17,否,0.71,0.65,23.39,初级,1次,无,25.63,18.73,0.32,是,是,0.66,配电箱,6.76,0.32,0,0.78,0.79,4,0.26,中风险
0.1,0.21,否,0.61,0.72,15.13,初级,1次,无,19.23,26.84,0.33,是,是,0.26,塔吊,0.86,0.67,0.31,0.74,0.58,1,0.77,高风险
0.72,0.28,否,0.58,0.81,3.36,中级,无,1次,31.79,68.74,0.25,是,是,0.57,高支模,18.19,1,0,0.67,0.73,5,0.48,高风险
0.88,0.27,否,0.77,0.88,7.79,初级,无,1次,12.17,66.98,0.74,是,是,0.72,高支模,9.67,0.59,0,0.91,0.84,7,0.58,高风险
0.34,0.15,否,0.67,0.66,6.82,初级,1次,无,30.11,58.91,0.18,是,是,0.6,配电箱,40.91,1,0.94,0.87,0.76,2,0.55,极高风险
0.7,0.48,否,0.74,0.91,7.86,初级,无,无,12.29,67.99,0.14,是,是,0.95,塔吊,12.88,0.33,0.66,0.73,0.71,1,0.66,中风险
0.86,0.39,否,0.66,0.84,5.06,中级,1次,无,4.05,17.43,0.06,是,是,0.87,高支模,27.31,0.91,0.31,0.85,0.47,3,0.48,中风险
0.74,0.81,否,0.74,0.85,1.21,初级,无,无,25.87,38.15,0.31,是,是,0.77,车辆,18.84,0.15,0.62,0.82,0.62,3,0.44,极高风险
0.32,0.19,否,0.71,0.78,1.78,中级,无,无,20.74,8.44,0.02,是,是,0.46,车辆,35.32,0.64,0.24,0.85,0.66,3,0.53,低风险
0.95,0.7,否,0.67,0.88,19.46,中级,无,无,13.46,20.92,0.28,是,是,0.74,塔吊,7.65,0.55,0.58,0.63,0.21,8,0.95,中风险
0.49,0.17,否,0.71,0.79,9.23,高级,无,≥2次,32.31,28.79,0.37,是,是,0.62,车辆,49.89,0.44,0,0.78,0.88,2,0.81,中风险
0.32,0.26,否,0.77,0.98,18.8,高级,无,无,31.43,7.96,0.42,是,是,0.57,车辆,49.33,0.63,0.06,0.96,0.68,2,0.42,无风险
0.51,0.26,否,0.64,0.93,7.04,初级,无,无,43.17,44.29,0.08,是,是,0.57,车辆,21.55,1,0.29,0.92,0.82,1,0.47,中风险
0.45,0.16,否,0.66,0.82,3.1,中级,无,≥2次,21.84,26.63,0.69,否,是,0.45,高支模,11.69,0.49,0.31,0.83,0.83,3,0.22,极高风险
0.52,0.45,否,0.67,0.77,15.14,高级,无,1次,16,32.81,0.02,是,是,0.54,配电箱,3.98,1,0.51,0.78,0.65,2,0.84,低风险
0.76,0.33,否,0.82,0.73,4.39,初级,无,1次,22.18,29.5,0.25,是,是,0.77,高支模,22.19,1,0.52,0.84,0.81,2,0.39,中风险
0.37,0.14,否,0.55,0.77,3.42,高级,无,无,47.7,35.82,0.18,是,是,0.84,配电箱,63.44,0.78,0.98,0.81,0.92,1,0.62,低风险
0.72,0.31,否,0.85,0.76,3.44,中级,无,1次,36.67,30.47,0.26,是,是,0.94,深基坑,20.88,0.57,0.61,0.91,0.63,4,0.28,高风险
0.61,0.42,否,0.61,0.8,8.21,中级,1次,无,8.43,30.64,0.21,是,是,0.85,车辆,21.17,0.7,0,0.74,0.37,2,0.27,中风险
0.32,0.26,否,0.9,0.89,10.77,初级,无,无,14.15,48.51,0.1,是,是,0.74,塔吊,13.42,0.57,0.28,0.91,0.88,2,0.93,无风险
0.75,0.31,否,0.77,0.89,1.55,初级,无,无,25.5,34.52,0.02,是,是,0.49,深基坑,4.73,0.59,0.19,0.95,0.62,3,0.33,低风险
0.64,0.58,否,0.57,0.88,34.85,中级,1次,无,14.43,18.42,0.6,是,是,0.48,塔吊,14.5,0.75,0.32,0.82,0.46,1,0.89,中风险
0.45,0.35,否,0.74,0.99,3.55,初级,无,无,19.62,23.76,0.67,是,否,0.74,车辆,15.77,1,0,0.81,0.33,6,0.44,极高风险
0.81,0.39,否,0.68,0.84,4.54,高级,1次,1次,6.86,25.43,0.19,否,是,0.77,深基坑,15.84,0.68,0.22,0.85,0.35,3,0.42,极高风险
0.68,0.18,否,0.71,0.87,11.06,中级,无,≥2次,23.29,20.23,0.23,是,是,0.7,配电箱,15.11,1,0.2,0.6,0.57,4,0.52,高风险
0.85,0.35,否,0.72,0.67,4.2,中级,无,无,12.23,17.63,0.58,是,是,0.33,车辆,11.05,0.45,0.27,0.9,0.69,1,0.17,高风险
0.18,0.46,否,0.84,0.75,22.37,初级,1次,无,33.97,22.25,0.08,是,是,0.56,深基坑,0.76,1,0.33,0.84,0.6,2,0.42,高风险
0.55,0.27,否,0.67,0.95,1.71,初级,无,无,29.57,82.73,0.57,是,是,0.83,塔吊,31.47,1,0.36,0.75,0.7,1,0.43,高风险
0.52,0.18,否,0.69,0.79,13.78,中级,无,1次,23.64,70.04,0.53,是,是,0.95,车辆,23.89,1,0.36,0.66,0.08,3,0.25,极高风险
0.45,0.14,否,0.68,0.59,1.31,中级,1次,1次,26.95,23.88,0.02,是,否,0.99,配电箱,70.24,1,0.81,0.56,0.83,3,0.27,极高风险
0.53,0.17,否,0.67,0.74,5.42,中级,1次,无,40.83,28.25,0.23,是,是,0.88,高支模,17.3,0.55,0,0.95,0.95,1,0.85,无风险
0.88,0.28,否,0.61,0.8,4.95,中级,无,无,10.7,12.26,0.43,是,是,0.3,深基坑,22.02,0.32,0.41,0.93,0.9,2,0.35,中风险
0.61,0.38,否,0.72,0.93,26.47,中级,无,无,29.85,13.59,0.1,是,是,0.74,高支模,20.35,0.83,0.19,0.86,0.9,3,0.43,无风险
0.6,0.58,否,0.76,0.79,24,中级,无,1次,33.89,50.49,0.05,是,否,0.51,塔吊,28.9,1,0,0.94,0.47,1,0.76,高风险
0.68,0.11,否,0.73,0.77,5.7,初级,无,1次,31.11,16.26,0.03,是,是,0.39,车辆,27.41,0.6,0.86,0.91,0.14,1,0.38,极高风险
0.5,0.18,否,0.66,0.69,4.29,中级,无,无,22.78,64.9,0.21,是,是,0.9,车辆,21.93,0.71,0.05,0.72,0.4,2,0.55,中风险
0.83,0.96,否,0.88,0.74,2.65,初级,1次,无,15.19,25.94,0.2,是,是,0.5,高支模,6.21,0.26,0.39,0.86,0.16,3,0.68,极高风险
0.77,0.26,否,0.81,0.79,0.44,中级,无,≥2次,19.6,39.53,0.06,是,是,0.68,深基坑,4.84,0.52,0.17,0.88,0.83,0,0.62,低风险
0.69,0.47,否,0.72,0.64,4.7,无证,1次,无,19.17,12.4,0.3,是,是,0.89,塔吊,22.17,0.35,0.62,0.86,0.63,0,0.55,高风险
0.48,0.18,否,0.63,0.7,1.45,无证,无,无,14.23,20.72,0.02,是,是,0.83,深基坑,19,0.69,0.23,0.9,0.85,1,0.58,高风险
0.41,0.4,否,0.71,0.85,12.08,中级,无,无,21.75,24.42,0.25,是,是,0.8,塔吊,0.07,0.84,0.38,0.85,0.39,2,0.47,低风险
0.81,0.09,否,0.55,0.81,1.86,高级,1次,无,14.66,29.88,0.54,是,是,0.27,深基坑,14.92,0.8,0.6,0.97,0.69,2,0.69,中风险
0.35,0.16,否,0.59,0.8,34.91,高级,无,无,26.74,31.53,0.21,是,是,0.34,车辆,0.6,0.86,0,0.63,0.2,1,0.67,无风险
0.52,0.41,否,0.69,0.72,11.12,中级,无,无,13.63,12.24,0.49,是,是,0.23,塔吊,37.68,0.38,0,0.88,0.82,1,0.9,低风险
0.83,0.31,否,0.7,0.82,4.28,高级,无,无,41.43,30.37,0.1,是,是,0.7,配电箱,0.03,0.64,0.34,0.62,0.57,4,0.86,无风险
0.7,0.16,否,0.73,0.7,0.42,中级,1次,1次,26.62,13.7,0.05,是,是,0.91,高支模,18.35,0.63,0.2,0.84,0.69,5,0.39,低风险
0.43,0.14,否,0.49,0.9,13.58,高级,无,无,14.91,43.12,0.06,是,是,0.41,车辆,34.11,0.6,0.6,0.83,0.4,2,0.86,中风险
0.4,0.1,否,0.68,0.99,14.98,高级,无,1次,23.99,62.74,0.04,是,是,0.71,配电箱,21.14,0.38,0.8,0.64,0.57,5,0.53,高风险
0.88,0.53,是,0.59,0.83,9.12,初级,无,1次,9.71,30.53,0.82,是,是,0.75,塔吊,4.45,0.4,0.67,0.94,0.16,0,0.31,极高风险
0.2,0.2,否,0.68,0.6,1.67,高级,无,1次,27.25,43.18,0.12,是,是,0.1,高支模,8.83,0.78,0.21,0.86,0.02,3,0.46,极高风险
0.81,0.72,否,0.84,0.55,1.34,中级,1次,1次,25.92,18.82,0.5,是,否,0.25,车辆,30.87,0.72,0,0.78,0.75,2,0.48,极高风险
0.87,0.38,否,0.86,0.87,5.36,中级,无,无,20.95,26.47,0.16,是,是,0.92,配电箱,12.09,1,0.56,0.92,0.68,1,0.49,无风险
0.87,0.29,否,0.91,0.75,2.62,高级,≥2次,无,9.39,24.16,0.18,是,是,0.63,塔吊,20.88,0.46,0.32,0.96,0.65,5,0.54,中风险
0.6,0.16,否,0.71,0.82,3.04,无证,无,无,10.92,19.26,0.01,是,是,0.52,深基坑,19.1,0.87,0.3,0.95,0.59,1,0.42,高风险
0.67,0.2,否,0.84,0.65,5.46,初级,无,无,25.94,16.26,0.21,是,是,0.84,塔吊,1.53,0.22,0,0.95,0.78,4,0.59,无风险
0.87,0.71,否,0.67,0.89,11.05,初级,1次,1次,17.36,57.39,0.28,是,是,0.67,塔吊,1.77,0.8,0.21,0.88,0.48,1,0.55,高风险
0.8,0.27,否,0.79,0.8,39.63,中级,无,无,15.95,19.19,0.33,是,是,0.65,高支模,16.23,0.33,0.72,0.8,0.8,3,0.49,无风险
0.85,0.17,否,0.8,0.71,6.58,中级,无,1次,26.24,5.66,0.29,是,是,0.82,配电箱,19.62,0.26,0.38,0.69,0.41,2,0.53,中风险
0.77,0.33,否,0.8,0.77,4.57,高级,无,无,36.73,36.9,0.08,是,是,0.73,配电箱,65.46,0.74,0.52,0.87,0.64,2,0.43,低风险
0.73,0.96,否,0.83,0.74,7.37,中级,1次,1次,14.63,58.65,0.28,是,是,0.63,塔吊,9.87,0.68,0.46,0.83,0.27,2,0.62,极高风险
0.55,0.15,否,0.64,0.64,7.37,高级,无,无,22.65,13.88,0.4,是,是,0.82,塔吊,19.94,1,0,0.79,0.49,4,0.23,无风险
0.2,0.41,否,0.73,0.7,33.78,初级,无,无,13.54,55.03,0.06,是,是,0.87,配电箱,3.21,1,0.13,0.95,0.3,7,0.78,低风险
0.83,0.21,是,0.73,0.69,1.41,无证,无,无,23.63,28.08,0.11,是,是,0.71,配电箱,12.37,0.48,0.34,0.55,0.33,1,0.73,极高风险
0.96,0.2,否,0.78,0.94,8.08,高级,无,无,45.39,44.49,0.17,是,是,0.59,高支模,3.13,0.84,0.36,0.85,0.85,2,0.35,无风险
0.81,0.64,否,0.73,0.92,1.09,高级,1次,≥2次,21.4,14.09,0.36,是,是,0.85,高支模,10.68,0.57,0.66,0.92,0.64,3,0.53,高风险
0.64,0.38,否,0.73,0.78,10.21,高级,无,1次,47.32,16.7,0.02,是,是,0.39,高支模,19.76,0.6,0,0.96,0.49,7,0.5,低风险
0.86,0.43,否,0.8,0.89,17.49,高级,无,无,30.35,13.58,0.24,否,是,0.1,高支模,2.75,0.8,0.37,0.69,0.27,1,0.72,极高风险
0.65,0.58,否,0.79,0.83,14.98,初级,无,无,16.11,37.97,0.25,是,是,0.68,高支模,15.21,0.39,0.23,0.89,0.8,2,0.42,中风险
0.81,0.9,否,0.74,0.86,10.98,高级,无,1次,16.63,34.06,0.31,是,否,0.62,高支模,85.33,0.47,0.16,0.98,0.76,1,0.77,极高风险
0.54,0.2,否,0.63,0.67,3.24,初级,无,无,9.98,26.44,0.69,是,是,0.4,车辆,2.67,0.62,0.34,0.93,0.31,2,0.35,高风险
0.66,0.27,是,0.67,0.93,0.58,无证,1次,无,23.7,17.15,0.27,是,是,0.1,高支模,15.07,0.91,0,0.75,0.13,7,0.5,极高风险
0.31,0.15,否,0.63,0.73,20.21,中级,无,无,18.1,21.07,0.2,是,是,0.23,塔吊,4.1,0.73,0.32,0.96,0.82,2,0.53,无风险
0.71,0.28,否,0.72,0.8,11.91,初级,无,1次,16.99,17.97,0.81,是,是,0.82,高支模,21.94,0.5,0.15,0.78,0.2,2,0.94,高风险
0.58,0.21,否,0.54,0.77,29.55,中级,无,1次,17,80.4,0.19,否,是,0.17,高支模,42.1,0.78,0.07,0.9,0.75,2,0.78,极高风险
0.21,0.1,否,0.38,0.95,17.69,初级,无,1次,28.12,38.16,0.15,是,是,0.71,高支模,16.43,0.6,0,0.63,0.54,7,0.81,高风险
0.59,0.32,否,0.72,0.64,1.57,初级,无,1次,6.45,65.16,0.42,是,是,0.93,塔吊,0.89,0.69,0.2,0.72,0.76,6,0.51,高风险
0.88,0.26,否,0.52,0.76,8.75,中级,无,无,25.75,83.68,0.11,否,是,0.89,车辆,19.42,0.89,0.09,0.82,0.55,1,0.34,高风险
0.78,0.37,否,0.69,0.6,0.32,中级,无,1次,21.84,47.39,0.26,是,是,0.58,高支模,15.5,0.71,0,0.45,0.2,2,0.39,高风险
0.76,0.26,否,0.65,0.89,1.02,初级,无,无,18.7,32.03,0.59,是,是,0.59,车辆,16.21,1,0.34,0.84,0.69,3,0.49,高风险
0.75,0.11,否,0.68,0.83,34.44,中级,无,无,13.15,40.21,0.39,是,是,0.28,配电箱,19.08,0.46,0,0.79,0.06,0,0.76,低风险
0.85,0.33,否,0.9,0.86,34.45,中级,1次,无,24.03,71.58,0.41,是,是,0.55,车辆,10.71,0.52,0.21,0.93,0.25,5,0.93,中风险
0.61,0.11,否,0.56,0.83,8.85,高级,1次,1次,29.78,21.25,0.11,是,是,0.26,车辆,9.84,0.67,0.05,0.93,0.78,5,0.45,低风险
0.07,0.11,否,0.72,0.8,5.79,中级,无,无,34.62,19.99,0.11,是,是,0.25,高支模,2.08,0.82,0.76,0.81,0.71,2,0.63,高风险
0.67,0.6,否,0.81,0.69,2.23,中级,无,无,6.34,54.66,0.32,是,是,0.35,塔吊,28.47,1,0.33,0.78,0.43,3,0.97,高风险
0.37,0.34,否,0.77,0.85,2.38,中级,无,无,20.32,28,0.07,是,是,0.95,高支模,2.5,0.53,0.94,0.74,0.42,4,0.52,中风险
0.56,0.19,否,0.68,0.9,22.42,中级,无,≥2次,14.2,23.29,0.18,是,是,0.9,塔吊,17.69,0.71,0.01,0.78,0.8,1,0.85,无风险
0.77,0.35,否,0.71,0.79,8.25,初级,1次,无,32.03,31.99,0.36,是,是,0.7,塔吊,4.69,0.88,0.63,0.71,0.84,4,0.58,中风险
0.45,0.15,否,0.77,0.8,1.58,高级,1次,无,57.08,33.94,0.03,否,是,0.82,深基坑,87.09,0.4,0.32,0.54,0.77,3,0.62,极高风险
0.85,0.37,否,0.82,0.74,12.84,初级,无,无,49.56,52.65,0.26,是,是,0.59,塔吊,3.45,0.76,0.41,0.8,0.27,2,0.97,中风险
0.68,0.42,否,0.68,0.88,6.91,高级,1次,无,16.08,33.21,0.5,是,是,0.32,深基坑,3.99,0.6,0.37,0.6,0.56,2,0.31,高风险
0.72,0.69,否,0.65,0.9,2.26,初级,无,1次,21.51,27.72,0.09,是,是,0.48,塔吊,15.82,0.66,0.05,0.98,0.51,3,0.57,高风险
0.32,0.41,否,0.66,0.79,7.17,中级,无,无,15.79,24.38,0.2,是,是,0.71,深基坑,2.66,0.7,0.35,0.83,0.44,8,0.71,高风险
0.46,0.35,否,0.69,0.67,0.85,初级,无,无,13.26,15.12,0.17,是,是,0.38,深基坑,4.75,0.58,0.09,0.84,0.44,4,0.62,中风险
0.89,0.83,否,0.74,0.8,0.69,初级,≥2次,无,11.12,33.32,0.11,是,是,0.48,深基坑,9.73,0.98,0.26,0.95,0.86,1,0.48,高风险
0.79,0.16,否,0.57,0.92,0.82,无证,无,1次,28.83,79.08,0.53,是,是,0.84,塔吊,3.65,0.14,0.01,0.69,0.24,6,0.88,极高风险
0.75,0.9,是,0.63,0.71,6.25,高级,1次,1次,43.3,27.58,0.34,是,是,0.61,塔吊,25.48,0.69,0.5,0.82,0.66,8,0.48,极高风险
0.64,0.32,否,0.76,0.91,4.58,高级,无,无,14.34,50.94,0.27,否,是,0.61,车辆,4.12,0.53,0,0.94,0.77,4,0.56,高风险
0.67,0.44,否,0.67,0.75,26.9,中级,无,无,28.74,18.85,0.09,是,是,0.51,车辆,34.79,0.97,0,0.86,0.42,3,1,无风险
0.76,0.35,否,0.73,0.68,4.33,高级,无,无,25.44,41.5,0.43,是,是,0.73,塔吊,7.01,0.79,0,0.91,0.71,3,0.42,无风险
0.15,0.15,否,0.68,0.77,6.6,中级,无,1次,15.97,29.36,0.07,是,是,0.49,深基坑,0.67,0.94,0.37,0.59,0.49,2,0.2,高风险
0.57,0.42,否,0.73,0.6,4.46,初级,无,1次,12.19,31.82,0.3,是,是,0.59,深基坑,14.23,1,0.42,0.95,0.5,5,0.51,极高风险
0.49,0.2,否,0.67,0.91,2.33,中级,无,无,20.49,39.64,0.28,是,是,0.26,深基坑,17.23,0.74,0.25,1,0.8,2,0.65,中风险
0.25,0.4,否,0.57,0.84,4.5,中级,无,无,29.73,48.18,0.58,是,是,0.79,高支模,15.96,1,0.1,0.93,0.5,2,0.57,中风险
0.09,0.5,否,0.64,0.72,0.67,初级,无,1次,13.57,70.23,0.41,是,是,0.32,高支模,15.61,0.55,0,0.74,0.88,3,0.45,极高风险
0.5,0.5,否,0.75,0.86,5.06,中级,无,无,20.77,41.1,0.62,是,是,0.91,高支模,15.8,0.77,0,0.93,0.83,0,0.81,无风险
0.71,0.13,否,0.59,0.53,0.66,初级,无,无,15.08,21.3,0.45,是,是,0.46,塔吊,15.07,0.92,0,0.76,0.38,5,0.35,高风险
0.44,0.14,否,0.8,0.83,0.46,高级,1次,无,35.44,23.33,0.19,是,是,0.9,高支模,2.99,0.7,0,0.82,0.64,2,0.67,无风险
0.91,0.95,否,0.87,0.67,1.03,高级,无,无,10.67,13.74,0.18,是,是,0.56,高支模,1.96,0.6,0.59,0.79,0.64,3,0.76,高风险
0.7,0.25,否,0.69,0.84,12.9,高级,无,1次,21.21,67.55,0.14,是,是,0.31,高支模,7.34,0.85,0.25,0.62,0.28,3,0.83,中风险
0.6,0.15,否,0.46,0.71,6.69,中级,无,无,10.4,25.44,0.39,是,是,0.51,塔吊,5.24,0.66,0.23,0.8,0.74,4,0.54,低风险
0.16,0.21,否,0.56,0.79,1.21,初级,无,1次,30.36,42.07,0.67,是,是,0.59,配电箱,3.67,0.37,0.17,0.95,0.91,4,0.7,极高风险
0.71,0.44,否,0.66,0.8,16.97,无证,无,1次,9.49,26.23,0.45,是,是,0.94,配电箱,17.14,1,0.39,0.9,0.77,3,0.28,高风险
0.49,0.26,否,0.73,0.85,2.31,中级,≥2次,无,13.82,15.65,0.05,是,否,0.94,高支模,19.22,0.77,0.31,0.91,0.88,3,0.54,高风险
0.42,0.09,否,0.78,0.83,9.4,高级,无,无,30.47,21.68,0.57,是,是,0.06,高支模,0.27,0.68,0.47,0.75,0.05,1,0.63,高风险
0.58,0.13,否,0.72,0.93,7.95,中级,1次,1次,13.19,25.4,0.03,是,否,0.77,塔吊,27.16,1,0.3,0.69,0.51,5,0.26,极高风险
0.8,0.2,否,0.61,0.69,0.84,高级,无,无,53.64,32.65,0.63,是,是,0.95,车辆,11.8,0.86,0.03,0.81,0.74,0,0.82,无风险
0.51,0.16,否,0.83,0.89,3.44,初级,无,1次,17.06,18.06,0.69,是,是,0.36,塔吊,10.72,0.59,0.53,0.68,0.94,2,0.45,高风险
0.26,0.4,否,0.68,0.84,7.66,高级,无,1次,11.37,53.75,0,是,是,0.47,深基坑,3.69,0.64,0.77,0.87,0.6,4,0.91,高风险
0.87,0.31,否,0.69,0.8,5.17,初级,1次,1次,16.44,59.69,0.13,是,是,0.19,深基坑,11.09,1,0.08,0.97,0.46,3,0.65,高风险
0.58,0.49,否,0.81,0.87,1.61,初级,1次,无,33.65,67.21,0.26,是,是,0.84,车辆,0.45,0.66,0.03,0.77,0.84,1,0.44,低风险
0.6,0.24,否,0.64,0.85,5.76,初级,无,无,36.3,21.59,0.73,是,否,0.66,高支模,0.82,0.88,0.11,0.69,0.19,1,0.51,极高风险
0.81,0.56,否,0.76,0.81,6.31,初级,1次,无,29.28,29.42,0.13,是,是,0.26,深基坑,17.69,1,0.12,0.94,0.85,2,0.45,中风险
0.9,0.32,否,0.77,0.87,16.63,中级,无,无,16.07,50.85,0.36,是,是,0.59,车辆,35.04,0.54,0.36,0.83,0.83,3,0.58,中风险
0.83,0.15,否,0.54,0.73,13.87,中级,无,1次,17.59,24.95,0.12,是,是,0.34,配电箱,2.69,0.64,0.3,0.9,0.82,5,0.51,低风险
0.29,0.59,否,0.63,0.66,5.03,中级,无,1次,10.27,20.76,0.57,否,是,0.59,塔吊,0.4,0.84,0.48,0.89,0.81,2,0.81,极高风险
0.56,0.23,否,0.71,0.81,2.53,无证,无,无,10.81,14.32,0.03,是,是,0.52,高支模,18.93,0.46,0.57,0.86,0.38,1,0.46,高风险
0.71,0.29,否,0.55,0.7,5.75,高级,无,1次,11.9,59.26,0.06,是,是,0.84,塔吊,16.64,0.69,0.22,0.87,0.71,4,0.79,低风险
0.92,0.38,否,0.78,0.62,10.2,无证,无,无,34.82,76.05,0.29,是,否,0.21,配电箱,1.77,0.16,0,0.85,0.94,6,0.34,极高风险
0.8,0.21,否,0.74,0.7,9.19,中级,1次,无,22.78,17.21,0.32,是,是,0.21,塔吊,3.5,0.4,0,0.97,0.34,1,0.15,中风险
0.46,0.28,否,0.63,0.92,17.75,中级,无,无,9.25,38.67,0.26,是,是,0.68,深基坑,3.95,0.17,0.11,0.85,0.35,2,0.28,中风险
0.81,0.6,否,0.75,0.64,8.37,中级,1次,无,26.24,24.05,0.21,是,是,0.36,配电箱,3.39,0.69,0,0.93,0.94,2,0.44,低风险
0.68,0.19,否,0.64,0.72,3.01,初级,无,无,18.74,48.85,0.29,是,是,0.13,塔吊,29.34,0.63,0,0.8,0.78,2,0.72,高风险
0.24,0.24,否,0.51,0.79,8.33,初级,无,无,19.13,45.29,0.11,是,是,0.91,配电箱,19.46,0.5,0.72,0.84,0.69,1,0.88,高风险
0.73,0.18,否,0.82,0.6,4.4,中级,1次,无,10.31,15.83,0.32,是,是,0.14,深基坑,33.69,0.64,0.74,0.87,0.54,1,0.57,极高风险
0.7,0.51,否,0.77,0.66,9.87,中级,无,1次,19.24,30.21,0.11,是,是,0.59,车辆,10.38,0.97,0,0.97,0.86,3,0.8,无风险
0.91,0.48,否,0.76,0.97,10.54,中级,无,无,50.86,12.25,0,是,是,0.4,配电箱,15.78,0.67,0.39,0.97,0.89,2,0.84,无风险
0.81,0.45,否,0.62,0.73,3.31,初级,无,1次,17.92,37.22,0.34,是,是,0.94,塔吊,23.83,0.24,0,0.89,0.6,2,0.19,高风险
0.42,0.26,否,0.78,0.66,18.39,高级,无,无,22.61,24.34,0.06,是,是,0.43,塔吊,29.23,1,0.67,0.97,0.68,2,0.52,无风险
0.44,0.8,否,0.82,0.72,16.76,中级,无,无,33.7,41.83,0.24,是,是,0.71,配电箱,4.56,0.49,0.48,0.7,0.51,4,0.34,极高风险
0.33,0.19,否,0.56,0.99,10.54,高级,无,1次,31.73,30.59,0.07,是,是,0.49,车辆,2.42,0.82,0.35,0.99,0.76,1,0.34,无风险
0.52,0.21,否,0.76,0.92,11.99,中级,无,无,14.57,29.82,0.25,是,是,0.34,高支模,19.39,0.53,0.12,0.84,0.9,4,0.49,低风险
0.16,0.2,否,0.71,0.91,20.55,无证,无,1次,19.49,22.15,0.66,是,是,0.75,配电箱,5,1,0.2,0.82,0.46,3,0.71,极高风险
0.82,0.21,否,0.83,0.79,5.61,中级,无,1次,21.3,18.46,0.03,是,是,0.82,高支模,26.13,0.53,0,0.72,0.98,1,0.69,无风险
0.84,0.58,否,0.69,0.76,5.79,初级,无,无,10.53,51.45,0.04,是,是,0.33,车辆,4.37,0.23,0.28,0.86,0.91,5,0.68,高风险
0.69,0.1,否,0.56,0.83,24.75,中级,无,1次,15.13,67.03,0.26,是,是,0.65,塔吊,1.56,0.81,0,0.67,0.11,3,0.5,低风险
0.82,0.29,否,0.58,0.77,4.07,中级,无,1次,15.78,26.33,0.57,是,是,0.76,配电箱,27,0.3,0.42,0.72,0.9,3,0.81,高风险
0.53,0.16,否,0.78,0.79,5.32,中级,无,1次,11.04,46.93,0.37,是,是,0.79,配电箱,46.76,0.7,0.27,0.64,0.51,1,0.82,高风险
0.8,0.77,否,0.97,0.68,0.6,无证,1次,1次,19.94,18.49,0.18,是,是,0.49,配电箱,4.09,1,0,0.92,0.82,1,0.55,高风险
0.83,0.12,否,0.8,0.99,7.23,中级,1次,无,9.8,23.77,0.25,是,是,0.25,塔吊,26.56,0.59,0.76,0.76,0.73,2,0.86,中风险
0.23,0.11,否,0.66,0.8,7.14,高级,无,1次,37.53,11.45,0.16,是,是,0.44,车辆,4.53,0.77,0,0.81,0.74,1,0.77,无风险
0.65,0.44,否,0.84,0.82,0.07,中级,无,无,15.32,19.18,0.22,是,是,0.8,配电箱,2.46,0.76,0.62,0.7,0.27,0,0.33,中风险
0.12,0.2,否,0.86,0.73,2.24,初级,无,1次,47.66,61.39,0.7,是,是,0.38,塔吊,13.1,0.14,0.34,0.81,0.41,0,0.2,极高风险
0.71,0.31,否,0.65,0.72,23.98,初级,无,1次,9.96,11.9,0.77,是,是,0.42,车辆,18.19,0.53,0,0.78,0.76,1,0.44,高风险
0.68,0.36,否,0.72,0.87,4.86,中级,≥2次,1次,12.07,35.63,0.55,是,是,0.66,深基坑,4.08,0.7,0,0.72,0.09,4,0.25,极高风险
0.9,0.28,否,0.82,0.94,0.35,初级,无,无,38.57,57.98,0.67,是,是,0.55,深基坑,21.51,0.95,0.85,0.63,0.6,1,0.82,极高风险
0.74,0.24,否,0.75,0.9,2.02,中级,无,无,10.64,40.43,0.01,是,否,0.61,塔吊,35.78,0.68,0,0.81,0.87,3,0.68,高风险
0.63,0.87,否,0.54,0.73,1.04,中级,无,无,22.59,47.15,0.18,是,是,0.4,塔吊,23.51,0.58,0.4,0.51,0.37,2,0.73,极高风险
0.76,0.55,否,0.68,0.67,2.98,初级,无,无,14.75,15.38,0.31,是,是,0.91,高支模,13.89,0.24,0.56,0.84,0.54,1,0.48,高风险
0.72,0.36,否,0.74,0.87,8.31,中级,无,无,18.8,22.95,0.2,是,是,0.32,塔吊,15.6,0.49,0,0.81,0.76,3,0.88,无风险
0.8,0.69,否,0.75,0.83,11.75,高级,无,1次,28.43,51.95,0.24,是,是,0.97,塔吊,22.73,0.89,0.19,0.85,0.89,4,0.67,无风险
0.67,0.24,否,0.75,0.71,5.23,初级,无,无,15.26,49.24,0.61,是,是,0.78,塔吊,1.08,1,0.2,0.92,0.66,0,0.55,低风险
0.61,0.15,否,0.66,0.79,36.4,中级,无,无,17.9,47.07,0.46,是,是,0.88,塔吊,29.24,0.49,0.57,0.79,0.66,5,0.24,中风险
0.77,0.2,否,0.77,0.8,16.87,中级,1次,无,42.19,16.18,0.47,是,是,0.94,车辆,3.12,0.96,0,0.93,0.75,5,0.23,无风险
0.98,0.24,否,0.9,0.82,3.16,中级,无,无,25.64,37.06,0.62,是,是,0.98,深基坑,1.17,0.71,0.36,0.66,0.67,2,0.43,无风险
0.31,0.47,否,0.81,0.73,15.22,中级,无,1次,20.89,48.01,0.22,是,是,0.83,塔吊,15.5,0.71,0.2,0.91,0.88,1,0.79,低风险
0.41,0.27,否,0.62,0.92,19.23,初级,1次,无,27.82,29.9,0.32,是,是,0.86,配电箱,13.7,1,0,0.84,0.62,1,0.81,无风险
0.62,0.21,否,0.69,0.75,0.23,中级,无,1次,18.42,13.15,0.07,是,是,0.24,配电箱,20.28,0.83,0,0.84,0.77,4,0.3,中风险
0.49,0.16,否,0.75,0.7,10.97,初级,无,无,21.09,16.53,0.01,是,是,0.78,塔吊,0.27,0.79,0.12,0.83,0.46,2,0.74,无风险
0.75,0.18,否,0.73,0.85,3.32,中级,无,无,42.52,24.32,0.19,是,是,0.9,塔吊,31.14,1,0.06,0.95,0.84,1,0.23,无风险
0.78,0.23,否,0.71,0.91,0.23,中级,无,≥2次,25.96,14.46,0.36,是,否,0.86,塔吊,3.14,0.8,0.23,0.95,0.79,6,0.44,高风险
0.84,0.26,否,0.97,0.77,7.19,中级,1次,无,41.84,71.58,0.06,是,是,0.85,车辆,14.57,0.9,0.18,0.69,0.46,5,0.62,中风险
0.64,0.3,否,0.81,0.74,6.25,初级,无,1次,11.74,24.73,0.14,是,是,0.46,塔吊,9.69,0.24,0,0.92,0.52,1,0.79,中风险
0.54,0.22,否,0.73,0.88,18.44,中级,无,无,20.48,29.33,0.1,是,是,0.76,塔吊,1.64,0.76,0.21,0.8,0.76,5,0.86,无风险
0.39,0.24,否,0.74,0.71,6.84,中级,无,无,11.75,36.26,0,是,是,0.78,深基坑,6.81,0.87,0.7,0.89,0.85,0,0.75,无风险
0.43,0.2,否,0.9,0.81,2.53,初级,1次,1次,27.61,26.17,0.73,是,否,0.8,塔吊,8.62,0.82,0.21,0.56,0.79,0,0.88,极高风险
0.61,0.49,否,0.52,0.83,18.63,中级,无,无,6.91,42.37,0.06,是,是,0.8,塔吊,34.55,0.65,0.28,0.91,0.86,2,0.79,无风险
0.77,0.34,否,0.62,0.98,20.7,中级,无,1次,18.89,6.2,0.1,是,是,0.41,车辆,3.48,0.41,0,0.65,0.27,1,0.62,无风险
0.8,0.19,否,0.77,0.72,3.21,无证,无,无,23.5,44.86,0.01,否,是,0.78,塔吊,1.69,0.7,0.01,0.95,0.25,1,0.36,极高风险
0.85,0.28,否,0.72,0.71,0.77,初级,无,无,30.27,16.81,0.19,是,是,0.36,深基坑,0.98,0.42,0,0.84,0.45,3,0.45,低风险
0.9,0.61,否,0.74,0.84,17.38,中级,无,1次,9.75,36.87,0.24,是,是,0.93,高支模,1.68,0.49,0,0.77,0.83,4,0.56,无风险
0.32,0.5,是,0.69,0.75,10.4,高级,无,无,5.7,85.37,0.09,是,是,0.46,车辆,22.16,0.79,0.17,0.78,0.69,3,0.82,极高风险
0.76,0.27,否,0.91,0.93,9.6,无证,无,1次,18.75,30.72,0.22,是,是,0.29,车辆,5.86,0.86,0.59,0.85,0.39,2,0.92,高风险
0.42,0.42,否,0.65,0.69,0.14,中级,无,1次,18,9.93,0.19,是,否,0.58,塔吊,20.73,1,0.32,0.72,0.55,1,0.27,极高风险
0.61,0.32,否,0.69,0.87,3.54,高级,无,无,22.48,51.28,0.38,是,是,0.63,车辆,17.97,0.79,0.07,0.75,0.4,3,0.75,中风险
0.73,0.57,否,0.8,0.87,3.91,中级,无,≥2次,21.8,17.2,0.43,是,是,0.9,深基坑,4.32,0.86,0.09,0.94,0.36,1,0.81,低风险
0.62,0.28,否,0.69,0.7,17.92,中级,无,无,20.11,25.31,0.26,是,是,0.11,深基坑,9.67,0.84,0.04,0.58,0.78,1,0.58,高风险
0.81,0.46,否,0.59,0.83,12.03,中级,无,无,26.93,67.18,0.29,是,是,0.64,塔吊,0.01,1,0.06,0.79,0.94,4,0.7,无风险
0.25,0.34,否,0.75,0.69,9.69,初级,1次,1次,20.15,24.05,0.37,是,是,0.89,深基坑,4.72,0.57,0.39,0.9,0.52,7,0.72,极高风险
0.54,0.32,否,0.71,0.93,6.47,初级,无,≥2次,30.51,30.56,0.58,是,是,0.47,深基坑,2.31,0.5,0.04,0.96,0.55,2,0.69,高风险
0.52,0.28,否,0.72,0.86,13.37,初级,1次,1次,13.25,46.25,0.04,是,是,0.77,深基坑,18.99,0.37,0,0.89,0.86,1,0.74,低风险
0.75,0.26,是,0.76,0.69,14.89,初级,无,≥2次,17.04,31.52,0.11,是,是,0.82,配电箱,45.55,0.33,0.11,0.87,0.68,0,0.18,极高风险
0.71,0.18,否,0.64,0.92,2.55,无证,1次,无,28.72,28.09,0.03,是,是,0.9,深基坑,17.9,0.9,0.36,0.89,0.66,3,0.72,高风险
0.78,0.46,否,0.6,0.8,2.6,高级,无,1次,28.5,48.59,0.24,是,是,0.41,高支模,3.41,0.58,0.08,0.92,0.49,3,0.3,中风险
0.79,0.28,否,0.7,0.81,7.95,中级,无,无,15.56,32.18,0.02,是,是,0.7,高支模,2.63,0.56,0,0.76,0.52,1,0.59,无风险
0.31,0.19,否,0.69,0.75,0.37,中级,1次,无,25.13,30.45,0.44,是,是,0.8,高支模,2,0.75,0.26,0.76,0.39,4,0.77,中风险
0.54,0.25,否,0.64,0.75,8.58,中级,无,1次,19.03,29.72,0.63,是,是,0.31,车辆,17.03,0.71,0.25,0.46,0.29,3,0.32,极高风险
0.47,0.35,否,0.63,0.88,11.67,无证,无,无,4.56,40.63,0.81,是,是,0.87,配电箱,8.5,0.13,0.28,0.81,0.64,2,0.58,极高风险
0.58,0.29,否,0.78,0.85,33.88,高级,1次,1次,13.85,51.78,0.66,是,是,0.48,车辆,11.2,1,0.04,0.74,0.29,2,0.46,中风险
0.4,0.17,否,0.71,0.83,25.69,中级,≥2次,无,15.85,21.07,0.03,是,是,0.15,配电箱,40.96,0.41,0.16,0.77,0.87,2,0.59,高风险
0.68,0.1,否,0.65,0.73,3.8,无证,无,无,9.28,17.55,0.29,是,是,0.69,高支模,18.56,0.87,0,0.98,0.95,0,0.35,高风险
0.77,0.28,否,0.7,0.67,1.84,初级,无,1次,12.62,74.98,0.24,是,是,0.46,深基坑,4.4,0.23,0,0.62,0.18,1,0.72,极高风险
0.8,0.76,否,0.67,0.8,2.07,高级,1次,无,38.56,19.07,0.02,是,是,0.29,高支模,18.8,0.96,0.19,0.76,0.61,0,0.67,中风险
0.1,0.37,否,0.77,0.92,6.19,高级,无,无,22.27,20.63,0.35,是,是,0.61,深基坑,15.13,0.67,0,0.73,0.79,2,0.27,高风险
0.6,0.37,否,0.74,0.96,5.86,中级,无,1次,39.75,14.51,0.11,是,是,0.9,配电箱,16.77,0.41,0.36,0.71,0.29,4,0.56,高风险
0.85,0.24,否,0.74,0.64,20.75,高级,≥2次,无,22.47,35.76,0.1,是,是,0.78,塔吊,4.99,0.8,0.05,0.96,0.8,6,0.68,无风险
0.44,0.27,否,0.66,0.68,18.71,中级,无,无,15.74,51.02,0.08,是,是,0.69,高支模,25.7,0.86,0.38,0.66,0.41,2,0.68,中风险
0.7,0.1,否,0.68,0.86,4.49,无证,1次,无,15.61,34.79,0.33,是,是,0.03,车辆,16.18,0.34,0.38,0.83,0.47,7,0.26,极高风险
0.57,0.23,否,0.76,0.86,2.4,中级,无,无,32.95,13.55,0.14,是,是,0.49,车辆,22.4,0.75,0.14,0.95,0.56,1,0.59,低风险
0.66,0.32,否,0.59,0.78,1.71,中级,无,无,33.43,62.41,0.24,是,是,0.94,车辆,4.24,0.47,0.33,0.66,0.9,1,0.49,低风险
0.39,0.25,否,0.7,0.79,23.74,中级,无,无,24.75,8.5,0.23,是,是,0.97,配电箱,4.57,0.77,0,0.88,0.74,4,0.74,无风险
0.42,0.21,否,0.71,0.71,5.8,高级,无,无,8.83,26.16,0.25,否,是,0.44,高支模,4.45,0.69,0,0.94,0.75,2,0.47,高风险
0.22,0.35,否,0.63,0.94,2.16,高级,无,无,40.71,31.53,0.02,是,是,0.74,塔吊,21.14,0.62,0.75,0.85,0.6,2,0.52,低风险
0.91,0.37,否,0.75,0.9,0.59,初级,无,无,9.39,43.47,0.12,是,是,0.53,车辆,15.79,0.7,0,0.6,0.72,3,0.87,低风险
0.95,0.5,否,0.73,0.91,0.81,中级,无,≥2次,8.59,70.81,0.18,否,是,0.78,配电箱,4.79,0.92,0.4,0.92,0.53,3,0.7,极高风险
0.44,0.65,否,0.77,0.88,18.03,中级,无,无,8.45,25,0.14,是,是,0.55,高支模,18.19,1,0.09,0.53,0.6,1,0.95,低风险
0.68,0.5,否,0.84,0.84,5.92,中级,无,1次,32.72,32.49,0.09,是,是,0.38,车辆,7.62,0.44,0,0.68,0.39,1,0.53,中风险
0.77,0.25,否,0.88,0.79,11.24,中级,1次,无,15.75,55.03,0.32,否,是,0.93,配电箱,9.77,0.57,0.33,0.79,0.73,4,0.59,极高风险
0.58,0.44,否,0.72,0.69,0.24,无证,无,1次,41.16,20.47,0.59,是,是,0.66,配电箱,0.58,0.64,0.46,0.69,0.21,0,0.51,极高风险
0.7,0.1,否,0.56,0.95,12.14,中级,无,1次,13.12,28.93,0.04,是,是,0.92,车辆,31.17,0.53,0.96,0.75,0.76,3,0.65,中风险
0.71,0.37,否,0.75,0.81,24.7,初级,无,1次,31.56,42.58,0.24,是,是,0.19,配电箱,14.92,0.81,0.17,0.82,0.66,4,0.38,高风险
0.74,0.38,否,0.59,0.82,32.8,初级,无,无,25.07,12.52,0.37,是,是,0.57,深基坑,1.22,0.51,0,0.82,0.64,1,0.45,无风险
0.45,0.13,否,0.62,0.93,6.17,高级,无,无,24.45,52.73,0.03,是,是,0.65,配电箱,2.35,0.53,0,0.75,0.89,2,0.55,无风险
0.34,0.43,否,0.64,0.9,5.98,初级,≥2次,1次,54.39,62.58,0.3,是,是,0.88,配电箱,24.34,0.86,0,0.95,0.9,2,0.37,高风险
0.86,0.11,否,0.65,0.81,4.55,中级,无,无,29.02,18.07,0.09,是,是,0.58,车辆,23.01,0.11,0,0.94,0.78,1,0.8,无风险
0.89,0.32,否,0.73,0.79,9.77,中级,1次,1次,12.63,11.43,0.18,是,是,0.51,车辆,1.75,0.19,0.33,0.89,0.58,1,0.34,中风险
0.55,0.12,否,0.71,0.74,5.27,中级,无,≥2次,30.82,16.4,0.1,是,否,0.54,车辆,3.58,1,0.08,0.5,0.66,2,0.85,高风险
0.97,0.23,否,0.65,0.7,19.92,初级,无,1次,31.64,14.23,0.07,是,是,0.69,配电箱,30.3,0.45,0.29,0.89,0.8,1,0.55,低风险
0.82,0.48,否,0.82,0.96,5.89,中级,无,1次,17.25,19.83,0.08,是,是,0.2,配电箱,4.1,0.56,0.06,0.55,0.92,6,0.85,中风险
0.61,0.18,否,0.64,0.86,9.76,中级,无,无,20.84,24.19,0.08,是,是,0.95,配电箱,4.22,1,0,0.79,0.87,3,0.49,无风险
0.88,0.46,否,0.79,0.71,6.34,高级,无,无,20.09,38.81,0.47,是,是,0.64,深基坑,17.57,1,0.31,0.59,0.93,3,0.65,低风险
0.53,0.16,否,0.52,0.59,0.38,初级,无,≥2次,12.24,20.26,0.3,否,是,0.36,塔吊,10.41,0.76,0.62,0.7,0.67,2,0.7,极高风险
0.84,0.18,否,0.69,0.82,14.12,无证,无,无,28.79,15.05,0.42,否,是,0.86,车辆,21.51,1,0.31,0.83,0.65,3,0.93,极高风险
0.74,0.22,否,0.66,0.82,14.01,中级,无,无,14.4,49.38,0.05,是,是,0.68,高支模,5.34,1,0.58,0.82,0.85,2,0.88,无风险
0.55,0.17,否,0.71,0.73,5.15,中级,无,1次,20.2,37.97,0.04,是,是,0.44,高支模,13.29,1,0.45,0.71,0.27,4,0.58,高风险
0.67,0.28,否,0.73,0.86,29.84,初级,无,无,21.71,56.54,0.4,是,是,0.52,车辆,20.95,0.81,0.9,0.85,0.61,4,0.34,高风险
0.62,0.49,否,0.77,0.58,3.14,中级,无,1次,11.43,27.7,0.26,是,是,0.73,深基坑,2.07,0.2,0.07,0.8,0.5,4,0.42,高风险
0.7,0.71,否,0.81,0.91,7.76,初级,无,无,29.12,73.08,0.23,是,是,0.65,深基坑,0.13,0.85,0.55,0.84,0.42,4,0.72,高风险
0.59,0.12,否,0.66,0.92,1.7,初级,无,无,36.99,61.4,0.29,是,是,0.39,高支模,4.08,0.75,0,0.83,0.39,2,0.47,中风险
0.93,0.7,否,0.94,0.93,0.2,中级,1次,1次,40.57,85.75,0.68,是,是,0.43,深基坑,3.98,0.41,0,0.67,0.63,1,0.75,高风险
0.3,0.49,否,0.58,0.73,6.91,初级,无,1次,15.12,34.78,0.73,是,是,0.48,配电箱,16.36,0.64,0.25,0.84,0.46,1,0.63,极高风险
0.64,0.41,否,0.83,0.82,3.99,高级,无,无,16.22,50,0.07,是,是,0.55,高支模,2.53,0.95,0,0.82,0.36,0,0.88,无风险
0.46,0.52,否,0.69,0.74,10.07,初级,无,无,16.78,28.5,0.32,是,是,0.41,高支模,18.28,0.8,0.58,0.86,0.84,2,0.85,高风险
0.84,0.43,否,0.65,0.98,5.48,初级,无,无,17.24,29.34,0.04,是,是,0.7,深基坑,17.27,0.58,0.11,0.96,0.33,6,0.78,中风险
0.57,0.32,否,0.77,0.88,5.09,中级,1次,无,37.18,29.76,0.36,是,是,0.67,深基坑,2.52,0.41,0.25,0.61,0.91,4,0.61,低风险
0.58,0.27,否,0.68,0.82,8.86,中级,无,无,38.44,51.82,0.4,是,是,0.32,高支模,35.71,0.05,0.02,0.64,0.4,5,0.62,极高风险
0.33,0.23,否,0.81,0.82,3.05,中级,无,无,29.87,33.53,0.89,是,是,0.53,高支模,28.25,0.26,0,0.9,0.58,7,0.73,极高风险
0.85,0.1,否,0.79,0.68,1.22,中级,无,无,32.15,21.71,0.19,是,是,0.9,塔吊,5.52,0.89,0.36,0.86,0.57,4,0.72,无风险
0.42,0.24,否,0.79,0.76,0.92,初级,无,无,20.47,38.79,0.05,是,是,0.67,塔吊,8.91,0.61,0,0.89,0.78,1,0.59,无风险
0.85,0.55,否,0.63,0.85,7.28,中级,无,无,24.22,32.34,0.14,是,是,0.92,车辆,13.07,0.39,0.16,0.94,0.96,2,0.69,无风险
0.45,0.34,否,0.66,0.79,4,高级,无,≥2次,17.61,14.29,0.25,是,是,0.39,深基坑,32.63,0.55,0.53,0.64,0.89,3,0.69,极高风险
0.81,0.56,否,0.77,0.76,0.63,中级,无,无,18.59,35.05,0.41,是,是,0.33,深基坑,66.31,0.68,0.16,0.89,0.39,1,0.27,极高风险
0.88,0.4,是,0.64,0.63,27.55,中级,无,无,38.06,36.98,0.14,是,是,0.29,深基坑,12.72,1,0,0.96,0.75,4,0.8,高风险
0.67,0.17,否,0.82,0.74,1.08,无证,1次,无,18.26,26.25,0.44,是,是,0.43,塔吊,27.39,0.75,0,0.85,0.46,2,0.92,高风险
0.53,0.24,否,0.68,0.87,4.81,高级,无,1次,83.3,12.61,0.53,是,是,0.56,配电箱,19.59,1,0.85,0.88,0.29,2,0.53,高风险
0.52,0.16,否,0.61,1,7.57,高级,无,1次,8.14,28.25,0.57,是,是,0.33,配电箱,24.44,1,0.11,0.93,0.74,7,0.43,高风险
0.62,0.56,否,0.55,0.77,1.39,初级,无,1次,52.05,28.61,0.07,是,是,0.44,塔吊,18.62,0.55,0.33,0.82,0.77,2,0.64,高风险
0.87,0.93,否,0.68,0.87,29.84,中级,1次,无,28.26,49.74,0.55,是,是,0.96,配电箱,29.37,0.81,0.27,0.9,0.25,2,0.48,高风险
0.62,0.43,否,0.79,0.84,18.36,中级,无,1次,21.21,72.33,0.03,否,是,0.34,高支模,18.54,0.43,0,0.89,0.68,0,0.49,极高风险
0.72,0.95,否,0.88,0.89,1.51,中级,无,1次,21.02,50.37,0,是,是,0.77,配电箱,3.49,1,0.42,0.72,0.49,2,0.87,高风险
0.95,0.41,否,0.76,0.81,22.98,高级,无,无,19.14,36.98,0.17,是,是,0.66,深基坑,24.21,0.48,0.4,0.62,0.73,1,0.83,无风险
0.66,0.29,否,0.51,0.94,23.42,中级,1次,无,16.07,14.29,0.02,否,是,0.58,深基坑,18.44,1,0.09,0.62,0.6,6,0.39,高风险
0.68,0.27,否,0.74,0.82,9.6,中级,无,无,61.89,39.37,0.42,是,是,0.39,车辆,62.32,0.37,0.94,0.95,0.53,1,0.27,极高风险
0.46,0.65,否,0.74,0.7,5.62,中级,无,无,8.2,27.47,0.09,是,是,0.43,配电箱,15.26,1,0,0.8,0.85,2,0.73,低风险
0.74,0.87,否,0.76,0.69,10.18,初级,无,1次,9.95,19.65,0.08,是,是,0.8,配电箱,20.71,0.86,0.59,0.56,0.28,4,0.67,极高风险
0.7,0.19,否,0.96,0.66,0.21,中级,无,无,33,60.18,0.21,是,是,0.62,车辆,13.65,0.66,0,0.67,0.48,5,0.52,中风险
0.41,0.18,否,0.65,0.98,25.78,中级,无,无,40.19,12.17,0.55,是,是,0.28,配电箱,10.82,0.81,0.43,0.83,0.47,5,0.71,中风险
0.4,0.1,否,0.56,0.89,8.27,高级,无,无,18.45,26.49,0.53,是,是,0.33,深基坑,13.92,0.74,0.05,0.82,0.37,3,0.4,中风险
0.85,0.33,否,0.77,0.55,6.23,中级,无,无,16.09,39.57,0.29,是,是,0.38,高支模,1.28,0.72,0.18,0.89,0.5,3,0.61,高风险
0.92,0.38,否,0.78,0.86,12,初级,无,无,12.55,20.09,0.52,是,是,0.83,塔吊,0.32,1,0.34,0.65,0.8,4,0.45,无风险
0.4,0.46,否,0.8,0.78,19.29,高级,1次,无,13.42,66.02,0.53,是,是,0.77,塔吊,1.3,0.68,0.03,0.78,0.58,2,0.76,低风险
0.56,0.13,否,0.57,0.81,10.39,无证,无,无,29.29,22.41,0.01,是,是,0.66,深基坑,6.63,0.28,0.52,0.87,0.71,2,0.5,高风险
0.55,0.41,否,0.61,0.64,7.49,初级,无,无,42.49,102.43,0.14,是,是,0.07,车辆,7.23,0.42,0.06,0.84,0.69,0,0.3,极高风险
0.94,0.32,否,0.63,0.77,10.5,初级,无,1次,35.5,22.24,0.2,是,是,0.62,深基坑,13.22,0.52,0.46,0.86,0.57,1,0.74,中风险
0.4,0.62,否,0.7,0.9,5.65,中级,无,无,25.23,12.61,0.64,是,是,0.66,车辆,15.14,0.64,0,0.8,0.31,2,0.83,中风险
0.74,0.64,否,0.84,0.89,25.01,高级,无,无,9.76,60.46,0.45,是,是,0.77,车辆,9.39,0.43,0.04,0.79,0.7,1,0.54,无风险
0.87,0.17,否,0.6,0.84,3.93,初级,无,1次,12.66,15.52,0.01,是,是,0.74,塔吊,12.64,0.19,0.16,0.86,0.59,2,0.56,低风险
0.61,0.14,否,0.71,0.69,2.31,初级,无,无,20.83,59.91,0,是,是,0.83,塔吊,10.39,0.57,0.04,0.89,0.55,4,0.91,低风险
0.48,0.27,否,0.68,0.94,5.52,中级,1次,无,17.7,22.03,0.14,是,是,0.91,深基坑,14.59,0.77,0.26,0.7,0.24,4,0.51,中风险
0.08,0.07,否,0.7,0.88,13.68,高级,无,无,15.88,40.4,0.22,是,是,0.61,车辆,2.53,0.71,0.89,0.89,0.88,1,0.58,高风险
0.77,0.36,否,0.77,0.7,1.08,高级,无,1次,10.18,39.4,0.56,是,是,0.82,塔吊,16.14,0.17,0.85,0.78,0.37,5,0.47,极高风险
0.76,0.24,否,0.73,0.83,11.98,中级,无,无,26.39,14.72,0.56,是,是,0.86,高支模,15.14,0.87,0.03,0.9,0.59,1,0.33,无风险
0.82,0.52,否,0.69,0.84,2.71,高级,无,无,36.56,19.8,0.39,是,是,0.85,车辆,17.37,0.58,0.19,0.88,0.72,4,0.62,低风险
0.64,0.18,否,0.31,0.96,10.71,初级,无,1次,8.78,9.72,0,否,是,0.46,塔吊,2.53,0.54,0.31,0.75,0.43,3,0.4,极高风险
0.82,0.47,否,0.7,0.78,1.55,高级,1次,1次,28.06,47.17,0.05,是,是,0.65,塔吊,31.85,0.66,0,0.78,0.12,8,0.56,高风险
0.53,0.15,否,0.55,0.91,4.54,中级,无,1次,24.34,19.2,0.71,是,是,0.88,车辆,28.73,0.75,0.22,0.82,0.83,2,0.34,中风险
0.48,0.34,否,0.79,0.77,6.79,初级,无,无,28.29,65.2,0.2,是,是,0.86,高支模,1.63,0.88,0.17,0.81,0.69,2,0.78,低风险
0.65,0.49,否,0.63,0.61,1.96,中级,无,无,27.99,25.16,0.49,是,是,0.47,配电箱,21.28,0.82,0.13,0.77,0.45,4,0.34,极高风险
0.73,0.24,否,0.66,0.95,0.21,中级,无,无,18.58,81.7,0.2,是,是,0.89,配电箱,12.37,0.66,0.54,0.99,0.75,1,0.68,低风险
0.55,0.19,否,0.78,0.84,10.71,初级,无,无,14.78,21.65,0.34,是,是,0.69,深基坑,3.99,0.64,0,0.71,0.67,4,0.82,无风险
0.26,0.37,否,0.77,0.85,11.85,初级,无,1次,32.36,47.51,0.02,是,是,0.96,塔吊,64.18,0.52,0.23,0.88,0.37,1,0.6,高风险
0.77,0.21,否,0.74,0.79,6.09,中级,无,无,9.62,10.98,0.84,是,是,0.41,车辆,26.95,0.29,0.51,0.9,0.88,1,0.18,高风险
0.23,0.24,否,0.73,0.73,5.37,无证,1次,无,14.94,12.39,0.18,是,是,0.86,高支模,1.74,0.6,0.67,0.62,0.59,3,0.65,高风险
0.94,0.36,否,0.78,0.77,2.19,中级,无,1次,26.16,63.89,0.07,是,是,0.18,深基坑,5.96,0.92,0.44,0.86,0.75,2,0.75,高风险
0.86,0.39,否,0.59,0.87,0.92,高级,无,无,20.17,43.45,0.1,是,是,0.65,高支模,27.44,0.56,0.08,0.94,0.77,3,0.43,低风险
0.34,0.37,否,0.67,0.8,30.42,高级,无,无,38.21,83.78,0.09,是,是,0.64,配电箱,3.42,1,0.42,0.95,0.55,9,0.44,高风险
0.4,0.19,否,0.81,0.82,39.92,高级,无,无,22.18,52.2,0.01,是,是,0.27,深基坑,15.2,0.68,0.12,0.72,0.66,1,0.37,无风险
0.05,0.18,否,0.69,0.74,5.02,高级,无,无,17.4,42.69,0.2,是,是,0.87,塔吊,26.67,0.51,0.84,0.84,0.79,1,0.43,高风险
0.59,0.14,否,0.63,0.85,7.41,中级,无,无,27.03,16.06,0.23,是,是,0.78,深基坑,3.4,0.47,0.07,0.89,0.49,3,0.73,无风险
0.82,0.52,否,0.65,0.72,9.98,初级,无,1次,22.49,25.73,0.42,是,是,0.62,车辆,22.33,0.66,0,0.83,0.17,2,0.59,高风险
0.42,0.23,否,0.76,0.78,8.78,初级,无,无,21.3,11.7,0.23,是,是,0.5,车辆,2.63,0.69,0.59,0.89,0.42,1,0.74,低风险
0.49,0.47,否,0.74,0.73,21.29,中级,无,无,13.78,38.58,0.05,是,是,0.93,车辆,1.22,0.89,0.2,0.76,0.41,5,0.85,无风险
0.72,0.12,否,0.78,0.97,11.32,初级,无,≥2次,26.31,70.38,0.47,是,是,0.76,塔吊,31.94,0.44,0.18,0.63,0.38,1,0.78,极高风险
0.51,0.18,否,0.49,0.8,2.21,高级,无,≥2次,19.64,30.31,0.19,是,是,0.69,深基坑,50.29,0.66,0,0.75,0.86,4,0.22,高风险
0.75,0.27,否,0.58,0.6,2.68,初级,1次,1次,16.42,49.31,0.93,否,是,0.15,塔吊,0.86,1,0,0.81,0.68,2,0.67,极高风险
0.5,0.69,否,0.7,0.83,6.49,高级,无,无,23.64,27.11,0.16,是,是,0.46,塔吊,9.42,1,0.74,0.84,0.8,4,0.38,中风险
0.2,0.25,否,0.71,0.75,8.78,高级,无,1次,13.39,100.33,0.25,是,是,0.76,深基坑,30.86,0.59,0.55,0.9,0.43,3,0.82,极高风险
0.46,0.71,否,0.77,0.86,24.19,高级,无,无,20.9,65.89,0.35,是,是,0.62,车辆,3.64,0.94,0.24,0.84,0.84,3,0.44,无风险
0.78,0.74,否,0.72,0.77,4.36,初级,无,1次,20.99,50.71,0.12,是,是,0.5,高支模,13.16,0.46,0,0.7,0.55,4,0.28,极高风险
0.51,0.33,否,0.81,0.72,4.79,中级,无,1次,19.46,25.67,0.02,是,是,0.94,塔吊,21.18,0.54,0.28,0.55,0.08,1,0.63,中风险
0.88,0.55,否,0.69,0.88,5,初级,无,1次,40.2,37.14,0.08,是,是,0.74,深基坑,20.39,0.75,0.27,0.81,0.16,3,0.69,高风险
0.53,0.33,否,0.69,0.83,18.89,初级,无,无,9.8,33.99,0.08,是,是,0.33,车辆,21.17,0.74,0.35,0.76,0.51,3,0.46,高风险
0.86,0.24,否,0.61,0.74,13.7,无证,无,1次,14.99,33.79,0.16,否,是,0.2,车辆,75.87,0.47,0.95,0.74,0.27,0,0.43,极高风险
0.75,0.43,否,0.66,0.72,4.75,初级,无,无,17.94,29.06,0.27,是,是,0.41,车辆,15.28,0.87,0,0.86,0.85,3,0.9,低风险
0.46,0.43,否,0.66,0.85,9.41,中级,无,≥2次,12.16,22,0.01,是,是,0.81,塔吊,2.55,1,0.37,0.87,0.38,1,0.63,中风险
0.81,0.25,否,0.75,0.93,0.13,中级,无,1次,18.84,33.13,0.38,是,是,0.4,塔吊,4.65,1,0.78,0.58,0.43,2,0.72,高风险
0.76,0.35,否,0.7,0.82,7.33,中级,无,无,13.15,37.59,0.09,否,是,0.26,高支模,3.43,0.66,0.05,0.86,0.71,2,0.66,高风险
0.42,0.28,否,0.75,0.91,9.17,初级,无,无,29.41,9.64,0.23,是,是,0.88,配电箱,18.94,1,0,0.69,0.75,5,0.74,无风险
0.51,0.15,否,0.68,0.73,26.14,初级,1次,无,19.84,41.13,0.47,是,是,0.75,配电箱,24.56,0.21,0.4,0.77,0.68,1,0.53,高风险
0.58,0.67,否,0.55,0.93,11.29,初级,无,无,5.42,37.99,0.12,是,是,0.58,配电箱,0.53,0.7,0.15,0.8,0.59,3,0.79,低风险
0.76,0.21,否,0.73,0.72,16.64,高级,1次,无,12.9,17.93,0.37,是,是,0.33,配电箱,27.51,1,0.33,0.87,0.75,6,0.7,低风险
0.92,0.38,否,0.77,0.73,4.66,初级,无,无,9.92,43.57,0.28,否,是,0.16,深基坑,1.21,0.65,0,0.79,0.67,1,0.45,极高风险
0.53,0.34,是,0.74,0.71,2.67,中级,无,无,23.63,60.63,0.39,是,是,0.65,塔吊,25.1,1,0.44,0.89,0.83,4,0.8,极高风险
0.05,0.76,否,0.52,0.8,17.43,中级,无,无,11.54,58.55,0.01,是,是,0.54,车辆,13.28,1,0.03,0.75,0.6,5,0.54,高风险
0.75,0.33,否,0.72,0.81,2.27,中级,无,1次,33.08,24.21,0.21,是,是,0.73,配电箱,1.79,1,0.2,0.76,0.54,1,0.38,低风险
0.8,0.17,否,0.78,0.77,2.37,中级,无,无,32.15,38.3,0.02,是,是,0.83,车辆,17.52,0.77,0.17,0.87,0.37,3,0.77,无风险
0.82,0.58,否,0.69,0.92,0.1,中级,1次,无,30.58,61.76,0,是,是,0.86,配电箱,91.58,0.73,0.21,0.84,0.46,2,0.49,中风险
0.85,0.69,否,0.84,0.86,6.28,中级,无,无,23.96,27.52,0.47,是,是,0.29,配电箱,22.19,0.58,0.23,0.81,0.29,4,0.69,极高风险
0.79,0.21,否,0.69,0.92,2.27,中级,无,无,36.88,51.74,0.55,否,是,0.46,高支模,96.73,0.8,0.19,0.87,0.85,1,0.65,极高风险
0.62,0.14,否,0.54,0.87,4.86,初级,1次,1次,27.58,36.78,0.47,是,是,0.7,车辆,13.41,0.84,0.79,0.96,0.93,4,0.59,极高风险
0.49,0.24,否,0.65,0.79,1.95,高级,无,无,23.37,28.81,0.4,是,是,0.74,深基坑,11.67,0.26,0.38,0.78,0.3,1,0.9,中风险
0.51,0.35,否,0.78,0.71,16.01,中级,无,1次,20.54,90.1,0.06,是,是,0.81,配电箱,12,0.56,0.24,0.7,0.37,4,0.59,高风险
0.85,0.21,否,0.63,0.79,0.47,初级,无,1次,25.86,64.68,0.08,是,是,0.49,车辆,8.71,0.49,0.25,0.96,0.79,3,0.62,高风险
0.42,0.47,否,0.71,0.62,15.31,高级,无,无,21.19,32.3,0.24,是,否,0.57,塔吊,0.91,0.77,0.3,0.8,0.7,3,0.55,高风险
0.61,0.17,否,0.71,0.66,5.82,高级,无,无,18.52,23.51,0.69,是,是,0.53,车辆,10.84,0.74,0.06,0.87,0.88,4,0.92,无风险
0.61,0.14,否,0.59,0.79,10.11,初级,无,无,21.03,22.5,0.37,是,是,0.49,配电箱,95.23,0.39,0.62,0.79,0.79,6,0.93,高风险
0.94,0.63,否,0.69,0.75,0.24,初级,无,无,8.72,23.2,0.32,是,是,0.47,深基坑,1.97,0.47,0.29,0.91,0.46,0,0.5,中风险
0.78,0.24,否,0.61,0.77,10.93,高级,无,1次,13.97,47.08,0.37,是,是,0.61,配电箱,27.01,0.7,0,0.89,0.32,1,0.83,低风险
0.72,0.86,否,0.65,0.82,5.57,中级,无,1次,36.08,47.56,0.08,是,是,0.6,配电箱,26.93,0.47,0,0.85,0.64,0,0.52,高风险
0.72,0.5,否,0.81,0.75,3.88,中级,无,1次,27.71,39.61,0.16,是,是,0.8,配电箱,0.66,0.36,0.52,0.81,0.82,3,0.68,低风险
0.58,0.19,否,0.62,0.68,11.59,高级,无,无,53.89,28.77,0.31,是,是,0.19,深基坑,2.45,0.74,0.18,0.91,0.74,6,0.61,高风险
0.8,0.86,是,0.68,0.89,29.25,中级,无,无,34.31,46.42,0.65,是,是,0.57,高支模,0.13,0.63,0,0.88,0.74,1,0.87,极高风险
0.5,0.41,否,0.72,0.81,10.59,中级,无,无,32.43,48.15,0.47,是,是,0.83,高支模,2,1,0.38,0.74,0.63,4,0.48,低风险
0.68,0.68,否,0.68,0.8,8.52,初级,无,1次,43.83,40.01,0.32,是,是,0.72,高支模,3.92,1,0.22,0.76,0.48,1,0.41,高风险
0.54,0.62,否,0.77,0.82,0.77,中级,无,无,23.02,29.7,0.4,是,是,0.33,配电箱,0.47,0.59,0.36,0.9,0.92,5,0.71,中风险
0.69,0.3,否,0.7,0.94,26.34,中级,1次,≥2次,24.62,28.75,0.13,否,是,0.75,塔吊,35.68,0.42,0.1,0.89,0.52,3,0.73,极高风险
0.89,0.08,否,0.77,0.93,1.95,中级,无,1次,32.3,33.77,0.01,是,是,0.51,塔吊,9.74,0.71,0.29,0.83,0.65,4,0.46,无风险
0.79,0.29,否,0.7,0.88,3.12,中级,无,≥2次,20.47,73.64,0.47,是,是,0.24,高支模,1.94,1,0.18,0.63,0.58,3,0.48,极高风险
0.51,0.14,否,0.76,0.78,1.53,初级,无,无,15.94,17.52,0.39,是,是,0.05,深基坑,49.16,0.63,0.03,0.73,0.51,5,0.75,极高风险
0.89,0.54,否,0.6,0.84,10.58,高级,无,无,27.83,47.74,0.14,是,是,0.83,深基坑,10.09,0.6,0.15,0.81,0.83,3,0.54,无风险
0.32,0.12,否,0.59,0.94,19.21,初级,无,1次,15.12,41,0.2,是,否,0.36,配电箱,1.4,0.45,0.54,0.92,0.98,2,0.59,极高风险
0.8,0.39,否,0.69,0.86,0.3,初级,无,无,20.69,53.05,0.41,是,否,0.21,高支模,21.68,0.4,0,0.72,0.77,1,0.68,极高风险
0.71,0.45,否,0.79,0.82,14.37,中级,无,无,22.07,66.33,0.16,是,是,0.61,深基坑,57.67,1,0.39,0.6,0.44,2,0.35,高风险
0.74,0.22,否,0.73,0.8,9.68,高级,无,无,7.71,24.48,0.48,是,是,0.4,车辆,16.41,0.48,0,0.74,0.05,1,0.63,中风险
0.96,0.22,否,0.79,0.79,17.87,高级,1次,1次,17.35,50.63,0.47,是,是,0.69,塔吊,54.98,0.48,0.59,0.84,0.86,2,0.49,中风险
0.75,0.3,否,0.67,0.82,13.1,中级,无,无,16.35,16.43,0.11,是,是,0.83,塔吊,72.77,0.37,0.68,0.82,0.1,2,0.33,高风险
0.7,0.25,否,0.85,0.96,27.02,高级,无,无,33.7,85.01,0.34,是,是,0.78,配电箱,10.86,1,0.22,0.84,0.59,3,0.23,无风险
0.59,0.51,否,0.84,0.71,2.61,初级,无,1次,24,30.36,0.02,是,是,0.63,塔吊,16.64,0.84,0.33,0.72,0.97,3,0.58,低风险
0.8,0.29,否,0.69,0.68,3.34,中级,无,≥2次,15.05,18,0.1,是,否,0.38,高支模,13.69,0.5,0.11,0.85,0.56,3,0.83,极高风险
0.56,0.17,否,0.73,0.83,20.41,初级,无,1次,8.94,12.31,0.59,是,是,0.93,高支模,17.78,0.57,0.01,0.97,0.49,5,0.78,低风险
0.34,0.33,否,0.82,0.77,2.03,初级,无,无,13.82,37.18,0.78,是,是,0.1,高支模,0.38,0.4,0.27,0.79,0.76,2,0.68,极高风险
0.19,0.3,否,0.66,0.74,9.72,初级,无,无,27.78,16.16,0.02,是,是,0.19,高支模,76.08,0.61,0.29,0.86,0.62,1,0.61,极高风险
0.24,0.24,否,0.73,0.76,6.66,无证,1次,无,15.04,20.73,0.19,是,是,0.8,配电箱,22.41,0.38,0.08,0.96,0.93,3,0.46,高风险
0.44,0.38,否,0.77,0.85,3.19,中级,≥2次,1次,42.21,50.88,0.3,是,是,0.63,高支模,11.55,0.69,0.48,0.66,0.38,1,0.43,极高风险
0.48,0.25,否,0.69,0.64,10.64,初级,无,无,5.44,11.05,0.58,是,是,0.81,配电箱,22.91,0.53,0,0.89,0.35,2,0.61,中风险
0.62,0.13,否,0.63,0.81,11.86,高级,无,无,27.21,23.84,0.07,是,是,0.51,深基坑,15.27,0.83,0,0.89,0.88,4,0.66,无风险
0.39,0.25,否,0.67,0.89,17.23,中级,1次,无,13.8,11.96,0.41,是,是,0.72,车辆,70.77,1,0,0.93,0.52,6,0.72,低风险
0.22,0.7,否,0.7,0.77,2.2,初级,无,1次,13.31,42.6,0.05,是,是,0.09,配电箱,20.83,0.91,0.49,0.92,0.6,2,0.94,极高风险
0.84,0.17,否,0.6,0.82,28.8,高级,无,无,33.31,36.85,0.27,是,是,0.32,塔吊,4.96,0.95,0,0.84,0.33,3,0.76,无风险
0.45,0.38,否,0.72,0.73,9.82,高级,无,无,27.93,33.69,0.11,是,是,0.67,塔吊,2.46,0.24,0.39,0.92,0.65,2,0.4,低风险
0.86,0.47,否,0.89,0.59,2.01,初级,无,无,6.84,30.42,0.15,是,是,0.82,深基坑,28.62,1,0.35,0.84,0.68,2,0.76,高风险
0.37,0.31,否,0.74,0.83,17.72,中级,1次,无,23.32,60.39,0.15,是,是,0.15,深基坑,0.33,0.74,0.73,0.78,0.61,4,0.34,高风险
0.51,0.24,否,0.57,0.94,1.15,初级,无,1次,12.17,18.92,0.75,是,是,0.94,高支模,0.38,1,0,0.83,0.35,2,0.72,低风险
0.91,0.32,否,0.76,0.79,8.71,高级,无,1次,37.14,51.74,0.08,是,是,0.7,车辆,1.29,0.64,0.12,0.96,0.72,3,0.65,无风险
0.75,0.23,否,0.59,0.64,6.52,无证,1次,1次,19.65,12.77,0.18,是,是,0.83,车辆,11.44,0.73,0.93,0.8,0.14,2,0.42,极高风险
0.19,0.19,否,0.73,0.88,22,初级,无,1次,22.02,33.95,0.23,是,是,0.69,配电箱,10.51,0.55,0.1,0.85,0.4,3,0.78,高风险
0.66,0.28,否,0.61,0.79,5.98,中级,无,1次,12.84,17.95,0.48,否,是,0.63,配电箱,36.49,0.43,0.12,0.64,0.77,4,0.34,极高风险
0.93,0.31,否,0.74,0.84,1.82,高级,无,无,15.07,53.61,0.03,是,是,0.98,车辆,19.93,1,0.62,0.9,0.73,2,0.5,无风险
0.16,0.51,否,0.66,0.89,0.65,中级,1次,无,6.44,22.02,0.3,是,是,0.94,高支模,7.94,1,0.37,0.91,0.46,1,0.52,高风险
0.12,0.09,否,0.63,0.83,7.92,无证,1次,无,39.28,37.68,0.12,是,是,0.81,车辆,32.22,0.73,0.2,0.91,0.81,1,0.8,极高风险
0.51,0.2,否,0.86,0.79,20.89,初级,无,无,32.9,14.01,0.44,是,是,0.67,塔吊,21.66,0.87,0.23,0.67,0.33,1,0.51,低风险
0.93,0.31,否,0.74,0.72,28.64,初级,无,无,37.67,24.1,0.15,是,是,0.35,车辆,10.76,0.53,0.51,0.8,0.18,2,0.29,中风险
0.89,0.46,否,0.78,0.95,3.73,初级,无,1次,16.22,32.68,0.02,是,是,0.76,深基坑,0.69,0.56,0.3,0.91,0.71,1,0.84,无风险
0.47,0.31,否,0.8,0.72,6.41,高级,1次,1次,20.46,91.36,0.5,是,是,0.95,车辆,77.17,0.48,0.17,0.95,0.72,4,0.8,高风险
0.79,0.47,否,0.6,0.95,9.36,中级,无,无,22.69,54.45,0.21,是,是,0.87,高支模,0.87,0.2,0.62,0.96,0.7,3,0.93,低风险
0.46,0.22,否,0.92,0.82,7.77,中级,无,≥2次,13.96,9.36,0.11,是,是,0.94,车辆,13.2,0.66,0,0.82,0.8,7,0.2,低风险
0.85,0.59,否,0.7,0.76,7.13,中级,1次,无,27.59,35.76,0.36,是,是,0.41,高支模,51.69,0.11,0.58,0.69,0.76,6,0.5,极高风险
0.52,0.36,否,0.71,0.82,2.62,中级,无,1次,11.88,26.98,0.4,是,是,0.79,塔吊,32.14,0.75,0.41,0.65,0.16,1,0.55,极高风险
0.33,0.38,否,0.57,0.82,2.3,初级,1次,≥2次,14.62,32.86,0.14,是,是,0.61,深基坑,4.36,0.39,0.08,0.67,0.86,4,0.34,极高风险
0.37,0.09,否,0.51,0.79,2.73,中级,无,1次,60.66,43.99,0.06,是,是,0.74,塔吊,14.38,0.7,0.43,0.95,0.57,1,0.83,中风险
0.96,0.33,否,0.73,0.86,4.94,无证,无,无,12.65,13.61,0.36,是,是,0.89,高支模,6.48,0.71,0,0.78,0.63,4,0.16,高风险
0.65,0.17,否,0.73,0.81,9.27,中级,无,无,14.07,41.55,0.16,是,是,0.36,配电箱,22.22,1,0.42,0.92,0.68,2,0.84,低风险
0.72,0.48,否,0.76,0.79,10.4,初级,无,无,16.87,33.38,0.06,是,是,0.58,配电箱,18.91,0.34,0.29,0.97,0.81,2,0.37,中风险
0.82,0.58,否,0.61,0.83,5.33,中级,无,无,31.47,14.38,0.27,是,是,0.94,深基坑,23.08,0.71,0.41,0.85,0.53,2,0.29,低风险
0.59,0.3,否,0.79,0.7,4.12,无证,无,无,10.02,18.9,0.04,是,是,0.56,深基坑,10.54,0.53,0.25,0.9,0.21,1,0.28,高风险
0.29,0.39,否,0.7,0.98,1.2,中级,无,无,13.7,15.62,0.27,是,是,0.51,配电箱,8.03,0.86,0.19,0.98,0.78,6,0.31,中风险
0.74,0.53,否,0.55,0.81,2.98,初级,无,无,10.44,14.73,0.07,是,是,0.9,深基坑,3.62,0.58,0,0.88,0.63,1,0.62,无风险
0.83,0.94,否,0.69,0.85,6.01,初级,无,无,17.22,45.19,0.14,是,是,0.5,车辆,21.28,0.74,0.3,0.88,0.33,2,0.35,极高风险
0.79,0.37,否,0.64,0.89,1.27,中级,无,1次,10.16,41.02,0.33,是,是,0.24,高支模,6.87,0.77,0.02,0.88,0.71,1,0.9,低风险
0.17,0.25,否,0.75,0.93,38.36,中级,1次,1次,28.76,33.35,0.18,是,是,0.79,高支模,2.64,0.66,0.37,0.86,0.61,1,0.16,高风险
0.74,0.37,否,0.72,0.9,0.83,中级,无,无,22.44,37.03,0.04,是,是,0.31,车辆,27.84,0.7,0.11,0.82,0.83,1,0.49,低风险
0.51,0.3,否,0.64,0.85,9.89,初级,1次,无,20.35,69.84,0.18,是,是,0.78,配电箱,14.85,0.93,0.43,0.84,0.57,4,0.48,极高风险
0.67,0.47,否,0.9,0.86,6.72,初级,无,1次,16.28,17.93,0.35,是,是,0.72,车辆,18.13,0.74,0.13,0.84,0.85,4,0.81,中风险
0.28,0.22,否,0.86,0.87,3.27,中级,无,1次,39.81,72.37,0.1,是,是,0.62,高支模,5.8,0.7,0.07,0.81,0.5,3,0.69,中风险
0.25,0.35,否,0.61,0.88,6.81,高级,无,1次,18,82.71,0.35,是,是,0.69,深基坑,25.77,0.89,0.16,0.96,0.7,3,0.81,高风险
0.6,0.26,否,0.61,0.82,31.6,中级,无,1次,30.61,44.17,0.09,否,是,0.81,塔吊,90.16,0.73,0.1,0.54,0.82,1,0.51,高风险
0.69,0.14,否,0.76,0.75,1.85,中级,无,无,22.61,16.23,0.51,是,是,0.57,塔吊,66.62,0.55,0.61,0.91,0.79,0,0.62,中风险
0.8,0.14,否,0.9,0.67,2.28,中级,无,无,40.85,33.34,0.21,是,是,0.31,高支模,49.1,0.7,0.66,0.95,0.79,1,0.48,中风险
0.56,0.2,否,0.43,0.65,2.53,中级,1次,无,21.6,52.41,0.01,是,是,0.58,高支模,7.02,0.51,0,0.86,0.84,0,0.64,低风险
0.83,0.47,否,0.69,0.7,1.31,中级,无,1次,26.15,38.06,0.19,否,是,0.05,高支模,8.84,0.18,0,0.68,0.42,2,0.63,极高风险
0.64,0.58,否,0.8,0.93,10.05,初级,无,1次,16.08,45.2,0.34,是,是,0.93,配电箱,2.34,1,0.1,0.92,0.82,3,0.54,低风险
0.8,0.62,否,0.65,0.8,6.03,中级,无,无,13.14,32.9,0.65,是,是,0.84,高支模,19.91,0.48,0.07,0.74,0.87,1,0.29,中风险
0.82,0.4,是,0.65,0.69,3.71,中级,无,1次,9.27,7.24,0.02,是,否,0.48,车辆,1.3,0.81,0.5,0.88,0.71,1,0.88,极高风险
0.56,0.65,否,0.64,0.73,0.67,中级,无,无,10.73,66.59,0.73,是,是,0.58,高支模,17.19,0.64,0.17,0.84,0.69,5,0.51,极高风险
0.48,0.2,否,0.79,0.78,7.62,高级,1次,无,15.23,59.45,0.62,是,否,0.23,配电箱,4.66,0.41,0.31,0.63,0.03,2,0.84,极高风险
0.7,0.32,否,0.85,0.95,6.39,初级,1次,1次,32.81,60.59,0.35,是,是,0.35,高支模,40.7,1,0.37,0.76,0.84,5,0.7,极高风险
0.76,0.35,否,0.84,0.73,0.84,中级,无,1次,13.39,29.97,0.91,是,是,0.28,车辆,2.05,1,0.22,0.64,0.93,1,0.44,中风险
0.63,0.31,否,0.8,0.73,1.48,中级,无,无,27.89,72.71,0.38,是,是,0.47,车辆,22.21,0.76,0.81,0.84,0.86,2,0.97,高风险
0.77,0.29,否,0.74,0.71,24.11,中级,无,1次,8.02,20.83,0.29,是,否,0.63,塔吊,22.8,0.55,0.34,0.73,0.82,6,0.66,高风险
0.88,0.62,否,0.72,0.95,7.46,高级,1次,1次,19.63,22.7,0.31,是,是,0.48,车辆,0.65,0.58,0.54,0.8,0.59,0,0.37,中风险
0.95,0.3,否,0.87,0.96,3.32,高级,无,无,20.93,30.93,0.32,是,是,0.76,高支模,70.99,0.61,0,0.82,0.91,2,0.25,无风险
0.56,0.26,否,0.46,0.76,13.82,高级,无,无,21.97,56.93,0.05,是,是,0.3,高支模,15.03,0.73,0,0.88,0.54,3,0.41,低风险
0.4,0.31,否,0.68,0.72,9.28,中级,无,1次,9.3,23.52,0.41,是,是,0.74,塔吊,1.92,0.7,0.53,0.58,0.5,2,0.7,高风险
0.79,0.26,否,0.88,0.78,6.23,高级,无,无,22.93,26.97,0.23,是,是,0.3,高支模,15,0.64,0.23,0.71,0.77,0,0.71,无风险
0.83,0.57,否,0.71,0.93,6.18,中级,无,≥2次,9.42,18.65,0.05,是,是,0.77,高支模,2.17,0.59,0.53,0.72,0.03,3,0.65,高风险
0.77,0.15,否,0.69,0.91,13.44,中级,无,无,27.92,26.35,0.24,是,是,0.39,车辆,23.56,0.41,0.26,0.77,0.92,1,0.71,低风险
0.76,0.5,否,0.6,0.79,4.07,中级,无,1次,11.15,8.7,0.38,是,是,0.68,塔吊,4.29,0.29,0.32,0.82,0.79,1,0.97,低风险
0.54,0.13,否,0.75,0.67,2.51,初级,无,无,17.14,7.31,0.16,是,是,0.78,高支模,8.77,0.48,0,0.62,0.45,1,0.37,无风险
0.41,0.45,否,0.59,0.84,9.73,中级,无,无,21.05,17.05,0.08,是,是,0.67,塔吊,27.01,0.7,0.39,0.84,0.75,2,0.44,低风险
0.89,0.33,否,0.61,0.96,15.47,中级,无,无,7.96,14.44,0.07,是,是,0.52,塔吊,18.32,0.61,0.19,0.7,0.71,0,0.82,无风险
0.53,0.04,否,0.44,0.82,8.67,中级,无,无,20.73,21.45,0.2,是,是,0.45,高支模,17.82,0.48,0,0.78,0.88,1,0.65,无风险
0.23,0.12,否,0.49,0.84,0.73,高级,1次,1次,37.12,50.52,0.02,否,否,0.31,车辆,16.55,0.72,0,0.87,0.84,3,0.76,极高风险
0.27,0.2,否,0.65,0.71,0.37,高级,无,无,53.29,20.47,0.07,是,是,0.34,配电箱,24.93,0.69,0.38,0.71,0.85,3,0.71,低风险
0.47,0.67,否,0.77,0.62,17.53,初级,1次,无,9.51,13.59,0.35,否,是,0.14,高支模,62.33,0.65,0.61,0.7,0.58,6,0.36,极高风险
0.6,0.32,否,0.83,0.77,11.9,初级,无,1次,7.62,21.33,0.22,是,是,0.88,高支模,45.65,0.2,0.03,0.91,0.78,1,0.89,中风险
0.59,0.23,否,0.66,0.84,2.44,初级,无,无,16.84,16.93,0.3,是,是,0.38,深基坑,6.96,0.44,0.56,0.82,0.66,2,0.79,中风险
0.71,0.79,否,0.6,0.71,12.44,中级,无,1次,19.46,94.49,0.01,是,是,0.55,配电箱,4.05,0.24,0.29,0.94,0.9,1,0.79,高风险
0.61,0.24,否,0.64,0.68,10.82,初级,无,1次,21.78,15.84,0.08,是,是,0.52,配电箱,26.93,0.66,0.02,0.85,0.87,2,0.41,低风险
0.25,0.16,否,0.62,0.91,0.54,高级,无,无,13.4,23.94,0.2,是,是,0.91,车辆,2.82,0.8,0.26,0.66,0.54,0,0.87,无风险
0.66,0.54,否,0.76,0.96,6.72,无证,无,1次,10.84,105.33,0.05,是,是,0.71,深基坑,17.69,0.66,0.01,0.89,0.75,1,0.94,高风险
0.55,0.24,否,0.78,0.85,7.21,高级,无,1次,10.14,35.72,0.59,是,是,0.9,深基坑,0.95,1,0.58,0.86,0.67,1,0.64,无风险
0.57,0.73,否,0.77,0.88,14.97,高级,无,无,29.72,37.34,0.01,是,是,0.91,深基坑,1.28,1,0.42,0.85,0.73,1,0.83,无风险
0.45,0.41,否,0.68,0.85,6.46,无证,无,无,29.72,36.79,0.12,是,是,0.94,车辆,2.01,0.47,0.3,0.9,0.35,2,0.36,高风险
0.69,0.62,否,0.77,0.79,4.77,高级,无,1次,22.75,30.12,0.34,是,是,0.61,配电箱,32.39,0.78,0.26,0.74,0.54,1,0.5,高风险
0.36,0.18,否,0.64,0.85,18.18,初级,无,≥2次,14.75,62.72,0.15,是,是,0.77,深基坑,37.54,0.5,0.13,0.82,0.64,3,0.41,极高风险
0.2,0.36,否,0.73,0.6,19.72,初级,无,无,14.17,33.95,0.33,是,是,0.66,深基坑,1.69,0.88,0.59,0.58,0.57,5,0.79,高风险
0.75,0.12,否,0.55,0.8,1.83,中级,无,1次,18.79,15.29,0.31,是,是,0.4,高支模,6.9,1,0,0.6,0.42,1,0.8,低风险
0.94,0.98,否,0.61,0.83,7.24,初级,无,1次,38.69,53.81,0.59,是,是,0.82,配电箱,25.28,0.79,0.36,0.85,0.46,1,0.72,极高风险
0.29,0.32,否,0.68,0.69,1.1,中级,无,无,19.16,31.7,0.18,是,是,0.74,深基坑,16.14,0.34,0.47,0.83,0.63,2,0.42,高风险
0.76,0.6,否,0.97,0.75,20.94,高级,无,1次,19.73,22.58,0.06,是,是,0.84,配电箱,21.07,0.66,0.82,0.78,0.52,4,0.26,中风险
0.37,0.24,否,0.68,0.72,26.05,初级,无,无,12.5,22.2,0.73,是,是,0.83,塔吊,12.2,0.69,0.37,0.92,0.73,1,0.76,低风险
0.85,0.4,否,0.78,0.58,5.27,中级,无,无,12.38,21.38,0.11,是,是,0.27,塔吊,27.22,0.61,0.13,0.84,0.44,3,0.74,高风险
0.41,0.06,否,0.64,0.86,17.71,中级,无,无,26.35,52.28,0.12,是,是,0.92,高支模,12.02,1,0.63,0.95,0.17,2,0.46,低风险
0.56,0.5,否,0.82,0.84,0.64,初级,无,无,52.77,25.45,0.45,是,是,0.59,车辆,18.19,0.34,0,0.84,0.45,3,0.81,高风险
0.83,0.23,否,0.71,0.75,17.2,中级,无,无,19.76,20.8,0.27,是,是,0.73,配电箱,8.43,0.89,0.13,0.75,0.26,1,0.78,无风险
0.27,0.39,否,0.72,0.65,9.73,中级,无,无,13.88,16.46,0.12,是,是,0.56,车辆,20.27,0.67,0.93,0.73,0.13,5,0.73,极高风险
0.46,0.22,否,0.58,0.75,0.52,中级,无,≥2次,16.35,22.2,0.33,是,是,0.55,车辆,25.06,0.45,0.56,0.72,0.43,5,0.9,极高风险
0.9,0.42,否,0.78,0.75,13.82,中级,无,1次,12.91,21.09,0.58,是,是,0.69,车辆,21.48,0.65,0,0.73,0.93,4,0.69,低风险
0.72,0.21,否,0.69,0.77,6.12,中级,无,无,6.38,47.43,0.61,是,是,0.79,车辆,8.35,0.73,0.23,0.8,0.76,4,0.13,中风险
0.72,0.3,否,0.56,0.75,18.54,中级,无,无,12.61,45.88,0.04,是,是,0.47,塔吊,2.18,0.62,0.24,0.69,0.75,1,0.58,无风险
0.75,0.38,否,0.7,0.91,30.19,高级,无,≥2次,32.11,24.96,0.21,是,是,0.65,深基坑,11.84,0.65,0.08,0.86,0.73,1,0.17,无风险
0.67,0.15,否,0.66,0.87,6.2,中级,无,无,18.96,38.28,0.08,是,是,0.83,车辆,20.45,0.83,0.24,0.79,0.47,2,0.74,低风险
0.67,0.17,否,0.8,0.94,17.15,高级,1次,无,14.32,7.05,0.08,是,是,0.61,高支模,4.29,0.87,0.2,0.87,0.77,3,0.72,无风险
0.78,0.36,否,0.69,0.82,32.18,中级,无,无,10.59,21,0.17,是,是,0.74,高支模,21.53,0.66,0.15,0.64,0.59,1,0.46,无风险
0.72,0.27,否,0.76,0.82,8.8,初级,无,1次,37.08,14.09,0.19,是,是,0.65,配电箱,17.22,0.37,0.17,0.95,0.3,3,0.63,高风险
0.71,0.15,否,0.73,0.76,12.33,中级,1次,无,27.35,29.08,0.83,是,是,0.84,配电箱,0,0.76,0.64,0.76,0.79,3,0.49,低风险
0.65,0.26,否,0.74,0.85,4.77,中级,1次,1次,25.07,49.45,0.27,是,是,0.5,塔吊,23.27,0.73,0.11,0.88,0.62,3,0.41,高风险
0.37,0.2,否,0.67,0.8,34.23,中级,1次,无,19.92,52.81,0.22,是,是,0.87,深基坑,83.9,0.38,0.9,0.83,0.74,6,0.95,高风险
0.82,0.29,否,0.83,0.8,6.79,初级,无,≥2次,16.42,43.03,0.65,是,是,0.72,塔吊,32.41,0.6,0.38,0.89,0.68,1,0.35,极高风险
0.25,0.07,否,0.69,0.68,7.42,无证,1次,无,43.96,55.86,0.57,是,是,0.45,配电箱,0.83,1,0.31,0.76,0.8,6,0.61,极高风险
0.77,0.34,否,0.71,0.86,10.93,中级,无,无,6.49,82.4,0.14,是,否,0.85,配电箱,29.59,0.12,0,0.69,0.64,1,0.61,极高风险
0.47,0.36,否,0.74,0.84,15.21,中级,1次,无,7.18,32.37,0.05,是,是,0.94,高支模,0.02,0.44,0.88,0.78,0.4,0,0.48,中风险
0.31,0.3,否,0.82,0.79,16.1,高级,无,无,16.25,11.36,0.3,是,是,0.88,配电箱,6.41,1,0,0.89,0.85,2,0.77,无风险
0.3,0.59,否,0.84,0.9,0.51,初级,无,无,24.24,44.93,0.43,是,是,0.57,车辆,4.26,0.81,0,0.46,0.77,3,0.75,中风险
0.71,0.24,否,0.67,0.88,4.31,中级,1次,1次,24.4,38.42,0.03,否,是,0.45,深基坑,2.82,0.92,0.12,0.8,0.56,3,0.79,高风险
0.97,0.71,是,0.87,0.84,12.8,初级,无,无,49.21,34.67,0.42,是,是,0.83,配电箱,24.48,0.88,0,0.93,0.56,2,0.74,高风险
0.81,0.19,否,0.65,0.94,8.89,中级,无,无,12.51,30.4,0.45,是,是,0.24,车辆,43.36,0.89,0.27,0.64,0.95,4,0.5,中风险
0.88,0.09,是,0.72,0.8,1.24,初级,无,无,27.8,92.43,0.05,是,是,0.77,高支模,18.29,1,0,0.9,0.37,2,0.44,高风险
0.25,0.35,否,0.77,0.81,3.7,初级,1次,无,14.01,62.59,0.37,是,是,0.34,塔吊,28.19,0.47,0.4,0.81,0.79,1,0.84,极高风险
0.43,0.12,否,0.74,0.9,5.68,高级,1次,无,6.18,27.55,0.35,是,是,0.54,高支模,12.64,0.52,0,0.71,0.81,0,0.64,低风险
0.51,0.17,否,0.7,0.7,11.4,中级,1次,无,18.84,35.59,0.01,是,是,0.11,塔吊,2.48,0.79,0.04,0.75,0.83,4,0.66,高风险
0.89,0.17,否,0.49,0.81,16.79,中级,无,1次,11.27,24.9,0.56,是,是,0.66,配电箱,18.71,0.94,0.03,0.7,0.75,4,0.8,低风险
0.64,0.43,否,0.72,0.78,1.81,初级,无,1次,21.74,12.13,0.15,是,是,0.74,配电箱,2.78,1,0.45,0.86,0.5,4,0.51,中风险
0.73,0.28,否,0.8,0.77,15.37,高级,1次,无,12.9,37.5,0.21,是,是,0.93,配电箱,59.77,0.89,0.15,0.7,0.3,2,0.38,低风险
0.61,0.37,否,0.76,0.73,11.11,高级,无,无,17.9,34.46,0.04,是,是,0.26,深基坑,1.03,0.33,0.25,0.91,0.79,1,0.65,无风险
0.83,0.67,否,0.57,0.78,7.87,中级,无,无,11.75,26.45,0.49,是,是,0.5,高支模,11.68,1,0.23,0.97,0.86,7,0.33,中风险
0.16,0.2,是,0.75,0.85,25.4,高级,无,1次,13.41,78.85,0.24,是,是,0.8,高支模,15.55,0.37,0,0.73,0.45,5,0.93,极高风险
0.83,0.37,否,0.68,0.84,1.25,中级,1次,1次,18.79,97.39,0.49,是,是,0.07,塔吊,81.06,0.94,0,0.79,0.72,3,0.61,极高风险
0.78,0.32,否,0.7,0.81,20.58,初级,无,无,9.79,20.37,0.41,是,是,0.52,塔吊,4.48,1,0.37,0.87,0.58,8,0.39,中风险
0.82,0.16,否,0.81,0.73,0.18,高级,无,无,18.05,78.38,0.46,是,是,0.19,深基坑,3.23,0.24,0.38,0.42,0.86,3,0.57,高风险
0.57,0.29,否,0.72,0.76,5.24,中级,无,无,12.11,27.55,0.12,是,是,0.21,高支模,1.76,0.24,0.19,0.86,0.86,1,0.77,低风险
0.95,0.63,否,0.79,0.88,24.86,高级,无,无,11.2,79.99,0.24,是,是,0.61,深基坑,35.44,0.61,0,0.89,0.57,2,0.57,无风险
0.84,0.21,否,0.68,0.82,10.99,高级,无,无,48.87,36.01,0,是,是,0.47,塔吊,18.62,0.52,0.67,0.8,0.68,6,0.24,低风险
0.34,0.26,否,0.78,0.88,9.49,中级,无,无,23.79,40.27,0.35,是,是,0.51,高支模,2.9,0.79,0.03,0.72,0.55,3,0.66,低风险
0.38,0.56,是,0.81,0.84,7.69,初级,1次,≥2次,45.66,34.91,0.33,是,是,0.86,车辆,4.79,1,0.08,0.78,0.19,3,0.67,极高风险
0.53,0.3,否,0.77,0.82,16.76,无证,无,无,10.29,57.08,0.15,是,是,0.79,塔吊,4.13,0.58,0.33,0.68,0.49,2,0.54,高风险
0.89,0.12,否,0.8,0.9,2.42,中级,无,1次,10.31,31.74,0.15,否,是,0.62,高支模,63.67,0.7,0.21,0.69,0.73,3,0.86,高风险
0.2,0.55,否,0.68,0.92,6.06,高级,无,无,20.69,77.3,0.17,是,是,0.37,配电箱,36.03,1,0.86,0.95,0.7,1,0.6,高风险
0.92,0.31,否,0.5,0.84,2.29,中级,无,无,12.02,22.55,0.25,是,是,0.57,车辆,18.41,1,0.25,0.64,0.24,3,0.83,中风险
0.96,0.27,否,0.94,0.79,2.69,高级,无,无,40.39,28.6,0.61,是,是,0.95,车辆,28.46,0.81,0.08,0.73,0.82,3,0.89,无风险
0.53,0.31,否,0.69,0.96,12.81,中级,1次,无,38.4,52.25,0.2,是,是,0.77,高支模,21.78,0.43,0.53,0.72,0.64,5,0.65,高风险
0.64,0.17,否,0.76,0.97,17.74,高级,无,无,22.67,53.1,0.54,是,是,0.82,高支模,1.01,0.48,0.24,0.58,0.36,2,0.73,无风险
0.57,0.21,否,0.57,0.69,0.2,高级,无,无,31.09,48.56,0.42,是,是,0.51,车辆,60.93,0.57,0.21,0.64,0.55,0,0.91,高风险
0.85,0.52,否,0.99,0.66,0.99,初级,1次,无,41.43,38.33,0.2,是,是,0.61,深基坑,4.37,0.59,0.41,0.87,0.29,3,0.55,高风险
0.33,0.25,否,0.7,0.92,14.9,中级,无,无,10.34,20.26,0.11,是,是,0.55,配电箱,3.54,0.5,0.06,0.94,0.84,1,0.28,无风险
0.28,0.5,否,0.6,0.86,13.19,无证,无,无,24.74,69.54,0.4,是,是,0.89,高支模,18.1,0.68,0.14,0.86,0.75,1,0.32,高风险
0.2,0.19,否,0.6,0.89,3.57,初级,无,1次,10.34,67.14,0.51,是,是,0.76,深基坑,1.82,1,0.17,0.69,0.27,4,0.79,极高风险
0.59,0.1,否,0.67,0.65,6.19,中级,无,无,14.68,19.5,0.2,是,是,0.34,深基坑,24.25,0.17,0,0.73,0.24,4,0.36,高风险
0.95,0.23,否,0.8,0.8,0.46,中级,1次,无,42.26,27.35,0.01,否,是,0.83,塔吊,2.36,1,0.52,0.92,0.51,4,0.43,高风险
0.2,0.54,否,0.53,0.73,9.82,中级,无,1次,30.59,37.81,0.11,是,是,0.84,塔吊,47.24,0.65,0.46,0.62,0.44,1,0.46,极高风险
0.91,0.3,否,0.68,0.83,4.49,无证,无,1次,11.57,22.21,0.16,是,是,0.88,深基坑,0.09,0.58,0.19,0.93,0.56,3,0.59,高风险
0.38,0.38,否,0.77,0.7,6.1,中级,无,1次,24.29,27.17,0.54,是,是,0.67,配电箱,24.12,0.54,0,0.8,0.39,1,0.69,高风险
0.54,0.24,否,0.67,0.8,0,初级,无,1次,44.49,29.73,0.14,是,是,0.9,配电箱,12.98,1,0.22,0.91,0.07,6,0.61,高风险
0.83,0.31,否,0.73,0.85,3.96,中级,无,无,12.76,81.07,0.16,是,是,0.88,塔吊,5.34,0.85,0.28,0.62,0.8,1,0.22,无风险
0.77,0.25,否,0.73,0.81,5.8,初级,无,≥2次,19.93,69.82,0.4,是,是,0.38,高支模,9.79,0.37,0,0.88,0.2,2,0.47,极高风险
0.24,0.52,否,0.58,0.83,4.68,初级,无,1次,26.92,50.44,0.07,是,是,0.48,深基坑,15.62,0.57,0.29,0.95,0.68,1,0.49,极高风险
0.44,0.06,否,0.58,0.9,17.49,初级,1次,1次,6.2,30.08,0.36,是,是,0.99,高支模,0.63,1,0,0.68,0.63,2,0.54,无风险
0.43,0.53,否,0.67,0.76,39.49,中级,1次,1次,25.9,10.38,0.17,是,是,0.76,深基坑,0.32,1,0,0.98,0.76,0,0.59,无风险
0.59,0.26,否,0.63,0.86,19,中级,无,≥2次,9.98,23.07,0.24,是,是,0.34,配电箱,13.08,0.16,0.73,0.79,0.23,2,0.91,极高风险
0.7,0.11,否,0.64,0.83,3.61,中级,1次,无,14.78,29.49,0.63,是,是,0.59,配电箱,28.52,0.63,0.23,0.84,0.16,3,0.91,高风险
0.75,0.51,否,0.79,0.86,7.55,中级,1次,1次,16.44,36.12,0.23,是,是,0.73,高支模,22.79,0.6,0.56,0.84,0.82,0,0.44,高风险
0.89,0.13,否,0.75,0.96,10.52,中级,无,1次,25.16,48.39,0.59,是,是,0.22,高支模,23.38,1,0.06,0.94,0.96,3,0.8,低风险
0.72,0.21,否,0.51,0.88,1.9,中级,无,无,30.3,18.73,0.12,是,是,0.88,配电箱,21.6,0.75,0.52,0.92,0.46,3,0.63,低风险
0.46,0.62,否,0.71,0.72,11.47,初级,1次,1次,44.1,47.98,0.38,是,是,0.84,配电箱,22.72,0.75,0.17,0.62,0.44,1,0.63,极高风险
0.56,0.19,否,0.54,0.77,7.34,中级,无,无,28.27,42.59,0.11,是,是,0.73,配电箱,15.83,0.48,0.1,0.88,0.79,3,0.47,低风险
0.69,0.77,否,0.82,0.88,23.43,初级,1次,无,27.82,21.35,0.1,是,是,0.91,高支模,2.31,1,0.62,0.92,0.35,3,0.4,低风险
0.8,0.46,否,0.76,0.71,3.41,中级,无,无,32.28,28.81,0.4,是,是,0.28,配电箱,15.22,0.54,0,0.91,0.75,1,0.65,中风险
0.07,0.52,否,0.53,0.78,3.27,高级,无,1次,24.4,24.55,0.19,是,是,0.86,深基坑,22.99,0.69,0.13,0.65,0.74,1,0.42,高风险
0.51,0.1,否,0.77,0.86,3.79,初级,无,1次,17.51,12.04,0.66,是,是,0.75,塔吊,2.86,0.74,0.56,0.88,0.5,1,0.25,高风险
0.25,0.3,否,0.68,0.69,4.27,中级,1次,无,16.79,37.59,0.39,是,是,0.79,车辆,10.45,0.76,0.46,0.4,0.84,1,0.52,高风险
0.75,0.5,否,0.69,0.91,0.33,中级,无,≥2次,8.56,30.17,0.05,是,是,0.25,高支模,3.47,0.49,0,0.64,0.79,2,0.55,中风险
0.25,0.06,否,0.58,0.98,24.66,初级,无,≥2次,22.47,29,0.17,是,是,0.44,车辆,6.29,0.91,0,0.86,0.78,2,0.65,低风险
0.08,0.24,否,0.58,0.72,0.09,中级,1次,无,4.35,52.76,0.01,是,是,0.33,塔吊,9.63,0.47,0.1,0.68,0.94,6,0.69,极高风险
0.64,0.57,否,0.64,0.79,15.95,初级,无,无,38.87,61.36,0.27,是,是,0.39,深基坑,22.37,1,0.45,0.88,0.52,6,0.31,极高风险
0.7,0.56,否,0.92,0.74,11.03,中级,无,无,22.88,27.75,0.1,否,是,0.56,车辆,23.45,0.11,0.31,0.79,0.87,8,0.61,极高风险
0.55,0.14,否,0.86,0.82,1.94,中级,1次,1次,11.65,14.67,0.21,否,是,0.45,塔吊,16.47,0.54,0.51,0.86,0.44,1,0.52,极高风险
0.76,0.33,否,0.58,0.83,27.27,中级,无,≥2次,30.64,24.97,0.03,是,是,0.6,高支模,28.79,0.58,0.15,0.89,0.41,1,0.23,高风险
0.77,0.46,否,0.66,0.8,11.37,初级,无,≥2次,25.26,96.1,0.01,是,是,0.93,车辆,51.71,0.52,0.21,0.89,0.55,6,0.85,极高风险
0.29,0.38,否,0.7,0.82,0.54,初级,1次,无,14.98,22.3,0.45,是,是,0.93,车辆,20.41,1,0.37,0.86,0.61,1,0.58,高风险
0.63,0.51,否,0.84,0.67,1.6,高级,无,1次,7.59,19.13,0.08,是,是,0.48,深基坑,1.63,0.84,0.76,0.51,0.8,1,0.67,低风险
0.77,0.18,否,0.55,0.9,25.85,中级,1次,1次,11.24,15.87,0.13,是,是,0.71,塔吊,18.87,0.64,0.62,0.84,0.45,1,0.58,低风险
0.2,0.16,否,0.66,0.79,6.16,初级,无,≥2次,17.2,56.1,0.59,是,是,0.08,深基坑,3.97,1,0.58,0.54,0.3,11,0.95,极高风险
0.48,0.47,否,0.69,0.89,4.24,中级,无,1次,32.09,28.73,0.44,是,是,0.45,车辆,7.76,0.26,0.41,0.71,0.59,8,0.5,极高风险
0.7,0.4,否,0.69,0.76,4.57,初级,1次,无,8.98,14.27,0.2,是,是,0.94,高支模,13.69,0.52,0.21,0.9,0.74,1,0.9,低风险
0.82,0.33,否,0.87,0.99,38.47,初级,无,无,24,27.59,0.44,是,是,0.91,配电箱,19.43,1,0.04,0.84,0.68,0,0.33,无风险
0.88,0.95,是,0.61,0.69,3.22,初级,1次,无,15.96,20.82,0.19,是,是,0.58,高支模,1.47,0.81,0.15,0.42,0.31,6,0.67,极高风险
0.92,0.69,否,0.79,0.74,2.04,中级,无,无,21.38,98.7,0.12,是,是,0.49,配电箱,10.69,0.53,0.82,0.85,0.45,3,0.52,极高风险
0.69,0.5,否,0.86,0.59,23.23,无证,无,1次,10.58,68.63,0.1,是,是,0.42,车辆,10.74,0.82,0.62,0.81,0.24,3,0.73,极高风险
0.78,0.21,否,0.84,0.85,14.65,中级,无,无,13.94,34.42,0.1,是,是,0.49,深基坑,10.09,0.34,0,0.76,0.59,2,0.84,无风险
0.79,0.2,否,0.6,0.77,9.2,初级,无,1次,5.72,61.86,0.27,是,是,0.56,塔吊,4.16,0.65,0.31,0.94,0.94,0,0.68,中风险
0.68,0.31,否,0.68,0.82,4.01,中级,无,1次,10.01,20.57,0.56,否,是,0.76,配电箱,6.73,0.73,0.57,0.85,0.27,0,0.92,极高风险
0.69,0.38,否,0.53,0.58,6.95,初级,无,无,9.28,33.35,0.3,是,是,0.82,车辆,12.61,1,0.01,0.74,0.45,1,0.46,高风险
0.22,0.39,否,0.86,0.8,6.29,初级,1次,无,18.9,25.03,0.17,是,是,0.82,深基坑,3.87,0.44,0.04,0.91,0.74,5,0.79,低风险
0.63,0.23,否,0.83,0.71,2.06,初级,1次,1次,14.16,18.84,0.74,否,是,0.25,车辆,25.5,0.74,0.34,0.88,0.69,2,0.65,极高风险
0.46,0.31,否,0.67,0.81,31.41,高级,无,无,19.75,53.22,0.08,是,是,0.71,深基坑,15.75,0.83,0.12,0.85,0.16,1,0.67,无风险
0.53,0.2,否,0.76,0.8,14.5,中级,无,无,37.09,17.76,0.04,是,是,0.61,高支模,62.66,1,0.24,0.89,0.51,5,0.96,低风险
0.43,0.97,否,0.69,0.84,12.98,初级,无,无,22.29,53.57,0.02,是,是,0.68,塔吊,10.83,0.43,0,0.81,0.79,3,0.73,高风险
0.51,0.16,否,0.71,0.79,30.09,中级,无,无,10.99,25.14,0.2,是,是,0.77,塔吊,14.1,0.51,0,0.95,0.34,7,0.47,无风险
0.82,0.56,否,0.56,0.87,14.92,高级,1次,无,33.23,67.54,0.34,是,是,0.53,配电箱,13.57,0.9,0.92,0.82,0.79,6,0.78,极高风险
0.53,0.44,否,0.72,0.91,12.76,中级,无,1次,8.66,47.82,0.09,是,是,0.75,塔吊,10.57,0.46,0.35,0.89,0.83,4,0.11,中风险
0.26,0.52,否,0.64,0.58,7.76,中级,无,无,40.37,14.52,0.83,是,是,0.32,高支模,15.39,0.61,0.25,0.75,0.39,4,0.35,极高风险
0.6,0.2,否,0.68,0.81,0.8,初级,无,1次,16.67,31.44,0.13,是,是,0.24,深基坑,7.55,0.45,0.04,0.82,0.86,3,0.8,中风险
0.88,0.14,否,0.52,0.97,3.87,高级,无,无,36.8,15.76,0.09,是,是,0.92,深基坑,12.7,0.77,0,0.86,0.86,7,0.74,无风险
0.82,0.51,否,0.79,0.74,7.32,中级,无,1次,32.8,10.18,0.05,是,是,0.33,高支模,10.67,0.67,0.48,0.89,0.83,1,0.7,低风险
0.71,0.66,否,0.61,0.75,3.2,初级,无,1次,18.34,21.6,0.28,是,是,0.84,深基坑,0.48,0.77,0.51,0.51,0.65,1,0.86,中风险
0.74,0.15,否,0.78,0.91,2.37,初级,无,无,42.07,42.11,0.74,是,是,0.59,高支模,1.25,0.63,0.03,0.83,0.78,3,0.74,低风险
0.72,0.29,否,0.89,0.96,2.11,初级,无,1次,58.33,32.03,0.14,是,是,0.63,配电箱,15.53,1,0.52,0.85,0.69,7,0.69,高风险
0.95,0.13,否,0.67,0.7,6.45,中级,无,无,18.75,23.39,0.12,是,是,0.61,高支模,8.42,0.66,0.3,0.91,0.68,2,0.57,无风险
0.77,0.42,否,0.83,0.68,3.71,高级,1次,1次,3.31,24.93,0.35,是,是,0.98,深基坑,0.19,0.79,0.06,0.69,0.89,2,0.27,无风险
0.65,0.94,否,0.68,0.74,13.41,初级,1次,无,37.47,24.68,0.23,是,是,0.92,深基坑,3.52,0.65,0.19,0.77,0.58,2,0.51,高风险
0.66,0.23,否,0.71,0.83,12.75,初级,≥2次,无,8.07,23.64,0.46,是,是,0.62,配电箱,9.28,1,0.77,0.66,0.45,1,0.73,极高风险
0.68,0.39,否,0.69,0.82,6.05,中级,无,无,18.91,19.63,0.2,是,是,0.74,车辆,1.99,1,0.14,0.83,0.84,1,0.84,无风险
0.56,0.19,否,0.62,0.78,22.11,中级,无,无,5.49,25.21,0.12,是,是,0.53,车辆,7.25,0.77,0,0.66,0.85,1,0.66,无风险
0.09,0.42,否,0.7,0.89,0.69,中级,无,≥2次,12.38,60.54,0.15,是,是,0.64,车辆,13.01,0.64,0.1,0.74,0.34,3,0.43,极高风险
0.43,0.14,否,0.65,0.96,19.16,初级,无,无,8.74,28.59,0.27,是,是,0.48,配电箱,2.72,1,0,0.62,0.72,1,0.98,无风险
0.04,0.81,否,0.79,0.75,0.1,初级,无,1次,10.51,32.5,0.03,是,是,0.85,深基坑,21.9,1,0.12,0.79,0.76,1,0.72,极高风险
0.34,0.71,否,0.75,0.84,7.34,中级,无,1次,15.53,44.58,0.14,是,是,0.88,塔吊,0.72,1,0.02,0.69,0.61,1,0.81,低风险
0.98,0.55,否,0.82,0.78,0.66,高级,无,≥2次,9.51,29.48,0.14,是,是,0.68,高支模,4.97,1,0.19,0.65,0.35,4,0.65,中风险
0.5,0.36,否,0.66,0.87,22.64,中级,1次,无,25.21,30.85,0.27,是,是,0.91,车辆,20.28,1,0,0.83,0.68,4,0.79,无风险
0.98,0.73,否,0.79,0.65,4.68,中级,无,无,38.99,55.94,0.24,是,否,0.82,车辆,32.57,1,0,0.92,0.44,2,0.39,高风险
0.45,0.35,否,0.63,0.8,11.11,初级,无,无,8.43,25.94,0.78,是,是,0.95,深基坑,2.79,0.88,0,0.94,0.82,5,0.88,无风险
0.55,0.47,否,0.72,0.94,34.32,高级,无,≥2次,23.5,22.52,0.36,否,是,0.62,高支模,14.44,0.67,0.45,0.9,0.52,1,0.83,极高风险
0.82,0.14,否,0.68,0.8,8.42,高级,无,无,10.25,45.27,0.1,是,是,0.55,高支模,17.13,0.65,0.19,0.78,0.55,1,0.75,无风险
0.55,0.13,否,0.65,0.86,1.99,中级,无,≥2次,10.35,18.99,0.06,是,是,0.48,配电箱,6.5,0.56,0.07,0.8,0.62,2,0.42,高风险
0.7,0.31,否,0.77,0.85,19.87,初级,无,1次,17.03,36.82,0.17,是,是,0.42,深基坑,24.46,0.64,0.37,0.67,0.7,3,0.9,高风险
0.32,0.3,否,0.83,0.88,0.95,高级,无,1次,14.52,34.91,0.37,是,是,0.79,车辆,21.81,0.45,0,0.87,0.72,2,0.35,中风险
0.83,0.09,否,0.75,0.83,17.12,中级,无,无,30.66,21.65,0,是,是,0.49,高支模,54.93,0.81,0.46,0.91,0.77,4,0.72,无风险
0.55,0.55,否,0.79,0.8,2.89,中级,1次,无,23.87,43.58,0.32,是,是,0.76,配电箱,0.29,1,0.25,0.86,0.63,4,0.26,中风险
0.8,0.38,否,0.73,0.8,1.36,高级,无,无,27.91,21.88,0.83,是,是,0.77,深基坑,34.04,1,0.44,0.72,0.54,1,0.54,中风险
0.87,0.08,否,0.64,0.83,12.47,中级,1次,无,71.92,27.84,0.05,是,是,0.91,高支模,3.22,0.91,0.22,0.94,0.85,4,0.69,无风险
0.62,0.52,否,0.62,0.85,9.59,中级,无,无,29.82,86.53,0.18,是,是,0.77,深基坑,3.37,0.62,0.38,0.86,0.77,4,0.28,中风险
0.65,0.66,否,0.77,0.82,20.03,中级,无,1次,46.54,23.04,0.49,是,是,0.66,车辆,7.28,0.78,0,0.87,0.26,4,0.26,中风险
0.63,0.59,否,0.59,0.74,5.3,中级,无,无,29.58,77.89,0.47,是,是,0.93,配电箱,2.96,0.83,0.37,0.61,0.44,7,0.62,极高风险
0.69,0.59,否,0.59,0.84,10.51,初级,无,1次,24.04,40.49,0.62,是,是,0.66,深基坑,4.4,1,0.17,0.97,0.89,0,0.7,中风险
0.25,0.26,否,0.48,0.54,7.64,中级,无,1次,17.03,18.72,0.4,是,是,0.93,车辆,1.42,0.58,0.52,0.68,0.4,3,0.33,高风险
0.65,0.24,否,0.66,0.65,3.38,中级,无,无,21.97,6.87,0.3,是,是,0.49,深基坑,13.74,1,0.07,0.72,0.79,3,0.72,无风险
0.9,0.11,否,0.61,0.65,23.05,中级,无,无,28.49,22.83,0.49,否,是,0.94,塔吊,0.75,0.4,0.67,0.77,0.72,3,0.78,高风险
0.92,0.6,否,0.77,0.73,1.68,中级,无,1次,12.91,24.41,0.5,是,是,0.35,高支模,13.64,0.66,0.11,0.88,0.16,2,0.31,极高风险
0.85,0.49,否,0.59,0.83,15.78,中级,无,无,9.61,29.74,0.14,是,是,0.92,高支模,1.95,0.69,0.43,0.83,0.53,4,0.59,无风险
0.86,0.23,否,0.77,1,3.5,初级,无,1次,24.32,23.93,0.11,是,是,0.6,配电箱,25.82,0.65,0.23,0.83,0.35,4,0.28,高风险
0.44,0.31,否,0.64,0.76,4.89,中级,无,无,61.87,24.79,0.45,是,是,0.95,配电箱,37.57,0.95,0.29,0.91,0.61,7,0.36,中风险
0.15,0.36,否,0.7,0.78,4.75,初级,1次,无,11.87,34.46,0.23,是,是,0.83,高支模,15.2,0.59,0,0.85,0.47,1,0.34,高风险
0.8,0.78,否,0.62,0.62,13.81,高级,无,≥2次,24.22,17.1,0.29,是,是,0.37,深基坑,54.33,0.84,0.34,0.86,0.65,0,0.92,极高风险
0.82,0.2,否,0.66,0.79,13.83,初级,无,无,20.62,10.15,0.63,是,是,0.83,配电箱,18.48,0.65,0.15,0.79,0.63,2,0.31,低风险
0.81,0.45,否,0.73,0.92,20.24,初级,无,1次,16.78,22.65,0.19,否,是,0.58,配电箱,0.07,0.29,0,0.72,0.54,7,0.86,高风险
0.73,0.45,否,0.76,0.74,0.66,初级,无,无,28.83,19.1,0.56,是,是,0.47,车辆,62.53,1,0.28,0.87,0.47,2,0.49,高风险
0.74,0.19,否,0.72,0.81,9.37,中级,无,无,15.81,67.52,0.62,是,是,0.47,配电箱,35.89,0.79,0.3,0.62,0.63,2,0.85,高风险
0.91,0.96,是,0.58,0.66,2.47,高级,无,1次,14.94,17.29,0.29,是,否,0.4,塔吊,2.3,0.91,0,0.9,0.35,5,0.72,极高风险
0.56,0.21,否,0.71,0.67,5.91,中级,无,无,13.01,12.06,0.25,是,是,0.35,深基坑,2.62,0.82,0.14,0.91,0.66,3,0.97,无风险
0.7,0.14,否,0.84,0.84,12.58,中级,1次,1次,10.26,44.15,0.3,是,是,0.82,配电箱,0.19,0.69,0.27,0.92,0.65,2,0.76,无风险
0.89,0.22,否,0.87,0.82,0.91,中级,无,无,18.87,15,0.07,是,是,0.72,深基坑,10.24,0.75,0.72,0.99,0.47,1,0.54,无风险
0.8,0.16,否,0.84,0.71,1.15,初级,1次,无,27.32,19.55,0.38,是,是,0.54,配电箱,3.87,0.62,0.24,0.8,0.78,2,0.32,中风险
0.55,0.29,否,0.68,0.82,5.1,中级,无,无,36.83,26.92,0.47,是,是,0.68,车辆,64.69,0.46,0.1,0.89,0.3,3,0.34,高风险
0.82,0.47,否,0.62,0.88,14.12,中级,无,1次,14.95,31.64,0.19,是,是,0.18,高支模,1.04,0.67,0,0.9,0.58,2,0.69,高风险
0.69,0.38,否,0.66,0.79,8.78,高级,无,≥2次,25.4,15.41,0.05,是,是,0.88,深基坑,4.77,1,0.17,0.92,0.68,6,0.73,无风险
0.61,0.4,否,0.77,0.84,10.98,中级,无,1次,16.29,31.72,0,是,是,0.34,深基坑,5.76,0.92,0.41,0.81,0.79,5,0.52,低风险
0.86,0.22,否,0.54,0.78,27.1,中级,无,无,11.38,56.55,0.01,是,是,0.78,塔吊,18.51,0.46,0.12,0.77,0.82,4,0.78,无风险
0.36,0.81,否,0.69,0.73,4.62,初级,无,无,18.96,94.85,0.27,是,是,0.31,塔吊,1.65,0.68,0.49,0.57,0.62,2,0.47,极高风险
0.23,0.55,否,0.7,0.82,19.46,中级,1次,无,7.85,75.36,0.13,是,是,0.95,塔吊,0.06,1,0.06,0.7,0.79,2,0.78,无风险
0.62,0.2,否,0.58,0.81,23.78,中级,无,1次,14.99,101.11,0.35,是,是,0.48,配电箱,9.82,0.61,0.79,0.83,0.68,2,0.25,极高风险
0.55,0.23,否,0.55,0.79,8.56,中级,无,无,17.23,13.9,0.11,是,是,0.66,深基坑,18.2,0.72,0.09,0.74,0.1,3,0.23,中风险
0.4,0.28,否,0.8,0.77,8.15,高级,无,1次,7.74,33.91,0.1,是,是,0.52,塔吊,25.24,0.51,0,0.72,0.31,6,0.82,中风险
0.72,0.32,否,0.66,0.86,8.62,中级,无,无,29.2,44.64,0.45,是,是,0.5,车辆,60.13,0.78,0.16,0.86,0.79,2,0.42,中风险
0.23,0.15,否,0.64,0.7,3.84,初级,无,无,20.73,18.98,0.08,否,是,0.44,塔吊,2.83,0.23,0.41,0.57,0.02,3,0.87,极高风险
0.6,0.18,否,0.74,0.79,4.12,初级,无,1次,10.72,29.67,0.44,是,是,0.75,配电箱,12.96,0.54,0.15,0.89,0.38,5,0.23,极高风险
0.79,0.44,否,0.76,0.82,28.07,初级,无,无,33.57,36.7,0.18,是,是,0.69,塔吊,4.06,0.3,0.53,0.93,0.88,4,0.41,低风险
0.6,0.34,否,0.6,0.77,26.18,高级,无,无,15.18,51.11,0.37,是,是,0.35,塔吊,6.37,0.7,0.24,0.94,0.61,5,0.71,低风险
0.8,0.17,否,0.69,0.9,14.29,无证,无,无,14.33,18.49,0.07,是,是,0.84,深基坑,14.28,0.76,0.46,0.95,0.79,2,0.69,高风险
0.58,0.23,否,0.68,0.72,0.65,无证,无,无,12.67,19,0.39,是,是,0.43,配电箱,11.31,1,0.7,0.88,0.48,5,0.82,极高风险
0.39,0.16,否,0.73,0.81,2.39,中级,无,无,24.45,31.48,0,是,是,0.77,高支模,4.5,0.49,0,0.66,0.75,2,0.91,无风险
0.32,0.66,否,0.82,0.9,0.74,中级,无,1次,18.44,33.15,0.58,是,是,0.48,塔吊,24.44,0.69,0.04,0.54,0.44,2,0.69,极高风险
0.73,0.15,是,0.71,0.66,13.51,高级,无,无,11.72,48.68,0.03,否,是,0.57,塔吊,18.98,1,0.04,0.88,0.52,0,0.93,极高风险
0.89,0.24,否,0.74,0.81,9.01,高级,无,1次,12.6,45.94,0.18,是,是,0.9,塔吊,44.67,0.73,0,0.68,0.75,0,0.46,无风险
0.73,0.21,否,0.7,0.69,34.41,中级,无,1次,13.5,14.82,0.86,是,是,0.92,高支模,20.49,0.58,0.19,0.82,0.89,4,0.3,低风险
0.27,0.45,否,0.63,0.84,4.1,初级,无,无,52.09,28.16,0.18,是,是,0.85,车辆,0.51,1,0,0.79,0.54,5,0.42,无风险
0.41,0.55,否,0.69,0.81,7.35,初级,无,1次,28.53,8.92,0.32,是,是,0.45,深基坑,3.99,1,0.5,0.79,0.79,2,0.17,高风险
0.69,0.45,否,0.67,0.8,12.45,初级,无,无,16.57,14.28,0.17,是,是,0.27,高支模,22.23,0.12,0.24,0.64,0.15,5,0.58,极高风险
0.75,0.28,否,0.76,0.88,15.72,高级,无,1次,11.88,10.9,0.13,是,是,0.5,深基坑,11.34,1,0.61,0.74,0.57,4,0.16,低风险
0.75,0.62,否,0.68,0.72,5.27,高级,无,无,26.03,18.39,0.03,是,是,0.58,深基坑,11.9,1,0.12,0.65,0.89,4,0.71,无风险
0.4,0.17,否,0.66,0.69,4.13,中级,无,无,8.82,27.39,0.39,是,是,0.31,高支模,25.13,0.85,0.27,0.6,0.25,3,0.83,极高风险
0.74,0.71,否,0.85,0.71,16.9,初级,无,无,15.66,20.44,0.03,是,是,0.91,深基坑,23.68,0.55,0.42,0.63,0.84,0,0.33,低风险
0.4,0.1,否,0.55,0.9,9.44,初级,无,无,31.12,8.31,0.18,是,是,0.91,配电箱,15.5,1,0,0.64,0.62,3,0.8,无风险
0.29,0.27,否,0.67,0.78,15.36,中级,无,无,10.37,14.4,0.11,是,是,0.65,高支模,0.68,0.39,0.1,0.6,0.69,1,0.24,无风险
0.83,0.68,否,0.82,0.81,8.48,初级,无,无,19.08,41.47,0.66,是,是,0.9,车辆,13.48,0.53,0,0.87,0.26,1,0.82,中风险
0.74,0.59,否,0.72,0.75,4.7,中级,无,1次,78.5,26.45,0.18,是,是,0.79,配电箱,16.47,0.67,0.18,0.81,0.62,3,0.58,中风险
0.43,0.25,否,0.61,0.67,2.01,无证,无,无,27.16,24.19,0.15,是,是,0.65,车辆,0.1,0.6,0.57,0.8,0.54,2,0.86,高风险
0.82,0.4,否,0.77,0.9,11,中级,1次,无,11.99,117.98,0.21,是,是,0.31,高支模,35.44,1,0.06,0.72,0.82,1,0.46,高风险
0.52,0.69,否,0.68,0.76,6.72,初级,无,1次,16.34,48.68,0.24,是,是,0.97,配电箱,20.02,1,0.51,0.87,0.82,4,0.3,极高风险
0.27,0.77,是,0.59,0.7,5.39,高级,无,1次,55.35,50.6,0.4,是,是,0.24,高支模,3.18,1,0.46,0.92,0.36,4,0.68,极高风险
0.17,0.48,否,0.78,0.79,4.77,高级,无,无,14.59,32.2,0.41,是,是,0.86,高支模,24.47,0.66,0.08,0.93,0.88,1,0.2,高风险
0.35,0.19,否,0.68,0.65,8.34,高级,无,1次,28.97,27.13,0.23,是,是,0.66,车辆,38.51,0.87,0.32,0.98,0.47,1,0.83,中风险
0.6,0.18,否,0.81,1,11.42,中级,1次,无,9.19,34.84,0.14,是,是,0.33,高支模,11.34,0.59,0,0.89,0.86,4,0.49,无风险
0.27,0.34,否,0.67,0.64,0.16,中级,无,无,44.18,25.49,0.76,是,否,0.27,配电箱,34.74,0.61,0.34,0.56,0.81,1,0.42,极高风险
0.51,0.75,否,0.72,0.79,6.63,高级,无,无,26.48,8.34,0.37,是,是,0.6,高支模,19.97,0.61,0.41,0.91,0.71,1,0.4,中风险
0.2,0.18,否,0.77,0.83,4.57,中级,无,1次,13.71,9.07,0.2,是,是,0.18,车辆,41.43,0.74,0,0.71,0.33,1,0.67,极高风险
0.22,0.13,否,0.66,0.71,13.29,高级,无,无,17.89,10.85,0.02,是,是,0.68,塔吊,19.46,0.27,0.7,0.87,0.82,7,0.48,低风险
0.54,0.16,否,0.45,0.71,2.05,高级,无,无,12.94,37.18,0.32,是,是,0.86,高支模,14.15,0.89,0.34,0.5,0.51,3,0.6,中风险
0.69,0.12,否,0.71,0.82,5.95,初级,无,无,24.16,14.71,0.03,是,是,0.91,塔吊,28.39,0.57,0.06,0.77,0.54,4,0.69,无风险
0.43,0.22,否,0.55,0.82,3.5,初级,无,1次,9.23,25.15,0.03,是,是,0.48,高支模,10.69,0.59,0.07,0.92,0.64,3,0.73,中风险
0.78,0.21,否,0.71,0.88,9.2,高级,无,无,14.26,40.98,0.3,是,是,0.62,配电箱,24.87,0.74,0.3,0.63,0.48,2,0.7,低风险
0.43,0.19,否,0.57,0.74,27.89,中级,无,无,25.76,21.56,0.53,是,是,0.88,车辆,9.32,1,0,0.71,0.77,1,0.51,无风险
0.6,0.13,否,0.72,0.85,2.48,初级,1次,无,28.04,12.7,0.57,是,是,0.33,车辆,10.41,0.69,0.11,0.88,0.32,4,0.67,高风险
0.62,0.5,否,0.75,0.83,5.58,中级,无,1次,6.18,98.63,0.12,是,是,0.77,高支模,26.43,0.54,0.38,0.93,0.7,3,0.6,极高风险
0.07,0.09,否,0.75,0.74,4.25,中级,无,1次,17.62,35.6,0.53,否,是,0.32,塔吊,38.78,0.73,0.05,0.85,0.8,1,0.65,极高风险
0.62,0.42,否,0.48,0.81,14.15,中级,无,≥2次,28.27,62.19,0.06,是,是,0.84,深基坑,19.44,0.67,0.15,0.78,0.54,8,0.29,极高风险
0.53,0.33,否,0.65,0.75,10.2,中级,无,1次,7.89,24.02,0.16,是,是,0.2,深基坑,0.48,0.89,0.54,0.46,0.53,1,0.97,高风险
0.77,0.4,否,0.72,0.87,11.73,中级,无,无,23.93,30.55,0.26,是,是,0.69,塔吊,19.82,0.42,0.17,0.8,0.88,1,0.38,无风险
0.4,0.24,否,0.72,0.79,1.66,初级,1次,≥2次,16.93,28.98,0.09,是,是,0.68,高支模,14.36,0.44,0,0.66,0.83,1,0.71,高风险
0.86,0.14,否,0.7,0.87,4.82,初级,1次,无,33.9,10.04,0.06,是,是,0.65,车辆,21.37,0.95,0.41,0.84,0.43,4,0.34,中风险
0.2,0.21,否,0.61,0.69,7.44,高级,无,1次,22.67,34.78,0.15,是,是,0.41,深基坑,22.6,0.7,0.26,0.41,0.18,5,0.83,极高风险
0.53,0.16,否,0.62,0.85,2.95,中级,无,无,39.71,93.36,0.1,是,是,0.81,塔吊,8.98,1,0.64,0.69,0.56,11,0.72,高风险
0.73,0.36,否,0.76,0.8,0.6,中级,1次,无,23.97,26.32,0.65,是,是,0.35,深基坑,24.72,0.55,0,0.72,0.09,4,0.39,极高风险
0.54,0.49,否,0.74,0.75,20.67,中级,无,1次,33.86,18.85,0.63,是,是,0.84,塔吊,6.31,0.51,0,0.91,0.69,3,0.36,低风险
0.56,0.6,否,0.91,0.75,18.22,初级,无,无,16.79,27.76,0.11,是,是,0.74,车辆,0.02,0.83,0.03,0.72,0.58,2,0.55,无风险
0.62,0.16,否,0.7,0.73,3,中级,无,无,27.1,27.24,0.28,是,是,0.92,车辆,4.58,0.8,0.25,0.86,0.71,4,0.82,无风险
0.27,0.39,否,0.55,0.91,37.54,初级,无,1次,30.29,19.89,0.43,是,是,0.66,车辆,24.68,1,0.28,0.8,0.28,3,0.54,高风险
0.6,0.2,否,0.76,0.75,5.99,中级,无,1次,35.63,25.66,0.02,是,是,0.37,塔吊,3.47,1,0.37,0.91,0.13,1,0.79,低风险
0.61,0.48,否,0.6,0.74,1.47,无证,无,1次,18.66,43.15,0.15,是,是,0.84,深基坑,14.95,0.51,0.14,0.78,0.63,5,0.68,极高风险
0.8,0.29,否,0.75,0.91,19.17,初级,无,无,34.65,8.17,0.02,是,是,0.23,车辆,50.25,0.47,0.02,0.87,0.53,4,0.48,低风险
0.86,0.44,否,0.73,0.79,1.36,无证,无,无,30.7,100.83,0.23,是,是,0.76,配电箱,2.58,0.6,0.36,0.75,0.87,2,0.7,高风险
0.94,0.2,否,0.67,0.85,19.06,中级,无,1次,8.87,21.27,0.45,是,是,0.79,深基坑,0.44,0.74,0.22,0.94,0.07,4,0.77,无风险
0.57,0.42,否,0.66,0.79,6.32,无证,1次,无,12.69,28.33,0.36,是,是,0.6,高支模,3.52,0.54,0,0.82,0.79,2,0.3,高风险
0.8,0.58,否,0.73,0.75,2.26,初级,无,1次,8.99,20.94,0.03,是,是,0.6,深基坑,2.77,0.19,0.18,0.94,0.35,5,0.89,高风险
0.86,0.27,否,0.76,0.87,31.32,中级,无,无,14.16,69.59,0.04,是,是,0.77,高支模,13.05,0.92,0.41,0.86,0.67,6,0.96,无风险
0.49,0.24,否,0.7,0.82,8.56,初级,无,1次,29.6,9.11,0.07,是,是,0.44,配电箱,15.87,1,0.11,0.71,0.4,3,0.29,高风险
0.58,0.35,否,0.63,0.9,10.59,高级,无,无,33.83,20.19,0.44,是,是,0.9,车辆,0.73,0.37,0.56,0.74,0.7,1,0.67,无风险
0.88,0.98,否,0.75,0.96,17.18,中级,无,无,12.01,80.03,0.03,是,是,0.53,高支模,21.39,0.19,0.39,0.74,0.49,3,0.64,高风险
0.74,0.2,否,0.75,0.68,7.63,高级,1次,无,11.63,55.78,0.35,是,是,0.84,深基坑,54.42,0.48,0.66,0.83,0.39,3,0.66,极高风险
0.64,0.36,否,0.57,0.78,1.35,中级,无,1次,60.71,16.72,0.46,是,是,0.81,深基坑,90.47,0.33,0.08,0.92,0.76,1,0.52,高风险
0.79,0.51,否,0.69,0.72,2.47,高级,无,无,8.85,59.6,0.24,是,是,0.47,高支模,4.57,0.79,0.52,0.86,0.9,3,0.64,低风险
0.48,0.28,否,0.77,0.84,5.24,中级,无,1次,18.69,60.07,0.05,是,是,0.98,配电箱,9.37,0.57,0.44,0.91,0.23,3,0.5,高风险
0.63,0.36,否,0.7,0.86,3.12,高级,无,1次,57.71,76.83,0.13,是,是,0.47,车辆,6.54,0.61,0,0.84,0.55,5,0.72,中风险
0.54,0.31,否,0.65,0.86,15.5,中级,无,≥2次,13.75,15.97,0.24,是,是,0.92,高支模,34.78,0.22,0,0.76,0.32,4,0.88,高风险
0.27,0.19,否,0.65,0.88,0.15,中级,无,无,26.37,23.85,0.19,是,是,0.71,配电箱,20.44,0.68,0.06,0.87,0.57,1,0.45,低风险
0.83,0.39,否,0.73,0.89,6.7,高级,无,无,5.49,23.41,0.04,是,是,0.61,塔吊,14.93,0.02,0,0.59,0.59,6,0.68,低风险
0.71,0.78,否,0.91,0.83,14.84,中级,无,无,12.4,53.86,0.09,是,是,0.66,高支模,3.64,0.69,0.18,0.98,0.21,2,0.58,低风险
0.74,0.14,否,0.59,0.91,5.41,无证,无,无,18.93,21.63,0.03,是,是,0.52,塔吊,29.84,0.67,0.38,0.86,0.81,3,0.6,高风险
0.49,0.19,否,0.55,0.83,23.8,高级,无,无,19.64,8.1,0.5,是,是,0.92,塔吊,4.13,0.53,0.14,0.87,0.87,3,0.83,无风险
0.61,0.33,否,0.75,0.84,1.14,初级,无,无,35.61,48.31,0.08,是,否,0.29,车辆,27.49,0.54,0,0.8,0.61,2,0.32,极高风险
0.69,0.33,否,0.72,0.76,22.09,初级,无,无,19.47,51.74,0.34,是,是,0.73,塔吊,25.83,1,0.32,0.84,0.5,1,0.73,低风险
0.7,0.42,否,0.81,0.93,14.5,高级,1次,≥2次,22.44,37.28,0.3,是,是,0.3,塔吊,0.83,1,0,0.62,0.69,5,0.84,中风险
0.58,0.33,否,0.84,0.61,2.88,中级,无,无,64.92,38.6,0.2,是,是,0.88,配电箱,28.81,0.43,0.22,0.88,0.71,3,0.34,中风险
0.49,0.54,是,0.8,0.69,6.33,高级,无,1次,13.32,33.88,0.24,是,是,0.81,车辆,71.61,0.56,0.66,0.8,0.47,1,0.55,极高风险
0.79,0.4,否,0.68,0.91,1.7,中级,无,1次,39.24,56.83,0.89,是,是,0.73,高支模,1.24,1,0,0.78,0.7,2,0.28,中风险
0.91,0.16,否,0.69,0.62,2.17,初级,1次,1次,49.29,25.95,0.26,是,是,0.37,高支模,24.5,1,0,0.95,0.98,2,0.8,低风险
0.5,0.39,否,0.55,0.85,1.33,高级,1次,1次,26.39,67.03,0.56,是,是,0.9,车辆,1.47,1,0.08,0.93,0.19,1,0.53,中风险
0.41,0.74,否,0.67,0.86,4.97,初级,无,无,8.73,16.68,0.1,是,是,0.53,配电箱,4.23,1,0.16,0.93,0.52,2,0.77,中风险
0.79,0.73,否,0.75,0.9,18.76,高级,无,≥2次,8.27,40.31,0.16,是,是,0.69,车辆,13.71,0.76,0.12,0.85,0.43,2,0.94,中风险
0.83,0.18,否,0.53,0.86,3.84,初级,无,1次,15.58,76.57,0.38,是,是,0.89,配电箱,19.82,0.72,0.57,0.76,0.95,1,0.85,高风险
0.3,0.26,否,0.72,0.63,3.93,中级,无,1次,26.83,17.61,0.14,是,是,0.59,车辆,12.51,0.79,0.1,0.89,0.61,2,0.64,中风险
0.86,0.41,否,0.79,0.76,4.24,初级,无,无,43.93,49.27,0.15,否,是,0.93,配电箱,25.54,0.39,0.02,0.87,0.61,2,0.42,高风险
0.54,0.31,否,0.87,0.82,2.81,中级,无,1次,35.68,24.13,0.02,是,是,0.2,高支模,8.49,0.64,0.41,0.96,0.88,2,0.68,低风险
0.41,0.5,否,0.75,0.86,38.99,高级,无,≥2次,19.81,33.14,0.15,否,是,0.57,塔吊,22.82,1,0.29,0.93,0.31,2,0.5,极高风险
0.77,0.42,否,0.74,0.85,27.98,初级,1次,无,20.56,19.26,0.04,是,是,0.66,深基坑,20.87,0.41,0.23,0.77,0.66,1,0.47,低风险
0.66,0.15,否,0.59,0.94,1.86,中级,无,1次,11.53,101.89,0.17,否,是,0.95,配电箱,0.78,0.43,0.35,0.95,0.43,3,0.62,高风险
0.93,0.35,否,0.92,0.8,9.61,中级,无,≥2次,27.85,58.57,0.17,是,是,0.9,配电箱,73.42,0.72,0.16,0.68,0.67,4,0.65,高风险
0.76,0.53,否,0.75,0.71,3.97,中级,无,无,33.18,28.55,0.14,是,是,0.72,高支模,3.4,0.65,0.31,0.75,0.45,2,0.37,低风险
0.26,0.28,否,0.56,0.98,20.45,高级,无,1次,46.24,23.94,0.14,是,是,0.68,车辆,20.7,1,0.14,0.71,0.79,1,0.7,无风险
0.74,0.89,是,0.75,0.64,5.61,中级,1次,无,16.85,31.24,0.15,是,是,0.78,塔吊,26.35,0.78,0,0.83,0.05,1,0.9,极高风险
0.34,0.29,否,0.73,0.89,7.3,中级,无,无,25.32,19.71,0.17,是,是,0.24,深基坑,1.07,0.75,0.45,0.86,0.74,2,0.62,低风险
0.1,0.12,否,0.58,0.77,10.83,中级,无,1次,20.07,46.11,0.02,是,是,0.4,车辆,31.03,0.56,0,0.84,0.69,1,0.63,高风险
0.55,0.24,否,0.71,0.77,1.9,中级,1次,无,19.03,67.07,0.03,是,是,0.62,高支模,25.15,1,0.44,0.83,0.37,5,0.34,极高风险
0.74,0.36,否,0.83,0.71,1.83,中级,无,无,20.98,46.65,0.29,是,是,0.91,配电箱,28.16,0.87,0.25,0.94,0.62,7,0.46,中风险
0.75,0.49,否,0.55,0.75,0.34,高级,1次,无,21.71,29.64,0.23,是,是,0.77,深基坑,22.08,0.98,0.25,0.94,0.89,3,0.67,低风险
0.67,0.35,否,0.64,0.92,10.04,高级,1次,无,39.85,75.09,0.12,是,是,0.7,车辆,10.97,1,0.01,0.65,0.88,6,0.72,低风险
0.29,0.25,否,0.87,0.89,12.22,中级,1次,无,30.13,20.87,0.8,是,是,0.85,塔吊,5.27,1,0,0.85,0.95,2,0.6,无风险
0.63,0.26,否,0.71,0.83,1.97,中级,无,1次,23.14,42.99,0.3,是,是,0.46,配电箱,4.13,0.43,0.28,0.76,0.53,2,0.48,极高风险
0.78,0.27,否,0.77,0.69,13.53,无证,无,无,14.78,54.57,0.56,是,是,0.8,深基坑,14.18,0.44,0.49,0.9,0.73,1,0.57,高风险
0.89,0.21,否,0.69,0.66,12.33,中级,无,1次,22.96,55.11,0.01,是,是,0.51,深基坑,25.97,0.8,0.28,0.78,0.9,1,0.47,低风险
0.28,0.08,否,0.6,0.87,8.5,中级,无,≥2次,33.24,101.43,0.14,是,是,0.92,深基坑,12.63,0.46,0.96,0.72,0.19,1,0.42,极高风险
0.55,0.16,否,0.71,0.79,27.46,中级,无,无,35.9,41.4,0.12,是,是,0.46,车辆,15.01,0.2,0.06,0.87,0.35,4,0.44,中风险
0.17,0.31,否,0.86,0.94,9.45,中级,无,无,17.62,30.15,0.24,是,是,0.72,深基坑,39.43,0.56,0.2,0.85,0.57,4,0.85,高风险
0.85,0.11,否,0.65,0.76,9.57,初级,无,无,14.99,53.86,0.23,是,是,0.32,车辆,22.98,0.67,0,0.92,0.47,1,0.78,中风险
0.57,0.16,否,0.64,0.69,5.22,初级,无,无,18.55,26.23,0,是,是,0.88,深基坑,11.29,1,0,0.91,0.81,2,0.76,无风险
0.61,0.14,否,0.74,0.69,15.11,初级,无,1次,15.24,16.93,0.38,是,是,0.46,高支模,14.18,0.5,0,0.72,0.31,2,0.45,中风险
0.65,0.18,否,0.49,0.76,2.49,初级,无,无,54.66,39.01,0.21,是,是,0.75,高支模,22.54,0.89,0.08,0.82,0.34,0,0.39,中风险
0.57,0.21,否,0.66,0.73,20.07,中级,无,≥2次,17.02,22.02,0.2,是,是,0.21,高支模,86.55,0.9,0.09,0.92,0.19,3,0.76,极高风险
0.57,0.17,否,0.7,0.93,22.09,中级,1次,无,6.93,15.91,0.41,是,是,0.15,深基坑,0.71,0.5,0.32,0.86,0.34,0,0.25,高风险
0.79,0.21,否,0.78,0.75,2.15,中级,无,无,24.05,25.81,0.48,是,否,0.4,高支模,12.92,0.35,0.35,0.85,0.82,0,0.58,极高风险
0.55,0.26,否,0.55,0.82,1.99,初级,无,1次,12.65,23.31,0.08,是,是,0.48,深基坑,3.86,0.53,0,0.8,0.84,1,0.77,低风险
0.74,0.22,否,0.58,0.76,6.74,初级,无,1次,34.67,51.59,0.11,是,是,0.87,车辆,23.95,0.41,0.22,0.73,0.52,4,0.7,高风险
0.42,0.13,否,0.84,0.75,2.11,初级,无,无,25.76,68.89,0.07,是,是,0.82,配电箱,13.59,1,0.25,0.63,0.83,3,0.72,低风险
0.77,0.11,否,0.89,0.81,2.83,高级,1次,无,22.56,20.83,0.07,是,是,0.82,塔吊,6.69,0.74,0.24,0.76,0.71,1,0.54,无风险
0.43,0.26,否,0.83,0.65,2.73,无证,无,无,17,21.82,0.33,是,是,0.65,深基坑,22.29,0.38,0.08,0.7,0.41,2,0.22,极高风险
0.54,0.29,否,0.64,0.9,3.17,中级,无,无,30.32,15.34,0.58,是,是,0.79,深基坑,3.96,0.68,0.27,0.93,0.41,3,0.6,低风险
0.92,0.41,否,0.63,0.83,11.63,高级,无,无,26.58,12.76,0.1,是,是,0.45,高支模,23.83,0.49,0.3,0.77,0.41,2,0.41,低风险
0.7,0.5,否,0.65,0.69,8.24,高级,无,1次,36.24,41.29,0.19,是,是,0.61,车辆,5.22,0.74,0.12,0.79,0.35,2,0.54,中风险
0.36,0.44,否,0.77,0.86,19.2,中级,无,1次,22.44,46.01,0.51,是,是,0.35,车辆,26.32,0.17,0.25,0.59,0.76,0,0.61,极高风险
0.74,0.22,否,0.72,0.87,9.1,中级,无,≥2次,29.24,43.44,0.36,是,是,0.33,车辆,25.61,0.76,0,0.58,0.19,1,0.61,极高风险
0.34,0.21,否,0.87,0.7,9.66,中级,无,1次,21.75,50.1,0.69,是,是,0.85,配电箱,17.08,1,0.42,0.71,0.2,3,0.79,极高风险
0.75,0.06,否,0.54,0.66,6.55,高级,无,无,29.93,18.84,0.07,是,是,0.86,配电箱,24.6,0.69,0.42,0.79,0.62,3,0.64,无风险
0.28,0.44,否,0.67,0.79,9.49,初级,无,无,17.87,25.01,0.05,是,是,0.57,深基坑,63.64,1,0.24,0.8,0.73,1,0.35,中风险
0.61,0.16,否,0.54,0.68,7.28,初级,1次,1次,6.4,86.66,0.06,是,是,0.64,塔吊,22.8,0.74,0.84,0.51,0.34,1,0.63,极高风险
0.45,0.21,否,0.66,0.78,9.42,中级,1次,无,16.09,65.51,0.02,是,是,0.68,配电箱,8.45,0.68,0,0.94,0.34,1,0.32,中风险
0.35,0.21,否,0.79,0.7,1.1,初级,1次,无,22.35,47.27,0.4,是,是,0.19,深基坑,15.36,1,0,0.77,0.58,1,0.58,高风险
0.66,0.35,否,0.55,0.77,22.28,初级,无,无,16.31,28.16,0.14,是,是,0.42,深基坑,4.63,0.49,0.83,0.77,0.61,0,0.96,中风险
0.69,0.1,否,0.66,0.68,2.63,中级,无,无,9.23,12.02,0.18,是,是,0.57,塔吊,0.17,1,0.41,0.8,0.87,6,0.58,无风险
0.77,0.38,否,0.69,0.84,20.89,高级,无,无,16.69,17.87,0.01,否,是,0.62,车辆,19.2,0.27,0.06,0.8,0.49,3,0.76,高风险
0.18,0.25,否,0.43,0.75,8.86,中级,无,无,25.32,36.51,0.13,是,否,0.75,塔吊,19.63,0.85,0.26,0.96,0.68,3,0.73,极高风险
0.94,0.6,否,0.68,0.65,9.06,高级,1次,无,29.14,18.03,0.49,是,是,0.61,塔吊,15.19,1,0.39,0.96,0.79,7,0.31,中风险
0.62,0.38,否,0.77,0.7,8.14,初级,1次,1次,22.17,28.17,0.38,是,是,0.92,车辆,2.72,0.71,0,0.67,0.75,2,0.46,低风险
0.35,0.3,否,0.61,0.65,0.57,无证,无,无,10.84,49.29,0.17,是,是,0.41,塔吊,17.95,0.72,0.21,0.92,0.91,5,0.85,高风险
0.84,0.32,否,0.88,0.87,3.92,无证,无,1次,14.77,109.47,0.07,是,是,0.67,塔吊,1.54,0.85,0.03,0.74,0.58,0,0.59,高风险
0.49,0.29,否,0.69,0.94,6.68,中级,无,≥2次,36.48,102.2,0.49,是,是,0.36,深基坑,45.57,0.76,0.27,0.93,0.83,1,0.74,极高风险
0.27,0.47,否,0.7,0.75,16,高级,无,无,15.3,25.4,0.09,是,是,0.7,高支模,22.19,0.49,0.07,0.69,0.63,4,0.54,低风险
0.65,0.21,否,0.55,0.84,23.97,初级,无,无,23.76,80.01,0.09,是,是,0.68,配电箱,30.69,1,0.17,0.88,0.62,2,0.62,低风险
0.91,0.17,否,0.61,0.74,0.94,中级,无,无,15.8,77.43,0.05,是,是,0.69,配电箱,2.81,0.72,0.4,0.85,0.51,7,0.59,中风险
0.91,0.25,否,0.77,0.79,1.72,中级,无,1次,23.42,42.64,0.17,是,是,0.45,深基坑,0.44,0.43,0.02,0.7,0.4,2,0.81,低风险
0.29,0.74,否,0.86,0.85,14.11,中级,无,无,31.89,41.93,0.32,是,是,0.87,深基坑,62.63,0.76,0.43,0.68,0.3,1,0.86,高风险
0.8,0.48,否,0.8,0.81,3.27,初级,无,≥2次,35.97,62.6,0.16,是,是,0.75,配电箱,22.66,0.91,0,0.78,0.6,1,0.75,高风险
0.75,0.22,否,0.64,0.78,1.43,中级,1次,无,26.02,13.88,0.03,是,是,0.84,车辆,13.74,0.86,0.58,0.81,0.29,2,0.82,低风险
0.61,0.12,否,0.65,0.86,22.8,中级,无,无,21.32,29.4,0.15,是,是,0.78,塔吊,39.8,1,0.03,0.9,0.33,2,0.64,无风险
0.71,0.18,否,0.68,0.78,11.83,中级,无,无,13.35,46.64,0.23,是,是,0.74,车辆,1.63,0.64,0,0.56,0.18,4,0.7,无风险
0.28,0.16,否,0.75,0.66,0.33,初级,无,≥2次,13.28,29.84,0.18,是,是,0.6,深基坑,7.27,0.68,0.09,0.95,0.74,0,0.53,高风险
0.82,0.25,否,0.67,0.82,21.49,初级,无,≥2次,16.1,15.24,0.76,是,是,0.74,配电箱,18.25,0.75,0,0.84,0.48,4,0.48,高风险
0.82,0.24,否,0.71,0.86,19.57,初级,无,无,13.32,17.02,0.26,是,是,0.91,塔吊,1.09,0.42,0.28,0.63,0.45,6,0.46,低风险
0.5,0.38,否,0.77,0.89,1.78,初级,1次,1次,14.81,15.83,0.64,是,否,0.63,配电箱,1.99,0.67,0.9,0.83,0.33,7,0.69,极高风险
0.12,0.42,否,0.5,0.67,4.75,高级,无,无,25.76,59.26,0.01,是,是,0.58,配电箱,1.74,1,0.06,0.92,0.94,0,0.79,高风险
0.73,0.39,否,0.79,0.76,2.44,中级,无,无,20.75,83.6,0.2,是,是,0.28,配电箱,10.23,1,0.09,0.93,0.46,4,0.38,高风险
0.49,0.22,否,0.74,0.88,21.19,高级,无,1次,21.51,22.83,0.15,是,是,0.91,配电箱,20.23,1,0.68,0.78,0.42,4,0.44,低风险
0.6,0.51,否,0.69,0.72,15.06,初级,无,≥2次,28.22,22.74,0.18,是,是,0.47,塔吊,9.49,1,0.27,0.91,0.38,1,0.69,高风险
0.24,0.12,否,0.73,0.88,18.07,高级,无,无,21.39,11.92,0.1,是,是,0.71,深基坑,9.22,1,0.55,0.75,0.41,2,0.91,无风险
0.56,0.31,否,0.6,0.75,7.37,初级,无,1次,27.34,38.95,0.45,是,是,0.85,高支模,14.84,0.53,0.02,0.92,0.87,3,0.44,中风险
0.23,0.15,否,0.64,0.9,30.24,初级,无,1次,8.93,19.83,0.11,是,是,0.8,车辆,8.06,1,0.15,0.89,0.45,1,0.55,无风险
0.65,0.23,否,0.59,0.66,12.11,初级,1次,无,18.2,22.87,0.03,是,是,0.91,配电箱,14.43,0.75,0.09,0.9,0.72,1,0.58,无风险
0.29,0.2,否,0.81,0.86,1.85,中级,无,无,10.1,7.82,0.41,是,是,0.35,车辆,13.93,0.63,0.25,0.88,0.76,5,0.97,中风险
0.54,0.36,否,0.58,0.72,3.28,中级,无,无,12.51,30,0.55,是,是,0.72,深基坑,25.61,0.83,0.31,0.91,0.17,1,0.66,高风险
0.34,0.2,否,0.69,0.8,5.45,中级,1次,1次,22.57,32.57,0.27,是,是,0.84,塔吊,23.26,1,0,0.91,0.61,8,0.66,中风险
0.73,0.2,否,0.73,0.67,0.57,初级,1次,≥2次,22.54,21.79,0.2,是,是,0.79,高支模,7.96,1,1,0.8,0.42,3,0.56,极高风险
0.85,0.4,否,0.64,0.86,12.6,中级,无,无,48.3,19.68,0.09,是,是,0.68,车辆,29.57,1,0.11,0.87,0.63,9,0.5,高风险
0.31,0.24,否,0.81,0.81,0.45,初级,无,1次,17.34,47.79,0.3,是,是,0.67,车辆,23.47,0.49,0.26,0.64,0.91,1,0.56,极高风险
0.7,0.27,否,0.83,0.89,14.41,初级,无,无,36.78,26.1,0.02,是,是,0.78,深基坑,3.66,0.41,0.51,0.77,0.38,1,0.39,低风险
0.3,0.22,否,0.87,0.92,4.38,中级,无,无,11.69,29.3,0.2,是,是,0.61,配电箱,21.24,0.65,0.2,0.94,0.75,1,0.7,低风险
0.73,0.2,否,0.75,0.65,2.06,初级,无,无,15.05,9.06,0.02,是,是,0.53,高支模,23.74,0.25,0,0.66,0.66,6,0.43,中风险
0.88,0.48,否,0.77,0.9,5.86,中级,无,无,14.73,51.04,0.44,是,是,0.66,高支模,0.82,0.73,0.07,0.61,0.62,3,0.42,低风险
0.85,0.46,否,0.56,0.84,13.5,无证,无,无,24.98,33.48,0.27,是,是,0.88,塔吊,8.53,0.47,0.79,0.88,0.74,7,0.78,高风险
0.48,0.37,否,0.67,0.6,3.48,中级,无,无,35.6,47.65,0.07,是,是,0.72,车辆,11.5,0.82,0.04,0.86,0.83,0,0.21,低风险
0.74,0.75,否,0.63,0.8,2.66,中级,无,无,24.03,24.41,0.27,是,是,0.74,塔吊,4.14,0.53,0,0.84,0.3,3,0.65,低风险
0.72,0.32,否,0.73,0.67,10.36,中级,无,≥2次,24.65,25.33,0.14,是,是,0.54,配电箱,5.04,0.83,0.41,0.85,0.9,5,0.81,高风险
0.27,0.25,否,0.88,0.78,32.59,初级,1次,无,3.64,43.07,0.54,是,是,0.95,塔吊,15.75,1,0.56,0.55,0.75,2,0.54,中风险
0.25,0.26,否,0.73,0.85,0.56,初级,无,≥2次,14.11,49.16,0.73,是,是,0.62,塔吊,5.5,0.28,0.73,0.9,0.59,4,0.83,极高风险
0.65,0.83,否,0.9,0.74,7.33,初级,无,≥2次,43.95,17.05,0.01,是,是,0.62,高支模,13.31,1,0,0.66,0.25,4,0.85,高风险
0.55,0.42,否,0.77,0.88,1.17,中级,无,无,48.91,23.55,0.07,是,是,0.91,深基坑,6.91,0.42,0.51,0.91,0.68,7,0.33,低风险
0.65,0.67,否,0.8,0.92,25.68,初级,无,1次,22.89,20.41,0.05,是,是,0.93,车辆,42.53,0.69,0.59,0.92,0.36,1,0.56,中风险
0.71,0.4,否,0.78,0.78,4.44,中级,无,无,21.48,36.49,0.04,是,是,0.82,高支模,9.02,0.74,0,0.68,0.74,4,0.67,无风险
0.65,0.52,否,0.8,0.92,3.97,中级,无,无,10.17,90.88,0.06,是,是,0.81,塔吊,21.03,0.5,0.29,0.92,0.59,2,0.73,低风险
0.88,0.69,否,0.65,0.61,0.13,初级,无,无,17,93.79,0.31,是,是,0.28,高支模,11.69,0.81,0.29,0.9,0.65,3,0.25,极高风险
0.84,0.34,否,0.72,0.76,5.71,中级,无,1次,25.71,43.82,0.47,是,否,0.95,车辆,16.03,0.79,0.64,0.61,0.85,0,0.75,极高风险
0.5,0.25,否,0.59,0.85,0.53,高级,无,1次,17.31,13.36,0.25,是,是,0.86,塔吊,8.84,0.63,0.32,0.88,0.55,4,0.41,低风险
0.25,0.2,是,0.69,0.96,17.93,初级,无,1次,23.62,54.15,0.37,是,是,0.24,深基坑,2.11,0.5,0.34,0.61,0.38,4,0.31,极高风险
0.38,0.16,否,0.78,0.89,4.64,高级,无,1次,51.69,45.41,0.51,是,是,0.88,配电箱,11.92,1,0.07,0.8,0.72,1,0.82,低风险
0.52,0.15,否,0.66,0.92,2.24,初级,无,无,11.13,24.92,0.07,是,是,0.41,车辆,2.96,1,0,0.84,0.41,7,0.36,低风险
0.32,0.08,否,0.65,0.77,19.43,初级,无,1次,12.14,8.05,0.15,是,是,0.27,高支模,14.16,0.67,0,0.9,0.93,1,0.47,无风险
0.14,0.49,否,0.74,0.79,12.04,中级,无,无,19.79,40.65,0.38,是,否,0.53,深基坑,22.67,0.23,0.49,0.64,0.65,4,0.6,极高风险
0.84,0.75,否,0.66,0.69,1.92,中级,无,无,14.1,37.66,0.01,否,是,0.52,深基坑,10.47,0.78,0.12,0.58,0.81,5,0.59,高风险
0.48,0.14,否,0.66,0.71,12.73,高级,无,无,14.1,64.29,0.22,是,是,0.73,车辆,23.52,0.62,0,0.83,0.61,4,0.45,低风险
0.7,0.22,否,0.65,0.77,23.07,高级,无,1次,8.13,26.13,0.24,是,是,0.87,车辆,0.76,1,0.22,0.67,0.34,2,0.33,无风险
0.65,0.22,否,0.76,0.77,15.8,高级,无,无,40.71,20.46,0.19,是,是,0.67,高支模,28.72,0.68,0,0.73,0.3,1,0.73,无风险
0.93,0.31,否,0.7,0.76,2.66,初级,无,无,11.28,68.89,0.13,是,是,0.51,高支模,10.23,0.58,0,0.68,0.67,2,0.56,低风险
0.88,0.15,否,0.58,0.77,1.51,中级,无,无,18.74,67.64,0.44,是,是,0.66,塔吊,25.53,0.84,0.08,0.85,0.91,4,0.82,低风险
0.41,0.12,否,0.61,0.81,1.09,高级,无,1次,13.86,27.44,0.01,是,是,0.68,高支模,21.17,0.6,0.5,0.89,0.95,4,0.49,低风险
0.53,0.11,否,0.66,0.79,1.25,初级,无,1次,22.78,68.38,0.2,是,是,0.43,高支模,4.51,0.45,0,0.85,0.62,3,0.78,中风险
0.49,0.24,否,0.59,0.65,10.23,初级,无,无,24.09,41.27,0.05,是,是,0.89,车辆,1.24,0.42,0.23,0.88,0.56,1,0.67,无风险
0.85,0.23,否,0.6,0.72,9.42,中级,1次,无,19.84,40.05,0.36,是,是,0.24,高支模,4.83,0.81,0.02,0.78,0.79,4,0.66,低风险
0.61,0.35,否,0.61,0.66,3.24,无证,无,无,13.42,16.98,0.09,是,是,0.14,深基坑,21.79,0.62,0.42,0.9,0.55,2,0.6,极高风险
0.54,0.2,否,0.79,0.87,9.78,高级,1次,1次,12.81,12.34,0.09,是,是,0.84,深基坑,13.15,0.36,0.15,0.85,0.64,7,0.34,低风险
0.69,0.2,否,0.7,0.89,5.15,高级,无,1次,17.46,11.51,0.15,是,是,0.4,车辆,32.71,0.36,0,0.8,0.96,3,0.89,无风险
0.5,0.23,否,0.77,0.81,1.71,中级,1次,1次,30.65,13.19,0.04,是,是,0.15,配电箱,55.55,0.49,0.32,0.86,0.65,1,0.76,高风险
0.71,0.29,否,0.76,0.88,5.72,初级,无,无,25.09,80.68,0.12,是,是,0.54,塔吊,7.61,0.73,0,0.93,0.17,3,0.73,低风险
0.76,0.25,否,0.74,0.76,9.64,初级,无,1次,21.98,35.16,0.59,是,是,0.62,塔吊,4.46,0.88,0.22,0.76,0.22,1,0.26,高风险
0.32,0.28,否,0.77,0.75,12.63,高级,无,≥2次,32.41,16.13,0.17,否,是,0.06,车辆,18.42,0.75,0.26,0.89,0.79,2,0.31,极高风险
0.38,0.4,否,0.69,0.67,4.07,中级,无,无,4.98,28.91,0.07,是,是,0.69,塔吊,13.1,0.64,0.23,0.68,0.39,0,0.9,中风险
0.64,0.16,否,0.68,0.83,4.71,中级,无,1次,30.38,113.52,0.25,是,是,0.6,配电箱,15.04,0.6,0,0.88,0.98,1,0.84,低风险
0.58,0.13,否,0.74,0.8,18.14,中级,无,≥2次,30.28,35.66,0.31,是,是,0.54,车辆,0.65,0.46,0,0.53,0.32,1,0.68,中风险
0.18,0.15,否,0.53,0.81,11.8,高级,1次,无,10.88,25.08,0.06,否,是,0.64,塔吊,0.31,0.56,0.27,0.45,0.46,3,0.56,极高风险
0.81,0.3,否,0.79,0.86,9.36,中级,无,无,12.01,17.34,0.09,是,是,0.15,配电箱,0.45,0.76,0.46,0.55,0.39,0,0.67,高风险
0.75,0.58,否,0.82,0.84,2.14,中级,1次,无,27.76,61.76,0,是,是,0.08,塔吊,8.71,0.45,0.31,0.61,0.36,1,0.86,极高风险
0.79,0.23,否,0.92,0.82,7.68,高级,无,无,16.97,11.56,0.24,是,是,0.81,深基坑,16.06,0.94,0.16,0.89,0.92,3,0.49,无风险
0.69,0.12,否,0.59,0.63,0.66,中级,无,无,13.75,54.21,0.11,是,是,0.15,车辆,21.58,0.75,0,0.79,0.8,2,0.55,高风险
0.72,0.13,否,0.72,0.93,0.21,初级,无,1次,18.18,73.37,0,是,是,0.64,深基坑,52.61,0.49,0.22,0.95,0.5,3,0.45,高风险
0.77,0.47,否,0.92,0.78,22.54,初级,1次,无,16.59,86.77,0.07,是,是,0.72,塔吊,22.35,0.72,0.52,0.8,0.73,3,0.36,中风险
0.21,0.28,否,0.53,0.72,10.82,无证,1次,1次,33.1,48.01,0.05,是,是,0.71,深基坑,76.78,0.64,0.33,0.56,0.64,2,0.37,极高风险
0.53,0.13,否,0.6,0.75,4.07,初级,无,≥2次,15.49,15.55,0.26,是,是,0.66,高支模,14.41,0.66,0.03,0.48,0.44,2,0.72,高风险
0.65,0.16,否,0.71,0.82,12.27,中级,无,1次,13.87,12.39,0.03,是,是,0.8,配电箱,4.87,0.74,0.33,0.84,0.68,4,0.17,低风险
0.74,0.33,否,0.54,0.88,16.56,初级,无,≥2次,28.72,73.61,0.41,是,是,0.7,高支模,15.54,0.53,0.04,0.85,0.72,2,0.48,高风险
0.79,0.28,否,0.62,0.75,5.87,中级,无,1次,69.2,37.23,0.19,是,是,0.72,车辆,30.97,0.72,0.29,0.76,0.53,1,0.94,中风险
0.3,0.31,否,0.77,0.74,5.66,初级,无,无,6.6,17.2,0.05,是,是,0.37,高支模,18.97,0.8,0.59,0.52,0.98,3,0.68,高风险
0.48,0.31,否,0.61,0.99,19.59,中级,无,1次,19.95,20.41,0.39,是,是,0.81,配电箱,17.08,0.79,0,0.88,0.2,1,0.28,低风险
0.75,0.47,否,0.77,0.85,25.34,中级,无,无,29.78,17.89,0.05,是,是,0.25,深基坑,1.82,0.4,0,0.72,0.65,3,0.53,无风险
0.51,0.33,否,0.72,0.77,5.04,初级,无,1次,8.18,37.53,0.36,是,是,0.69,配电箱,14.55,0.67,0.36,0.7,0.36,1,0.93,极高风险
0.88,0.21,否,0.73,0.94,3.98,中级,无,≥2次,16.34,15.46,0.45,是,是,0.8,配电箱,14.82,0.66,0.09,0.68,0.59,1,0.5,中风险
0.95,0.16,否,0.71,0.96,8.83,中级,无,无,27.4,31.16,0.13,是,是,0.89,深基坑,25.17,0.77,0.12,0.71,0.82,4,0.93,无风险
0.64,0.92,否,0.78,0.76,14.84,初级,无,1次,61.38,37.41,0.03,是,是,0.63,配电箱,78.82,0.01,0.14,0.44,0.38,1,0.6,极高风险
0.16,0.23,否,0.66,0.73,0.14,中级,无,无,17.37,14.13,0.16,是,是,0.63,高支模,3.57,0.63,0.1,0.95,0.65,1,0.74,高风险
0.85,0.19,否,0.84,0.63,2.37,无证,无,无,11.77,15.21,0.08,是,是,0.89,车辆,7.73,1,0.34,0.94,0.56,1,0.77,高风险
0.48,0.83,否,0.87,0.95,11.48,中级,无,无,17.21,21.04,0.12,是,是,0.72,塔吊,3.99,0.39,0.07,0.96,0.59,4,0.72,高风险
0.77,0.26,否,0.72,0.88,7.45,高级,无,无,28,50.33,0.08,是,否,0.16,配电箱,14,0.77,0.11,0.85,0.32,2,0.7,极高风险
0.89,0.32,否,0.73,0.73,14.75,初级,无,无,21.45,78,0.21,是,是,0.61,深基坑,0.18,0.76,0,0.85,0.69,4,0.49,无风险
0.47,0.17,否,0.72,0.9,20.71,初级,无,无,23.97,27.11,0.22,是,是,0.81,高支模,7.74,0.65,0.61,0.78,0.56,4,0.16,中风险
0.3,0.17,否,0.67,0.85,8.21,中级,无,无,22.52,28.82,0.76,是,是,0.27,塔吊,21.04,1,0,0.93,0.38,2,0.64,中风险
0.83,0.17,否,0.55,0.86,1.17,初级,1次,无,25.82,69.06,0.15,是,是,0.98,高支模,52.64,0.49,0.05,0.72,0.73,0,0.89,中风险
0.58,0.21,否,0.65,0.68,14.13,中级,无,1次,19.86,13.81,0.28,否,是,0.94,高支模,3.98,0.8,0,0.92,0.19,6,0.54,高风险
0.08,0.23,否,0.51,0.94,3.98,初级,1次,无,33.98,39.74,0.33,是,是,0.83,高支模,0.2,0.49,0.81,0.79,0.41,3,0.71,极高风险
0.86,0.17,否,0.57,0.89,0.97,高级,无,无,16.95,16.11,0.35,是,是,0.48,塔吊,0.2,1,0.49,0.56,0.56,3,0.96,无风险
0.61,0.08,否,0.57,0.9,3.94,初级,无,1次,35.66,58.78,0.37,是,是,0.68,深基坑,25.25,0.71,0.28,0.66,0.4,2,0.58,极高风险
0.64,0.32,否,0.63,0.74,8.9,高级,无,1次,19.16,19.07,0.22,是,是,0.81,车辆,11.41,1,0.31,0.86,0.84,1,0.38,无风险
0.88,0.38,否,0.65,0.94,4.96,中级,无,无,15.4,44.41,0.41,是,是,0.87,车辆,11.47,0.92,0,0.99,0.4,1,0.79,无风险
0.16,0.33,否,0.59,0.8,13.05,中级,无,无,31.9,13.63,0.22,是,是,0.75,高支模,5.47,0.67,0.15,0.97,0.68,4,0.61,高风险
0.89,0.16,否,0.72,0.95,14.18,初级,无,1次,23.25,7.18,0.11,是,是,0.7,塔吊,23.82,0.37,0.41,0.73,0.79,1,0.81,无风险
0.94,0.52,否,0.84,0.8,1.89,初级,无,无,14.39,39.33,0.21,是,是,0.91,塔吊,11.27,0.74,0.46,0.6,0.65,1,0.84,低风险
0.72,0.14,否,0.55,0.71,0.48,中级,无,无,33.38,13.76,0.13,是,是,0.73,塔吊,3.75,0.87,0.04,0.84,0.69,5,0.57,无风险
0.65,0.19,否,0.84,0.76,30.51,初级,无,无,11.09,24.8,0.53,是,是,0.33,配电箱,36,0.7,0.6,0.5,0.07,1,0.5,极高风险
0.6,0.28,是,0.78,0.91,23.72,高级,无,1次,14.73,45.46,0.07,是,是,0.57,深基坑,20.9,0.59,0.33,0.65,0.59,3,0.77,高风险
0.64,0.29,否,0.74,0.96,4.33,中级,无,1次,10.24,56.72,0.32,是,是,0.75,车辆,17.82,0.9,0,0.87,0.37,1,0.22,高风险
0.83,0.24,否,0.79,0.79,3.7,高级,无,无,14.41,32.13,0.18,是,是,0.55,深基坑,14.65,0.55,0.64,0.9,0.77,3,0.96,无风险
0.69,0.45,否,0.65,0.86,2.27,中级,无,1次,26.73,15.32,0.39,是,是,0.17,配电箱,0.64,1,0,0.76,0.36,1,0.4,高风险
0.38,0.16,否,0.49,0.74,6.22,初级,无,1次,13.88,14.3,0.41,是,是,0.49,车辆,19.78,1,0,0.95,0.77,2,0.9,中风险
0.83,0.2,否,0.79,0.81,0.17,高级,无,≥2次,43.58,27.93,0.34,是,是,0.28,车辆,16.33,0.78,0.09,0.92,0.8,3,0.31,高风险
0.68,0.56,否,0.76,0.8,1.81,初级,无,1次,25.77,24.95,0.06,否,是,0.17,塔吊,3.07,0.43,0.31,0.88,0.81,4,0.42,极高风险
0.76,0.45,否,0.69,0.8,15.99,初级,无,无,42.71,71.97,0.53,是,是,0.55,塔吊,7.96,0.82,0.28,0.64,0.42,0,0.42,高风险
0.78,0.19,否,0.56,0.73,0.12,中级,无,无,12.55,15.45,0.06,是,否,0.68,塔吊,26.28,0.57,0.15,0.91,0.6,4,0.65,高风险
0.33,0.57,否,0.86,0.75,3.27,初级,无,1次,14.85,33.52,0.2,是,是,0.83,车辆,29.2,0.92,0,0.8,0.62,3,0.63,中风险
0.87,0.33,否,0.59,0.78,2.11,初级,无,≥2次,15.93,38.52,0.42,是,是,0.32,深基坑,14,1,0.22,0.81,0.65,2,0.45,极高风险
0.84,0.17,否,0.7,0.81,14.53,初级,无,1次,22.65,20.18,0.32,是,是,0.39,塔吊,2.88,0.68,0.34,0.8,0.3,2,0.75,中风险
0.93,0.47,否,0.73,0.75,6.48,中级,无,无,9.94,16.2,0.6,是,是,0.76,车辆,22.18,0.51,0.17,0.89,0.3,4,0.74,高风险
0.86,0.2,否,0.63,0.81,4.31,高级,1次,无,14.88,19.53,0.4,是,是,0.79,配电箱,0.92,0.54,0.11,0.63,0.82,3,0.78,无风险
0.87,0.19,否,0.71,0.62,8.74,中级,无,无,25.75,24.36,0.56,是,是,0.5,塔吊,11.08,0.7,0.39,0.8,0.91,2,0.23,低风险
0.43,0.37,否,0.57,0.73,2.9,高级,无,≥2次,9.84,17.73,0.07,是,是,0.37,深基坑,7.3,1,0.55,0.94,0.55,6,0.95,高风险
0.72,0.16,否,0.66,0.77,15.63,初级,1次,1次,24.62,30.93,0.62,是,是,0.58,深基坑,9.33,0.47,0,0.53,0.86,1,0.88,中风险
0.82,0.33,否,0.69,0.85,0.13,初级,无,无,22.12,114.65,0.36,是,是,0.61,配电箱,13.94,0.71,0,0.78,0.76,5,0.68,中风险
0.14,0.18,否,0.78,0.72,25.75,初级,无,1次,22.88,45.34,0.05,是,是,0.73,高支模,1.29,0.28,0.18,0.7,0.67,4,0.74,高风险
0.48,0.4,否,0.74,0.62,36.95,初级,无,无,19.51,47.87,0.04,是,是,0.27,深基坑,10.05,0.55,0,0.91,0.72,3,0.3,低风险
0.17,0.05,否,0.57,0.88,12.92,高级,无,无,27,21.66,0.15,是,是,0.83,车辆,3.35,0.51,0.32,0.94,0.27,1,0.76,高风险
0.34,0.35,否,0.69,0.82,15.56,高级,无,无,31.3,25.67,0.52,是,是,0.82,塔吊,20.56,0.93,0.71,0.94,0.5,2,0.38,低风险
0.41,0.09,否,0.64,0.79,10.82,初级,≥2次,1次,57.41,27.16,0.59,是,是,0.48,车辆,23.62,1,0.14,0.62,0.72,2,0.54,极高风险
0.6,0.26,否,0.58,0.74,6.27,中级,无,无,34.35,20.67,0.21,是,是,0.55,深基坑,26.2,1,0.17,0.84,0.52,1,0.82,低风险
0.46,0.13,否,0.7,0.73,13.18,高级,无,无,14.09,15.53,0.06,是,是,0.9,深基坑,6.58,0.73,0,0.68,0.58,3,0.58,无风险
0.88,0.31,否,0.67,0.75,4.38,无证,无,1次,18.6,110.35,0.04,是,是,0.66,深基坑,36.62,0.83,0.3,0.78,0.21,2,0.76,极高风险
0.45,0.16,否,0.59,0.8,1.21,高级,无,1次,16.84,45.11,0.23,是,是,0.36,车辆,1.14,0.8,0,0.9,0.84,4,0.52,无风险
0.85,0.69,否,0.64,0.79,10.99,初级,无,≥2次,16.31,9.07,0.36,是,是,0.87,车辆,25.13,0.63,0.52,0.75,0.59,3,0.59,极高风险
0.56,0.2,否,0.64,0.79,3.86,中级,1次,无,13.44,24.41,0.01,是,是,0.22,高支模,3.4,0.95,0.09,0.81,0.65,3,0.51,低风险
0.66,0.21,否,0.67,0.96,1.59,中级,无,1次,26.04,83.92,0.01,是,是,0.42,高支模,0.04,0.69,0.21,0.85,0.84,4,0.9,低风险
0.64,0.42,否,0.73,0.93,2.4,高级,无,无,12.82,43.63,0.08,是,是,0.9,高支模,2.46,0.5,0,0.82,0.69,2,0.47,无风险
0.56,0.15,否,0.71,0.92,13.57,中级,1次,无,10.12,39.66,0.44,否,是,0.9,深基坑,23.82,0.61,0.45,0.8,0.87,1,0.7,高风险
0.65,0.23,否,0.63,0.82,27.7,中级,1次,无,28.83,10.08,0.09,是,否,0.54,高支模,2.96,0.56,0.31,0.75,0.7,2,0.81,高风险
0.97,0.74,否,0.93,0.86,1.9,中级,无,无,24.75,32.68,0.39,是,否,0.87,配电箱,27.04,1,0,0.97,0.68,5,0.82,高风险
0.92,0.2,否,0.68,0.92,6.85,中级,无,无,10.35,116.99,0.07,是,是,0.26,深基坑,21.85,0.82,0,0.86,0.69,1,0.91,无风险
0.27,0.49,否,0.68,0.9,9.38,高级,无,无,17.06,42.32,0.4,是,是,0.84,深基坑,16.87,0.86,0.14,0.8,0.83,4,0.73,低风险
0.12,0.13,否,0.69,0.85,6.06,初级,无,1次,16.98,94.62,0.02,是,是,0.39,配电箱,24.25,0.66,0,0.94,0.91,1,0.82,高风险
0.69,0.14,否,0.62,0.9,4.42,高级,1次,无,21.14,17.02,0.52,是,是,0.7,配电箱,24.43,0.52,0.36,0.95,0.4,1,0.32,中风险
0.7,0.43,否,0.8,0.74,4.29,初级,无,1次,11.39,54.55,0.4,是,否,0.28,车辆,0.92,0.07,0.46,0.82,0.14,6,0.78,极高风险
0.46,0.31,否,0.68,0.95,0.85,中级,无,1次,24.44,18.81,0.5,是,是,0.57,高支模,0.03,0.14,0.2,0.87,0.16,6,0.9,极高风险
0.35,0.49,否,0.72,0.82,23.94,中级,无,无,28.28,47.14,0.21,是,是,0.48,塔吊,14.52,1,0.25,0.64,0.71,2,0.84,低风险
0.64,0.45,否,0.82,0.68,0.09,初级,1次,无,7.05,36.31,0.08,是,是,0.93,配电箱,21.52,0.61,0.28,0.95,0.69,3,0.62,高风险
0.92,0.62,否,0.65,0.9,10.76,中级,无,无,17.59,14.78,0.5,是,是,0.75,高支模,15.75,0.41,0,0.78,0.38,1,0.88,低风险
0.59,0.38,否,0.68,0.88,3.34,中级,无,无,38.14,18.63,0.12,是,是,0.94,深基坑,11.68,0.69,0.46,0.48,0.09,3,0.62,中风险
0.75,0.63,否,0.74,0.73,0.68,初级,无,1次,13.96,23.24,0.4,是,是,0.38,车辆,2.5,0.61,0.54,0.88,0.85,4,0.6,高风险
0.62,0.2,否,0.65,0.72,0.63,初级,无,无,18.98,15.38,0.28,是,是,0.85,高支模,23.28,0.59,0.55,0.79,0.05,1,0.55,高风险
0.43,0.13,否,0.77,0.69,1.66,初级,无,1次,29.4,75.64,0.45,是,是,0.78,配电箱,31.46,0.66,0.18,0.84,0.66,3,0.87,高风险
0.71,0.09,否,0.61,0.8,8.47,高级,无,≥2次,50.44,15.04,0.01,是,是,0.26,塔吊,41.04,0.52,0.3,0.93,0.16,2,0.43,高风险
0.49,0.23,否,0.68,0.53,3.28,中级,无,≥2次,23.86,14.54,0.33,是,是,0.68,配电箱,8.43,0.69,0.09,0.93,0.61,7,0.62,极高风险
0.64,0.32,否,0.74,0.88,16.11,中级,无,无,27.35,25.68,0.19,是,是,0.93,车辆,15.83,0.49,0.45,0.79,0.59,6,0.42,中风险
0.39,0.1,否,0.62,0.76,29.47,高级,无,1次,33.05,33.8,0.26,是,是,0.3,配电箱,13.13,0.57,0.13,0.69,0.35,2,0.24,中风险
0.08,0.2,否,0.5,0.67,13.64,初级,无,≥2次,16.31,7.28,0.65,是,是,0.55,配电箱,10.29,0.67,0,0.7,0.33,4,0.63,极高风险
0.74,0.15,否,0.58,0.75,14.43,中级,无,无,34.9,28.54,0.27,是,是,0.77,配电箱,16.47,0.35,0.12,0.57,0.46,4,0.32,中风险
0.65,0.73,否,0.71,0.72,6,中级,1次,1次,45.7,35.22,0.11,是,是,0.77,配电箱,56.22,0.62,0,0.85,0.28,2,0.61,高风险
0.76,0.35,否,0.81,0.68,5.91,无证,无,≥2次,24.34,19.03,0.23,是,是,0.75,高支模,4.85,0.37,0,0.97,0.91,7,0.69,高风险
0.65,0.3,否,0.65,0.6,4.63,中级,无,无,7.06,29.21,0.17,否,是,0.37,塔吊,8.03,0.47,0.79,0.56,0.31,2,0.29,极高风险
0.57,0.49,否,0.72,0.69,9.43,初级,1次,无,7.12,28.07,0.01,是,是,0.45,塔吊,3.93,0.65,0.74,0.85,0.74,3,0.93,高风险
0.81,0.09,否,0.75,0.86,10.73,中级,无,1次,51.12,32.17,0.11,是,是,0.47,塔吊,70.85,0.11,0,0.64,0.81,1,0.74,低风险
0.5,0.29,否,0.49,0.85,5.56,中级,无,无,21.13,21.55,0.13,是,是,0.25,配电箱,51.51,0.53,0.47,0.95,0.56,2,0.29,高风险
0.72,0.46,否,0.81,0.87,9.15,高级,无,无,16.51,42.2,0.29,是,是,0.37,高支模,18.94,0.58,0.27,0.92,0.68,3,0.35,中风险
0.7,0.34,否,0.76,0.94,19.49,初级,无,无,17.12,25.55,0.11,是,是,0.68,高支模,14.65,1,0,0.73,0.47,3,0.32,无风险
0.81,0.39,否,0.83,0.65,4.26,初级,无,无,9.05,8.98,0.29,是,是,0.56,深基坑,23.56,0.36,0.03,0.84,0.91,2,0.41,低风险
0.89,0.36,否,0.8,0.83,2.95,中级,无,1次,8.76,40.79,0.04,否,是,0.54,高支模,33.1,1,0.49,0.8,0.36,1,0.63,极高风险
0.58,0.19,否,0.75,1,0.32,中级,无,1次,32.54,33.64,0.48,是,是,0.46,配电箱,34.73,0.33,0.79,0.77,0.81,1,0.7,极高风险
0.94,0.41,否,0.66,0.75,5.5,中级,无,1次,18.84,26.56,0.5,是,是,0.81,车辆,18.68,0.65,0.21,0.45,0.28,1,0.85,高风险
0.87,0.41,否,0.85,0.67,8.07,中级,无,无,15.42,40.22,0.4,是,是,0.83,高支模,1.19,0.81,0.4,0.88,0.8,2,0.74,无风险
0.07,0.11,否,0.73,0.98,20.67,初级,无,1次,17.16,18.03,0.24,是,是,0.68,配电箱,17.86,0.56,0,0.78,0.63,1,0.76,高风险
0.82,0.46,否,0.57,0.74,3.55,无证,无,≥2次,4.57,27.41,0.1,是,是,0.68,深基坑,6.55,0.71,0.34,0.87,0.61,2,0.48,极高风险
0.6,0.49,否,0.63,0.78,5.72,中级,无,无,26.67,20.75,0.28,是,是,0.74,深基坑,3.48,0.83,0.22,0.9,0.65,3,0.57,无风险
0.69,0.19,否,0.83,0.77,0.8,初级,无,无,18.56,41.03,0.54,是,是,0.22,配电箱,23.34,0.54,0.22,0.76,0.29,2,0.67,极高风险
0.48,0.23,否,0.77,0.71,8.92,高级,无,无,35.06,28.87,0.01,是,是,0.68,高支模,27.04,0.74,0.39,0.94,0.81,5,0.54,低风险
0.82,0.29,否,0.54,0.8,4.31,中级,无,无,15.98,33.75,0.34,是,是,0.9,深基坑,4.85,0.76,0,0.69,0.77,2,0.94,无风险
0.68,0.4,否,0.62,0.69,2.49,中级,无,无,33.33,26.12,0.42,是,是,0.74,深基坑,13.84,0.39,0.29,0.84,0.46,1,0.7,中风险
0.54,0.1,否,0.64,0.73,3.18,初级,≥2次,1次,11.78,11.99,0.6,是,是,0.58,车辆,11.79,0.64,0.16,0.81,0.27,2,0.57,极高风险
0.2,0.2,否,0.66,0.76,1.28,高级,无,≥2次,26.17,35.84,0.13,是,是,0.78,配电箱,15.87,0.61,0.41,0.87,0.8,0,0.67,高风险
0.83,0.25,否,0.78,0.96,7.35,高级,无,无,32.26,12.93,0.14,是,是,0.67,高支模,44.98,0.25,0,0.72,0.92,3,0.48,无风险
0.66,0.18,否,0.57,0.77,4.89,高级,无,1次,9.18,27.77,0.17,是,是,0.74,塔吊,15.95,0.16,0.26,0.89,0.29,1,0.89,中风险
0.29,0.79,否,0.7,0.66,9.27,初级,无,无,18.56,14.05,0.19,是,是,0.7,深基坑,0.58,0.56,0,0.77,0.74,2,0.09,高风险
0.82,0.76,否,0.9,0.66,2.27,高级,无,1次,36.89,69.12,0.15,是,是,0.35,车辆,4.39,0.78,0.09,0.38,0.39,1,0.72,高风险
0.39,0.11,否,0.68,0.8,2.96,高级,无,1次,30.31,43.44,0.06,是,是,0.98,配电箱,72.96,0.38,0.61,0.9,0.3,6,0.7,高风险
0.81,0.17,否,0.71,0.91,4.48,初级,无,无,11.52,23.46,0.08,是,是,0.63,配电箱,25.79,1,0.21,0.56,0.83,2,0.47,无风险
0.51,0.47,否,0.59,0.86,7.45,中级,无,无,32.33,35.73,0.45,是,是,0.54,塔吊,20.38,0.72,0,0.83,0.6,3,0.8,低风险
0.54,0.32,否,0.63,0.78,24.87,高级,无,≥2次,36.16,40.25,0.2,是,是,0.5,高支模,4.75,0.23,0.07,0.76,0.63,4,0.52,中风险
0.15,0.22,否,0.69,0.63,6.28,初级,无,1次,17.45,50.8,0.54,是,是,0.9,车辆,15.77,1,0.41,0.82,0.58,1,0.92,极高风险
0.89,0.18,否,0.79,0.59,5.15,高级,无,1次,17.87,46.14,0.02,是,是,0.26,深基坑,11.86,0.92,0.12,0.89,0.77,1,0.6,高风险
0.66,0.24,否,0.86,0.81,21.01,高级,无,1次,33.69,43.18,0.04,是,是,0.76,塔吊,19.36,0.34,0.26,0.8,0.62,1,0.67,无风险
0.87,0.4,否,0.76,0.94,33.71,中级,无,无,35.94,28.34,0.29,是,是,0.37,深基坑,14.86,0.56,0.35,0.76,0.74,1,0.59,无风险
0.56,0.29,否,0.67,0.77,11.45,初级,无,1次,27.17,66.76,0.03,是,是,0.99,深基坑,27.66,1,0.67,0.68,0.78,4,0.54,高风险
0.81,0.3,否,0.65,0.69,14.86,初级,≥2次,无,23.85,25.89,0.54,是,是,0.86,配电箱,17.79,1,0.73,0.65,0.81,2,0.85,高风险
0.78,0.48,否,0.74,0.73,0.41,无证,无,1次,18.71,40.49,0.58,是,是,0.66,车辆,18.05,0.4,0.4,0.84,0.71,2,0.61,极高风险
0.91,0.35,否,0.72,0.72,11.76,初级,1次,1次,9.92,25.96,0.14,是,是,0.5,深基坑,1.71,0.5,0,0.85,0.7,4,0.87,低风险
0.68,0.22,否,0.54,0.72,15.4,初级,无,无,18.39,36.3,0.03,是,是,0.72,深基坑,10.32,0.83,0.39,0.5,0.9,4,0.36,低风险
0.79,0.27,否,0.65,0.68,24.77,中级,无,无,19.52,23.94,0.02,是,是,0.51,深基坑,25.96,0.59,0.17,0.51,0.8,1,0.56,无风险
0.76,0.41,否,0.53,0.98,1.36,中级,无,无,9.62,25.41,0.25,是,是,0.6,高支模,16.78,0.56,0.58,0.87,0.73,0,0.66,中风险
0.84,0.55,否,0.78,0.65,9.44,中级,无,无,23.07,48.59,0.15,是,是,0.59,配电箱,44,1,0,0.85,0.77,2,0.74,无风险
0.5,0.4,否,0.78,0.85,0.24,初级,无,无,36.46,45.84,0.21,是,是,0.72,深基坑,1.23,1,0.29,0.94,0.74,3,0.79,低风险
0.39,0.3,否,0.75,0.66,14.19,高级,无,1次,15.01,24.06,0.09,是,是,0.83,配电箱,17.63,0.65,0.5,0.85,0.78,4,0.64,低风险
0.52,0.18,否,0.73,0.72,29.37,高级,无,无,32,10.82,0.27,是,是,0.88,配电箱,24.64,0.66,0.6,0.91,0.85,4,0.91,无风险
0.39,0.15,否,0.72,0.72,9.1,中级,无,1次,13.69,18.34,0.12,是,是,0.65,配电箱,24.53,0.85,0.4,0.94,0.41,1,0.64,中风险
0.48,0.24,否,0.5,0.89,32.75,高级,无,1次,17.8,23.65,0.19,是,是,0.77,配电箱,16.64,1,0.35,0.95,0.66,1,0.45,无风险
0.44,0.23,否,0.86,0.95,18.72,中级,无,无,15.39,16.67,0.03,是,是,0.3,深基坑,25.4,0.77,0.21,0.93,0.71,3,0.79,无风险
0.6,0.13,否,0.72,0.7,0.09,初级,无,无,12.33,21.98,0.27,是,是,0.46,配电箱,0.65,0.71,0.28,0.67,0.66,3,0.34,低风险
0.83,0.51,否,0.84,0.94,1.84,高级,无,无,41.21,86.18,0.17,是,是,0.83,高支模,12.08,0.5,0.2,0.97,0.93,3,0.6,无风险
0.83,0.24,否,0.74,0.76,5.78,中级,无,1次,28.82,8.03,0.57,是,是,0.91,配电箱,67.53,1,0,0.97,0.47,0,0.36,无风险
0.68,0.18,否,0.77,0.84,9.56,无证,无,无,50.76,9.84,0.7,是,是,0.87,高支模,21.11,0.65,0.82,0.92,0.85,2,0.83,高风险
0.13,0.56,否,0.68,0.99,2.99,中级,无,无,29.07,87.09,0.11,是,是,0.6,高支模,43.3,0.53,0.27,0.66,0.6,1,0.66,极高风险
0.82,0.61,否,0.65,0.69,4.48,高级,无,无,17.44,23.57,0.18,是,是,0.83,塔吊,25.08,0.42,0.14,0.95,0.43,1,0.82,无风险
0.71,0.27,否,0.87,0.9,5.63,初级,无,无,42.14,51.84,0.42,是,是,0.83,车辆,12.9,0.4,0.21,0.92,0.26,1,0.42,高风险
0.52,0.15,否,0.61,0.9,31.42,中级,无,1次,20.34,21.68,0.42,是,是,0.75,塔吊,4.69,0.9,0.17,0.82,0.68,5,0.78,无风险
0.42,0.31,否,0.48,0.77,17.23,高级,1次,无,9.17,29.76,0.42,是,是,0.44,车辆,21.3,1,0.29,0.85,0.79,3,0.59,高风险
0.42,0.25,否,0.74,0.75,5.78,中级,1次,≥2次,31.46,19.76,0.08,是,是,0.85,深基坑,2.75,0.53,0.26,0.8,0.49,4,0.42,高风险
0.57,0.11,否,0.65,0.8,1.5,初级,无,1次,18.39,13.67,0.25,是,是,0.28,高支模,17.91,0.4,0.03,0.68,0.4,1,0.64,高风险
0.77,0.46,否,0.75,0.7,0.74,高级,1次,无,26.79,60.3,0.05,是,是,0.56,深基坑,40.05,0.66,0,0.86,0.98,1,0.27,低风险
0.55,0.06,否,0.63,0.83,12.87,无证,1次,1次,14.55,21.27,0.16,是,是,0.66,车辆,1.21,0.56,0.65,0.93,0.78,3,0.82,高风险
0.73,0.31,否,0.7,0.84,18.47,中级,≥2次,1次,30.58,26.09,0.76,是,是,0.73,配电箱,1.93,1,0.07,0.58,0.41,1,0.84,中风险
0.69,0.2,否,0.7,0.85,23.03,中级,无,1次,14.03,18.38,0.07,是,是,0.55,配电箱,2.84,0.52,0,0.87,0.57,4,0.43,无风险
0.37,0.17,否,0.73,0.78,31.09,高级,无,无,14.49,30.3,0.11,是,否,0.6,深基坑,5.62,1,0.08,0.78,0.41,1,0.51,高风险
0.72,0.38,否,0.82,0.77,4.46,初级,1次,无,19.51,38.72,0.13,是,是,0.78,配电箱,2.73,0.52,0.49,0.96,0.95,3,0.6,中风险
0.17,0.46,否,0.75,0.63,16.55,中级,无,无,19.01,38.64,0.3,是,是,0.7,车辆,62.84,0.38,0.27,0.83,0.65,0,0.7,高风险
0.61,0.23,否,0.56,0.74,9.3,中级,1次,≥2次,13.91,24.43,0.11,是,是,0.58,高支模,1.03,0.81,0.7,0.72,0.7,1,0.52,高风险
0.77,0.35,否,0.66,0.65,12.47,高级,1次,无,35.57,17.49,0.38,是,是,0.12,配电箱,25.06,0.83,0.19,0.8,0.73,3,0.77,高风险
0.84,0.43,否,0.79,0.8,10.18,高级,无,1次,23.79,29.04,0.25,是,是,0.91,塔吊,16.64,0.38,0,0.85,0.29,7,0.21,低风险
0.49,0.14,否,0.79,0.83,5.55,初级,无,无,60.56,10.61,0.16,是,是,0.73,车辆,0.47,1,0,0.74,0.67,1,0.63,无风险
0.77,0.21,否,0.66,0.69,0.2,初级,1次,无,24.37,39.51,0.09,是,是,0.75,深基坑,34.88,0.79,0.16,0.84,0.55,3,0.77,中风险
0.17,0.28,否,0.6,0.78,2.26,中级,1次,1次,32.47,27.05,0.25,是,是,0.43,高支模,1.95,0.82,0.28,0.93,0.27,2,0.59,极高风险
0.22,0.39,否,0.74,0.74,0.24,中级,无,1次,17.67,13.2,0.16,是,是,0.74,高支模,23,1,0.1,0.7,0.8,0,0.53,中风险
0.61,0.23,否,0.79,0.81,3.84,无证,无,无,37.06,14.13,0.08,是,是,0.55,高支模,10.2,0.19,0.47,0.86,0.82,3,0.78,高风险
0.72,0.08,否,0.59,0.89,4.7,中级,1次,无,37.66,16.28,0.49,是,是,0.58,配电箱,7.97,0.49,0.82,0.75,0.87,4,0.52,高风险
0.28,0.19,否,0.45,0.8,5,初级,无,1次,63.01,26.63,0.21,是,是,0.72,塔吊,20.36,0.62,0.41,0.81,0.52,3,0.87,高风险
0.87,0.2,否,0.7,0.76,27.91,初级,无,无,18.69,25.83,0.48,是,是,0.83,高支模,8.4,1,0.28,0.79,0.8,1,0.56,无风险
0.58,0.56,否,0.56,0.69,37.85,中级,无,无,12.83,29.77,0.82,是,是,0.96,塔吊,0.4,0.49,0.18,0.7,0.5,5,0.83,低风险
0.34,0.34,否,0.87,0.65,3.12,中级,无,无,20.71,12.98,0.02,是,是,0.82,车辆,29.49,0.69,0.63,0.64,0.92,3,0.67,低风险
0.43,0.19,否,0.38,0.88,0.88,中级,无,无,26.47,13.82,0.52,是,是,0.6,配电箱,40.89,0.3,0.5,0.47,0.81,2,0.92,高风险
0.14,0.31,否,0.62,0.67,12.78,中级,无,无,6.64,8.59,0.64,是,是,0.68,配电箱,63.19,1,0.94,0.71,0.58,1,0.65,高风险
0.86,0.46,否,0.8,0.9,8.97,初级,无,无,29.51,74.82,0.68,是,是,0.14,深基坑,12.4,0.57,0.47,0.77,0.66,5,0.33,极高风险
0.25,0.19,否,0.6,0.88,1.06,中级,无,1次,8.31,27.14,0.19,是,是,0.84,高支模,0.85,0.64,0,0.9,0.53,5,0.72,低风险
0.6,0.38,否,0.69,0.68,28.91,初级,无,无,20.33,31.68,0.37,是,是,0.97,配电箱,47.92,1,0.8,0.68,0.37,5,0.9,中风险
0.69,0.28,否,0.65,0.93,1.99,初级,1次,1次,27.66,68.02,0.41,是,是,0.75,配电箱,6.99,0.76,0,0.77,0.9,3,0.61,高风险
0.56,0.27,否,0.59,0.94,8.09,初级,无,无,49.99,75.55,0.26,是,是,0.82,深基坑,14.59,0.8,0.46,0.78,0.7,3,0.77,中风险
0.3,0.36,否,0.68,0.7,0.11,中级,无,无,27.35,28.66,0.13,是,是,0.41,配电箱,28.97,0.2,0.11,0.8,0.9,2,0.59,高风险
0.25,0.26,否,0.78,0.86,7.6,高级,无,无,36.68,32.68,0.02,是,是,0.62,深基坑,45.77,0.58,0.21,0.89,0.46,2,0.53,低风险
0.49,0.37,否,0.66,0.89,13.85,中级,无,1次,15.4,65.7,0.48,是,是,0.5,塔吊,16.3,0.33,0,0.62,0.87,2,0.34,高风险
0.89,0.28,否,0.74,0.79,0.23,中级,无,无,16.04,33.96,0.38,是,是,0.41,塔吊,13.33,0.26,0.1,0.78,0.59,3,0.93,中风险
0.47,0.32,否,0.78,0.71,18.68,无证,无,1次,19.13,14.63,0.26,是,否,0.72,配电箱,12.26,0.78,0.2,0.8,0.32,4,0.87,极高风险
0.66,0.22,否,0.55,0.73,0.27,无证,无,无,17.1,48.28,0.67,是,是,0.9,深基坑,2.75,0.44,0.23,0.76,0.83,5,0.54,高风险
0.45,0.19,否,0.62,0.78,11.17,中级,无,无,18.37,23.77,0.3,是,是,0.64,车辆,14.91,1,0.79,0.8,0.81,4,0.55,中风险
0.5,0.42,否,0.6,0.92,6.35,高级,无,无,25.18,27.47,0.4,是,是,0.65,高支模,4.97,0.43,0.28,0.91,0.66,0,0.43,低风险
0.09,0.22,否,0.64,0.64,1.82,中级,无,无,11.79,19.85,0.04,是,是,0.81,深基坑,23.22,1,0.23,0.95,0.96,2,0.58,高风险
0.42,0.11,否,0.58,0.92,1.22,高级,无,无,27.51,30.38,0.35,是,是,0.9,高支模,3.97,0.4,0.32,0.78,0.64,1,0.47,无风险
0.84,0.33,否,0.72,0.78,5.59,初级,无,无,20.9,21.37,0.2,是,是,0.39,深基坑,13.56,0.64,0.1,0.75,0.61,0,0.65,低风险
0.46,0.36,否,0.72,0.77,4.73,无证,无,无,37.36,26.77,0.06,是,是,0.54,配电箱,16.24,0.59,0.02,0.75,0.44,1,0.78,高风险
0.71,0.17,否,0.7,0.77,6.91,高级,无,无,39.91,19.02,0.23,是,是,0.71,高支模,52.42,0.57,0,0.88,0.28,1,0.6,无风险
0.81,0.32,否,0.69,0.61,13.09,初级,无,无,10.02,26.35,0.04,是,是,0.23,车辆,10.5,0.51,0.52,0.97,0.93,1,0.7,中风险
0.87,0.29,否,0.62,0.64,39.13,中级,无,无,18.28,18.94,0.23,是,是,0.77,车辆,13.51,0.31,0.44,0.72,0.28,0,0.97,低风险
0.52,0.67,否,0.72,0.73,11.25,中级,无,无,30.92,28.42,0.3,是,是,0.84,车辆,3.26,0.55,0,0.67,0.75,3,0.84,无风险
0.44,0.06,否,0.59,0.98,20.05,中级,无,无,26.02,74.76,0.08,是,是,0.55,塔吊,2.54,0.65,0,0.79,0.32,1,0.75,无风险
0.86,0.9,否,0.78,0.86,31.4,中级,无,无,11.81,111.87,0.25,是,是,0.7,塔吊,24.11,1,0,0.83,0.6,3,0.19,高风险
0.79,0.3,否,0.71,0.87,7.78,中级,1次,1次,37.6,19.58,0.13,是,是,0.31,配电箱,10.41,0.69,0.14,0.64,0.28,1,0.52,高风险
0.23,0.32,否,0.65,0.63,2.91,中级,1次,≥2次,10.02,41.27,0.31,是,是,0.6,车辆,17.02,0.78,0.14,0.93,0.53,2,0.84,极高风险
0.73,0.12,否,0.71,0.97,8.46,初级,无,无,14.94,33.04,0.42,是,是,0.87,塔吊,26.73,0.68,0.22,0.79,0.7,1,0.64,无风险
0.46,0.32,否,0.62,0.94,1.44,中级,1次,≥2次,27.8,30.02,0.12,是,是,0.33,塔吊,3.47,0.63,0.12,0.71,0.16,6,0.44,极高风险
0.81,0.17,否,0.61,0.65,2.99,中级,无,无,12.8,16.02,0.16,否,是,0.36,深基坑,14.45,0.45,0.19,0.92,0.86,2,0.94,高风险
0.42,0.29,否,0.66,0.98,3.85,初级,无,无,19.25,12.15,0.23,是,是,0.72,车辆,18.46,1,0.47,0.92,0.8,2,0.3,中风险
0.62,0.39,否,0.71,0.64,21.59,初级,无,无,42.61,68.13,0.6,是,是,0.59,塔吊,37.25,0.44,0.09,0.71,0.13,0,0.43,极高风险
0.76,0.71,否,0.65,0.82,18.18,高级,无,无,28.67,46.59,0.11,是,是,0.91,配电箱,4.47,0.54,0,0.77,0.71,7,0.46,无风险
0.33,0.19,否,0.68,0.71,7.15,无证,无,无,27.86,22.71,0.12,是,是,0.36,塔吊,22.88,0.49,0.24,0.85,0.46,1,0.29,高风险
0.81,0.47,否,0.67,0.83,5.34,高级,无,1次,15.9,14.65,0.82,是,是,0.89,车辆,26.57,0.31,0.63,0.66,0.57,1,0.43,极高风险
0.2,0.12,否,0.57,0.78,0.7,高级,无,无,36.26,19.14,0.08,是,是,0.95,塔吊,20.26,0.78,0.29,0.86,0.65,1,0.7,无风险
0.73,0.33,否,0.63,0.76,0.31,初级,1次,无,11.99,13.88,0.06,是,是,0.71,深基坑,12.61,0.5,0.15,0.92,0.45,4,0.92,中风险
0.47,0.26,否,0.74,0.8,13.7,中级,无,无,10.11,21.29,0.03,是,是,0.68,高支模,14.33,0.63,0.87,0.88,0.84,9,0.45,高风险
0.54,0.21,否,0.74,0.86,8.78,初级,无,1次,27.33,23.22,0.47,是,是,0.89,配电箱,8.68,0.7,0.37,0.76,0.77,5,0.34,高风险
0.67,0.44,否,0.59,0.97,26.59,高级,无,无,20.8,45.53,0.15,是,是,0.22,深基坑,27.44,0.73,0.49,0.72,0.29,3,0.73,高风险
0.72,0.08,否,0.62,0.87,9.23,高级,无,无,9.31,51.46,0.19,是,是,0.73,车辆,36.24,1,0.59,0.85,0.5,0,0.49,低风险
0.82,0.24,否,0.69,0.74,9.56,高级,无,1次,21.19,70.44,0.34,是,是,0.68,车辆,29.43,1,0.23,0.92,0.74,1,0.12,中风险
0.61,0.4,否,0.77,0.68,3.06,无证,无,无,17.88,107.63,0.08,是,是,0.3,深基坑,15.45,0.9,0.23,0.69,0.37,3,0.82,极高风险
0.37,0.26,否,0.65,0.9,11.87,中级,无,1次,21.19,17.02,0.15,是,是,0.41,车辆,12.92,0.46,0.07,0.71,0.66,5,0.66,中风险
0.32,0.18,否,0.74,0.86,8.96,初级,无,无,11.65,54.4,0.09,是,是,0.9,塔吊,4.9,1,0.04,0.53,0.92,1,0.52,无风险
0.8,0.22,否,0.84,0.76,2.85,高级,无,1次,7.5,42.17,0.1,是,是,0.67,车辆,55.1,1,0,0.84,0.76,3,0.16,无风险
0.53,0.19,否,0.71,0.9,8.11,高级,1次,无,34.69,23.24,0.12,是,是,0.91,深基坑,14.11,0.69,0.26,0.79,0.84,2,0.46,无风险
0.93,0.99,否,0.77,0.74,4.49,中级,1次,无,16.11,39.53,0.2,是,是,0.65,高支模,20.99,0.42,0,0.44,0.47,2,0.44,高风险
0.7,0.47,否,0.6,0.77,17.92,中级,无,无,31.54,9.57,0.08,是,是,0.42,车辆,21.9,0.43,0.49,0.69,0.32,1,0.47,高风险
0.22,0.15,否,0.57,0.51,23.17,高级,1次,无,21.72,37.56,0.05,否,是,0.63,配电箱,1.33,0.76,0.78,0.9,0.59,2,0.65,极高风险
0.53,0.35,否,0.75,0.77,10.78,高级,无,≥2次,17.57,29.49,0.65,是,是,0.28,车辆,8.29,0.57,0,0.71,0.91,2,0.59,高风险
0.85,0.23,否,0.65,0.92,26,中级,1次,无,18.23,31.7,0.03,是,是,0.8,车辆,13.54,1,0.26,0.68,0.88,5,0.81,无风险
0.6,0.15,否,0.83,0.78,7.78,中级,无,无,35.54,43.52,0,是,是,0.74,配电箱,13.14,0.38,0.67,0.5,0.65,5,0.71,中风险
0.78,0.28,否,0.57,0.73,4.1,初级,无,无,21.88,68.12,0.78,是,是,0.21,深基坑,2.96,0.81,0.91,0.91,0.72,2,0.7,极高风险
0.53,0.42,否,0.93,0.56,0.09,初级,无,1次,28.99,24.01,0.02,是,是,0.22,塔吊,24.27,1,0.29,0.73,0.7,1,0.85,高风险
0.51,0.26,否,0.56,0.9,10.43,初级,无,无,13.82,25.75,0.16,是,是,0.74,塔吊,4.52,1,0,0.8,0.81,4,0.25,无风险
0.33,0.55,否,0.66,0.91,22.62,中级,无,1次,15.2,52.77,0.45,是,是,0.89,配电箱,22.85,1,0.13,0.88,0.67,1,0.8,中风险
0.5,0.38,否,0.72,0.83,0.46,初级,无,无,36.84,38,0.2,是,是,0.72,车辆,18.61,0.6,0.04,0.7,0.23,0,0.65,高风险
0.59,0.41,否,0.71,0.73,12.15,中级,无,1次,10.04,16.31,0.55,是,是,0.68,塔吊,35.49,1,0,0.81,0.34,3,0.94,低风险
0.74,0.22,否,0.77,0.79,7.39,初级,无,无,22.81,66.55,0.38,否,是,0.24,高支模,13.94,0.86,0.54,0.97,0.8,1,0.56,极高风险
0.95,0.81,否,0.79,0.93,18.58,初级,无,无,39.31,30.39,0,是,否,0.61,塔吊,20.66,0.77,0.69,0.92,0.62,4,0.67,极高风险
0.65,0.35,否,0.65,0.72,13.7,中级,无,无,43.35,43.24,0.85,是,是,0.76,深基坑,1.97,0.77,0.04,0.82,0.69,0,0.48,低风险
0.54,0.44,否,0.66,0.97,8.8,中级,1次,无,21.96,15.23,0.44,是,否,0.82,塔吊,1.28,0.82,0,0.85,0.26,5,0.38,高风险
0.77,0.21,否,0.66,0.9,6.6,中级,无,无,16.91,12.2,0.24,否,是,0.98,深基坑,26.43,0.48,0.47,0.89,0.73,1,0.6,高风险
0.18,0.19,否,0.61,0.77,5.91,高级,无,1次,33.79,13.59,0.78,是,是,0.76,高支模,11.31,0.7,0.05,0.98,0.76,1,0.39,高风险
0.55,0.65,否,0.71,0.71,0.2,高级,1次,≥2次,52.74,55.61,0.11,是,是,0.48,深基坑,19.64,0.46,0,0.66,0.38,1,0.37,极高风险
0.79,0.42,否,0.81,0.84,5.62,中级,1次,1次,22.34,27.14,0.05,是,是,0.67,配电箱,20.69,0.24,0,0.72,0.41,2,0.65,中风险
0.59,0.23,否,0.71,0.75,2.58,初级,1次,无,25.5,19.22,0.3,是,否,0.76,车辆,16.01,0.67,0,0.86,0.17,3,0.62,极高风险
0.48,0.39,是,0.77,0.87,18.36,中级,无,无,9.97,40.19,0.2,是,是,0.62,车辆,0.07,0.68,0.05,0.79,0.72,4,0.51,高风险
0.54,0.48,否,0.61,0.73,2.02,中级,无,无,14.66,35.71,0.46,否,是,0.75,塔吊,38.03,0.81,0.1,0.69,0.48,2,0.56,极高风险
0.87,0.42,否,0.71,0.82,7.81,初级,无,无,15.43,8.22,0,是,是,0.53,高支模,10.76,0.25,0,0.77,0.1,3,0.84,低风险
0.37,0.52,否,0.63,0.81,4.07,中级,无,无,38.15,40.75,0.12,是,是,0.14,高支模,10.78,0.44,0.23,0.6,0.41,4,0.34,极高风险
0.39,0.32,否,0.7,0.83,8.3,中级,无,无,8.74,31,0.03,是,否,0.75,高支模,16.69,0.86,0.53,0.86,0.87,1,0.87,高风险
0.3,0.24,否,0.58,0.9,0.93,初级,无,1次,10.94,10.03,0.1,是,是,0.84,高支模,25.45,0.85,0.66,0.78,0.77,5,0.38,高风险
0.8,0.49,否,0.9,0.84,2.03,中级,无,1次,17.64,45.31,0.28,是,是,0.87,塔吊,42.79,0.85,0.01,0.68,0.23,2,0.72,中风险
0.47,0.45,否,0.74,0.92,0.15,中级,无,≥2次,11.27,29.82,0.16,是,是,0.96,配电箱,2.44,1,0,0.74,0.55,3,0.57,低风险
0.38,0.06,否,0.66,0.79,10.06,高级,无,无,11.88,30.45,0.05,是,是,0.64,深基坑,13.09,0.54,0.15,0.79,0.72,2,0.09,高风险
0.41,0.34,否,0.67,0.98,1.56,初级,1次,无,22.29,17.97,0.33,是,是,0.82,塔吊,10.64,1,0,0.82,0.81,1,0.7,无风险
0.28,0.48,否,0.69,0.89,7.04,中级,无,≥2次,26.06,42.48,0.57,是,是,0.08,高支模,2.27,0.84,0.39,0.67,0.75,4,0.79,极高风险
0.61,0.19,否,0.67,0.82,17.82,中级,1次,无,32.61,27.45,0.35,是,是,0.91,车辆,5.32,0.65,0.21,0.79,0.59,3,0.82,无风险
0.77,0.31,否,0.72,0.85,7.28,初级,无,≥2次,9.33,26.77,0.38,是,是,0.91,高支模,30.95,0.84,0,0.72,0.56,1,0.28,高风险
0.52,0.17,否,0.56,0.91,18.89,初级,无,1次,31.36,20.94,0.11,是,是,0.73,深基坑,12.27,0.24,0.1,0.87,0.78,3,0.6,低风险
0.65,0.39,否,0.82,0.91,24.85,无证,无,无,18.76,39.18,0.22,是,是,0.56,配电箱,4.25,0.77,0.21,0.85,0.93,5,0.18,高风险
0.53,0.24,否,0.77,0.69,11.8,初级,无,无,15.21,11.83,0.08,是,是,0.43,深基坑,4.5,0.66,0,0.75,0.56,4,0.76,无风险
0.38,0.33,否,0.8,0.88,2.17,中级,无,1次,11.68,20.39,0.56,是,否,0.71,高支模,23.18,1,0.39,0.86,0.74,0,0.68,极高风险
0.76,0.59,否,0.74,0.83,2.8,初级,无,无,20.71,41.73,0.04,是,是,0.81,深基坑,18.8,0.78,0.34,0.82,0.3,3,0.56,中风险
0.47,0.7,否,0.88,0.76,1.1,中级,无,1次,35.81,46.76,0.16,是,否,0.32,车辆,15.84,0.11,0.28,0.62,0.71,2,0.68,极高风险
0.73,0.54,否,0.61,0.96,6.7,中级,1次,无,20.43,61.94,0.07,是,是,0.53,深基坑,23.74,0.86,0.04,0.72,0.42,1,0.79,高风险
0.7,0.62,否,0.61,0.69,3.02,初级,无,1次,37.78,19.87,0.04,是,是,0.75,高支模,41.68,1,0.18,0.94,0.81,3,0.79,中风险
0.47,0.54,否,0.76,0.81,3.1,中级,1次,≥2次,61.31,85.61,0.02,是,否,0.68,车辆,2,0.39,0.59,0.94,0.34,3,0.35,极高风险
0.66,0.97,否,0.77,0.79,33.76,初级,无,无,27.35,45.83,0.65,是,是,0.47,高支模,32.62,0.41,0.21,0.87,0.5,6,0.31,极高风险
0.31,0.26,否,0.67,0.95,0.08,中级,无,无,28.22,70.8,0.11,是,是,0.88,塔吊,71.68,1,0.44,0.87,0.72,2,0.63,中风险
0.79,0.51,否,0.71,0.94,21.54,高级,1次,无,20.63,9.97,0.5,是,是,0.72,车辆,46.54,0.66,0.48,0.82,0.71,0,0.36,低风险
0.71,0.13,否,0.77,0.71,5.68,高级,无,无,15.63,22,0.62,是,是,0.84,车辆,15.46,0.74,0.25,0.76,0.65,8,0.89,高风险
0.78,0.28,否,0.59,0.79,5.4,中级,无,1次,25.25,19.31,0.11,是,是,0.13,车辆,1.95,1,0.08,0.86,0.88,1,0.36,高风险
0.38,0.19,否,0.77,0.91,5.47,初级,无,1次,22.31,28.5,0.63,是,否,0.24,高支模,0.35,0.61,0.16,0.81,0.78,2,0.39,极高风险
0.87,0.28,否,0.7,0.91,21.41,中级,1次,无,38.91,24.77,0.28,是,是,0.46,深基坑,14,0.54,0.38,0.95,0.86,4,0.85,无风险
0.71,0.07,否,0.78,0.91,0.35,初级,无,1次,22.38,28.43,0.06,是,是,0.51,深基坑,27.79,0.5,0.04,0.69,0.54,7,0.4,高风险
0.27,0.23,否,0.7,0.66,0.15,中级,无,1次,6.86,54.21,0.67,是,是,0.79,深基坑,1.68,0.43,0.13,0.97,0.74,6,0.37,极高风险
0.82,0.38,否,0.76,0.75,3.35,高级,无,1次,38.59,20.5,0.35,是,是,0.62,配电箱,4.95,0.65,0.13,0.53,0.52,1,0.46,中风险
0.38,0.14,否,0.78,0.9,2.97,初级,1次,无,16.09,29.59,0.09,是,是,0.93,车辆,4.44,0.75,0.73,0.81,0.87,1,0.77,低风险
0.52,0.13,否,0.67,0.77,23.17,无证,无,无,11.37,73.9,0.15,是,是,0.89,配电箱,4.37,0.83,0.6,0.76,0.96,2,0.53,高风险
0.32,0.29,否,0.76,0.74,6.79,中级,无,无,20.45,26.3,0.07,是,是,0.18,车辆,15.56,0.43,0.06,0.95,0.42,3,0.5,高风险
0.49,0.12,否,0.49,0.75,2.14,中级,无,无,25.02,26.55,0.09,是,是,0.57,车辆,21.42,0.92,0.24,0.89,0.75,3,0.94,低风险
0.81,0.19,否,0.69,0.69,22.51,高级,无,无,7.94,8.56,0.18,是,是,0.92,高支模,3.21,0.49,0,0.74,0.71,4,0.52,无风险
0.73,0.2,否,0.74,0.85,9.03,中级,无,无,26.7,32.24,0.3,是,是,0.16,塔吊,40.11,0.82,0.05,0.84,0.9,4,0.26,高风险
0.24,0.25,是,0.72,0.7,4.35,初级,无,1次,93.32,21.4,0.09,是,是,0.93,车辆,28.49,0.74,0.12,0.64,0.9,0,0.3,极高风险
0.72,0.23,否,0.68,0.96,2.37,中级,无,1次,13.96,15.32,0.14,是,是,0.54,车辆,4.34,1,0,0.82,0.5,2,0.22,无风险
0.75,0.45,否,0.68,0.69,7.83,中级,无,无,15.18,72.55,0.4,是,是,0.31,深基坑,1.87,0.88,0.18,0.36,0.68,1,0.78,中风险
0.81,0.32,否,0.58,0.76,8.11,中级,无,无,36.47,38.28,0.2,是,是,0.34,高支模,19.23,0.53,0.51,0.84,0.54,2,0.79,高风险
0.2,0.75,否,0.67,0.73,12.2,中级,无,≥2次,54.88,36.41,0.21,是,是,0.37,塔吊,39.23,0.55,0.03,0.87,0.88,2,0.48,极高风险
0.6,0.26,否,0.61,0.63,0.37,初级,1次,无,8.5,26.99,0.17,是,是,0.77,配电箱,40.37,0.43,0.36,0.92,0.62,4,0.79,极高风险
0.61,0.56,否,0.53,0.86,1.2,中级,无,≥2次,21.06,21.52,0.14,是,是,0.83,深基坑,7.92,0.89,0.48,0.73,0.77,1,0.7,中风险
0.61,0.48,否,0.75,0.65,20.79,中级,无,1次,21.93,19.79,0.38,是,是,0.54,高支模,0.76,0.59,0.43,0.88,0.87,1,0.71,低风险
0.48,0.24,否,0.9,0.88,12.91,高级,无,无,17.68,21.33,0.19,是,是,0.67,高支模,20.35,0.37,0,0.98,0.17,2,0.45,无风险
0.63,0.17,否,0.77,0.71,8.68,初级,无,无,11.49,30.32,0.21,是,是,0.62,车辆,4.91,0.58,0.7,0.96,0.43,1,0.53,中风险
0.38,0.22,否,0.57,0.88,2.73,高级,无,无,28.58,42.77,0.27,是,是,0.71,配电箱,14.65,1,0.17,0.58,0.53,4,0.44,中风险
0.43,0.32,否,0.67,0.89,6.72,初级,1次,1次,17.01,30,0.27,是,是,0.5,塔吊,0.81,0.78,0,0.51,0.15,3,0.54,极高风险
0.79,0.25,否,0.73,0.88,19.08,中级,无,无,11.08,44.91,0.46,否,是,0.95,高支模,7.65,1,0.34,0.83,0.82,2,0.72,高风险
0.6,0.59,否,0.66,0.76,36.18,中级,无,无,38.59,10.35,0.17,是,是,0.52,深基坑,1.11,0.76,0,0.84,0.82,4,0.9,无风险
0.8,0.39,否,0.77,0.68,12.77,无证,无,无,16.95,18.67,0.06,是,是,0.5,配电箱,51.25,0.12,0.36,0.75,0.45,4,0.89,极高风险
0.44,0.28,否,0.6,0.74,12.04,中级,无,1次,49.67,18.48,0.09,是,是,0.51,塔吊,0.42,0.52,0.39,0.8,0.29,4,0.38,高风险
0.73,0.15,否,0.61,0.99,11.72,中级,无,无,20.78,10.32,0.26,是,是,0.71,车辆,17.59,0.51,0.16,0.97,0.57,2,0.6,无风险
0.44,0.42,否,0.72,0.53,2.59,初级,无,无,26.33,35.69,0.69,是,是,0.23,车辆,23.49,1,0.06,0.86,0.44,4,0.52,极高风险
0.91,0.57,否,0.71,0.69,0.58,高级,无,无,15.32,20.47,0.49,是,是,0.1,车辆,22.6,1,0.5,0.79,0.36,4,0.54,极高风险
0.4,0.22,否,0.65,0.87,13.48,中级,无,无,38.71,24.46,0.26,是,是,0.59,塔吊,2.65,0.53,0.42,0.8,0.82,2,0.86,无风险
0.19,0.16,否,0.72,0.77,17.14,中级,无,无,23.87,22.94,0.11,是,是,0.85,高支模,15.55,1,0.36,0.97,0.64,1,0.78,高风险
0.61,0.24,否,0.7,0.84,7.35,初级,无,无,41.21,47.86,0.3,是,是,0.12,配电箱,10.37,0.52,0,0.8,0.69,4,0.63,高风险
0.76,0.29,否,0.73,0.93,11.79,中级,无,无,36.67,47.81,0.08,是,是,0.57,深基坑,23.45,1,0.25,0.87,0.67,1,0.23,低风险
0.47,0.23,否,0.44,0.71,1.95,初级,无,1次,30.39,63.59,0.16,是,是,0.86,高支模,9.78,0.15,0.22,0.84,0.81,0,0.63,高风险
0.86,0.28,否,0.84,0.87,2.8,高级,无,无,20.48,19.48,0.04,是,是,0.72,塔吊,34.13,0.83,0.52,0.84,0.56,1,0.76,无风险
0.53,0.14,否,0.77,1,25.41,中级,1次,1次,24.22,25.08,0.13,是,是,0.91,高支模,16.63,0.47,0.34,0.65,0.25,1,0.49,低风险
0.18,0.36,否,0.66,0.63,1.7,初级,无,1次,14.54,51.31,0.05,是,是,0.23,深基坑,0.01,0.53,0.14,0.75,0.88,7,0.77,极高风险
0.72,0.58,否,0.68,0.73,13.85,初级,1次,≥2次,23.87,35.78,0.13,是,是,0.78,车辆,16.31,0.62,0.17,0.66,0.63,3,0.75,极高风险
0.23,0.19,否,0.73,0.96,2.61,无证,无,无,18.05,8.93,0.18,是,是,0.75,深基坑,10.5,1,0.46,0.61,0.69,1,0.46,高风险
0.45,0.22,否,0.76,0.79,4.01,初级,1次,无,29.23,14.07,0.1,是,是,0.82,深基坑,1.85,0.35,0.19,0.7,0.15,2,0.35,中风险
0.49,0.26,否,0.74,0.78,12.82,初级,1次,无,9.95,47.67,0.3,是,是,0.18,车辆,0.76,1,0,0.84,0.43,2,0.47,高风险
0.77,0.39,否,0.74,0.78,7.06,中级,≥2次,无,16.42,34.8,0.3,是,是,0.81,塔吊,2.22,1,0.5,0.83,0.22,1,0.62,中风险
0.28,0.11,否,0.74,0.78,0.84,初级,无,无,28.87,37.04,0.17,否,是,0.42,深基坑,3.87,0.85,0.35,0.78,0.34,1,0.68,极高风险
0.59,0.25,否,0.7,0.86,19.07,中级,1次,1次,15.99,27.95,0.09,是,是,0.78,深基坑,16.8,0.78,0.21,0.91,0.69,4,0.8,低风险
0.79,0.24,否,0.68,0.85,14.96,初级,无,1次,25.75,17.9,0.28,是,是,0.93,配电箱,32.98,0.74,0.36,0.65,0.45,5,0.7,中风险
0.78,0.34,否,0.77,0.92,7.22,中级,无,无,21.53,34.84,0.54,是,是,0.96,深基坑,27.52,0.51,0.53,0.68,0.51,3,0.92,中风险
0.45,0.23,否,0.76,0.79,8.54,高级,无,无,19.58,49.95,0.06,是,是,0.28,深基坑,5.27,0.41,0.11,0.7,0.7,3,0.93,无风险
0.81,0.14,否,0.65,0.78,8.24,初级,无,1次,13.06,29.28,0.1,是,是,0.7,配电箱,38.88,0.74,0.13,0.7,0.51,1,0.22,中风险
0.68,0.18,否,0.72,0.71,1.65,高级,无,≥2次,21.49,35.53,0.1,是,是,0.59,高支模,1.63,0.64,0.23,0.9,0.9,6,0.61,低风险
0.58,0.45,否,0.62,0.72,0.01,中级,无,无,17.02,102.35,0.1,是,是,0.4,车辆,24.2,0.62,0.1,0.9,0.62,6,0.78,极高风险
0.91,0.28,否,0.74,0.98,4.43,初级,无,≥2次,18.85,14.22,0.32,是,是,0.48,车辆,2.71,0.74,0,0.77,0.48,0,0.39,低风险
0.55,0.28,否,0.7,0.86,3.67,高级,1次,1次,11.7,27.86,0.04,是,是,0.78,配电箱,14.41,0.34,0.26,0.77,0.63,3,0.49,高风险
0.66,0.19,否,0.56,0.82,3.01,初级,无,无,29.9,23.45,0.03,是,是,0.81,塔吊,17.73,0.36,0.72,0.94,0.78,4,0.51,低风险
0.29,0.34,否,0.61,0.82,2.69,高级,无,无,18.43,55.52,0.54,是,是,0.91,高支模,19.61,0.73,0.5,0.88,0.7,1,0.67,高风险
0.36,0.29,否,0.52,0.76,6.17,高级,1次,1次,22.72,13.58,0.26,是,是,0.74,高支模,0.76,0.84,0.16,0.75,0.24,4,0.48,中风险
0.88,0.17,否,0.77,0.8,13.83,初级,1次,无,17.72,29.1,0.03,是,是,0.38,塔吊,0.38,0.53,0.33,0.88,0.66,1,0.93,无风险
0.26,0.52,否,0.8,0.88,1.85,无证,无,无,15.57,12.3,0.5,是,是,0.41,塔吊,13.77,0.64,0.55,0.97,0.53,0,0.61,极高风险
0.77,0.22,否,0.82,0.79,16.6,高级,无,无,24.75,32.56,0.12,是,是,0.84,车辆,2.43,0.75,0.42,0.87,0.89,1,0.34,无风险
0.45,0.1,否,0.49,0.76,3.48,初级,无,1次,15.71,22.84,0.14,是,是,0.48,高支模,10.97,0.65,0.28,0.83,0.41,4,0.87,高风险
0.29,0.91,否,0.66,0.69,4.08,初级,无,≥2次,19.71,76.63,0.21,是,是,0.65,车辆,22.13,0.79,0,0.82,0.59,2,0.84,极高风险
0.3,0.26,否,0.66,0.84,4.69,中级,无,无,15.52,63.91,0.43,是,是,0.91,车辆,0.18,0.72,0.32,0.93,0.71,1,0.13,低风险
0.69,0.32,否,0.46,0.87,12.72,初级,无,无,22.42,21.28,0.31,是,是,0.76,塔吊,10.77,0.35,0.27,0.88,0.42,3,0.78,中风险
0.83,0.21,否,0.79,0.87,3.87,初级,1次,1次,20.22,24.34,0.13,是,是,0.52,车辆,24.35,1,0.3,0.87,0.7,4,0.34,高风险
0.53,0.4,否,0.8,0.83,9.77,中级,1次,无,26.04,60.87,0.17,是,是,0.89,高支模,14.49,0.35,0.15,0.53,0.59,3,0.82,高风险
0.23,0.12,否,0.53,0.79,6.07,无证,≥2次,1次,24.46,14.79,0.07,是,是,0.89,高支模,23.13,0.79,0.22,0.99,0.49,2,0.75,极高风险
0.66,0.07,否,0.69,0.77,2.67,中级,无,无,13.14,9.84,0.23,是,是,0.83,配电箱,11.24,0.82,0,0.66,0.76,2,0.92,无风险
0.93,0.28,否,0.53,0.74,4.5,初级,无,无,21.54,37.26,0.35,是,是,0.84,高支模,27.68,0.55,0.25,0.53,0.52,1,0.6,高风险
0.69,0.46,否,0.74,0.92,2.9,初级,无,无,45.09,45.91,0.57,是,是,0.81,配电箱,48.68,0.57,0.08,0.98,0.9,1,0.74,中风险
0.82,0.45,否,0.75,0.81,9.45,初级,无,无,8.88,41.96,0.76,是,是,0.62,高支模,26.31,0.42,0.12,0.84,0.78,0,0.62,高风险
0.44,0.24,否,0.76,0.83,3.01,中级,无,≥2次,39.27,63.88,0.05,是,是,0.29,深基坑,18.48,0.59,0.49,0.9,0.85,0,0.33,极高风险
0.92,0.45,否,0.79,0.87,4.54,中级,无,无,15.39,28.34,0.38,是,是,0.94,车辆,4.37,1,0.17,0.85,0.04,2,0.71,无风险
0.78,0.39,否,0.64,0.85,28.77,初级,无,无,12.57,51.71,0.43,是,是,0.83,深基坑,14.44,0.64,0.14,0.86,0.68,4,0.61,低风险
0.82,0.5,否,0.97,0.87,37.75,中级,无,无,31.32,19.5,0.24,是,是,0.13,深基坑,0.27,0.65,0.19,0.68,0.57,1,0.54,高风险
0.36,0.68,否,0.71,0.93,8.22,中级,无,1次,27.49,56.45,0.43,是,是,0.6,高支模,20.26,0.5,0.21,0.8,0.22,2,0.42,极高风险
0.8,0.11,否,0.72,0.66,3.43,中级,无,1次,47.6,46.54,0.02,是,是,0.76,塔吊,5.76,0.6,0.24,0.72,0.66,6,0.46,低风险
0.96,0.44,否,0.68,0.82,25.4,中级,无,无,10.07,50.39,0.64,是,是,0.92,深基坑,50.96,0.61,0.59,0.86,0.44,1,0.28,高风险
0.07,0.15,否,0.68,0.88,23.76,中级,无,无,30.71,10.55,0.4,是,是,0.39,深基坑,14.76,0.24,0.22,0.93,0.46,2,0.63,高风险
0.89,0.25,否,0.7,0.68,0.8,初级,无,无,7.59,61.99,0.68,是,是,0.24,深基坑,16.28,0.75,0.32,0.86,0.52,5,0.64,极高风险
0.42,0.24,否,0.79,0.76,3.36,高级,无,≥2次,8.86,38.48,0.18,是,是,0.39,车辆,7.51,0.47,0.32,0.82,0.68,5,0.71,极高风险
0.52,0.53,否,0.72,0.8,4.13,初级,1次,1次,8.66,114.04,0.07,是,是,0.23,车辆,43.08,0.7,0,0.58,0.43,2,0.5,极高风险
0.59,0.19,否,0.69,0.84,16.99,高级,无,无,17.61,13.98,0.31,是,是,0.32,车辆,13.4,0.51,0.04,0.91,0.86,2,0.84,无风险
0.71,0.2,是,0.79,0.88,39.91,高级,无,1次,12.53,16.76,0.48,是,是,0.95,塔吊,26.96,0.59,0.05,0.86,0.86,1,0.66,高风险
0.48,0.28,否,0.55,0.88,0.68,中级,无,1次,12.96,24.32,0.19,是,是,0.72,塔吊,13.76,0.81,0.31,0.96,0.81,1,0.41,低风险
0.22,0.47,否,0.77,0.84,2.28,中级,1次,1次,21.41,25.28,0.35,否,是,0.66,深基坑,3.42,0.51,0,0.94,0.8,5,0.43,极高风险
0.56,0.1,否,0.52,0.7,0.16,中级,无,1次,13.19,22.18,0.2,是,是,0.64,车辆,30.01,0.91,0.11,0.77,0.59,2,0.95,中风险
0.68,0.36,否,0.52,0.8,37.29,中级,≥2次,1次,27.81,12.85,0.15,是,是,0.83,高支模,7.69,1,0,0.77,0.15,2,0.9,无风险
0.78,0.11,否,0.63,0.87,2.65,中级,无,1次,21.66,15.52,0.07,是,否,0.86,车辆,10.88,0.69,0.24,0.95,0.87,1,0.81,高风险
0.62,0.37,否,0.67,0.67,4.24,高级,1次,无,12.68,25.26,0.23,是,是,0.9,高支模,11.92,0.33,0.13,0.84,0.78,1,0.64,低风险
0.78,0.26,否,0.85,0.88,8.57,中级,无,1次,19.48,28.5,0.15,是,是,0.84,深基坑,11.01,1,0.11,0.93,0.6,1,0.71,无风险
0.05,0.21,否,0.76,0.81,6.07,中级,无,无,16.87,37.13,0.19,是,是,0.55,深基坑,3.97,0.09,0.2,0.93,0.86,1,0.52,高风险
0.34,0.41,是,0.92,0.46,3.97,初级,1次,1次,20.94,18.09,0.67,否,是,0.54,高支模,33.21,0.8,0.28,0.86,0.33,0,0.72,极高风险
0.89,0.2,否,0.79,0.81,7.78,中级,无,1次,28.66,18.46,0.01,是,是,0.85,塔吊,8.8,0.48,0.48,0.85,0.82,2,0.64,无风险
0.52,0.21,否,0.71,0.89,26.99,初级,1次,无,24.96,26.39,0.29,是,是,0.54,高支模,4.83,1,0.29,0.83,0.59,3,0.96,无风险
0.76,0.44,否,0.7,0.59,6.49,中级,无,无,19.57,25.71,0.14,是,是,0.48,高支模,11.28,0.36,0.05,0.88,0.68,3,0.46,高风险
0.54,0.32,否,0.81,0.6,9.24,高级,1次,无,12,22.15,0.45,是,是,0.21,车辆,1.09,0.87,0.8,0.75,0.92,3,0.82,高风险
0.42,0.2,否,0.66,0.6,0,中级,无,无,14.17,14.12,0.31,是,是,0.24,车辆,21.71,0.71,0.46,0.87,0.47,2,0.55,极高风险
0.47,0.2,否,0.65,0.97,2.89,高级,无,无,20.38,22.66,0.4,是,是,0.33,塔吊,1.93,1,0.33,0.91,0.73,1,0.89,无风险
0.23,0.09,否,0.53,0.63,18.89,中级,无,无,4.73,30.1,0.35,是,是,0.56,车辆,1.24,0.29,0.04,0.71,0.44,2,0.74,低风险
0.47,0.72,否,0.65,0.96,4.62,中级,无,1次,22.65,50.71,0.11,是,是,0.78,配电箱,7.98,1,0.56,0.55,0.53,2,0.48,极高风险
0.63,0.26,否,0.88,0.82,0.27,中级,无,无,28.79,35.96,0.04,是,是,0.32,深基坑,2.17,0.66,0,0.74,0.51,2,0.21,无风险
0.59,0.54,否,0.55,0.86,5.69,高级,1次,无,17.18,28.68,0.01,是,是,0.89,车辆,8.96,1,0.05,0.89,0.82,1,0.41,无风险
0.88,0.41,否,0.75,0.78,10.96,初级,无,≥2次,21.55,27.72,0.28,是,是,0.65,车辆,20.93,0.68,0,0.8,0.57,7,0.2,极高风险
0.36,0.15,否,0.65,0.86,12.02,初级,1次,无,42.59,28.14,0.36,是,是,0.91,车辆,97.79,1,0.25,0.95,0.86,0,0.84,低风险
0.51,0.32,否,0.82,0.84,1.37,无证,无,1次,16.93,33.17,0.07,是,是,0.25,车辆,25.19,0.5,0,0.95,0.91,2,0.86,高风险
0.64,0.15,否,0.72,0.78,4.72,初级,1次,无,16.12,8.82,0.44,是,是,0.85,配电箱,11.47,0.41,0.7,0.88,0.8,2,0.57,高风险
0.81,0.59,否,0.49,0.78,26.48,中级,无,1次,22.7,48.19,0.09,是,是,0.79,塔吊,29.38,1,0.48,0.93,0.6,3,0.5,低风险
0.91,0.58,否,0.64,0.72,9.11,初级,无,无,17.01,18.38,0.2,是,是,0.29,深基坑,14.55,0.63,0,0.76,0.44,3,0.58,中风险
0.88,0.31,否,0.68,0.6,2.77,高级,无,无,41.41,18.04,0.52,是,是,0.45,深基坑,4.6,0.63,0.73,0.86,0.78,2,0.85,低风险
0.23,0.1,否,0.54,0.8,7.58,中级,≥2次,≥2次,12.61,27.98,0.15,是,是,0.37,高支模,22.92,0.29,0.46,0.6,0.3,3,0.71,极高风险
0.58,0.54,否,0.77,0.79,36.06,初级,无,1次,17.79,23.68,0.03,是,是,0.8,车辆,21.8,1,0.31,0.89,0.72,4,0.3,低风险
0.22,0.24,否,0.77,0.79,16.08,中级,无,无,18.52,29.32,0.08,是,是,0.48,深基坑,2.05,0.73,0,0.86,0.79,4,0.64,无风险
0.83,0.45,否,0.72,0.67,4.72,中级,无,无,26.83,70.15,0.06,是,是,0.26,配电箱,87.07,0.68,0.6,0.73,0.68,2,0.47,高风险
0.24,0.15,否,0.72,0.79,1.48,高级,无,无,20.12,77.47,0.45,是,是,0.66,高支模,21.97,1,0.01,0.8,0.58,1,0.95,低风险
0.9,0.39,否,0.53,1,36.46,中级,无,无,9.55,16.18,0.37,是,是,0.84,高支模,2.79,1,0,0.72,0.8,5,0.63,无风险
0.77,0.35,否,0.6,0.64,4.41,中级,无,无,33.08,18.09,0.06,是,是,0.81,高支模,2.64,0.65,0.56,0.77,0.79,1,0.4,无风险
0.78,0.44,否,0.85,0.61,8.18,中级,无,无,17.43,50.4,0.17,是,是,0.52,深基坑,22.17,0.39,0.06,0.81,0.71,5,0.74,中风险
0.46,0.15,否,0.81,0.89,10.91,中级,无,无,16.89,47.2,0.12,是,是,0.85,深基坑,3.3,0.79,0.31,0.94,0.73,3,0.59,无风险
0.42,0.33,否,0.68,0.78,3.45,初级,无,1次,11.49,23.27,0.31,是,是,0.28,高支模,12.24,0.66,0.32,0.93,0.55,4,0.55,极高风险
0.88,0.35,否,0.64,0.76,1.45,初级,≥2次,无,64.36,40.61,0.28,是,是,0.54,塔吊,14.44,0.66,0.26,0.94,0.53,5,0.42,极高风险
0.82,0.62,否,0.68,0.86,3.8,初级,无,1次,21.41,67.23,0.48,是,是,0.63,车辆,0.33,0.19,0.2,0.97,0.73,1,0.61,高风险
0.68,0.52,否,0.6,0.93,3.23,中级,≥2次,1次,5.64,15.08,0.57,是,是,0.68,高支模,0.57,0.74,0,0.86,0.57,2,0.36,高风险
0.68,0.56,否,0.72,0.76,1.42,中级,无,无,28.8,44,0.12,是,是,0.14,深基坑,5.77,0.83,0.42,0.64,0.11,2,0.4,极高风险
0.37,0.3,否,0.6,0.83,0.28,中级,无,无,25.94,42.68,0.22,是,是,0.19,高支模,1.69,0.51,0.13,0.98,0.11,5,0.9,高风险
0.79,0.2,否,0.6,0.88,7.16,中级,无,无,8.68,10.21,0.19,是,是,0.85,塔吊,1.62,0.83,0.32,0.88,0.68,2,0.37,无风险
0.76,0.37,否,0.8,0.64,18.58,高级,无,无,35.46,13.29,0.02,是,是,0.84,深基坑,36.23,0.73,0.35,0.9,0.76,4,0.72,无风险
0.44,0.23,否,0.69,0.94,1.81,高级,无,无,17.67,30.25,0.13,是,是,0.23,塔吊,12.94,0.69,0,0.73,0.84,10,0.39,高风险
0.5,0.13,否,0.71,0.76,33.77,中级,无,1次,18.45,25.44,0.15,是,是,0.43,配电箱,19.72,0.64,0.38,0.92,0.85,7,0.24,中风险
0.66,0.31,否,0.68,0.75,11.03,初级,无,无,64.44,32.03,0.11,是,是,0.55,高支模,0.84,0.44,0,0.5,0.18,2,0.9,低风险
0.36,0.22,否,0.72,0.74,0.62,初级,1次,≥2次,14.44,12.15,0.12,是,是,0.19,高支模,25.43,1,0.37,0.9,0.48,2,0.77,极高风险
0.5,0.24,否,0.61,0.76,0.62,初级,无,无,14.64,20.91,0.38,是,是,0.79,高支模,4.9,0.67,0.19,0.68,0.77,2,0.51,低风险
0.57,0.38,否,0.78,0.9,0.06,无证,无,无,36.6,19.45,0.27,是,是,0.74,塔吊,0.53,0.86,0,0.85,0.62,1,0.44,高风险
0.77,0.34,否,0.97,0.9,0.95,中级,无,1次,14.54,92.41,0.58,是,是,0.84,配电箱,26.47,1,0.24,0.94,0.94,1,0.84,低风险
0.61,0.64,否,0.6,0.81,0.53,无证,无,无,30.77,12.49,0.09,是,是,0.89,高支模,81.99,0.38,0.22,0.76,0.43,1,0.34,极高风险
0.89,0.35,否,0.64,0.8,6.14,中级,无,无,16.44,31.74,0.23,是,是,0.74,高支模,0.08,1,0.05,0.88,0.78,3,0.76,无风险
0.53,0.19,否,0.75,0.95,2.07,高级,无,无,30.19,23.56,0.02,是,是,0.7,深基坑,23.26,0.28,0.74,0.76,0.78,0,0.27,低风险
0.73,0.62,否,0.76,0.81,14.66,高级,无,1次,21,63.09,0.08,是,是,0.81,车辆,27.67,1,0.16,0.73,0.38,1,0.23,中风险
0.2,0.55,否,0.47,0.66,1.25,中级,无,无,50.61,50.52,0.25,是,是,0.9,配电箱,15.24,0.28,0.55,0.83,0.83,3,0.56,极高风险
0.73,0.45,否,0.64,0.63,3.62,中级,无,≥2次,32.36,36.25,0.59,是,是,0.72,车辆,4.51,0.46,0.11,0.58,0.58,1,0.59,极高风险
0.83,0.28,否,0.87,0.89,11.43,中级,无,无,29.05,25.56,0.31,是,否,0.78,车辆,4.85,0.58,0.27,0.97,0.8,1,0.88,高风险
0.52,0.24,否,0.72,0.74,28.06,初级,无,无,11.79,12.97,0.2,是,是,0.52,深基坑,11.82,0.69,0.23,0.88,0.23,2,0.81,低风险
0.4,0.22,否,0.59,0.86,9.25,高级,无,无,18.46,50.83,0.18,否,是,0.63,塔吊,30.98,0.77,0.03,0.89,0.51,1,0.84,高风险
0.58,0.62,否,0.77,0.75,13.09,高级,无,1次,15.51,22.72,0.15,是,是,0.84,塔吊,38.76,0.91,0.42,0.83,0.64,1,0.86,低风险
0.67,0.39,否,0.69,0.75,6,中级,1次,无,21.67,64.31,0.12,是,是,0.83,深基坑,18.81,0.7,0.09,0.94,0.48,2,0.47,中风险
0.92,0.16,否,0.77,0.74,26.19,初级,无,无,12.67,29.61,0.27,是,是,0.26,高支模,17.84,0.79,0.33,0.89,0.49,12,0.72,高风险
0.84,0.44,否,0.81,0.85,9.49,初级,1次,1次,25.46,33.59,0.18,是,是,0.51,塔吊,39.66,0.64,0.26,0.65,0.34,4,0.64,极高风险
0.62,0.22,否,0.79,0.82,8.37,中级,1次,无,29.06,57.05,0.18,是,否,0.84,车辆,12.29,0.6,0.29,0.73,0.71,2,0.45,极高风险
0.44,0.58,否,0.89,0.64,10.51,中级,≥2次,1次,52.66,39.79,0.34,是,是,0.81,配电箱,35.55,0.79,0.55,0.66,0.56,7,0.58,极高风险
0.57,0.79,否,0.73,0.77,4.6,中级,无,无,56.63,22.24,0.16,否,是,0.21,深基坑,83.05,0.64,0.46,0.83,0.84,2,0.32,极高风险
0.49,0.62,否,0.88,0.71,13.42,初级,无,无,29.5,47.31,0.22,是,是,0.73,配电箱,35.02,0.32,0.13,0.71,0.75,3,0.5,高风险
0.11,0.18,否,0.73,0.83,1.92,初级,无,无,32.82,102.31,0.02,是,是,0.55,配电箱,20.06,0.46,0.47,0.85,0.42,1,0.41,极高风险
0.99,0.58,否,0.65,0.73,13.26,中级,无,1次,8.86,17.38,0.53,否,是,0.74,深基坑,4.15,1,0.05,0.98,0.52,4,0.27,高风险
0.65,0.58,否,0.69,0.74,3.92,初级,无,无,32.5,20.25,0.32,是,是,0.45,塔吊,0.58,0.19,0.74,0.92,0.59,5,0.86,极高风险
0.89,0.25,否,0.82,0.75,3.34,无证,无,1次,47.98,41.29,0.15,是,是,0.84,塔吊,10.8,0.72,0.45,0.25,0.36,0,0.25,高风险
0.79,0.22,否,0.79,0.73,24.55,初级,1次,无,12.53,23.41,0.12,是,是,0.75,车辆,20.82,1,0.14,0.72,0.63,3,0.7,无风险
0.3,0.28,否,0.72,0.79,23.19,中级,无,1次,8.83,19.83,0.44,是,是,0.83,深基坑,3.02,1,0.4,0.84,0.6,2,0.76,无风险
0.85,0.17,是,0.66,0.86,13.11,中级,1次,1次,20.12,32.61,0.08,是,是,0.53,塔吊,0.81,0.74,0.1,0.65,0.61,6,0.13,极高风险
0.59,0.3,否,0.79,0.63,32.24,初级,无,1次,18.92,35.51,0.32,是,是,0.8,高支模,2.05,0.79,0.06,0.98,0.46,3,0.76,无风险
0.86,0.3,否,0.74,0.78,2.23,高级,无,无,23.99,61.53,0.26,是,是,0.49,塔吊,15.68,1,0.03,0.9,0.79,3,0.58,无风险
0.7,0.2,否,0.89,0.52,8.79,高级,1次,无,13.58,31.32,0.32,是,是,0.88,高支模,2.83,0.8,0.32,0.74,0.3,7,0.64,高风险
0.56,0.77,否,0.59,0.61,4.18,初级,无,无,44.11,25.86,0.06,是,是,0.25,高支模,57.34,1,0.59,0.78,0.37,3,0.31,极高风险
0.39,0.2,否,0.74,0.73,12.87,中级,无,1次,21.49,44.94,0.1,是,是,0.86,深基坑,33.11,0.41,0,0.84,0.97,3,0.19,低风险
0.51,0.27,否,0.86,0.75,12.46,中级,无,1次,36.14,46.72,0.07,是,是,0.66,配电箱,3.11,1,0.12,0.93,0.09,1,0.48,低风险
0.28,0.15,否,0.7,0.71,9.93,中级,无,无,13.71,17.67,0.14,是,是,0.89,深基坑,6.31,0.26,0.8,0.83,0.57,3,0.72,低风险
0.46,0.35,否,0.72,0.79,14.73,初级,无,无,21.22,23.51,0.16,是,是,0.86,深基坑,3.22,0.55,0.35,0.82,0.51,9,0.38,高风险
0.45,0.14,否,0.72,0.87,4.53,无证,无,无,22.85,68.57,0.41,是,是,0.82,车辆,12.16,0.73,0,0.81,0.25,1,0.75,高风险
0.77,0.47,否,0.63,0.69,0.59,中级,1次,无,19.36,14.94,0.11,是,是,0.37,高支模,6.98,0.55,0,0.97,0.62,3,0.48,低风险
0.55,0.2,否,0.71,0.85,3.15,中级,无,1次,16.74,36.09,0.04,是,否,0.58,塔吊,2.82,1,0.64,0.79,0.58,5,0.93,极高风险
0.75,0.62,否,0.71,0.67,5.69,中级,无,1次,17.33,20.87,0.05,是,是,0.49,车辆,16.87,0.53,0.23,0.98,0.69,0,0.56,高风险
0.3,0.19,否,0.63,0.85,0.98,初级,无,无,4.55,24.57,0.1,是,是,0.69,深基坑,2.19,1,0.03,0.89,0.51,6,0.85,低风险
0.68,0.14,否,0.73,0.86,0.86,初级,无,1次,40.78,29.5,0.71,是,是,0.62,深基坑,25.67,0.45,0.56,0.69,0.81,7,0.35,极高风险
0.54,0.33,否,0.7,0.77,6.07,中级,无,1次,12.07,48.97,0.21,是,是,0.69,车辆,3.12,0.85,0.1,0.76,0.25,0,0.67,中风险
0.38,0.32,否,0.62,0.91,7.8,高级,无,≥2次,20.51,15.5,0.72,是,是,0.82,配电箱,24.71,1,0,0.92,0.19,3,0.62,高风险
0.95,0.44,否,0.69,0.85,6.7,中级,1次,1次,10.63,15.42,0.03,是,是,0.9,深基坑,18.31,0.58,0.26,0.61,0.75,2,0.48,低风险
0.74,0.6,否,0.89,0.68,14.76,中级,无,1次,23.63,74.81,0.11,是,是,0.69,车辆,20.17,0.69,0.75,0.84,0.3,2,0.4,极高风险
0.33,0.51,否,0.62,0.69,9.88,初级,无,无,21.34,41.88,0.02,是,是,0.68,配电箱,14.05,0.96,0.78,0.9,0.72,4,0.7,高风险
0.43,0.43,否,0.84,0.62,16.58,高级,无,无,12.96,41.06,0.19,是,是,0.1,高支模,27.16,0.47,0.11,0.83,0.8,1,0.63,高风险
0.56,0.19,否,0.54,0.73,8.51,初级,无,1次,30.41,14.62,0.51,是,是,0.67,车辆,13.46,0.77,0,0.58,0.63,1,0.67,中风险
0.75,0.51,否,0.98,0.82,10.57,初级,无,1次,17.24,32.75,0.09,是,是,0.88,深基坑,4.78,0.91,0.16,0.46,0.72,2,0.58,无风险
0.81,0.47,否,0.68,0.81,2.52,初级,无,无,20.05,35.36,0.55,是,是,0.86,塔吊,26.52,0.43,0.15,0.72,0.23,0,0.88,高风险
0.69,0.28,否,0.7,0.9,14.63,中级,无,无,24.49,20.91,0.17,是,是,0.67,深基坑,28.28,0.45,0.5,0.55,0.69,2,0.45,中风险
0.56,0.32,否,0.8,0.73,0.44,中级,无,1次,19.83,56.63,0.04,是,是,0.29,配电箱,15.22,0.62,0.39,0.88,0.69,1,0.44,极高风险
0.74,0.33,否,0.74,0.65,0.11,高级,无,1次,16.62,23.82,0.5,是,是,0.39,高支模,1.1,0.42,0.21,0.8,0.13,1,0.4,高风险
0.42,0.17,否,0.6,0.77,5.48,中级,无,1次,26.3,39.99,0.18,是,是,0.35,塔吊,19.65,0.32,0.09,0.87,0.69,0,0.55,高风险
0.21,0.1,否,0.55,0.8,15.44,高级,无,无,7.24,14.93,0.42,是,是,0.23,配电箱,14,0.36,0.62,0.77,0.65,1,0.88,高风险
0.78,0.51,否,0.69,0.84,1.32,初级,无,无,52.54,11.89,0.72,是,否,0.91,深基坑,36.85,0.54,0.45,0.85,0.46,4,0.61,极高风险
0.8,0.32,否,0.59,0.87,3.71,中级,无,无,29.68,33.28,0.31,是,是,0.83,配电箱,15.13,0.89,0.34,0.86,0.88,2,0.64,无风险
0.58,0.19,否,0.62,0.62,28.52,中级,无,1次,15.65,38.42,0.31,是,是,0.88,车辆,20.75,0.17,0.48,0.86,0.79,4,0.95,中风险
0.86,0.56,否,0.76,0.8,3.16,中级,无,无,20.74,20.88,0.25,是,是,0.38,高支模,2.94,1,0.02,0.95,0.72,4,0.71,无风险
0.25,0.33,否,0.6,0.79,0.89,初级,无,无,9.91,25.41,0.36,是,是,0.65,配电箱,3.11,1,0.51,0.84,0.77,6,0.1,极高风险
0.81,0.26,否,0.57,0.75,24.94,高级,无,1次,55.86,19.06,0.61,是,是,0.63,塔吊,13.62,1,0,0.92,0.33,1,0.75,无风险
0.82,0.32,否,0.58,0.9,5.18,初级,无,1次,17.09,25.17,0.21,是,是,0.94,配电箱,0.33,0.62,0.06,0.56,0.4,2,0.32,低风险
0.53,0.17,否,0.56,0.78,6.2,初级,1次,无,33.63,19.88,0.03,是,是,0.91,配电箱,24.68,0.97,0.34,0.9,0.41,1,0.74,低风险
0.55,0.24,否,0.67,0.83,2.19,高级,1次,无,17.43,21.27,0.06,是,是,0.7,高支模,0.45,0.09,0,0.89,0.18,4,0.71,低风险
0.27,0.11,否,0.78,0.79,3.85,初级,≥2次,无,16.25,23.97,0.12,是,是,0.96,塔吊,11.6,1,0.04,0.77,0.66,4,0.42,低风险
0.61,0.31,否,0.65,0.81,11.82,中级,无,1次,48.04,35.64,0.27,是,是,0.73,高支模,80.71,0.63,0.44,0.92,0.65,1,0.3,高风险
0.8,0.37,否,0.74,0.85,7.24,中级,无,无,69.43,108.91,0.18,是,是,0.88,高支模,1.43,0.31,0.24,0.92,0.34,2,0.72,低风险
0.65,0.35,否,0.69,0.77,32.94,高级,无,无,35.19,56.99,0.11,是,是,0.75,高支模,70.01,0.34,0.59,0.91,0.74,3,0.57,低风险
0.75,0.15,否,0.68,0.9,3.05,高级,无,1次,31.98,22.31,0.27,是,是,0.93,深基坑,11.69,1,0.48,0.81,0.85,5,0.81,无风险
0.62,0.2,否,0.8,0.82,0.88,高级,无,≥2次,22.61,42.24,0.08,是,是,0.39,高支模,15.74,0.63,0.25,0.86,0.85,0,0.7,中风险
0.81,0.42,否,0.63,0.89,1.22,中级,无,1次,25.68,18.58,0.56,是,是,0.27,高支模,9.84,0.42,0.38,0.75,0.91,1,0.3,高风险
0.88,0.18,否,0.71,0.64,6.25,初级,1次,无,29.48,41.67,0.1,是,是,0.5,配电箱,18.67,0.27,0,0.75,0.82,3,0.46,中风险
0.35,0.22,否,0.76,0.84,31.21,中级,无,无,40.3,32.71,0.36,是,是,0.95,高支模,2.12,0.76,0,0.73,0.6,4,0.84,无风险
0.77,0.37,否,0.81,0.84,4.21,高级,无,1次,36.38,29.78,0.23,是,是,0.17,高支模,16.21,0.63,0.11,0.89,0.73,2,0.26,高风险
0.49,0.38,否,0.65,0.75,1.58,中级,无,无,39.96,34.9,0.27,是,是,0.92,车辆,2.31,0.86,0.07,0.86,0.22,3,0.72,无风险
0.3,0.23,是,0.81,0.81,20.55,中级,无,无,8.06,9.92,0.39,是,是,0.85,深基坑,26.83,1,0.68,0.96,0.74,3,0.69,高风险
0.74,0.2,否,0.81,0.9,4.28,初级,1次,1次,27.17,27.64,0.1,是,是,0.7,深基坑,46.4,1,0.42,0.71,0.15,5,0.32,极高风险
0.62,0.28,否,0.6,0.72,12.51,中级,无,无,19.39,30.13,0.15,是,是,0.09,塔吊,68.38,0.18,0.3,0.92,0.87,5,0.83,极高风险
0.19,0.49,否,0.66,0.88,6.4,中级,无,无,37.8,12.51,0.06,是,是,0.9,配电箱,0.1,0.5,0,0.8,0.37,2,0.62,高风险
0.79,0.15,否,0.82,0.73,11.42,初级,无,无,16.54,47.11,0.03,是,是,0.65,深基坑,0.08,0.56,0.11,0.85,0.71,2,0.58,无风险
0.47,0.29,否,0.82,0.82,0.38,中级,无,1次,28.79,31.07,0.63,是,是,0.54,塔吊,11.7,0.51,0.22,0.69,0.85,1,0.85,中风险
0.7,0.09,否,0.7,0.76,8.94,中级,无,1次,16.42,8.9,0.33,是,是,0.77,车辆,58.33,0.14,0.15,0.64,0.28,1,0.61,高风险
0.86,0.24,否,0.69,0.77,4.79,初级,1次,1次,18.15,19.02,0.05,是,是,0.69,配电箱,15.09,1,0.06,0.97,0.51,2,0.65,低风险
0.55,0.14,否,0.64,0.81,1.52,中级,无,无,10.54,43.32,0.43,是,是,0.81,深基坑,6.38,1,0.02,0.27,0.67,3,0.53,低风险
0.84,0.37,否,0.76,0.65,19.31,初级,1次,无,61.03,23.3,0.41,是,是,0.33,塔吊,2.7,0.73,0,0.73,0.22,1,0.62,中风险
0.75,0.25,否,0.61,0.58,16.02,中级,无,1次,13.22,20.76,0.02,是,是,0.75,车辆,1.05,0.56,0.65,0.88,0.49,3,0.78,高风险
0.51,0.29,否,0.87,0.8,0.66,初级,1次,无,32.6,83.47,0.13,是,是,0.78,深基坑,21.28,0.82,0,0.74,0.28,0,0.29,高风险
0.26,0.14,否,0.71,0.81,5.88,中级,无,1次,27.98,17.3,0.37,是,是,0.78,深基坑,30.76,0.89,0,0.83,0.91,6,0.28,中风险
0.91,0.22,否,0.82,0.78,0.42,初级,无,无,28.67,12.89,0.18,是,是,0.4,塔吊,3.56,0.27,0.33,0.83,0.48,1,0.29,中风险
0.49,0.16,否,0.72,0.67,5.37,中级,无,无,18.88,39.67,0.56,是,否,0.26,深基坑,2.61,0.44,0.5,0.93,0.37,1,0.79,极高风险
0.97,0.23,否,0.78,0.58,3.09,中级,无,无,33.49,40.11,0.27,是,否,0.75,配电箱,25.21,0.51,0.34,0.89,0.64,1,0.37,极高风险
0.12,0.15,否,0.46,0.94,0.8,初级,无,无,12.79,66.04,0.4,是,是,0.81,车辆,95.24,0.35,0,0.84,0.47,3,0.38,极高风险
0.67,0.19,否,0.83,0.83,12.56,初级,无,无,16.87,39.71,0.16,是,是,0.6,深基坑,0.07,0.41,0.29,0.58,0.85,0,0.26,低风险
0.6,0.26,否,0.7,0.79,10.48,无证,无,1次,23.87,32.35,0.37,是,是,0.62,车辆,12.96,0.78,0.42,0.87,0.84,2,0.75,高风险
0.82,0.17,否,0.87,0.82,5.96,中级,无,无,21.72,20.88,0.11,否,是,0.36,塔吊,3.45,0.75,0,0.73,0.41,1,0.25,高风险
0.4,0.36,否,0.52,0.56,3.6,初级,无,无,11.13,24.46,0.06,是,是,0.87,高支模,0.32,0.94,0,0.9,0.16,0,0.24,高风险
0.37,0.79,是,0.72,0.84,10.56,初级,1次,1次,13.13,25.13,0.24,是,是,0.23,车辆,14.93,0.44,0,0.81,0.67,2,0.55,极高风险
0.5,0.29,否,0.56,0.74,2.85,中级,无,1次,15.69,66.04,0.71,是,是,0.73,深基坑,3.94,1,0.12,0.59,0.7,3,0.38,高风险
0.7,0.23,否,0.79,0.77,1.84,无证,无,1次,33.29,22.87,0.6,是,是,0.58,车辆,15.21,0.75,0.22,0.87,0.43,1,0.73,极高风险
0.69,0.15,否,0.54,0.73,8.5,高级,无,无,20.99,20.38,0.39,是,是,0.58,高支模,2.57,0.15,0.08,0.78,0.53,0,0.29,低风险
0.78,0.19,否,0.66,0.89,1.44,初级,1次,无,12.89,39.69,0.4,是,是,0.29,高支模,16.84,1,0.17,0.88,0.63,1,0.18,高风险
0.17,0.3,否,0.63,0.77,12.76,中级,无,无,12.09,25.57,0.46,是,是,0.81,高支模,33.44,0.62,0.31,0.69,0.08,4,0.68,极高风险
0.38,0.26,否,0.63,0.74,10.18,中级,无,1次,28.27,84.87,0.16,是,是,0.87,塔吊,16.85,0.62,0.37,0.54,0.83,3,0.7,中风险
0.54,0.31,否,0.58,0.93,20.46,中级,无,无,44.91,33.93,0.17,是,是,0.81,塔吊,17.09,0.63,0.44,0.74,0.61,3,0.76,无风险
0.57,0.27,否,0.67,0.62,1.23,初级,无,无,22.08,45.2,0.41,是,是,0.73,配电箱,15.04,0.49,0.61,0.99,0.95,1,0.45,高风险
0.75,0.9,否,0.77,0.84,5.14,高级,无,1次,29.13,93.53,0.01,是,是,0.38,塔吊,27.88,0.35,0.33,0.88,0.91,2,0.34,高风险
0.6,0.21,否,0.83,0.92,6.33,初级,无,无,19.63,38.74,0.1,是,是,0.62,配电箱,87.31,0.44,0.17,0.91,0.57,0,0.39,中风险
0.41,0.1,否,0.59,0.87,21.42,初级,无,无,10.17,36.01,0.33,是,是,0.78,配电箱,2.98,0.4,0,0.8,0.58,2,0.56,无风险
0.86,0.24,否,0.84,0.72,1.11,中级,无,无,25.01,26.2,0.21,是,是,0.36,塔吊,31.57,0.76,0.46,0.77,0.74,2,0.67,低风险
0.7,0.26,否,0.55,0.69,1.16,中级,无,无,25.72,9.61,0.08,是,是,0.65,车辆,24.32,1,0,0.98,0.65,2,0.52,无风险
0.54,0.56,否,0.73,0.85,2.06,中级,无,1次,25.79,62.95,0.32,是,是,0.73,配电箱,22.01,0.89,0,0.59,0.42,3,0.74,高风险
0.65,0.17,否,0.77,0.93,13.1,中级,无,1次,19.77,14.34,0.29,是,是,0.36,高支模,38.78,0.67,0.03,0.74,0.72,2,0.83,低风险
0.52,0.32,否,0.61,0.78,9.48,初级,1次,无,12.32,19.67,0.02,是,是,0.49,塔吊,26.73,0.94,0.23,0.9,0.74,5,0.65,中风险
0.94,0.33,否,0.5,0.8,0.59,中级,无,无,11.01,11.81,0.08,是,是,0.01,深基坑,5.21,0.6,0.59,0.69,0.29,0,0.66,高风险
0.71,0.15,否,0.6,0.76,5.42,高级,无,1次,47.95,24.52,0.07,是,是,0.86,高支模,18.91,0.46,0,0.93,0.89,2,0.48,无风险
0.96,0.92,否,0.72,0.81,11.72,初级,无,无,20.19,23.94,0.21,是,是,0.67,配电箱,13.31,0.4,0.02,0.89,0.78,1,0.71,高风险
0.8,0.16,否,0.64,0.86,13.71,高级,1次,无,31.68,29.6,0.05,是,是,0.5,高支模,16.14,0.73,0.24,0.8,0.61,4,0.29,低风险
0.38,0.19,否,0.71,0.68,0.69,初级,无,无,7.56,23.62,0.05,是,是,0.72,高支模,14.56,0.62,0.11,0.92,0.68,3,0.76,低风险
0.67,0.13,否,0.7,0.93,9.22,初级,1次,无,14.59,46.02,0.25,是,是,0.56,塔吊,9.15,0.41,0.43,0.86,0.69,2,0.75,中风险
0.6,0.37,否,0.85,0.76,0.95,中级,1次,无,39.46,27.71,0.08,是,是,0.59,深基坑,18.17,1,0,0.76,0.82,1,0.44,无风险
0.41,0.3,否,0.88,0.97,25.75,中级,无,1次,25.3,34.12,0.03,是,是,0.37,高支模,4.33,0.64,0.43,0.73,0.61,3,0.5,低风险
0.88,0.12,否,0.66,0.92,12.42,中级,无,≥2次,23.66,3.82,0.26,是,是,0.49,配电箱,3.4,0.28,0.19,0.75,0.65,4,0.78,中风险
0.21,0.48,否,0.63,0.92,4.57,中级,无,1次,27.82,30.33,0.03,是,是,0.69,塔吊,20.83,0.82,0.76,0.76,0.9,4,0.38,高风险
0.72,0.29,否,0.68,0.77,4.33,初级,无,1次,16.14,54.56,0.04,是,是,0.08,高支模,12.38,0.7,0.36,0.78,0.6,1,0.38,极高风险
0.3,0.15,否,0.5,0.85,9.86,中级,无,无,9.21,11.39,0.18,是,是,0.76,高支模,3.54,0.69,0.44,0.86,0.41,3,0.8,低风险
0.83,0.38,否,0.73,0.71,7.95,初级,1次,无,10.22,27.43,0.01,是,是,0.37,深基坑,26.54,0.66,0.32,0.89,0.28,1,0.84,高风险
0.33,0.13,否,0.58,0.72,6.01,初级,无,无,18.98,91.49,0.06,是,是,0.43,塔吊,3.17,0.56,0.41,0.7,0.78,3,0.66,高风险
0.63,0.36,否,0.88,0.89,14.14,高级,无,1次,28.66,13.54,0.08,是,是,0.76,深基坑,18.39,0.62,0.24,0.9,0.37,2,0.17,低风险
0.44,0.35,否,0.6,0.63,0.94,中级,无,无,37.44,33.43,0.48,是,是,0.9,高支模,9.18,1,0,0.78,0.71,1,0.81,无风险
0.54,0.5,否,0.79,0.65,4.02,高级,无,无,28.75,42.96,0.48,是,是,0.79,塔吊,15.57,0.27,0.47,0.78,0.75,3,0.78,中风险
0.39,0.1,否,0.71,0.77,3.72,中级,无,1次,42.48,27.88,0.34,是,否,0.33,配电箱,14.24,0.54,0.24,0.93,0.6,1,0.72,极高风险
0.88,0.85,否,0.82,0.65,29.28,无证,无,无,23.26,31.68,0.11,是,否,0.77,配电箱,7.63,0.49,0.3,0.91,0.64,3,0.65,极高风险
0.78,0.23,否,0.74,0.74,12.64,中级,1次,无,15.29,15.18,0.21,是,是,0.9,塔吊,27.42,0.61,0,0.77,0.82,5,0.49,无风险
0.83,0.16,否,0.62,0.76,1.09,中级,无,无,13.23,35.27,0.01,是,是,0.94,车辆,11.98,0.38,0.04,0.91,0.63,2,0.2,无风险
0.59,0.22,否,0.57,0.81,18.21,中级,无,无,16.09,46.86,0.05,是,是,0.37,深基坑,20.16,0.66,0.18,0.81,0.68,1,0.84,低风险
0.76,0.18,否,0.49,0.77,17.13,高级,无,无,8.23,37.54,0.5,是,是,0.48,塔吊,3.93,0.78,0.34,0.78,0.79,4,0.61,低风险
0.37,0.55,否,0.76,0.78,8.01,中级,无,1次,8.35,23.77,0.27,是,是,0.82,配电箱,37.09,1,0.64,0.78,0.66,3,0.54,高风险
0.43,0.17,否,0.69,0.85,4.56,初级,1次,无,12.75,47.43,0.54,是,是,0.72,配电箱,12.33,0.34,0.36,0.64,0.75,6,0.63,极高风险
0.27,0.61,否,0.62,0.87,4.76,中级,无,无,13.16,72.78,0.03,是,是,0.64,深基坑,3.94,1,0.16,0.85,0.85,4,0.62,低风险
0.79,0.65,否,0.77,0.79,1.6,无证,无,无,13.93,13.14,0.34,是,是,0.95,塔吊,23.73,0.61,0.31,0.84,0.75,6,0.65,高风险
0.58,0.14,否,0.69,0.71,9.97,初级,无,无,32,23.66,0.36,是,是,0.32,配电箱,0.39,0.36,0.53,0.75,0.45,3,0.55,高风险
0.77,0.76,否,0.91,0.64,28.46,高级,≥2次,无,45.26,5.48,0.05,是,是,0.65,配电箱,10.45,0.89,0.12,0.77,0.7,0,0.88,无风险
0.4,0.27,否,0.74,0.85,4.37,初级,无,1次,23.9,7.67,0.02,是,是,0.88,配电箱,10.7,0.51,0.41,0.89,0.54,3,0.76,中风险
0.59,0.27,否,0.64,0.89,11.06,中级,无,无,28.16,13.57,0.68,是,是,0.54,车辆,39.76,0.24,0,0.91,0.28,6,0.38,高风险
0.09,0.11,否,0.72,0.78,17.86,中级,无,无,7.93,17.19,0.25,是,是,0.92,配电箱,39.81,1,0,0.64,0.51,2,0.96,高风险
0.63,0.36,否,0.78,0.63,0.97,初级,无,无,28.52,14.28,0.14,是,是,0.93,配电箱,15.57,0.48,0.36,0.7,0.41,3,0.78,中风险
0.26,0.09,否,0.51,0.94,9.47,高级,无,无,12.14,90.92,0.01,是,是,0.6,配电箱,40.27,1,0.26,0.97,0.65,3,0.34,低风险
0.35,0.44,否,0.75,0.74,9.09,中级,1次,≥2次,31.81,29.98,0.02,是,是,0.93,配电箱,14.32,0.47,0.58,0.91,0.4,1,0.77,极高风险
0.9,0.22,否,0.71,0.82,8.37,初级,无,无,62.67,67.19,0.21,是,是,0.89,配电箱,92.86,0.77,0,0.86,0.6,6,0.94,低风险
0.49,0.08,否,0.54,0.84,1.85,中级,无,1次,42.56,33.37,0.06,是,是,0.93,深基坑,64.94,0.31,0.24,0.57,0.65,1,0.67,中风险
0.68,0.07,否,0.79,0.89,18.27,高级,无,无,29.75,33.73,0.29,是,是,0.71,深基坑,0.11,0.52,0.23,0.96,0.76,5,0.43,无风险
0.9,0.22,否,0.69,0.92,17.69,中级,无,无,8.14,27.22,0.06,是,是,0.78,车辆,2.04,0.71,0.46,0.86,0.65,3,0.42,无风险
0.53,0.25,否,0.65,0.94,17.32,高级,无,无,26.13,50.61,0.72,是,是,0.6,配电箱,15.1,0.65,0.12,0.74,0.32,4,0.9,中风险
0.82,0.3,否,0.77,0.73,26.95,中级,1次,无,23.25,27.5,0.03,是,是,0.85,塔吊,61.95,0.89,0.04,0.58,0.6,3,0.46,无风险
0.68,0.58,否,0.78,0.68,4.39,无证,无,无,8.64,54.87,0.39,是,是,0.16,车辆,7.06,0.39,0.38,0.93,0.85,3,0.92,极高风险
0.52,0.2,否,0.49,0.7,35.56,高级,无,无,16.11,26.26,0.45,是,是,0.6,车辆,7.44,0.72,0,0.84,0.35,2,0.81,无风险
0.35,0.31,否,0.66,0.55,14.03,中级,无,无,23.67,9.76,0.38,是,是,0.82,塔吊,0.86,1,0.35,0.9,0.64,0,0.6,高风险
0.58,0.16,否,0.79,0.84,1.35,初级,1次,无,28.46,28.44,0.3,是,是,0.89,车辆,17.59,0.64,0.17,0.93,0.52,3,0.77,中风险
0.54,0.37,否,0.77,0.91,8.29,中级,无,≥2次,23.7,12.71,0.86,是,是,0.29,深基坑,6,1,0,0.78,0.61,1,0.92,中风险
0.37,0.21,否,0.79,0.81,4.21,中级,无,无,15.03,46.27,0.25,是,是,0.51,车辆,2.48,0.39,0.24,0.95,0.43,1,0.24,中风险
0.78,0.38,否,0.78,0.9,8.99,无证,无,1次,15.59,26.54,0.27,是,是,0.78,高支模,22.78,0.68,0.14,0.71,0.63,1,0.36,高风险
0.75,0.18,否,0.78,0.73,3.44,初级,无,1次,22.19,21.43,0,是,是,0.6,高支模,0.65,0.87,0,0.84,0.8,2,0.82,无风险
0.52,0.68,否,0.68,0.81,20.33,中级,无,无,13.54,29.16,0.26,是,是,0.64,配电箱,15.68,0.62,0.39,0.69,0.47,1,0.49,高风险
0.69,0.69,否,0.83,0.58,9.76,中级,无,无,24.76,40.18,0.21,是,是,0.21,高支模,0.17,1,0.11,0.82,0.84,0,0.5,高风险
0.39,0.18,否,0.62,0.95,3.66,初级,无,无,6.03,38.43,0.05,是,是,0.67,车辆,12.93,0.39,0,0.84,0.77,3,0.42,低风险
0.21,0.81,否,0.69,0.72,3.11,高级,无,无,12.73,42.34,0.08,是,是,0.79,配电箱,7.61,0.74,0.16,0.93,0.81,7,0.76,高风险
0.35,0.09,否,0.61,0.89,4.18,中级,无,无,9.86,64.58,0.08,是,是,0.7,高支模,3.82,0.72,0.34,0.81,0.81,6,0.61,低风险
0.65,0.27,否,0.68,0.79,11.67,初级,无,无,8.42,18.3,0.16,是,是,0.33,车辆,2.6,0.62,0.84,0.85,0.73,2,0.34,中风险
0.8,0.12,否,0.79,0.7,16.24,初级,无,无,24.33,23.39,0.3,是,是,0.48,塔吊,27.65,0.82,0.36,0.9,0.76,1,0.52,无风险
0.43,0.48,否,0.57,0.94,3.63,中级,无,1次,23.95,46.43,0.04,是,是,0.5,配电箱,42.22,0.71,0,0.96,0.79,0,0.56,中风险
0.32,0.28,否,0.78,0.81,4.3,初级,无,无,36.6,49.41,0.61,是,是,0.85,高支模,10.78,0.88,0.23,0.72,0.62,2,0.55,高风险
0.72,0.72,否,0.63,0.72,15.86,初级,无,≥2次,38.39,86.14,0.2,是,是,0.76,深基坑,11.48,0.57,0,0.9,0.84,3,0.84,高风险
0.63,0.13,否,0.62,0.79,1.33,初级,1次,无,8.86,9.86,0.04,是,是,0.9,塔吊,16.05,0.65,0,0.74,0.59,1,0.49,无风险
0.77,0.35,否,0.77,0.81,3.43,初级,无,无,43.25,45.14,0.24,是,是,0.86,车辆,11.28,1,0.37,0.8,0.76,1,0.87,低风险
0.21,0.39,否,0.75,0.91,31.87,高级,无,无,24.73,34.98,0.18,是,是,0.6,高支模,24.05,0.63,0,0.76,0.61,2,0.67,无风险
0.1,0.28,否,0.75,0.88,9.71,高级,1次,无,30.24,28.21,0.12,是,是,0.93,高支模,35.44,0.77,0.29,0.93,0.88,0,0.76,高风险
0.83,0.21,否,0.66,0.88,2.65,中级,无,1次,20.23,19.89,0.9,是,是,0.85,深基坑,3.88,0.9,0.28,0.77,0.55,4,0.65,低风险
0.4,0.12,否,0.67,0.71,12.58,高级,无,1次,25.35,22.41,0.55,是,是,0.71,高支模,20.21,1,0,0.85,0.05,2,0.55,低风险
0.34,0.34,否,0.97,0.8,6.24,初级,无,无,18.1,65.43,0,是,是,0.35,高支模,21.65,0.7,0.44,0.54,0.69,3,0.77,高风险
0.85,0.38,否,0.63,0.56,0.25,初级,1次,无,17.23,61.14,0.36,是,是,0.59,高支模,25.31,1,0.15,0.7,0.49,1,0.52,极高风险
0.54,0.62,否,0.83,0.86,10.23,初级,无,1次,24.46,24.97,0.36,是,是,0.56,高支模,9.41,0.54,0,0.81,0.66,4,0.62,中风险
0.83,0.16,否,0.73,0.88,2.98,中级,无,无,29,42.68,0.09,是,是,0.6,深基坑,20.78,0.65,0,0.91,0.39,5,0.72,低风险
0.66,0.61,否,0.76,0.83,7.56,中级,无,无,40.7,22.51,0.13,是,是,0.83,车辆,10.6,0.9,0.62,0.81,0.65,4,0.54,低风险
0.38,0.34,否,0.6,0.79,7.75,中级,无,1次,19.56,27.44,0.43,是,是,0.28,塔吊,4.26,1,0,0.61,0.81,2,0.33,中风险
0.8,0.16,否,0.55,0.8,5.66,高级,无,≥2次,20.15,62.74,0.38,是,是,0.73,配电箱,10.8,1,0.28,0.67,0.63,7,0.25,极高风险
0.59,0.23,否,0.86,0.65,13.21,中级,无,无,16.66,21.89,0.4,是,是,0.21,高支模,12.37,0.64,0.2,0.79,0.41,6,0.39,高风险
0.62,0.59,否,0.8,0.81,6.18,中级,无,1次,14.02,14.93,0.4,是,是,0.91,车辆,1.01,0.17,0.27,0.93,0.43,2,0.53,中风险
0.96,0.77,否,0.68,0.71,5.74,初级,无,无,18.32,11.86,0.39,是,是,0.65,配电箱,11.2,0.6,0.15,0.78,0.87,6,0.7,中风险
0.59,0.26,否,0.86,0.73,1.21,高级,≥2次,无,11.33,25.52,0.12,是,是,0.8,高支模,12.48,0.55,0.48,0.86,0.76,2,0.63,低风险
0.91,0.68,否,0.98,0.76,19.75,初级,无,无,21,49.74,0.32,是,是,0.92,车辆,11.9,1,0.19,0.7,0.33,3,0.4,中风险
0.39,0.16,否,0.63,0.78,5.56,初级,无,1次,13.35,30.73,0,是,是,0.94,车辆,26,1,0.32,0.8,0.36,1,0.7,中风险
0.89,0.25,否,0.43,0.9,12.33,中级,1次,无,34.09,26.54,0.02,是,是,0.59,高支模,3.38,0.88,0.98,0.78,0.8,2,0.66,低风险
0.83,0.49,否,0.64,0.67,11.58,初级,无,无,23.41,37.82,0.11,是,是,0.87,深基坑,18.17,0.46,0.12,0.86,0.55,2,0.38,低风险
0.83,0.28,否,0.78,0.75,1.77,中级,无,无,37.69,18.69,0.27,是,是,0.82,深基坑,16.14,1,0.57,0.94,0.81,3,0.57,无风险
0.81,0.49,否,0.79,0.92,5.51,中级,无,1次,7.59,30.22,0.06,是,是,0.78,高支模,2.32,0.71,0.04,0.83,0.53,2,0.6,无风险
0.41,0.13,否,0.69,0.82,4.34,初级,无,无,11.91,22.39,0.48,否,是,0.48,高支模,1.19,0.85,0.32,0.68,0.28,4,0.56,极高风险
0.5,0.5,否,0.32,0.75,12.82,中级,无,无,8.19,50.42,0.23,是,是,0.9,车辆,4.26,0.59,0,0.72,0.64,1,0.49,高风险
0.88,0.22,否,0.45,0.79,14.65,高级,无,≥2次,41.44,35.28,0.05,是,是,0.8,车辆,11.62,1,0,0.92,0.35,5,0.73,低风险
0.8,0.37,否,0.75,0.78,0.13,中级,1次,无,8.48,64.2,0.35,是,是,0.84,配电箱,17.46,0.94,0.15,0.77,0.51,1,0.24,高风险
0.75,0.42,否,0.56,0.98,4,高级,无,无,24.1,24.3,0.62,是,是,0.85,配电箱,20.98,1,0.98,0.76,0.57,5,0.85,中风险
0.13,0.64,否,0.72,0.84,13.23,中级,无,无,18.83,15.18,0.29,是,是,0.23,深基坑,1.83,0.67,0.14,0.93,0.54,3,0.74,高风险
0.39,0.32,否,0.46,0.85,23.53,中级,无,1次,49.83,22.36,0.35,否,是,0.89,配电箱,31.01,0.1,0,0.65,0.8,3,0.49,极高风险
0.55,0.06,否,0.86,0.74,12.41,中级,无,无,8.31,76.59,0.15,是,是,0.89,车辆,3.4,0.8,0.11,0.94,0.97,2,0.34,无风险
0.73,0.14,否,0.59,0.74,11.36,中级,无,1次,17.15,20.34,0.28,是,是,0.81,深基坑,10.64,0.69,0.63,0.81,0.82,2,0.4,低风险
0.78,0.13,否,0.74,0.89,9.63,高级,1次,无,33.01,37.07,0.37,是,是,0.66,配电箱,33.62,0.65,0.24,0.66,0.68,2,0.34,低风险
0.96,0.66,否,0.82,0.88,2.63,中级,无,≥2次,26.89,79.56,0.01,是,是,0.9,车辆,11.77,0.24,0.21,0.98,0.5,1,0.62,高风险
0.22,0.22,否,0.61,0.65,9.29,初级,无,1次,6.79,15.79,0.05,是,是,0.96,塔吊,31.35,0.81,0.35,0.83,0.91,1,0.22,中风险
0.8,0.67,否,0.74,0.71,2.67,初级,无,≥2次,28.62,31.41,0.23,是,是,0.42,高支模,2.7,0.89,0,0.87,0.85,4,0.57,高风险
0.81,0.42,否,0.82,0.78,5.21,中级,1次,1次,25.16,115.15,0.26,是,是,0.43,车辆,4.84,0.87,0,0.77,0.91,8,0.91,高风险
0.87,0.49,否,0.8,0.92,3.09,中级,无,无,16.57,71.17,0.33,否,是,0.66,深基坑,14.13,0.69,0.27,0.75,0.28,2,0.84,极高风险
0.81,0.15,否,0.57,0.68,4.49,中级,无,1次,15.25,13.7,0.35,是,是,0.83,塔吊,14.5,0.53,0.56,0.88,0.86,3,0.41,低风险
0.87,0.64,否,0.65,0.86,2.68,高级,无,无,37.08,31.73,0.25,是,是,0.44,高支模,7.21,1,0.33,0.58,0.83,3,0.4,低风险
0.37,0.71,否,0.79,0.91,27.35,高级,无,1次,42.44,25.89,0.13,是,是,0.7,车辆,12.39,0.55,0,0.9,0.72,1,0.87,无风险
0.3,0.1,否,0.67,0.81,9,中级,1次,1次,16.06,23.95,0.04,是,是,0.93,配电箱,1.98,0.94,0.34,0.75,0.71,6,0.42,低风险
0.77,0.52,是,0.77,0.83,6.81,中级,无,无,22.76,62.15,0.14,是,是,0.32,车辆,9.67,0.3,0.19,0.8,0.8,1,0.72,极高风险
0.26,0.18,否,0.73,0.82,2.43,中级,无,无,18.35,42.51,0.47,是,是,0.34,车辆,27.53,0.9,0.04,0.89,0.86,3,0.51,中风险
0.32,0.41,否,0.79,0.82,2.1,初级,无,无,29.29,56.18,0.05,是,是,0.93,配电箱,9.13,1,0.15,0.55,0.62,1,0.62,中风险
0.33,0.36,否,0.65,0.71,2.04,中级,无,≥2次,12.47,34.94,0.07,是,是,0.62,配电箱,3.01,0.31,0.04,0.98,0.9,1,0.82,中风险
0.89,0.67,否,0.83,0.87,10.44,中级,1次,1次,23.4,86.15,0.05,是,是,0.41,车辆,11.69,0.62,0.22,0.87,0.89,4,0.25,高风险
0.64,0.43,否,0.69,0.76,0.71,高级,1次,无,33.98,16.3,0.55,是,是,0.53,深基坑,13.3,0.44,0.08,0.9,0.88,2,0.77,低风险
0.22,0.45,否,0.84,0.83,11.65,初级,无,1次,7.78,34.52,0.13,是,是,0.8,塔吊,49.83,0.77,0.11,0.84,0.85,2,0.52,中风险
0.6,0.59,否,0.69,0.71,3.88,高级,无,无,28.92,36.95,0.27,是,是,0.47,深基坑,72.3,0.33,0.2,0.68,0.7,2,0.46,高风险
0.78,0.51,否,0.8,0.79,3.72,初级,1次,≥2次,15.25,27.76,0.17,否,是,0.73,塔吊,0.39,0.13,0,0.81,0.22,1,0.53,极高风险
0.46,0.14,否,0.79,0.86,10.51,高级,1次,1次,16.92,15.14,0.35,是,是,0.75,塔吊,78.34,0.19,0,0.86,0.83,4,0.69,中风险
0.51,0.16,否,0.86,0.94,39.51,中级,无,无,21.04,41.2,0.41,是,是,0.33,深基坑,1.85,0.34,0.26,0.82,0.64,2,0.7,无风险
0.67,0.54,否,0.54,0.77,10.09,高级,无,1次,25.4,30.41,0.02,是,是,0.64,配电箱,27.94,0.27,0.07,0.88,0.74,0,0.67,低风险
0.26,0.23,否,0.55,0.72,6.51,高级,无,无,13.56,13.88,0.26,是,是,0.5,车辆,20.59,0.74,0.11,0.73,0.51,3,0.77,中风险
0.64,0.44,否,0.47,0.71,3.04,高级,无,无,43.88,15.72,0.21,是,是,0.86,车辆,16.18,0.78,0,0.77,0.91,5,0.29,无风险
0.83,0.81,否,0.79,0.67,24.08,初级,无,无,48.21,27.44,0.11,否,是,0.43,车辆,41.2,0.85,0,0.94,0.5,1,0.77,极高风险
0.64,0.41,否,0.82,0.88,3,中级,无,无,32.99,20.37,0.25,是,是,0.49,配电箱,3.87,0.61,0.63,0.95,0.16,4,0.99,高风险
0.51,0.59,否,0.71,0.72,23.62,高级,1次,无,20.66,15.91,0.2,是,是,0.18,塔吊,14.06,0.44,0.18,0.63,0.47,3,0.5,高风险
0.83,0.82,否,0.75,0.77,31.05,中级,无,无,35.43,24.02,0.44,是,是,0.4,车辆,73.94,0.72,0.13,0.98,0.72,2,0.59,高风险
0.56,0.43,否,0.53,0.62,0.23,初级,1次,1次,15.4,20.76,0.21,是,是,0.59,深基坑,2.19,0.28,0.62,0.89,0.42,4,0.38,极高风险
0.48,0.18,否,0.8,0.75,4.56,高级,无,1次,6.94,18.26,0.44,是,是,0.58,高支模,21.71,0.85,0.56,0.83,0.53,0,0.64,高风险
0.52,0.19,否,0.69,0.79,6.64,初级,无,无,20.26,35.06,0.38,是,是,0.18,配电箱,4.36,0.47,0.25,0.82,0.87,4,0.36,高风险
0.96,0.15,否,0.58,0.97,26.94,中级,无,无,24.65,33.42,0.09,是,是,0.64,深基坑,19.34,0.51,0.33,0.83,0.37,1,0.37,无风险
0.75,0.24,否,0.83,0.88,3.22,中级,1次,1次,25.08,25.07,0.14,是,是,0.92,车辆,18.64,0.7,0.16,0.88,0.7,1,0.79,低风险
0.57,0.42,否,0.7,0.84,2.92,高级,无,无,15.15,9.3,0.02,是,是,0.52,高支模,29.29,0.65,0,0.73,0.92,2,0.31,无风险
0.13,0.14,否,0.58,0.68,0.02,中级,无,无,19.6,39.23,0.34,否,是,0.87,深基坑,19.87,0.65,0.8,0.96,0.69,0,0.33,极高风险
0.46,0.36,否,0.77,0.8,33.49,初级,无,1次,12.26,37.69,0.08,是,是,0.48,高支模,25.62,0.51,0,0.88,0.3,3,0.72,中风险
0.88,0.38,否,0.71,0.77,11.58,中级,1次,无,14.62,23.87,0.18,是,是,0.47,车辆,26.38,0.71,0.31,0.68,0.71,2,0.48,中风险
0.79,0.18,否,0.82,0.92,31.91,中级,无,无,20.79,23.2,0.03,是,是,0.34,塔吊,23.37,1,0,0.81,0.52,6,0.53,无风险
0.53,0.36,否,0.74,0.9,3.06,中级,1次,无,26.59,21.29,0.31,是,是,0.25,配电箱,0.09,1,0.08,0.96,0.85,1,0.66,无风险
0.38,0.21,否,0.73,0.87,3.31,中级,无,1次,15.77,86.89,0.07,是,是,0.35,塔吊,34.52,0.45,0.67,0.86,0.38,4,0.83,极高风险
0.83,0.2,否,0.89,0.77,15.31,高级,无,无,31.79,27.32,0.58,是,是,0.55,深基坑,23.25,0.77,0,0.95,0.8,6,0.52,无风险
0.34,0.27,否,0.73,0.77,4.18,初级,无,无,23.03,19.69,0.37,是,是,0.61,塔吊,10.26,0.54,0.22,0.78,0.63,3,0.26,高风险
0.37,0.33,否,0.9,0.67,0.88,高级,无,无,18.41,20.67,0.03,是,是,0.62,车辆,0.55,1,0.13,0.58,0.51,3,0.74,无风险
0.74,0.15,否,0.85,0.91,27.82,中级,1次,无,8.77,106.57,0.82,是,是,0.67,高支模,1.16,1,0.41,0.94,0.61,1,0.86,低风险
0.54,0.78,否,0.79,0.76,14.66,中级,无,无,26.67,20.46,0.43,是,是,0.58,高支模,25.16,0.51,0,0.74,0.53,1,0.49,中风险
0.42,0.31,否,0.78,0.83,3.5,中级,1次,无,39.13,46.46,0.01,是,是,0.61,高支模,17.75,1,0.44,0.89,0.69,2,0.81,中风险
0.9,0.3,否,0.85,0.66,8.81,高级,无,无,24.58,16.38,0,是,是,0.47,高支模,55.19,0.57,0.67,0.63,0.74,5,0.41,中风险
0.46,0.23,否,0.59,0.83,1.66,中级,无,1次,20.02,31.35,0.37,否,是,0.87,配电箱,43.91,0.28,0,0.77,0.99,1,0.37,极高风险
0.85,0.18,否,0.76,0.72,3.12,中级,无,无,16.84,33.66,0.44,是,是,0.49,车辆,28.06,1,0.19,0.72,0.88,4,0.65,低风险
0.81,0.18,否,0.54,0.88,11.05,高级,无,1次,26.43,12.75,0.47,是,是,0.43,车辆,38.2,0.58,0.96,0.71,0.53,3,0.82,高风险
0.49,0.32,否,0.79,0.79,4.92,初级,无,无,19.95,83.32,0.21,是,是,0.82,车辆,8.14,0.71,0.31,0.64,0.72,1,0.2,高风险
0.58,0.46,否,0.62,0.61,0.84,中级,无,无,32.97,55.87,0.27,是,是,0.91,车辆,2.68,0.78,0.36,0.91,0.32,1,0.82,中风险
0.62,0.15,否,0.62,0.8,0.17,初级,无,无,17.28,71.72,0.37,是,是,0.5,高支模,20.57,1,0.19,0.9,0.53,5,0.49,极高风险
0.81,0.89,否,0.74,0.76,3.39,中级,1次,≥2次,18.54,26.64,0.21,是,是,0.53,车辆,13.38,0.21,0.13,0.73,0.67,1,0.64,极高风险
0.48,0.38,否,0.54,0.64,9.89,中级,无,无,18.77,61.59,0.39,是,是,0.66,高支模,10.45,0.45,0.29,0.71,0.6,4,0.83,高风险
0.48,0.36,否,0.75,0.81,5.06,高级,无,无,7.1,34.77,0.04,是,是,0.95,深基坑,16.75,0.16,0.25,0.79,0.32,1,0.93,低风险
0.77,0.83,否,0.72,0.69,2.44,中级,1次,1次,18.99,20.66,0.66,是,是,0.1,配电箱,28.83,0.54,0.05,0.75,0.9,3,0.45,极高风险
0.32,0.34,否,0.49,0.82,17.72,初级,无,≥2次,48.95,12.6,0.2,是,是,0.91,塔吊,80.89,0.59,0,0.79,0.75,2,0.23,高风险
0.53,0.18,否,0.78,0.67,2.05,中级,无,1次,22.5,13.87,0.03,是,是,0.43,车辆,77.49,0.67,0.13,0.77,0.8,3,0.76,低风险
0.69,0.23,否,0.74,0.88,7.99,中级,无,无,31.71,35.65,0.09,是,是,0.67,车辆,27.07,0.61,0.2,0.76,0.91,5,0.37,低风险
0.72,0.41,否,0.8,0.74,12.27,中级,无,1次,30.43,73.32,0.07,是,是,0.38,车辆,21.87,0.85,0.17,0.93,0.72,3,0.96,中风险
0.44,0.34,否,0.72,0.7,2.88,初级,无,1次,23.73,79.05,0.2,否,是,0.49,高支模,0.36,0.64,0,0.96,0.49,5,0.43,极高风险
0.65,0.29,否,0.72,0.79,15.05,初级,1次,1次,38.38,44.68,0.23,是,是,0.42,配电箱,2.38,0.38,0,0.61,0.55,1,0.13,高风险
0.72,0.17,否,0.58,0.75,2.19,高级,无,1次,26.44,12.87,0.01,是,是,0.56,车辆,12.53,0.97,0.41,0.93,0.43,4,0.6,低风险
0.72,0.14,否,0.76,0.83,13.47,中级,无,无,8.92,29.13,0.19,是,是,0.84,塔吊,16.25,1,0.63,0.89,0.89,1,0.78,无风险
0.25,0.59,否,0.8,0.91,10.21,中级,无,无,12.49,64.6,0.24,是,是,0.71,车辆,30.04,0.64,0,0.88,0.78,0,0.45,中风险
0.65,0.35,否,0.63,0.82,22.55,初级,无,无,21.02,38.33,0.06,是,是,0.2,车辆,12.46,1,0,0.85,0.54,2,0.52,低风险
0.55,0.35,否,0.58,0.99,7.31,高级,无,1次,14.55,17.99,0.21,是,是,0.32,高支模,11.97,0.68,0.25,0.63,0.18,3,0.26,高风险
0.82,0.44,否,0.61,0.81,2.24,高级,无,无,31.47,63.41,0.15,是,是,0.42,塔吊,1.61,0.89,0.34,0.74,0.32,3,0.76,中风险
0.55,0.24,否,0.64,0.87,4.06,初级,1次,无,18.51,17.34,0.12,是,是,0.89,塔吊,7.58,0.81,0,0.48,0.36,0,0.32,低风险
0.72,0.33,否,0.81,0.74,2.95,中级,1次,无,22.2,45.06,0.26,是,是,0.92,深基坑,1.92,0.8,0.39,0.85,0.65,2,0.34,低风险
0.65,0.26,否,0.73,0.6,27.74,中级,无,1次,30.51,70.52,0.63,是,是,0.85,深基坑,18.15,0.51,0.19,0.66,0.85,0,0.44,高风险
0.58,0.19,否,0.49,0.86,9.88,高级,无,无,10.86,35.26,0.33,是,是,0.2,深基坑,1.6,0.42,0.59,0.92,0.88,0,0.87,低风险
0.71,0.46,否,0.65,0.65,7.02,中级,无,无,71.14,35.71,0.22,是,是,0.77,塔吊,27.19,0.36,0.18,0.72,0.46,2,0.47,中风险
0.77,0.19,否,0.58,0.73,2.54,中级,无,无,15.11,17.39,0.8,是,是,0.85,配电箱,4.1,0.67,0,0.98,0.53,2,0.8,无风险
0.97,0.92,否,0.58,0.86,1.47,初级,无,1次,19.33,18.7,0.49,是,是,0.25,塔吊,49.01,0.65,0.64,0.91,0.53,1,0.63,极高风险
0.74,0.31,否,0.71,0.85,4.88,中级,无,无,14.45,54.37,0.03,是,是,0.33,配电箱,4.42,0.45,0.1,0.82,0.26,4,0.64,高风险
0.78,0.26,否,0.73,0.75,19.11,高级,无,无,19.96,24.42,0.19,是,是,0.85,配电箱,0.07,0.45,0,0.83,0.71,4,0.55,无风险
0.85,0.29,否,0.59,0.96,29.94,中级,无,无,23.33,20.08,0.23,是,是,0.86,配电箱,12.02,0.78,0,0.59,0.52,4,0.79,无风险
0.86,0.17,否,0.64,0.72,10.01,初级,无,无,36.5,16.29,0.17,是,是,0.67,塔吊,39.64,0.27,0.2,0.87,0.46,4,0.56,中风险
0.05,0.17,否,0.63,0.88,10.36,初级,无,1次,20.23,77.39,0.08,是,是,0.4,塔吊,19.06,0.91,0.24,0.79,0.84,4,0.41,高风险
0.34,0.24,否,0.61,0.64,1.13,初级,无,1次,12.15,26.56,0.33,否,是,0.94,配电箱,19.32,0.75,0.52,0.94,0.51,4,0.82,极高风险
0.43,0.16,否,0.66,0.89,2.79,高级,无,无,6.87,40.48,0.06,是,是,0.79,高支模,15.9,0.68,0.18,0.8,0.82,4,0.49,无风险
0.37,0.25,否,0.71,0.65,4.03,高级,无,无,9.56,27.17,0.44,是,是,0.85,塔吊,6.43,0.68,0.02,0.85,0.72,6,0.65,无风险
0.57,0.24,否,0.68,0.7,1.24,初级,无,无,17.89,23.73,0.22,是,是,0.69,高支模,32.67,0.12,0.39,0.71,0.11,0,0.55,极高风险
0.52,0.19,否,0.61,0.99,3.83,中级,无,无,51.88,12.31,0.36,是,是,0.82,塔吊,15.56,1,0.53,0.94,0.37,0,0.56,低风险
0.7,0.98,否,0.82,0.81,26.6,中级,无,无,23.59,38.6,0.08,是,是,0.85,高支模,17.9,0.3,0.24,0.83,0.79,5,0.41,高风险
0.24,0.13,否,0.76,0.87,7.22,中级,无,≥2次,22.27,35.83,0.14,是,是,0.16,高支模,0.68,1,0.04,0.91,0.79,1,0.52,高风险
0.34,0.23,否,0.68,0.81,38.59,高级,无,1次,42.36,47.36,0.32,是,是,0.71,塔吊,1.46,0.22,0.53,0.91,0.97,5,0.79,低风险
0.49,0.18,否,0.66,0.75,1.9,中级,无,无,16.68,34.03,0.11,是,是,0.74,车辆,12.69,0.58,0.54,0.72,0.79,9,0.8,高风险
0.78,0.25,否,0.69,0.87,9.91,中级,无,1次,9.52,19.77,0.24,是,是,0.71,塔吊,9.17,0.23,0.25,0.76,0.18,2,0.83,中风险
0.85,0.13,否,0.6,0.89,13.12,初级,无,无,31.18,12.12,0.16,是,是,0.31,高支模,14.24,0.88,0.38,0.7,0.3,1,0.62,低风险
0.89,0.26,否,0.79,0.96,13.97,高级,无,1次,21.6,23.36,0.33,是,是,0.92,车辆,2.62,0.51,0.31,0.78,0.23,1,0.87,无风险
0.78,0.32,否,0.9,0.81,11.89,高级,无,无,32.63,22.1,0.12,是,是,0.98,配电箱,1.55,1,0,0.7,0.72,2,0.48,无风险
0.72,0.68,否,0.94,0.9,2.51,初级,1次,1次,21.59,64.56,0.11,是,是,0.83,深基坑,40.11,0.76,0.03,0.9,0.25,2,0.65,极高风险
0.62,0.38,否,0.65,0.7,3.58,初级,无,1次,32.82,23.5,0.32,是,是,0.26,高支模,2.62,0.71,0,0.67,0.71,3,0.75,中风险
0.24,0.18,否,0.72,0.9,4.89,初级,无,1次,16.71,13.17,0.45,是,是,0.35,高支模,4.42,0.71,0.33,0.74,0.94,6,0.72,高风险
0.37,0.27,否,0.62,0.94,4.25,中级,无,无,7.44,15.13,0.01,是,是,0.76,配电箱,11.06,0.57,0.13,0.61,0.62,2,0.85,低风险
0.27,0.62,否,0.72,0.84,10.36,中级,无,无,26.63,49.57,0.56,是,是,0.69,车辆,14.79,0.34,0,0.84,0.73,8,0.79,极高风险
0.4,0.21,否,0.61,0.91,20.97,高级,无,1次,8.33,21.89,0.06,是,是,0.77,高支模,36.02,1,0.23,0.63,0.42,5,0.71,低风险
0.32,0.09,否,0.8,0.78,3.43,中级,无,无,10.69,43.41,0.25,是,是,0.75,塔吊,14.86,0.4,0.03,0.86,0.73,4,0.58,低风险
0.15,0.27,否,0.96,0.73,2.55,无证,无,无,15.21,27.03,0.44,是,是,0.67,配电箱,1.07,0.27,0,0.79,0.24,4,0.84,极高风险
0.91,0.1,否,0.69,0.8,6.83,中级,无,无,14.92,27.61,0.08,是,是,0.32,车辆,17.61,0.45,0,0.89,0.69,0,0.7,无风险
0.45,0.17,否,0.89,0.84,9.12,高级,无,无,21.62,45.45,0.41,是,是,0.91,深基坑,18.13,0.9,0.24,0.87,0.78,0,0.78,无风险
0.72,0.17,否,0.71,0.75,0.44,中级,无,1次,6.58,24.38,0.15,是,是,0.68,车辆,8.71,0.88,0.28,0.56,0.37,0,0.84,中风险
0.34,0.23,否,0.57,0.83,7.72,高级,无,1次,11.01,54.77,0.16,是,是,0.31,车辆,15.45,0.8,0.62,0.75,0.75,0,0.82,极高风险
0.38,0.88,否,0.69,0.77,4.28,高级,无,1次,28.52,15.08,0.22,否,是,0.96,高支模,1.04,0.56,0.17,0.7,0.88,1,0.27,极高风险
0.83,0.26,否,0.72,0.5,7.75,中级,无,1次,13.8,69.95,0.78,是,是,0.92,塔吊,46.83,0.97,0.08,0.96,0.41,5,0.63,高风险
0.59,0.56,否,0.74,0.73,10.42,高级,无,无,55.59,20.76,0.66,是,是,0.79,塔吊,21.71,0.63,0.57,0.84,0.55,0,0.61,中风险
0.82,0.09,否,0.59,0.71,7.54,初级,无,1次,24.57,10.05,0.01,是,是,0.63,高支模,2.71,1,0.82,0.66,0.88,6,0.63,低风险
0.89,0.33,否,0.71,0.81,8.25,高级,无,1次,17,41.86,0,是,是,0.9,车辆,1.05,0.62,0.47,0.89,0.68,5,0.68,无风险
0.37,0.51,否,0.76,0.66,7.34,中级,1次,无,59.86,73.07,0.47,是,是,0.85,塔吊,68.48,0.84,0,0.72,0.68,4,0.64,高风险
0.5,0.77,是,0.87,0.63,2.8,中级,无,无,21.19,35.31,0.18,是,是,0.55,塔吊,58.15,0.41,0.45,0.84,0.51,3,0.83,极高风险
0.79,0.22,否,0.59,0.99,2.07,中级,1次,无,31.16,23.35,0.18,是,是,0.72,高支模,34.11,1,0.48,0.95,0.78,3,0.85,低风险
0.77,0.16,否,0.65,0.66,2.25,初级,无,无,14.82,15.69,0.04,是,是,0.47,深基坑,1.71,0.4,0.66,0.63,0.77,4,0.47,低风险
0.81,0.37,否,0.78,0.47,9.27,初级,无,无,17.96,16.34,0.23,是,是,0.27,塔吊,48.2,1,0,0.97,0.83,2,0.69,高风险
0.8,0.18,否,0.65,0.83,19.89,初级,无,1次,23.74,32.79,0.04,是,是,0.71,深基坑,19.28,1,0.22,0.66,0.27,4,0.91,低风险
0.55,0.3,否,0.74,0.75,6.44,高级,无,无,26.25,41.86,0.03,是,是,0.42,深基坑,36.7,0.74,0.16,0.89,0.43,2,0.73,中风险
0.44,0.49,否,0.57,0.82,10.29,高级,无,无,19.74,38.77,0.26,是,是,0.6,配电箱,25.22,0.2,0,0.98,0.97,1,0.62,低风险
0.31,0.16,否,0.56,0.79,1.03,无证,无,1次,16.56,91.54,0.49,是,是,0.86,深基坑,47.29,0.45,0.31,0.76,0.66,4,0.7,极高风险
0.32,0.22,否,0.83,0.88,2.63,高级,无,无,12.78,36.67,0.45,是,是,0.9,高支模,37.92,0.71,0.22,0.79,0.81,1,0.83,低风险
0.86,0.4,否,0.8,0.94,33.83,高级,无,无,28.88,27.79,0.19,是,是,0.79,深基坑,9.01,1,0.03,0.57,0.17,1,0.72,无风险
0.49,0.48,否,0.82,0.8,6.14,初级,1次,1次,21.09,37.27,0.01,是,是,0.37,高支模,0.98,0.47,0,0.69,0.67,1,0.7,中风险
0.4,0.34,否,0.72,0.85,5.03,中级,无,无,25.22,26.45,0.1,是,否,0.62,深基坑,3.94,0.54,0,0.76,0.59,2,0.46,高风险
0.18,0.2,否,0.69,0.89,17.01,初级,无,无,24.13,54.39,0.32,是,是,0.13,车辆,0.02,1,0.67,0.93,0.73,2,0.45,极高风险
0.29,0.27,否,0.56,0.69,20.08,中级,无,无,80.87,36.77,0.29,是,是,0.82,配电箱,10.47,0.52,0.37,0.68,0.35,2,0.54,高风险
0.93,0.41,否,0.65,0.85,11.31,中级,无,≥2次,11.82,17.2,0.05,是,是,0.78,车辆,0.83,0.51,0.02,0.97,0.84,0,0.35,无风险
0.23,0.26,否,0.73,0.73,17.23,初级,无,无,27.82,47.13,0.28,是,是,0.39,车辆,9.67,0.61,0.12,0.86,0.64,3,0.71,高风险
0.3,0.31,否,0.64,0.64,15,中级,无,无,19.77,54.7,0.75,是,是,0.45,配电箱,1.25,0.49,0.61,0.81,0.9,2,0.91,高风险
0.75,0.27,否,0.65,0.63,4.58,中级,无,无,54.28,35.96,0.02,是,是,0.33,深基坑,3.08,0.28,0.76,0.68,0.55,4,0.6,高风险
0.78,0.52,否,0.57,0.68,5.82,初级,无,无,20.2,23.29,0.36,是,是,0.37,配电箱,62.45,0.87,0,0.74,0.12,2,0.79,高风险
0.64,0.22,否,0.64,0.76,3.24,初级,无,无,18.54,69.48,0.24,否,是,0.7,车辆,15.95,0.78,0.5,0.86,0.41,2,0.78,极高风险
0.51,0.59,否,0.72,0.73,1.53,中级,无,1次,51.41,24.9,0.46,是,是,0.87,深基坑,20.93,0.33,0.49,0.95,0.83,1,0.95,高风险
0.55,0.13,否,0.54,0.85,2.35,高级,无,无,13.43,30.92,0.41,是,是,0.12,塔吊,1.89,0.59,0.16,0.82,0.68,1,0.92,高风险
0.67,0.77,否,0.82,0.8,6.97,无证,无,无,21.82,35.99,0.11,是,是,0.49,配电箱,33.09,1,0.56,0.83,0.76,1,0.55,高风险
0.16,0.22,否,0.85,0.83,6.64,初级,无,无,25.63,34.59,0.06,是,是,0.69,车辆,13.3,1,0.28,0.76,0.74,4,0.7,高风险
0.52,0.28,否,0.69,0.84,8.71,中级,无,无,9.62,13.51,0.27,是,是,0.39,车辆,37.97,0.85,0.29,0.58,0.95,3,0.62,中风险
0.89,0.61,否,0.74,0.89,0.68,初级,无,1次,16.48,43.95,0.15,是,是,0.36,车辆,58.41,0.47,0.31,0.78,0.61,2,0.15,极高风险
0.36,0.53,是,0.85,0.9,8.45,初级,无,1次,27.97,25.16,0.09,是,是,0.74,塔吊,2.58,0.74,0.61,0.86,0.73,1,0.68,极高风险
0.73,0.44,否,0.78,0.89,31.42,中级,无,1次,10.8,30.95,0.52,是,是,0.66,高支模,17.82,0.5,0.43,0.83,0.52,2,0.62,中风险
0.8,0.44,否,0.8,0.83,6.06,无证,1次,无,29.25,38.51,0.16,是,是,0.89,车辆,14.7,0.64,0.18,0.86,0.45,3,0.52,高风险
0.53,0.29,否,0.74,0.69,0.31,初级,1次,1次,8.08,31.84,0.21,是,否,0.89,高支模,2.72,1,0.31,0.84,0.8,7,0.73,极高风险
0.89,0.09,否,0.73,0.86,2.12,初级,无,无,43.86,17.06,0.39,是,是,0.79,车辆,15.61,1,0.35,0.88,0.78,2,0.82,无风险
0.57,0.32,否,0.67,0.73,2.27,初级,1次,1次,27.86,22.41,0.05,是,是,0.84,深基坑,14.93,0.22,0.51,0.93,0.68,5,0.33,极高风险
0.81,0.22,否,0.81,0.85,9.07,初级,无,1次,10.92,14.72,0.13,是,是,0.67,塔吊,25.25,1,0.06,0.74,0.25,3,0.44,低风险
0.59,0.17,否,0.62,0.62,25.16,无证,无,无,24.49,28.11,0.28,是,是,0.96,塔吊,26.77,0.72,0.02,0.67,0.5,1,0.77,高风险
0.25,0.7,否,0.71,0.97,2.22,高级,无,无,17.8,110.57,0.38,是,是,0.87,塔吊,2.31,0.08,0.16,0.69,0.96,1,0.81,中风险
0.85,0.16,否,0.81,0.86,11.03,中级,无,1次,23.32,36.68,0.66,是,是,0.83,车辆,25.39,0.32,0,0.96,0.43,4,0.69,中风险
0.38,0.1,否,0.73,0.88,11.71,初级,无,无,43.07,31.16,0.19,是,是,0.37,高支模,8.15,0.4,0.13,0.79,0.32,3,0.5,中风险
0.61,0.28,否,0.69,0.68,1.49,初级,无,1次,11.37,26.62,0.05,是,是,0.3,车辆,3.92,1,0.16,0.78,0.68,1,0.32,中风险
0.7,0.58,否,0.76,0.68,18.13,中级,无,无,39.46,34.71,0.1,是,是,0.39,塔吊,58.88,0.53,0,0.67,0.75,2,0.58,低风险
0.79,0.34,否,0.66,0.87,8.69,高级,无,无,26.44,33.96,0.65,是,是,0.86,车辆,8.27,0.71,0.31,0.73,0.73,3,0.83,无风险
0.52,0.13,否,0.8,0.8,7.3,高级,无,1次,8.99,36.73,0.38,是,是,0.08,配电箱,8.61,0.21,0.46,0.97,0.89,4,0.77,极高风险
0.5,0.86,否,0.66,0.85,1.66,高级,无,无,17.29,69,0.77,是,是,0.5,高支模,1.38,0.41,0.29,0.98,0.61,2,0.83,高风险
0.25,0.34,否,0.72,0.7,4.21,中级,无,≥2次,16.09,22.1,0.56,是,是,0.36,高支模,7.84,0.67,0.4,0.71,0.34,0,0.11,极高风险
0.49,0.22,否,0.88,0.83,17.1,高级,无,1次,34.45,22.14,0.2,是,是,0.73,高支模,4.05,0.36,0,0.87,0.88,3,0.85,无风险
0.34,0.15,否,0.54,0.63,1.8,中级,1次,1次,22.43,18.9,0.01,是,是,0.8,车辆,38.41,0.98,0.04,0.93,0.77,2,0.4,低风险
0.53,0.24,否,0.66,0.81,8.84,高级,1次,无,13.41,76.45,0.04,是,是,0.35,配电箱,66.37,0.49,0.27,0.91,0.89,3,0.45,高风险
0.2,0.62,否,0.78,0.74,32.87,初级,无,无,25.1,23.33,0.4,是,是,0.71,深基坑,0.31,0.61,0.19,0.7,0.79,1,0.54,高风险
0.59,0.29,否,0.67,0.98,4.82,初级,无,1次,25.09,50.89,0.22,是,是,0.87,车辆,7.57,0.65,0.04,0.94,0.29,3,0.86,中风险
0.63,0.51,否,0.65,0.81,27.48,中级,无,1次,24.59,23.36,0.02,是,是,0.3,配电箱,21.46,1,0.15,0.57,0.18,1,0.86,中风险
0.42,0.27,否,0.52,0.77,11.93,中级,无,无,19.5,18.43,0.2,是,是,0.63,深基坑,25.23,0.38,0.04,0.8,0.54,3,0.68,中风险
0.84,0.17,否,0.73,0.86,6.1,初级,无,无,31.55,36.13,0.01,否,是,0.47,深基坑,28.91,0.5,0.54,0.89,0.83,1,0.54,极高风险
0.75,0.57,否,0.4,0.8,7.41,中级,无,无,21.25,38.3,0.08,是,是,0.78,车辆,16.35,0.08,0.29,0.75,0.96,1,0.16,高风险
0.65,0.14,否,0.53,0.74,0.47,高级,无,≥2次,21.77,7.86,0.07,是,是,0.74,高支模,29.02,0.61,0,0.78,0.84,2,0.63,低风险
0.44,0.44,否,0.56,0.63,4.25,高级,无,≥2次,9.17,43.02,0.49,是,是,0.76,塔吊,1.21,0.55,0.36,0.84,0.6,1,0.38,极高风险
0.79,0.39,否,0.88,0.82,5.69,高级,无,≥2次,32.92,26.2,0.23,是,是,0.58,塔吊,2.95,0.47,0.54,0.98,0.45,4,0.73,高风险
0.84,0.14,否,0.63,0.64,0.21,初级,无,无,10.85,33.39,0.66,否,是,0.3,深基坑,3.81,0.61,0.13,0.99,0.77,2,0.45,极高风险
0.24,0.25,否,0.71,0.74,11.57,中级,无,无,24.59,51.2,0.06,是,是,0.73,塔吊,24.6,1,0,0.83,0.53,0,0.28,无风险
0.74,0.27,否,0.64,0.9,9.35,初级,1次,无,16.75,61.11,0.13,否,是,0.64,车辆,23.42,1,0.05,0.95,0.46,0,0.81,极高风险
0.64,0.37,否,0.9,0.71,0.79,中级,无,无,12.05,29.28,0.1,是,是,0.84,配电箱,21.31,0.63,0,0.88,0.68,1,0.8,无风险
0.03,0.15,否,0.63,0.78,4.21,中级,无,1次,14.29,27.47,0.23,是,是,0.22,高支模,3.07,0.68,0.11,0.51,0.68,1,0.67,高风险
0.73,0.29,否,0.94,0.86,3.63,中级,无,无,24.28,30.91,0.45,是,是,0.33,车辆,17.55,1,0,0.96,0.42,2,0.86,低风险
0.66,0.37,否,0.7,0.74,11.13,初级,无,1次,11.04,14.03,0.46,是,是,0.77,高支模,2.75,0.71,0.3,0.79,0.79,2,0.64,低风险
0.55,0.47,是,0.72,0.76,1.86,初级,无,无,44.96,13.21,0.15,是,是,0.18,配电箱,12.2,0.63,0,0.83,0.07,3,0.41,极高风险
0.66,0.38,否,0.66,0.97,26.92,中级,无,≥2次,22.02,62.81,0.26,是,是,0.85,配电箱,8.07,1,0.35,0.69,0.56,6,0.42,高风险
0.45,0.49,否,0.65,0.89,0.89,初级,≥2次,无,45.84,32.54,0.36,是,是,0.79,塔吊,15.94,1,0,0.93,0.88,2,0.66,中风险
0.26,0.31,否,0.7,0.66,23.52,中级,无,无,42.66,39.4,0.02,是,是,0.46,塔吊,2.49,0.24,0,0.92,0.91,3,0.31,无风险
0.67,0.18,否,0.81,0.79,15.71,中级,≥2次,无,42.38,24.38,0.32,是,是,0.56,高支模,13.96,0.34,0,0.79,0.82,1,0.61,低风险
0.16,0.75,否,0.84,0.69,0.72,高级,1次,1次,20.66,20.9,0,是,是,0.53,配电箱,13.55,1,0,0.92,0.12,4,0.64,高风险
0.79,0.43,否,0.62,0.94,4.51,初级,无,1次,17.04,15.61,0.32,是,是,0.86,配电箱,10.08,1,0.17,0.91,0.25,4,0.66,中风险
0.91,0.67,否,0.67,0.69,0.08,中级,1次,无,16.1,58.19,0.12,是,是,0.88,深基坑,15.76,0.79,0.19,0.89,0.31,2,0.52,高风险
0.79,0.89,否,0.75,0.72,4.44,初级,1次,无,67.54,60.42,0.64,是,是,0.75,配电箱,47.06,0.58,0,0.97,0.82,9,0.71,极高风险
0.66,0.63,否,0.72,0.94,1.45,中级,无,1次,13.07,9.39,0.17,是,是,0.52,高支模,0.54,1,0.26,0.73,0.73,5,0.91,低风险
0.68,0.36,否,0.71,0.77,8.55,高级,无,1次,10.26,24.57,0.21,是,是,0.62,车辆,18.22,1,0.2,0.82,0.65,3,0.86,低风险
0.92,0.18,否,0.61,0.87,1.65,无证,无,无,19.67,13.83,0.05,是,是,0.71,塔吊,11.72,1,0.5,0.82,0.9,2,0.26,高风险
0.72,0.26,否,0.77,0.74,11.32,中级,无,≥2次,12.77,37.26,0.47,是,是,0.7,高支模,1.05,0.68,0.23,0.88,0.56,3,0.26,高风险
0.85,0.31,否,0.75,0.74,5.71,中级,无,1次,18.63,32.14,0.3,是,是,0.33,塔吊,21.66,0.66,0.1,0.82,0.44,1,0.78,中风险
0.78,0.13,否,0.73,0.81,5.54,无证,无,无,20.93,23.71,0.08,是,是,0.86,配电箱,4.75,0.49,0.31,0.92,0.44,4,0.66,高风险
0.28,0.6,否,0.66,0.84,8.16,初级,无,无,26.63,25.52,0.05,是,否,0.53,深基坑,45.13,0.74,0.48,0.81,0.11,1,0.3,极高风险
0.51,0.19,否,1,0.74,35.34,初级,无,无,15.26,19.26,0.09,是,是,0.52,高支模,0.34,1,0.27,0.8,0.54,3,0.63,无风险
0.8,0.54,否,0.73,0.82,1.33,中级,1次,无,16.99,29.22,0.44,是,是,0.79,车辆,25.18,0.46,0.1,0.91,0.62,2,0.61,高风险
0.52,0.22,否,0.73,0.84,3.71,中级,无,无,14.22,22.17,0.05,是,是,0.82,车辆,19.76,1,0.17,0.82,0.48,1,0.19,低风险
0.78,0.3,否,0.66,0.83,0.03,初级,1次,无,15.62,18.13,0.69,是,是,0.86,高支模,3.45,0.25,0.38,0.76,0.52,2,0.47,高风险
0.58,0.13,否,0.68,0.78,11.88,中级,无,无,18.84,27.11,0.01,是,是,0.57,高支模,6.23,1,0.56,0.86,0.72,5,0.77,无风险
0.56,0.3,否,0.74,0.79,4.05,中级,无,无,50.19,35.74,0.08,是,是,0.21,高支模,26.33,0.84,0,0.38,0.49,2,0.46,高风险
0.88,0.27,否,0.89,0.89,0.28,初级,无,无,21.21,29.71,0.2,是,是,0.62,深基坑,29.61,0.74,0.31,0.8,0.84,8,0.34,高风险
0.52,0.16,否,0.68,0.77,0.14,中级,无,无,17.52,24.54,0.18,是,是,0.84,深基坑,54.13,1,0.22,0.79,0.76,4,0.93,低风险
0.71,0.98,否,0.81,0.8,0.27,初级,无,无,19.24,109.48,0.26,是,是,0.34,塔吊,21.57,1,0.28,0.87,0.07,1,0.46,极高风险
0.79,0.18,否,0.69,0.78,24.93,初级,无,1次,56.39,38.79,0.13,是,是,0.51,塔吊,15.95,0.3,0.14,0.62,0.43,1,0.62,中风险
0.82,0.35,否,0.66,0.77,15.28,中级,无,无,17.63,36.48,0.07,是,是,0.88,深基坑,75.78,1,0.53,0.66,0.31,3,0.58,低风险
0.73,0.55,否,0.68,0.92,0.54,初级,无,无,18.69,14.33,0.21,是,是,0.78,塔吊,7.09,0.4,0.45,0.89,0.94,7,0.26,中风险
0.43,0.38,否,0.66,0.6,32.49,初级,无,无,11.96,25,0.13,是,是,0.64,车辆,25.91,0.7,0.56,0.83,0.8,1,0.39,中风险
0.88,0.21,否,0.77,0.92,2.72,中级,无,无,14.41,25.19,0.11,是,是,0.22,高支模,0.74,0.71,0,0.88,0.6,1,0.17,无风险
0.43,0.33,否,0.68,0.82,8.97,高级,无,无,22.02,20.01,0.07,是,是,0.54,配电箱,10.35,1,0.43,0.73,0.39,4,0.24,中风险
0.35,0.15,否,0.65,0.78,13.67,中级,无,≥2次,32.35,99.91,0.26,是,是,0.45,高支模,11.02,0.69,0,0.67,0.42,4,0.5,极高风险
0.78,0.15,否,0.72,0.73,2.54,中级,1次,1次,10.66,9.99,0.14,是,是,0.8,高支模,2.06,0.57,0.17,0.39,0.57,2,0.68,低风险
0.42,0.18,否,0.66,0.82,1.26,中级,无,无,19.05,12.9,0.38,是,是,0.57,高支模,0.71,0.69,0.07,0.82,0.8,1,0.69,无风险
0.68,0.39,否,0.61,0.78,9.02,中级,无,无,17.49,30.34,0.38,是,是,0.87,车辆,22.45,0.09,0.47,0.87,0.53,1,0.76,高风险
0.26,0.43,否,0.73,0.77,4.82,初级,无,无,27.83,16.85,0.8,是,是,0.8,高支模,14.04,1,0.46,0.46,0.49,2,0.92,高风险
0.88,0.21,否,0.76,0.89,4.22,中级,≥2次,1次,13.66,26.71,0.53,是,是,0.84,塔吊,7.99,1,0.07,0.87,0.6,3,0.4,中风险
0.79,0.33,否,0.63,0.88,22.83,高级,无,1次,21.18,55.58,0.72,是,是,0.68,配电箱,4.22,1,0,0.94,0.57,4,0.71,低风险
0.94,0.6,否,0.78,0.7,7.35,高级,无,无,51.45,35.69,0.01,是,是,0.79,车辆,19.41,0.81,0,0.68,0.86,1,0.71,无风险
0.9,0.43,否,0.61,0.93,14.32,中级,无,1次,29.39,40.2,0.06,是,是,0.71,塔吊,0.09,0.31,0,0.78,0.87,3,0.2,无风险
0.31,0.48,是,0.68,0.7,2.95,初级,无,无,32.97,93.06,0.14,是,是,0.91,塔吊,2.68,0.52,0,0.69,0.25,1,0.63,极高风险
0.11,0.28,否,0.67,0.75,6.28,初级,1次,1次,24.77,34.01,0.09,是,是,0.77,车辆,11.88,0.65,0.2,0.75,0.4,4,0.77,极高风险
0.4,0.28,否,0.65,0.75,24.57,中级,无,≥2次,16.02,24.8,0.26,是,是,0.72,车辆,27.63,0.75,0.29,0.85,0.56,3,0.43,高风险
0.79,0.25,否,0.7,0.79,3.58,中级,无,1次,9,39.48,0.08,是,是,0.96,塔吊,10.17,0.78,0.12,0.52,0.06,3,0.6,低风险
0.44,0.17,否,0.63,0.94,12.85,初级,无,1次,19.84,101.48,0.2,否,是,0.76,配电箱,4.32,0.88,0.38,0.89,0.47,4,0.18,极高风险
0.35,0.28,否,0.65,0.69,3.35,初级,无,≥2次,20.2,14.93,0.44,是,是,0.79,深基坑,15.48,0.39,0,0.69,0.52,2,0.59,极高风险
0.47,0.49,否,0.68,0.9,2.45,初级,无,无,18,37.57,0.25,是,是,0.68,深基坑,8.1,0.5,0,0.91,0.83,1,0.48,低风险
0.79,0.49,否,0.69,0.9,3.8,高级,无,无,44.46,9.78,0.19,是,是,0.72,高支模,24.14,0.6,0.46,0.82,0.64,4,0.49,低风险
0.63,0.47,否,0.72,0.86,25.65,中级,无,1次,26.67,26.36,0.44,是,是,0.63,配电箱,13.32,0.44,0.07,0.91,0.73,5,0.85,中风险
0.51,0.13,否,0.53,0.61,5.48,高级,无,1次,23.11,42.8,0.38,是,是,0.54,塔吊,25.88,0.52,0.23,0.95,0.34,1,0.87,高风险
0.35,0.33,否,0.69,0.77,1.34,中级,无,无,9.7,14.82,0.28,是,是,0.42,塔吊,17.33,0.91,0.25,0.76,0.31,1,0.5,中风险
0.77,0.16,否,0.56,0.75,6.52,初级,无,1次,30.01,18.96,0.04,是,是,0.52,塔吊,2.38,1,0.38,0.86,0.75,3,0.43,低风险
0.52,0.59,否,0.75,0.88,3.93,初级,无,无,17.55,45.56,0.56,是,是,0.73,车辆,21.22,0.65,0.18,0.83,0.83,4,0.65,高风险
0.49,0.31,否,0.81,0.81,0.91,中级,无,无,5.95,86.83,0.01,是,是,0.68,车辆,26.38,0.53,0.6,0.67,0.85,4,0.71,高风险
0.57,0.69,否,0.67,0.87,5.93,中级,无,无,34.18,54.91,0.1,是,是,0.83,车辆,62.65,0.46,0.3,0.93,0.73,1,0.55,中风险
0.78,0.11,否,0.86,0.78,4.61,中级,无,1次,28,15.72,0.41,是,是,0.75,深基坑,2.23,0.73,0.78,0.48,0.69,4,0.53,低风险
0.92,0.26,否,0.64,0.74,20.67,中级,无,1次,11.13,16.7,0.13,是,是,0.44,塔吊,3.16,0.73,0.2,0.52,0.61,4,0.66,无风险
0.02,0.21,否,0.73,0.73,10.42,无证,无,1次,15.17,14.94,0.4,是,是,0.32,高支模,18.48,0.51,0.13,0.73,0,0,0.91,极高风险
0.73,0.3,否,0.67,0.74,9.08,初级,无,无,19.78,31.23,0.25,是,是,0.78,车辆,4.19,0.61,0.24,0.91,0.75,2,0.58,无风险
0.63,0.11,否,0.67,1,9.98,初级,无,无,29.78,25,0.06,是,是,0.75,配电箱,4.77,1,0.24,0.64,0.81,2,0.51,无风险
0.46,0.2,否,0.75,0.88,4.67,中级,无,无,15.92,17.94,0.08,是,是,0.83,深基坑,1.28,0.76,0.32,0.65,0.65,5,0.6,无风险
0.78,0.37,否,0.77,0.77,3.21,中级,无,无,11.4,18.9,0.37,是,是,0.92,高支模,26.95,0.85,0.69,0.85,0.43,1,0.5,中风险
0.76,0.56,否,0.75,0.95,2.53,中级,无,无,7.96,48.29,0.26,是,是,0.25,深基坑,12.28,0.82,0.36,0.92,0.85,1,0.56,中风险
0.3,0.44,否,0.82,0.69,16.38,初级,无,1次,15.08,11.63,0.23,是,是,0.9,车辆,25.28,1,0.27,0.81,0.82,1,0.41,中风险
0.67,0.65,是,0.77,0.9,0.05,初级,无,1次,6.77,17.15,0.04,是,是,0.36,深基坑,0.52,1,0.6,0.93,0.74,3,0.79,极高风险
0.11,0.31,否,0.68,0.86,3.48,初级,无,1次,23.25,19.11,0.06,是,否,0.87,高支模,13.41,1,0.05,0.98,0.96,3,0.7,极高风险
0.36,0.21,否,0.83,0.65,19.4,中级,无,1次,9.52,59.61,0.83,是,是,0.59,深基坑,58.72,0.49,0.38,0.93,0.83,6,0.79,极高风险
0.53,0.25,是,0.79,0.69,4.51,中级,无,无,34.87,22.79,0.08,是,是,0.24,深基坑,22.59,0.23,0.01,0.72,0.77,0,0.66,极高风险
0.61,0.54,否,0.65,0.96,28.65,中级,无,1次,17.44,56.82,0.06,是,是,0.36,塔吊,32.86,0.74,0.14,0.85,0.88,1,0.97,低风险
0.5,0.35,否,0.74,0.81,6.05,中级,无,无,34.78,18.2,0.33,是,是,0.79,塔吊,10.27,0.63,0.32,0.99,0.77,4,0.56,无风险
0.39,0.68,否,0.74,0.79,14.36,初级,无,无,40.82,18.55,0.64,是,是,0.46,车辆,14.48,0.84,0.14,0.84,0.55,1,0.46,高风险
0.32,0.37,否,0.62,0.88,7.68,初级,无,无,18.35,23.82,0.08,是,是,0.85,深基坑,35.85,1,0,0.93,0.17,1,0.51,低风险
0.73,0.19,否,0.75,0.86,9.32,中级,无,≥2次,10.85,76.89,0.26,是,是,0.48,深基坑,30.34,0.27,0.45,0.72,0.38,2,0.91,极高风险
0.61,0.18,否,0.67,0.84,14.51,中级,无,无,16.84,9.95,0.07,是,是,0.88,塔吊,0.63,0.7,0.08,0.92,0.57,1,0.58,无风险
0.88,0.51,否,0.83,0.84,4.09,无证,无,无,21.66,43.96,0.11,是,是,0.75,配电箱,28.88,1,0.19,0.56,0.59,3,0.66,高风险
0.73,0.43,否,0.56,0.8,14.78,中级,无,无,21.05,37.36,0.15,是,是,0.23,高支模,4.54,0.52,0.22,0.97,0.79,5,0.38,中风险
0.43,0.45,否,0.81,0.67,6.06,高级,1次,1次,15.46,28.1,0.19,是,否,0.82,高支模,15.36,0.4,0.29,0.85,0.73,5,0.56,极高风险
0.75,0.2,否,0.76,0.97,6.58,中级,无,1次,19.94,37.55,0.21,是,是,0.87,配电箱,26.23,0.7,0.39,0.96,0.72,4,0.15,中风险
0.67,0.33,否,0.84,0.9,8.47,中级,无,≥2次,39.7,42.54,0.14,否,是,0.74,车辆,20.07,1,0.04,0.79,0.6,1,0.66,极高风险
0.81,0.48,否,0.55,0.84,10.18,初级,无,≥2次,27.37,33.16,0.2,是,是,0.84,深基坑,15.66,0.75,0.43,0.88,0.82,5,0.63,高风险
0.24,0.61,否,0.59,0.94,1.8,初级,无,无,37.29,49.19,0.55,是,是,0.28,深基坑,8.1,0.56,0.31,0.85,0.24,3,0.85,极高风险
0.88,0.22,否,0.75,0.67,4.96,初级,无,无,33.91,19.54,0.54,是,是,0.7,高支模,23.58,0.45,0.34,0.74,0.92,0,0.48,中风险
0.89,0.26,否,0.74,0.59,0.46,中级,无,1次,16.63,30.15,0.05,是,是,0.48,车辆,14.65,0.07,0.63,0.89,0.59,6,0.75,极高风险
0.85,0.24,否,0.74,0.75,5.89,初级,无,1次,5.75,29.96,0.27,是,是,0.35,车辆,23.15,0.84,0.08,0.84,0.71,1,0.85,高风险
0.65,0.18,否,0.87,0.68,1.81,中级,无,1次,29.81,40.87,0.44,是,是,0.81,车辆,52.96,0.45,0,0.75,0.69,0,0.84,中风险
0.87,0.4,否,0.75,0.86,0.76,初级,无,1次,8.95,22.17,0.21,是,是,0.83,配电箱,3.23,0.78,0.16,0.68,0.74,3,0.9,低风险
0.77,0.1,否,0.7,0.75,3.17,中级,无,无,16.55,17.36,0.17,是,是,0.94,高支模,18.6,0.6,0.39,0.87,0.7,2,0.81,无风险
0.15,0.16,否,0.81,0.83,12.22,中级,无,1次,17.26,9.73,0.16,是,是,0.86,配电箱,17.72,0.82,0.47,0.78,0.57,3,0.41,高风险
0.76,0.2,否,0.75,0.78,4.51,中级,无,1次,19.9,81.43,0.03,是,是,0.7,高支模,33.31,0.4,0.24,0.86,0.78,1,0.71,中风险
0.98,0.35,否,0.8,0.93,2.28,中级,无,1次,29.32,21.6,0.34,是,是,0.91,深基坑,16.24,1,0.2,0.74,0.62,3,0.51,无风险
0.75,0.16,否,0.77,0.75,3.01,中级,1次,无,13.2,28.95,0.27,是,是,0.55,车辆,21.86,1,0.2,0.82,0.76,8,0.62,高风险
0.68,0.23,是,0.66,0.73,4.18,高级,无,无,20.17,12.19,0.49,是,是,0.91,车辆,15.53,0.7,0.24,0.9,0.3,2,0.64,高风险
0.22,0.22,否,0.55,0.59,6.91,中级,无,无,14.41,75.12,0.28,是,否,0.61,深基坑,1.21,0.71,0.21,0.71,0.63,1,0.55,极高风险
0.46,0.32,否,0.58,0.69,24.98,中级,无,无,36.16,60.28,0.05,是,是,0.74,塔吊,17.41,0.51,0.15,0.91,0.58,3,0.88,低风险
0.54,0.26,否,0.73,0.77,37.24,初级,无,1次,26.87,8.75,0.53,否,是,0.47,高支模,19.62,0.64,0.57,0.82,0.5,2,0.25,极高风险
0.34,0.13,否,0.64,0.84,0.26,中级,无,1次,46.61,38.68,0.53,是,是,0.81,配电箱,14.23,0.56,0.42,0.94,0.41,2,0.7,极高风险
0.74,0.43,否,0.68,0.91,0.6,初级,1次,1次,11.08,35.12,0.14,是,是,0.84,配电箱,7.47,1,0.7,0.95,0.74,2,0.93,高风险
0.82,0.09,否,0.73,0.95,25.25,中级,1次,无,26.86,15.78,0.1,是,是,0.43,车辆,58.05,0.33,0.65,0.75,0.72,9,0.85,高风险
0.74,0.36,否,0.72,0.73,8.26,高级,无,无,9.55,60.83,0.5,是,是,0.5,配电箱,26.61,0.69,0.36,0.46,0.75,3,0.47,高风险
0.24,0.24,否,0.7,0.59,1.85,高级,无,1次,24.02,65.54,0.15,是,是,0.64,高支模,3.43,1,0,0.82,0.82,2,0.67,高风险
0.63,0.26,否,0.68,0.84,0.36,中级,无,无,38.97,41.58,0.04,是,是,0.88,深基坑,57.35,0.5,0.05,0.89,0.25,1,0.89,低风险
0.81,0.35,否,0.7,0.87,12.26,中级,无,1次,18.83,74.24,0.24,是,是,0.61,配电箱,9.35,0.77,0.71,0.9,0.58,1,0.39,高风险
0.51,0.19,否,0.68,0.89,5.97,高级,无,无,51.51,8.16,0.06,是,是,0.75,塔吊,21.28,0.78,0.52,0.87,0.85,4,0.48,无风险
0.34,0.15,否,0.64,0.69,0.31,中级,无,1次,28.04,8.65,0.45,是,是,0.78,深基坑,17.81,0.67,0.22,0.76,0.88,1,0.7,低风险
0.65,0.33,否,0.6,0.86,0.47,初级,无,1次,15.6,37.02,0.74,是,是,0.82,塔吊,1.01,1,0.1,0.75,0.93,1,0.84,低风险
0.56,0.43,否,0.58,0.82,6.2,中级,1次,1次,8.57,58.06,0.15,是,是,0.54,配电箱,0.87,1,0.4,0.74,0.62,3,0.65,高风险
0.62,0.25,否,0.75,0.72,3.04,中级,无,无,20.31,45.58,0.78,是,是,0.18,高支模,8.64,0.78,0.59,0.86,0.28,1,0.38,极高风险
0.38,0.18,否,0.56,0.88,7.35,初级,无,1次,17.79,36.09,0.08,是,是,0.74,配电箱,31.45,1,0.04,0.84,0.62,2,0.72,低风险
0.61,0.21,否,0.69,0.66,7.14,中级,1次,1次,11.53,25.57,0.05,是,是,0.73,深基坑,24.36,0.71,0.21,0.85,0.65,4,0.2,高风险
0.63,0.37,否,0.73,0.8,7.4,中级,无,≥2次,46.17,50.68,0.57,是,是,0.3,车辆,23.61,0.62,0.22,0.93,0.79,1,0.78,极高风险
0.38,0.2,是,0.69,0.83,20.13,中级,无,无,33.95,11.37,0.46,是,是,0.47,塔吊,27.03,0.37,0.26,0.44,0.62,2,0.4,极高风险
0.6,0.1,否,0.73,0.75,5.48,中级,无,无,25.81,15.9,0.39,是,是,0.62,高支模,0.44,0.31,0.51,0.93,0.59,2,0.76,低风险
0.7,0.49,否,0.61,0.81,22.49,无证,无,无,12.21,90.13,0.18,是,是,0.17,高支模,27.76,0.2,0.53,0.68,0.82,4,0.47,极高风险
0.73,0.45,否,0.84,0.93,9.73,中级,无,无,31.61,59,0.76,是,是,0.53,高支模,24.09,0.64,0.41,0.45,0.64,6,0.68,极高风险
0.29,0.18,否,0.56,0.79,0.77,中级,无,无,13.08,15.94,0.49,是,是,0.31,配电箱,32.42,0.47,0,0.6,0.6,1,0.75,高风险
0.68,0.42,否,0.83,0.65,32.18,中级,无,无,29.14,41.59,0.86,是,是,0.7,车辆,30.9,0.8,0.77,0.35,0.17,1,0.49,极高风险
0.68,0.61,否,0.6,0.87,12.56,中级,无,无,22.81,28.51,0.56,是,是,0.63,深基坑,11.73,0.68,0.2,0.94,0.37,3,0.81,中风险
0.46,0.24,否,0.68,0.85,14.01,中级,无,1次,63.01,32.21,0.05,是,是,0.6,塔吊,10.68,0.56,0.64,0.92,0.94,3,0.88,低风险
0.55,0.21,否,0.62,0.98,20.48,中级,无,无,11.42,32.03,0.47,是,是,0.38,深基坑,22.83,0.48,0,0.92,0.39,5,0.79,中风险
0.44,0.47,否,0.87,0.75,2.46,初级,1次,≥2次,15.37,33.21,0.24,是,是,0.25,深基坑,20.42,0.61,0,0.89,0.68,3,0.83,极高风险
0.56,0.21,否,0.75,0.69,28.9,中级,无,无,23.41,32.12,0.18,是,是,0.66,配电箱,4.27,1,0.34,0.78,0.53,0,0.61,无风险
0.8,0.25,否,0.62,0.74,15.78,高级,无,无,33.25,27.69,0.11,是,是,0.47,塔吊,13.31,0.77,0.21,0.91,0.87,2,0.56,无风险
0.73,0.17,否,0.68,0.85,1.52,中级,无,无,16.47,74.14,0.23,是,是,0.38,配电箱,0.6,0.91,0.28,0.92,0.75,2,0.79,无风险
0.53,0.39,否,0.77,0.84,8.27,中级,无,无,13.2,27.99,0.43,是,是,0.96,塔吊,28.53,0.96,0,0.67,0.92,1,0.81,无风险
0.37,0.68,否,0.58,0.68,1.85,中级,无,无,28.67,61.98,0.18,是,是,0.25,深基坑,9.05,0.83,0.62,0.92,0.84,7,0.59,极高风险
0.81,0.27,否,0.74,0.7,10.76,高级,无,无,39.26,42.69,0.11,是,是,0.85,高支模,20.69,1,0,0.84,0.82,0,0.71,无风险
0.84,0.5,否,0.72,0.89,24.77,初级,无,无,15.7,35.19,0.1,是,是,0.36,高支模,4.36,0.63,0.73,0.67,0.6,1,0.55,中风险
0.75,0.37,否,0.71,0.83,18.51,中级,无,无,14.81,43.47,0.34,是,是,0.58,车辆,10.63,1,0.04,0.89,0.73,2,0.71,无风险
0.75,0.44,否,0.5,0.82,18.55,中级,无,≥2次,28.19,54.48,0.03,是,是,0.59,塔吊,8.25,0.57,0.22,0.95,0.55,4,0.69,高风险
0.85,0.25,否,0.78,0.7,21.19,高级,1次,无,13.54,5.76,0.05,是,是,0.55,高支模,3.27,0.56,0.45,0.68,0.43,1,0.35,无风险
0.48,0.48,否,0.74,0.8,2.78,无证,1次,1次,9.9,30.98,0.59,是,是,0.31,高支模,21.46,0.89,0.4,0.92,0.63,0,0.69,极高风险
0.59,0.47,否,0.72,0.75,13.01,高级,1次,1次,10.33,22.61,0.58,是,是,0.91,塔吊,3.67,0.75,0.64,0.84,0.81,2,0.47,中风险
0.82,0.78,是,0.71,0.75,5.52,高级,无,无,11.07,10.97,0.75,是,否,0.95,深基坑,13.19,0.39,0.05,0.81,0.58,2,0.42,极高风险
0.72,0.35,否,0.6,0.73,5.71,高级,1次,无,16.23,27.82,0.22,是,是,0.7,塔吊,96.73,0.08,0.16,0.83,0.37,1,0.63,极高风险
0.5,0.86,否,0.79,0.64,9.68,初级,无,无,22.13,20.84,0.07,是,是,0.22,塔吊,2.69,1,0.24,0.5,0.94,0,0.77,高风险
0.86,0.31,否,0.82,0.7,1.23,中级,无,无,10.45,12.87,0.13,是,是,0.54,深基坑,3.8,0.45,0.59,0.75,0.42,2,0.57,低风险
0.32,0.22,否,0.56,0.69,14.88,中级,无,无,9.9,45.3,0.18,是,是,0.67,车辆,47.86,0.56,0.47,0.96,0.78,4,0.44,高风险
0.89,0.24,否,0.55,0.91,6.2,中级,无,无,26.08,9.19,0.11,是,是,0.82,配电箱,0.54,1,0.11,0.76,0.43,3,0.59,无风险
0.85,0.64,否,0.53,0.78,7.01,初级,无,无,5.51,18.3,0.04,是,是,0.86,车辆,14.91,0.88,0.25,0.95,0.8,1,0.55,低风险
0.46,0.34,否,0.66,0.94,5.96,中级,无,无,28.86,39.29,0.06,是,是,0.05,车辆,20.29,0.77,0.63,0.45,0.68,3,0.42,极高风险
0.72,0.4,否,0.77,0.76,7.81,中级,无,无,44.85,116.74,0.29,是,是,0.82,深基坑,7.12,0.73,0.34,0.81,0.58,2,0.28,低风险
0.88,0.36,否,0.79,0.86,33.68,中级,无,无,53.92,9.75,0.2,是,是,0.54,塔吊,22.46,0.64,0.08,0.74,0.62,5,0.73,无风险
0.5,0.2,否,0.67,0.67,1.74,初级,无,1次,8.03,26.17,0.1,是,是,0.36,高支模,21.44,0.87,0.66,0.88,0.36,1,0.56,极高风险
0.57,0.29,否,0.68,0.87,4.61,中级,无,无,33.99,17.36,0.22,是,是,0.67,深基坑,13.84,0.37,0,0.76,0.36,1,0.88,无风险
0.64,0.25,否,0.74,0.7,11.99,初级,无,1次,34.9,34.08,0.1,是,是,0.68,深基坑,1.63,0.49,0,0.9,0.49,0,0.4,低风险
0.85,0.44,否,0.72,0.73,19.41,初级,1次,1次,25.13,75.7,0.69,是,是,0.7,塔吊,36.76,0.61,0.63,0.93,0.83,3,0.88,极高风险
0.77,0.2,否,0.63,0.71,29.83,高级,1次,无,21.79,17.82,0.08,是,是,0.92,车辆,30.41,0.8,0.29,0.94,0.6,4,0.47,无风险
0.91,0.21,否,0.6,0.79,4.88,初级,无,无,7.92,81.74,0.31,是,是,0.34,车辆,0.08,0.43,0.66,0.71,0.84,0,0.4,高风险
0.2,0.52,否,0.53,0.68,3.31,高级,无,1次,22.01,19.93,0.3,否,是,0.86,塔吊,18.53,0.66,0.26,0.81,0.18,3,0.8,极高风险
0.88,0.12,否,0.75,0.84,1.78,中级,无,无,40.86,29.64,0.02,是,是,0.26,车辆,4.51,1,0.05,0.83,0.42,1,0.34,无风险
0.64,0.18,否,0.88,0.63,12.59,中级,无,无,15.53,58.06,0.12,是,是,0.23,塔吊,5.6,0.47,0.02,0.69,0.64,1,0.09,高风险
0.56,0.16,否,0.65,0.86,7.38,初级,无,无,24.45,14.35,0.13,是,是,0.56,高支模,7.58,1,0.44,0.83,0.76,4,0.87,无风险
0.55,0.46,否,0.77,0.86,5.72,初级,1次,无,84.31,12.76,0.13,是,是,0.54,塔吊,20.47,0.62,0,0.87,0.87,2,0.3,低风险
0.84,0.15,是,0.74,0.88,14.22,中级,1次,1次,22.58,28.79,0.1,是,是,0.17,配电箱,28.19,0.45,0.1,0.92,0.69,1,0.5,极高风险
0.5,0.67,否,0.63,0.68,3.72,初级,1次,无,37.1,8.04,0.02,是,是,0.66,高支模,4.52,0.65,0.12,0.82,0.25,4,0.51,高风险
0.6,0.22,否,0.76,0.69,15.32,初级,无,无,23.39,61.17,0.93,是,否,0.9,配电箱,23.99,0.69,0.32,0.75,0.77,1,0.24,极高风险
0.29,0.58,否,0.67,0.77,12.27,中级,无,无,24.43,55.52,0,是,是,0.9,高支模,0.93,0.4,0.33,0.93,0.8,2,0.46,低风险
0.7,0.26,否,0.48,0.74,2.26,中级,无,≥2次,10.99,16.91,0.38,是,是,0.97,车辆,15.69,1,0.28,0.79,0.48,5,0.4,极高风险
0.86,0.13,否,0.5,0.82,4.89,高级,无,无,19.77,45.91,0.37,是,是,0.67,塔吊,3.89,0.16,0.5,0.49,0.67,9,0.79,高风险
0.91,0.24,否,0.69,0.83,1.17,高级,无,1次,26,21.23,0.52,是,是,0.58,配电箱,47.9,0.58,0.09,0.72,0.82,1,0.59,低风险
0.69,0.44,否,0.75,0.84,3.89,初级,无,1次,12.96,21.65,0.59,是,是,0.78,车辆,2.83,0.74,0.27,0.85,0.2,5,0.63,高风险
0.84,0.59,否,0.82,0.6,0.25,中级,无,无,19.9,28.35,0.08,否,是,0.65,车辆,8.75,1,0.06,0.7,0.42,1,0.09,极高风险
0.69,0.23,否,0.72,0.85,12.73,高级,无,无,14.71,26.67,0.3,是,是,0.57,深基坑,0.67,0.71,0.23,0.76,0.75,3,0.65,无风险
0.16,0.17,否,0.73,0.9,0.1,高级,无,无,23.54,16.29,0.32,是,是,0.44,高支模,16.71,0.62,0.22,0.88,0.41,0,0.5,高风险
0.75,0.29,否,0.64,0.82,28.88,初级,无,无,23.66,83.28,0.38,是,是,0.62,车辆,1.2,0.69,0,0.93,0.83,1,0.78,无风险
0.73,0.62,否,0.69,0.76,7.77,中级,无,≥2次,8.56,37.68,0.14,是,是,0.22,高支模,18.35,0.37,0.36,0.86,0.32,4,0.67,极高风险
0.54,0.23,否,0.75,0.77,10.96,初级,无,无,14.03,38.37,0.45,是,是,0.6,塔吊,3.25,1,0.04,0.75,0.82,2,0.73,无风险
0.75,0.43,否,0.63,0.71,0.36,初级,无,无,22.01,41.57,0.16,否,是,0.21,车辆,2.85,0.59,0.26,0.91,0.52,1,0.66,极高风险
0.25,0.4,否,0.7,0.74,1.47,中级,无,无,23.32,14.39,0.16,是,是,0.88,配电箱,12.12,0.26,0,0.69,0.75,4,0.33,中风险
0.35,0.09,否,0.69,0.8,9.41,中级,无,1次,8.95,45.34,0.87,是,是,0.84,塔吊,29.43,0.73,0.13,0.79,0.82,4,0.68,高风险
0.14,0.15,否,0.58,0.94,1.93,中级,无,无,15.69,15.11,0.02,是,是,0.95,深基坑,3.17,0.34,0.58,0.86,0.57,1,0.29,高风险
0.49,0.34,否,0.62,0.66,5.2,中级,1次,无,18.08,14.35,0.34,是,是,0.2,配电箱,17.56,0.62,0,0.79,0.86,1,0.63,中风险
0.42,0.24,否,0.62,0.68,24.61,高级,1次,无,30.91,41.59,0.19,是,是,0.73,深基坑,27.23,0.8,0.19,0.81,0.68,2,0.84,低风险
0.36,0.28,否,0.65,0.93,3.74,无证,无,无,27.59,65.17,0.02,是,是,0.38,配电箱,16.92,1,0,0.52,0.84,7,0.86,高风险
0.7,0.49,否,0.82,0.72,22.58,高级,1次,无,28.33,13.08,0.07,是,是,0.64,深基坑,0.29,0.56,0.36,0.97,0.89,1,0.66,无风险
0.69,0.32,否,0.6,0.78,32.25,高级,无,无,11.62,17.95,0.28,是,是,0.06,高支模,6.14,0.57,0.31,0.81,0.9,3,0.6,高风险
0.58,0.8,否,0.66,0.72,3.02,中级,无,无,20.44,16.24,0.06,是,是,0.83,高支模,0.23,0.12,0.78,0.6,0.53,1,0.64,高风险
0.41,0.12,否,0.69,0.7,9.14,中级,1次,1次,31.87,38.42,0.14,是,是,0.88,车辆,29.71,1,0.29,0.96,0.84,3,0.69,中风险
0.15,0.39,否,0.73,0.8,7.21,初级,无,1次,13.3,19.24,0.09,是,是,0.86,车辆,52.69,0.87,0.44,0.93,0.52,2,0.81,高风险
0.1,0.17,否,0.77,0.84,10.97,高级,无,无,41.65,51.94,0.11,是,是,0.28,塔吊,0.63,0.83,0,0.81,0.71,2,0.53,高风险
0.96,0.63,否,0.75,0.83,14.1,中级,1次,≥2次,20.27,13.22,0.74,是,是,0.87,塔吊,19.34,1,0.8,0.76,0.71,1,0.53,高风险
0.57,0.48,否,0.77,0.98,10.1,初级,无,无,44.3,28.79,0.13,是,是,0.1,配电箱,3.98,0.52,0,0.85,0.66,2,0.93,高风险
0.79,0.25,否,0.78,0.5,5.64,高级,无,1次,15.51,19.7,0.19,是,是,0.19,高支模,23.99,1,0.18,0.9,0.71,2,0.09,极高风险
0.94,0.41,否,0.74,0.8,13.24,中级,无,1次,27.25,46.13,0.29,是,是,0.86,塔吊,2.81,0.49,0.5,0.66,0.67,3,0.72,低风险
0.4,0.33,否,0.73,0.9,2.87,初级,无,1次,25.96,27.99,0.42,是,是,0.67,塔吊,0.12,0.92,0.33,0.93,0.9,1,0.68,低风险
0.63,0.4,否,0.68,0.73,9.39,中级,无,无,63.37,8.85,0.25,是,是,0.55,塔吊,4.03,0.5,0,0.87,0.72,2,0.52,无风险
0.55,0.41,否,0.54,0.86,11.84,初级,1次,1次,24.5,19.71,0.59,是,是,0.48,车辆,20.45,0.57,0.54,0.84,0.47,1,0.54,极高风险
0.6,0.65,否,0.67,0.8,4.11,初级,1次,无,25.56,15.24,0.34,是,是,0.64,配电箱,1,0.45,0.23,0.74,0.33,6,0.83,高风险
0.6,0.72,否,0.82,0.81,12.05,初级,1次,1次,16.31,25.35,0.04,是,是,0.34,配电箱,29.97,0.64,0.3,0.83,0.81,2,0.52,极高风险
0.84,0.23,否,0.64,0.95,1.06,初级,1次,无,10.13,19.36,0.53,是,是,0.67,高支模,18.09,0.77,0.4,0.78,0.65,0,0.47,高风险
0.75,0.85,否,0.78,0.82,11.59,初级,无,无,22.73,11.04,0.47,是,是,0.81,车辆,10.23,0.46,0.12,0.62,0.7,2,0.23,高风险
0.7,0.52,否,0.65,0.88,4.82,中级,无,无,18.12,24.89,0.1,是,是,0.71,深基坑,2.47,0.53,0,0.86,0.97,3,0.66,无风险
0.55,0.11,否,0.61,0.73,8.47,初级,无,无,26.49,38.16,0.07,是,是,0.92,塔吊,20.18,0.56,0.83,0.69,0.03,4,0.58,高风险
0.79,0.32,否,0.66,0.95,6.8,中级,无,无,30.88,26.57,0.3,是,是,0.49,车辆,12.82,0.82,0.45,0.83,0.56,2,0.42,中风险
0.73,0.16,否,0.65,0.93,6.93,中级,1次,无,17.51,12.36,0.28,是,是,0.46,车辆,4.84,1,0.37,0.83,0.91,2,0.29,无风险
0.84,0.18,否,0.74,0.85,4.58,高级,无,无,49.23,23.81,0.06,否,是,0.96,配电箱,3.71,1,0,0.72,0.77,4,0.59,高风险
0.44,0.17,否,0.72,0.84,5.43,中级,无,无,18.59,81.05,0.31,是,是,0.54,塔吊,1.35,0.36,0.09,0.67,0.54,3,0.42,高风险
0.11,0.19,否,0.63,0.86,0.2,初级,无,≥2次,7.42,16.07,0.47,是,是,0.59,车辆,2.07,1,0.16,0.76,0.67,1,0.3,高风险
0.85,0.24,否,0.62,0.75,14.81,高级,无,1次,34.04,12.64,0.28,否,是,0.8,车辆,28.13,0.85,0.01,0.82,0.59,5,0.77,高风险
0.35,0.1,否,0.7,0.85,11.59,高级,无,无,21.81,25.05,0.01,是,是,0.95,车辆,6.89,0.6,0.38,0.6,0.49,2,0.4,无风险
0.81,0.35,否,0.77,0.94,20.45,高级,无,1次,15.43,23.27,0.13,是,是,0.62,车辆,46.75,1,0.12,0.71,0.72,4,0.65,无风险
0.54,0.1,否,0.61,1,5.01,中级,无,1次,39.16,21.83,0.17,是,是,0.84,配电箱,48.53,0.75,0.52,0.63,0.87,7,0.37,中风险
0.78,0.21,否,0.54,0.75,2.63,初级,无,无,36.43,67.33,0.59,是,是,0.99,塔吊,22,1,0.03,0.81,0.74,4,0.34,低风险
0.42,0.07,否,0.5,0.66,4.61,中级,无,≥2次,11.57,20.71,0.58,是,是,0.21,塔吊,20.71,0.91,0,0.87,0.73,1,0.83,高风险
0.6,0.27,否,0.71,0.61,0.33,初级,无,无,19.88,61.79,0.35,是,否,0.27,高支模,3.56,0.68,0.67,0.91,0.21,4,0.69,极高风险
0.53,0.85,否,0.74,0.9,3.02,高级,无,无,72.4,24.64,0.05,是,是,0.71,高支模,6.31,1,0.05,0.57,0.01,1,0.8,高风险
0.77,0.13,否,0.52,0.64,3.17,中级,无,1次,23.24,16.93,0.11,是,是,0.36,车辆,15.04,0.53,0,0.8,0.71,1,0.84,低风险
0.53,0.22,否,0.71,0.9,10.16,中级,无,1次,77.3,27.78,0,是,是,0.69,车辆,3.92,0.77,0.42,0.57,0.16,1,0.64,低风险
0.67,0.41,否,0.74,0.86,3.93,中级,无,无,18.73,87.94,0.17,是,是,0.68,车辆,26.11,0.81,0.27,0.84,0.53,7,0.64,高风险
0.82,0.3,否,0.64,0.75,8.03,中级,无,无,26.87,36.08,0.17,是,是,0.91,车辆,11.72,0.65,0,0.87,0.9,5,0.66,无风险
0.74,0.11,否,0.53,0.8,1.72,初级,无,无,29.37,13.7,0.09,是,是,0.21,高支模,6.47,0.14,0.39,0.97,0.23,5,0.37,极高风险
0.76,0.24,否,0.71,0.87,14.71,中级,无,无,50.25,44.91,0.12,是,是,0.81,车辆,46.81,1,0.42,0.92,0.78,5,0.52,低风险
0.71,0.42,否,0.56,0.71,4.6,初级,无,无,14.32,16.74,0.14,是,是,0.29,高支模,15.84,1,0.11,0.65,0.69,1,0.48,中风险
0.48,0.12,否,0.82,0.84,6.91,高级,1次,无,28.83,47.59,0.29,是,是,0.78,塔吊,72.84,0.8,0.32,0.97,0.3,5,0.79,高风险
0.38,0.17,否,0.74,0.73,7.27,初级,无,无,22.03,31.51,0.18,是,是,0.87,塔吊,4.32,1,0.15,0.85,0.69,1,0.59,无风险
0.49,0.27,否,0.73,0.73,7.66,中级,1次,无,10.36,20.21,0.63,是,是,0.61,高支模,0.44,0.14,0.15,0.87,0.54,4,0.83,高风险
0.47,0.28,否,0.93,0.65,3.49,中级,无,1次,59.62,42.32,0.2,是,否,0.59,塔吊,80.01,0.02,0.54,0.92,0.79,2,0.22,极高风险
0.56,0.18,否,0.68,0.79,0.12,高级,无,无,24.63,13.65,0.22,是,是,0.28,塔吊,10.77,0.37,0.19,0.89,0.8,1,0.88,无风险
0.53,0.47,否,0.75,0.87,9.1,高级,无,≥2次,23.71,33.07,0.05,是,是,0.73,高支模,3.21,1,0,0.67,0.7,0,0.71,无风险
0.2,0.12,否,0.71,0.84,1.09,初级,≥2次,无,13.48,19.83,0.38,是,是,0.58,深基坑,0.83,0.76,0,0.94,0.9,1,0.87,低风险
0.63,0.5,否,0.72,0.89,2.27,初级,无,无,15.82,41.23,0.29,是,是,0.62,车辆,18.59,0.66,0,0.79,0.64,4,0.7,高风险
0.32,0.27,否,0.45,0.89,6.49,中级,1次,无,40.33,63.2,0.38,是,是,0.13,深基坑,10.85,1,0.93,0.97,0.19,1,0.7,极高风险
0.82,0.35,否,0.77,0.76,5.37,初级,无,无,12.34,36.98,0.29,是,否,0.51,车辆,16.9,0.53,0,0.83,0.65,4,0.73,极高风险
0.7,0.17,否,0.77,0.69,17.63,中级,1次,1次,21.79,27.89,0.24,是,是,0.08,深基坑,4.34,0.5,0.36,0.89,0.51,2,0.6,高风险
0.72,0.62,否,0.81,0.75,1.53,初级,无,无,10.38,51.11,0.26,是,是,0.95,塔吊,37.3,0.65,0.7,0.62,0.69,0,0.85,高风险
0.53,0.38,否,0.61,0.79,6.51,中级,1次,无,34.79,101.46,0.2,是,是,0.87,高支模,4.53,0.57,0.27,0.81,0.63,1,0.35,中风险
0.57,0.21,否,0.59,0.85,0.69,中级,无,1次,12.03,48.42,0.1,是,是,0.69,深基坑,6.35,0.64,0.05,0.9,0.74,2,0.67,无风险
0.85,0.41,否,0.9,0.67,5.77,高级,无,无,17.14,15.03,0.35,是,是,0.86,车辆,3.71,0.62,0.27,0.64,0.94,2,0.26,无风险
0.44,0.35,否,0.68,0.9,0.56,中级,无,无,34.2,24.46,0.21,是,是,0.32,塔吊,0.74,0.81,0.17,0.88,0.56,5,0.61,中风险
0.75,0.4,否,0.69,0.67,1.99,中级,无,无,29.16,47.92,0.33,是,是,0.16,高支模,2.17,0.76,0.39,0.95,0.82,3,0.63,高风险
0.66,0.46,否,0.86,0.76,2.69,中级,无,无,30.84,45.53,0.33,否,是,0.65,车辆,2.53,0.89,0,0.77,0.38,2,0.49,高风险
0.73,0.68,否,0.65,0.57,19.28,高级,无,1次,29.39,7.3,0.1,是,是,0.5,配电箱,17.54,0.31,0,0.74,0.24,2,0.57,高风险
0.16,0.27,否,0.64,0.83,2.1,初级,无,无,33.45,25.79,0.01,是,是,0.65,深基坑,19.75,0.76,0.12,0.98,0.92,6,0.78,高风险
0.78,0.27,否,0.6,0.68,9.2,初级,无,无,24.23,90.41,0.12,是,是,0.63,高支模,12.34,0.38,0.14,0.73,0.37,6,0.73,高风险
0.71,0.35,否,0.74,0.83,0.18,中级,无,≥2次,30.73,14.86,0.3,是,是,0.37,深基坑,14.54,0.39,0.12,0.84,0.64,4,0.28,极高风险
0.28,0.43,否,0.73,0.74,6.82,高级,无,无,8,20.61,0.34,是,是,0.75,深基坑,14.66,1,0.2,0.67,0.7,3,0.49,低风险
0.77,0.25,否,0.55,0.71,4.6,初级,1次,无,18.52,56.25,0.01,是,是,0.44,高支模,16.61,0.1,0,0.78,0.34,1,0.85,极高风险
0.8,0.6,否,0.66,0.8,3.41,初级,无,1次,16.78,44.87,0.23,是,是,0.23,深基坑,18.59,0.77,0.48,0.73,0.77,4,0.76,极高风险
0.79,0.14,否,0.57,0.76,10.76,中级,无,1次,24.03,22.41,0.05,是,是,0.48,塔吊,21.87,0.6,0.34,0.94,0.74,3,0.72,低风险
0.6,0.14,否,0.76,0.78,4.87,初级,1次,无,26.83,34.41,0.09,是,是,0.92,深基坑,20.69,0.62,0.07,0.85,0.33,4,0.65,中风险
0.19,0.39,否,0.64,0.81,10.5,中级,无,无,6.19,29.81,0.34,是,是,0.78,塔吊,36.32,0.74,0.05,0.79,0.39,2,0.65,高风险
0.08,0.38,否,0.56,0.66,13.31,中级,1次,≥2次,16.12,36.59,0.09,是,是,0.78,深基坑,16.95,0.5,0.38,0.87,0.95,3,0.74,极高风险
0.57,0.74,否,0.73,0.86,5.54,初级,无,≥2次,13.89,38.31,0.38,是,是,0.83,配电箱,35.89,0.36,0.41,0.95,0.68,2,0.79,极高风险
0.92,0.4,否,0.65,0.78,0.76,初级,无,无,11.67,16.7,0.24,是,是,0.16,高支模,2.23,0.6,0.42,0.46,0.61,1,0.69,高风险
0.49,0.38,否,0.6,0.97,0.62,初级,无,无,28.83,28.99,0.43,否,是,0.24,车辆,21.92,0.44,0.45,0.88,0.53,1,0.47,极高风险
0.7,0.2,否,0.66,0.88,9.91,中级,1次,1次,18.79,20.78,0.38,否,是,0.77,车辆,6.39,1,0.07,0.89,0.65,4,0.58,高风险
0.47,0.45,否,0.93,0.76,3.15,中级,1次,无,29.95,33.97,0.24,是,是,0.49,塔吊,0.32,0.35,0,0.87,0.48,0,0.6,中风险
0.57,0.4,否,0.69,0.8,36.82,中级,无,1次,20.53,11.65,0.12,否,是,0.74,塔吊,3.37,1,0,0.96,0.74,1,0.88,高风险
0.62,0.36,否,0.76,0.72,8.56,初级,无,1次,28.58,32.71,0.33,是,是,0.44,配电箱,15.76,0.38,0.38,0.84,0.87,2,0.58,极高风险
0.42,0.34,否,0.77,0.66,12.34,高级,无,无,36.48,32.42,0.53,是,是,0.65,塔吊,24.76,1,0,0.83,0.41,1,0.44,低风险
0.78,0.16,否,0.6,0.82,4.88,中级,无,无,12.93,8.55,0.21,是,是,0.34,配电箱,21.28,0.31,0.65,0.92,0.41,4,0.53,高风险
0.4,0.28,否,0.51,0.89,32.02,无证,无,无,21.15,16.21,0.18,是,是,0.28,车辆,37.78,0.52,0.1,0.83,0.66,5,0.46,高风险
0.58,0.24,否,0.66,0.71,17.17,初级,无,无,24,62.43,0.01,是,是,0.39,塔吊,1.87,0.62,0.08,0.85,0.79,3,0.46,低风险
0.37,0.18,否,0.75,0.9,13.16,初级,无,无,34.44,13.75,0.26,是,是,0.88,配电箱,32.04,0.53,0.24,0.94,0.65,4,0.84,低风险
0.71,0.41,否,0.71,0.76,7.88,初级,无,无,19.36,22.48,0,是,是,0.26,高支模,1.43,0.76,0.48,0.89,0.71,0,0.93,低风险
0.63,0.88,否,0.77,0.85,3.99,中级,无,无,33.59,104.11,0.14,是,是,0.64,塔吊,6.94,1,0.38,0.95,0.43,3,0.72,高风险
0.7,0.32,否,0.62,0.78,21.24,高级,无,1次,11.68,66.62,0.12,是,是,0.58,高支模,35.81,0.49,0.52,0.59,0.67,9,0.3,极高风险
0.83,0.35,否,0.66,0.82,7.08,高级,无,无,20.95,35.31,0.03,是,是,0.77,车辆,25.42,0.91,0.78,0.64,0.64,3,0.34,低风险
0.71,0.15,否,0.71,0.89,12.59,高级,无,无,5.49,34.74,0.3,是,是,0.76,配电箱,4.61,0.4,0.12,0.84,0.35,5,0.53,低风险
0.59,0.32,否,0.69,0.73,6.95,高级,无,1次,29.14,45.61,0.62,是,是,0.54,深基坑,9.27,0.82,0.46,0.94,0.41,5,0.2,极高风险
0.7,0.41,否,0.77,0.86,7.88,中级,无,1次,6.74,33.11,0.35,是,是,0.34,配电箱,25.18,0.51,0,0.61,0.81,1,0.63,中风险
0.7,0.54,否,0.66,0.58,2.3,初级,1次,无,21.01,20.57,0.14,是,是,0.7,车辆,1.34,0.32,0.17,0.82,0.84,6,0.63,高风险
0.41,0.18,否,0.54,0.89,3.28,初级,无,无,26.44,85.92,0,是,是,0.7,塔吊,4.93,0.31,0.32,0.78,0.73,1,0.37,中风险
0.9,0.53,否,0.7,0.68,22.95,中级,无,无,15.83,56.95,0.5,是,是,0.85,深基坑,0.98,0.8,0.3,0.74,0.75,6,0.87,无风险
0.8,0.46,否,0.87,0.79,22.31,初级,无,1次,35.89,30.28,0.11,是,否,0.08,高支模,29.61,0.4,0.05,0.71,0.37,1,0.4,极高风险
0.59,0.28,否,0.56,0.61,1.99,高级,无,无,37.24,57.21,0.1,是,是,0.88,配电箱,24.37,0.89,0.4,0.52,0.73,6,0.35,高风险
0.3,0.12,否,0.59,0.63,8.47,中级,无,1次,16.33,60.84,0.39,是,是,0.43,车辆,13.95,0.19,0.46,0.79,0.49,1,0.56,极高风险
0.66,0.39,否,0.61,0.83,10.49,初级,无,无,14.28,23.08,0.13,是,是,0.66,塔吊,1.47,1,0.05,0.89,0.77,4,0.68,无风险
0.75,0.04,否,0.65,0.7,1.1,高级,无,无,30.23,15.36,0.04,是,是,0.97,配电箱,3.09,0.81,0.34,0.9,0.36,3,0.34,无风险
0.65,0.33,否,0.57,0.89,9.75,中级,无,无,26.11,28,0,是,是,0.73,高支模,8.36,0.92,0.15,0.94,0.43,5,0.76,无风险
0.55,0.22,否,0.66,0.84,0.81,初级,无,1次,20.24,28.82,0.15,是,是,0.38,高支模,0.15,0.52,0.39,0.87,0.76,2,0.85,中风险
0.61,0.28,否,0.76,0.81,9.88,中级,无,无,59.87,34.56,0.33,是,是,0.71,高支模,14.94,0.49,0.97,0.45,0.78,1,0.39,高风险
0.7,0.1,否,0.59,0.66,0.96,中级,无,无,31.99,10.88,0.37,是,是,0.88,车辆,2.7,1,0.15,0.91,0.81,4,0.63,无风险
0.69,0.17,否,0.77,0.75,3.2,中级,无,1次,23.97,36.8,0.16,是,否,0.84,塔吊,12.45,0.14,0.17,0.85,0.34,5,0.92,极高风险
0.83,0.17,否,0.63,0.91,11.59,中级,无,无,11.82,46.83,0.11,是,是,0.56,车辆,26.56,0.43,0.33,0.67,0.83,2,0.41,中风险
0.93,0.67,否,0.76,0.76,0.44,中级,无,无,7.63,27.21,0.01,是,是,0.79,塔吊,1.24,0.68,0,0.57,0.72,0,0.71,无风险
0.76,0.78,否,0.61,0.94,39.19,高级,无,1次,22.28,81.78,0.46,是,是,0.82,塔吊,71.76,0.24,0.21,0.91,0.29,3,0.78,高风险
0.79,0.35,否,0.86,0.8,3.86,中级,1次,≥2次,12.3,15.29,0.04,是,是,0.52,配电箱,16.99,0.53,0.39,0.41,0.68,2,0.44,极高风险
0.6,0.48,否,0.6,0.73,3.13,高级,无,无,34.84,26.5,0.05,是,是,0.16,深基坑,1.81,0.77,0,0.95,0.46,4,0.2,高风险
0.58,0.32,否,0.77,0.88,5.03,中级,无,1次,26.18,19.31,0.27,是,是,0.8,车辆,33.6,0.88,0.49,0.79,0.36,6,0.49,高风险
0.44,0.23,否,0.69,0.82,4.28,中级,无,无,16.34,23.28,0.09,是,是,0.94,塔吊,12.25,0.42,0.36,0.7,0.23,1,0.81,低风险
0.84,0.16,否,0.72,0.84,9.99,中级,1次,1次,18.15,26.86,0.16,是,是,0.97,车辆,0.66,0.59,0.09,0.85,0.18,2,0.59,无风险
0.23,0.22,否,0.69,0.87,5.19,初级,无,无,12.63,28.78,0.58,是,是,0.48,塔吊,15.03,0.52,0.47,0.87,0.49,3,0.78,极高风险
0.58,0.27,否,0.55,0.98,4.01,高级,无,1次,10.67,14.91,0.48,是,是,0.57,高支模,12.34,0.52,0.25,0.78,0.55,1,0.65,中风险
0.84,0.13,否,0.83,0.88,6.24,中级,无,≥2次,14.04,4.95,0.16,是,是,0.92,配电箱,9.22,1,0.25,0.63,0.15,3,0.32,中风险
0.26,0.25,否,0.68,0.82,1.43,高级,无,无,28.65,46.14,0.01,是,是,0.87,深基坑,11.63,0.23,0,0.88,0.51,5,0.81,无风险
0.88,0.41,否,0.72,0.73,5.85,中级,无,无,26.34,26.49,0.17,是,是,0.59,塔吊,15.57,0.58,0.3,0.85,0.66,3,0.84,无风险
0.61,0.39,否,0.82,0.88,19.03,高级,无,1次,28.9,26.94,0.47,是,是,0.99,塔吊,5.18,0.68,0.42,0.76,0.54,4,0.29,低风险
0.78,0.34,是,0.63,0.77,5.88,初级,无,无,7.41,29.47,0.2,是,是,0.85,车辆,26.33,0.86,0.31,0.77,0.21,1,0.15,极高风险
0.24,0.51,是,0.67,0.88,4.95,中级,1次,≥2次,27.17,54.82,0.6,是,是,0.14,塔吊,49.95,0.42,0.22,0.89,0.83,6,0.55,极高风险
0.72,0.1,否,0.76,0.7,4.62,高级,1次,无,26.1,18.26,0,是,是,0.95,塔吊,23.5,1,0.09,0.94,0.82,1,0.65,无风险
0.79,0.18,否,0.7,0.56,7.88,中级,无,1次,15.81,28.91,0.36,是,是,0.71,配电箱,14.03,0.67,0.71,0.87,0.82,2,0.74,高风险
0.7,0.14,否,0.71,0.96,2.92,中级,无,无,8,56.89,0.2,是,是,0.81,配电箱,1.41,1,0.27,0.6,0.47,3,0.76,无风险
0.83,0.43,否,0.69,0.79,0.46,初级,无,1次,25.56,17.8,0.28,是,是,0.83,配电箱,21.43,0.68,0.29,0.91,0.72,1,0.29,中风险
0.14,0.13,否,0.84,0.87,16.95,中级,无,无,9.59,25.05,0.5,是,是,0.37,配电箱,1.81,0.89,0.11,0.73,0.62,3,0.52,高风险
0.79,0.2,否,0.68,0.85,5.89,高级,无,无,15.35,13.43,0.49,是,是,0.83,深基坑,4.5,0.95,0.27,0.94,0.85,1,0.75,无风险
0.9,0.43,否,0.75,0.81,6.45,初级,1次,1次,10.73,32.8,0.26,是,是,0.27,高支模,25.25,0.83,0.3,0.97,0.87,4,0.31,极高风险
0.78,0.12,否,0.91,0.96,11.26,中级,无,1次,25.19,23.4,0.24,是,是,0.43,深基坑,21.44,0.76,0.27,0.55,0.7,4,0.92,低风险
0.35,0.23,否,0.56,0.84,17.44,高级,无,1次,27.6,22.05,0.41,是,是,0.69,车辆,3.28,1,0.33,0.67,0.66,1,0.89,无风险
0.89,0.34,否,0.81,0.81,11.78,高级,1次,1次,10,31.72,0.62,是,是,0.74,深基坑,0.51,0.77,0,0.62,0.68,3,0.27,无风险
0.87,0.37,否,0.69,0.74,0.71,高级,无,1次,17.98,60.07,0.21,是,是,0.44,高支模,50.71,1,0.45,0.79,0.79,0,0.48,高风险
0.84,0.35,否,0.7,0.95,6.94,中级,无,无,29.91,34.55,0.06,是,是,0.61,高支模,95.74,0.54,0.06,0.87,0.23,2,0.54,中风险
0.66,0.21,否,0.62,0.85,9.71,中级,无,无,18.92,22.84,0.02,是,是,0.3,塔吊,5.98,0.71,0.07,0.4,0.86,3,0.29,无风险
0.7,0.55,否,0.73,0.76,1.67,中级,无,≥2次,22.59,71.55,0.43,是,是,0.88,塔吊,26.57,0.75,0.35,0.8,0.33,1,0.64,极高风险
0.75,0.19,否,0.77,0.86,7.37,中级,无,1次,41.96,31.72,0.13,是,是,0.32,配电箱,4.66,1,0.5,0.84,0.93,1,0.77,低风险
0.53,0.36,否,0.74,0.82,13.34,无证,无,1次,41.36,47.53,0.02,是,是,0.87,深基坑,15.43,0.8,0.55,0.96,0.85,0,0.79,高风险
0.88,0.19,否,0.65,0.81,7.56,初级,无,无,14.77,17.14,0.03,是,是,0.36,高支模,0.54,0.86,0.09,0.63,0.64,1,0.43,无风险
0.47,0.29,否,0.63,0.8,11.34,中级,无,无,42.87,30.08,0.3,是,否,0.38,高支模,1.06,0.32,0.05,0.72,0.59,2,0.53,高风险
0.93,0.29,否,0.65,0.73,5.15,初级,无,无,35.97,20.91,0.7,是,是,0.56,车辆,23.78,0.29,0.25,0.87,0.65,4,0.7,高风险
0.29,0.57,否,0.65,0.8,0.28,中级,无,无,20.38,42.84,0.54,是,是,0.69,车辆,19.26,0.64,0.01,0.71,0.73,5,0.69,高风险
0.53,0.27,否,0.66,0.87,22.97,高级,无,无,12.63,30.04,0.24,是,是,0.43,高支模,0.37,0.89,0.04,0.81,0.1,4,0.25,无风险
0.63,0.63,否,0.84,0.87,2.61,中级,无,≥2次,12.33,33.72,0.03,是,是,0.78,塔吊,20.84,0.72,0.66,0.78,0.72,2,0.62,高风险
0.64,0.53,是,0.6,0.95,29.88,中级,无,无,30.67,12.47,0.79,是,是,0.37,深基坑,53.25,1,0.04,0.92,0.6,4,0.47,极高风险
0.85,0.31,否,0.81,0.69,14.12,中级,无,无,10.24,56.97,0.24,是,是,0.88,高支模,17.09,0.69,0.65,0.9,0.96,3,0.55,低风险
0.72,0.3,否,0.66,0.83,2.34,中级,无,无,19.27,11.29,0.16,是,是,0.8,塔吊,4.13,0.48,0.5,0.84,0.19,5,0.24,中风险
0.37,0.25,否,0.86,0.74,15.75,中级,1次,≥2次,13.33,24.85,0.18,是,是,0.42,配电箱,20.66,1,0.2,0.78,0.59,3,0.91,高风险
0.65,0.08,否,0.7,0.86,5.97,初级,无,无,34.26,10.98,0.09,是,是,0.44,高支模,19.01,1,0.03,0.85,0.87,3,0.34,无风险
0.73,0.44,否,0.59,0.8,4.55,初级,无,无,12.51,20.13,0.11,是,是,0.87,塔吊,21.11,0.57,0,0.88,0.8,2,0.43,无风险
0.9,0.86,否,0.73,0.99,1.97,初级,无,无,47.78,32.41,0.31,是,是,0.56,塔吊,1.8,1,0.28,0.68,0.75,0,0.84,高风险
0.71,0.61,否,0.73,0.8,1.52,中级,无,≥2次,21.73,37.66,0.43,是,是,0.79,车辆,13.66,0.84,0.45,0.85,0.42,5,0.33,极高风险
0.63,0.21,否,0.74,0.79,0.91,中级,无,1次,9.34,35.19,0.06,是,是,0.37,高支模,17.53,1,0.01,0.94,0.5,2,0.55,低风险
0.89,0.1,否,0.87,0.84,5.22,初级,无,无,25.16,20.46,0.05,是,是,0.84,高支模,18.71,0.41,0.2,0.98,0.69,0,0.88,无风险
0.79,0.79,否,0.84,0.87,13.38,中级,无,无,9.67,55.83,0.4,是,是,0.27,深基坑,2.64,0.71,0.4,0.78,0.19,1,0.68,高风险
0.65,0.16,否,0.87,0.71,4.44,初级,无,1次,12.94,30.7,0.11,是,是,0.51,高支模,54.87,1,0.51,0.72,0.79,0,0.39,高风险
0.87,0.44,否,0.74,0.71,17.69,无证,无,≥2次,34.56,28.15,0.03,是,是,0.9,塔吊,32.81,1,0.49,0.67,0.85,2,0.32,高风险
0.69,0.24,否,0.67,0.91,4.43,中级,无,无,11.63,12.69,0.02,是,是,0.99,车辆,4.32,0.49,0.27,0.74,0.45,1,0.92,无风险
0.82,0.42,否,0.77,0.67,14.57,中级,无,1次,42.76,10.82,0.53,是,是,0.85,高支模,50.48,0.37,0.42,0.94,0.43,1,0.36,高风险
0.61,0.49,否,0.59,0.76,0.62,中级,无,无,19.48,26.66,0.49,是,是,0.62,高支模,5.64,0.72,0.33,0.68,0.65,3,0.8,中风险
0.59,0.46,否,0.66,0.88,7.78,中级,无,≥2次,19.84,37.09,0.09,是,是,0.55,配电箱,23.16,0.86,0.16,0.93,0.97,1,0.74,中风险
0.69,0.22,否,0.62,0.81,9.26,初级,无,无,11.91,21.02,0.28,是,是,0.39,塔吊,23.95,0.43,0.74,0.67,0.86,1,0.63,高风险
0.6,0.3,否,0.61,0.72,8.9,无证,无,≥2次,11.93,58.42,0.27,是,是,0.51,塔吊,17.45,0.77,0.08,0.87,0.41,0,0.85,极高风险
0.51,0.18,否,0.73,0.78,17.95,中级,无,无,41.33,25.99,0.53,是,是,0.87,深基坑,3.92,1,0,0.78,0.28,4,0.7,无风险
0.68,0.15,否,0.83,0.82,18.1,中级,1次,无,23.12,24.93,0.16,是,是,0.85,配电箱,23.92,1,0.72,0.63,0.55,2,0.73,低风险
0.66,0.24,否,0.64,0.89,8.98,中级,1次,无,14.61,13.32,0.77,是,是,0.92,塔吊,28.53,1,0.35,0.8,0.79,1,0.66,低风险
0.7,0.19,是,0.73,0.87,0.07,中级,无,1次,16.77,15.68,0.16,是,是,0.85,配电箱,41.16,0.81,0.37,0.65,0.78,3,0.5,高风险
0.63,0.2,否,0.77,0.79,3.02,中级,无,无,46.3,47.12,0.33,是,是,0.73,深基坑,24.24,0.63,0.11,0.49,0.68,2,0.41,中风险
0.38,0.1,否,0.66,0.74,5.47,初级,无,无,17.46,43.37,0.23,是,是,0.91,车辆,19.56,0.5,0.71,0.95,0.45,5,0.49,极高风险
0.96,0.33,否,0.7,0.86,2.11,高级,1次,≥2次,10.06,24.8,0.02,是,是,0.27,高支模,0.98,0.8,0.08,0.72,0.8,1,0.35,低风险
0.23,0.91,否,0.6,0.96,17.27,中级,无,无,10.64,18.88,0.19,是,是,0.62,高支模,0.3,0.47,0.41,0.98,0.82,2,0.5,高风险
0.55,0.62,否,0.66,0.58,0.17,初级,1次,1次,6.46,15.29,0.51,否,是,0.74,高支模,22.01,1,0.95,0.95,0.79,5,0.74,极高风险
0.37,0.13,否,0.7,0.82,7.95,中级,无,无,20.63,27.78,0.11,是,是,0.7,高支模,4.62,0.14,0,0.43,0.17,1,0.61,低风险
0.73,0.35,否,0.81,0.65,4.23,初级,无,1次,16.99,21.23,0.17,是,是,0.93,深基坑,0.57,0.9,0.34,0.85,0.54,4,0.55,低风险
0.6,0.24,否,0.81,0.93,29.39,初级,无,1次,26.73,81.46,0.19,是,是,0.77,深基坑,0.33,1,0,0.85,0.84,2,0.66,无风险
0.36,0.22,否,0.63,0.71,16.11,初级,无,无,11.12,21.92,0.08,是,是,0.79,配电箱,4.38,0.72,0.07,0.67,0.24,6,0.74,中风险
0.81,0.05,否,0.74,0.74,4.6,高级,无,无,22.03,15.69,0.63,是,是,0.81,配电箱,79.49,0.42,0.06,0.78,0.34,2,0.34,低风险
0.31,0.2,否,0.7,0.94,3.39,中级,无,无,27.44,34.26,0.13,是,是,0.32,车辆,70.2,0.61,0.42,0.79,0.54,1,0.58,高风险
0.53,0.12,否,0.79,0.94,12.11,中级,1次,无,27.57,41.24,0.06,是,是,0.67,深基坑,41.62,0.69,0.71,0.7,0.75,3,0.9,中风险
0.62,0.15,否,0.77,0.7,0.21,初级,1次,无,8.26,9.8,0.06,是,是,0.88,塔吊,16.27,0.46,0.14,0.69,0.72,3,0.74,低风险
0.96,0.41,否,0.69,0.83,4.09,中级,无,无,20.2,17.06,0.15,是,是,0.77,塔吊,2.56,0.6,0.3,0.91,0.74,3,0.65,无风险
0.64,0.12,否,0.8,0.89,6.93,初级,无,无,17.85,13.57,0.53,是,是,0.32,高支模,3.97,0.83,0.24,0.66,0.78,3,0.35,低风险
0.63,0.06,否,0.76,0.78,36.7,初级,无,≥2次,8.66,31.56,0.21,是,是,0.75,配电箱,21.92,0.72,0.07,0.92,0.76,3,0.78,低风险
0.41,0.14,否,0.7,0.59,6.96,中级,无,1次,27.74,26.59,0.22,是,是,0.35,车辆,47.82,1,0.24,0.93,0.43,4,0.7,高风险
0.07,0.31,否,0.79,0.77,1.6,中级,1次,1次,20.65,72.07,0.01,是,是,0.25,高支模,13.25,1,0.03,0.86,0.8,3,0.7,高风险
0.82,0.33,否,0.77,0.85,10.47,中级,无,无,23.06,101.28,0.82,是,是,0.31,车辆,23.97,0.57,0,0.67,0.71,3,0.56,高风险
0.63,0.3,是,0.72,0.76,23.77,中级,无,≥2次,10.12,58.23,0.44,是,是,0.75,配电箱,18.42,0.59,0.37,0.64,0.63,3,0.56,极高风险
0.13,0.16,否,0.78,0.82,10.29,初级,无,1次,64.01,43.97,0.83,否,是,0.78,深基坑,15.36,0.19,0.14,0.97,0.85,5,0.76,极高风险
0.47,0.14,否,0.68,0.51,1.95,初级,无,1次,70.99,18.8,0.4,是,是,0.04,车辆,23.03,0.32,0,0.8,0.71,1,0.34,极高风险
0.75,0.45,否,0.68,0.76,2.09,高级,无,无,16.53,22.88,0.18,是,是,0.9,配电箱,19.35,0.34,0,0.69,0.54,5,0.92,无风险
0.76,0.89,否,0.82,0.87,3.47,高级,1次,无,27.7,45.63,0.25,是,是,0.9,车辆,33.32,0.87,0.44,0.65,0.25,3,0.8,高风险
0.64,0.21,否,0.69,0.79,0.44,无证,无,1次,15.84,28.98,0.24,是,是,0.46,配电箱,13.08,0.7,0.06,0.9,0.91,3,0.24,高风险
0.47,0.45,否,0.82,0.87,15.86,初级,无,无,12.46,21.46,0.04,是,是,0.34,深基坑,22.98,1,0.4,0.75,0.8,3,0.75,低风险
0.7,0.28,是,0.48,0.68,0.4,初级,无,1次,31.35,26.99,0.34,是,是,0.89,配电箱,37.14,1,0.26,0.67,0.31,1,0.79,极高风险
0.74,0.16,否,0.78,0.63,9.15,中级,无,1次,13.07,27.77,0.14,是,是,0.85,高支模,3.32,0.58,0.24,0.86,0.16,3,0.47,低风险
0.38,0.36,否,0.62,0.82,7.38,高级,1次,1次,16.85,60.92,0.19,是,是,0.23,车辆,9.02,0.08,0.11,0.8,0.62,3,0.96,极高风险
0.9,0.23,否,0.77,0.85,11.69,中级,无,≥2次,18.74,14.4,0.1,是,是,0.59,配电箱,12.01,0.8,0.14,0.91,0.89,3,0.68,低风险
0.8,0.25,否,0.79,0.9,0.54,高级,无,1次,29.61,42.7,0.32,是,是,0.41,深基坑,11.81,0.54,0.04,0.88,0.83,8,0.31,高风险
0.6,0.58,否,0.64,0.72,14.6,中级,无,无,13.35,31.73,0.27,是,是,0.38,车辆,1.37,1,0.47,0.84,0.83,0,0.57,低风险
0.67,0.21,否,0.78,0.71,13.83,中级,无,无,21.02,21.94,0.17,是,是,0.66,配电箱,13.12,1,0.69,0.89,0.4,1,0.83,低风险
0.54,0.11,否,0.65,0.88,4.43,中级,无,无,17.63,20.29,0.5,是,是,0.82,深基坑,9.29,0.72,0.74,0.72,0.55,5,0.93,低风险
0.87,0.33,否,0.65,0.75,1.91,无证,无,1次,20.09,18.31,0.52,是,是,0.18,塔吊,3.68,1,0,0.68,0.6,1,0.45,极高风险
0.63,0.15,否,0.47,0.76,8.14,初级,1次,1次,18.91,29.37,0.18,是,是,0.06,车辆,13.34,0.37,0.78,0.9,0.94,3,0.55,极高风险
0.1,0.34,是,0.56,0.79,2.71,中级,1次,≥2次,23.22,8.93,0.23,是,是,0.61,车辆,8.86,1,0,0.98,0.25,1,0.43,极高风险
0.83,0.28,否,0.79,0.93,11.14,中级,无,≥2次,37.78,55.19,0.35,是,是,0.76,车辆,15.44,1,0.16,0.73,0.73,3,0.87,中风险
0.04,0.22,否,0.68,0.83,8.23,高级,无,1次,49.07,31.66,0.13,是,是,0.77,车辆,18.32,0.82,0.16,0.81,0.5,2,0.5,高风险
0.83,0.47,否,0.88,0.94,4.53,高级,无,1次,13.25,51.49,0.28,是,是,0.89,高支模,16.11,0.49,0.05,0.96,0.63,6,0.5,低风险
0.62,0.8,否,0.72,0.71,6.67,初级,无,无,16.08,29,0.39,是,是,0.09,深基坑,3.71,0.73,0.07,0.81,0.81,2,0.38,高风险
0.82,0.42,否,0.66,0.96,0.33,中级,无,无,9.71,55.75,0.75,否,是,0.9,车辆,26.44,0.71,0.29,0.94,0.16,0,0.24,极高风险
0.47,0.14,否,0.73,0.86,15.22,初级,无,无,16.97,11.54,0.55,是,是,0.73,深基坑,21.08,0.67,0.44,0.55,0.64,7,0.65,高风险
0.67,0.19,否,0.67,0.87,1.73,中级,无,无,12.12,78.17,0.14,是,是,0.86,塔吊,3.32,1,0.19,0.67,0.72,4,0.22,低风险
0.42,0.27,否,0.66,0.74,21.71,初级,1次,1次,17.97,65.75,0.69,是,是,0.74,深基坑,0.09,0.71,0.26,0.95,0.95,2,0.73,中风险
0.8,0.22,否,0.8,0.67,28.73,高级,无,1次,20.63,26.86,0.2,是,是,0.76,塔吊,2.77,0.42,0.37,0.68,0.42,0,0.38,无风险
0.4,0.4,否,0.66,0.87,7.97,高级,无,≥2次,12.17,74.22,0.2,是,是,0.46,深基坑,29.54,1,0,0.61,0.79,2,0.77,高风险
0.91,0.36,否,0.91,0.55,12.67,高级,无,无,17.78,27.93,0.59,是,是,0.44,高支模,2.15,0.59,0.39,0.78,0.28,2,0.85,高风险
0.83,0.56,是,0.77,0.84,10.93,初级,无,1次,7.69,22.7,0.1,是,是,0.61,深基坑,9.04,0.47,0.61,0.77,0.73,4,0.82,极高风险
0.32,0.5,否,0.69,0.82,21.8,中级,无,1次,8.71,66.22,0.27,是,是,0.91,配电箱,21.35,0.42,0.52,0.8,0.72,4,0.4,极高风险
0.59,0.15,否,0.62,0.72,11.86,中级,1次,无,49.38,22.37,0.3,是,是,0.95,深基坑,2.71,0.92,0.39,0.93,0.8,2,0.35,无风险
0.67,0.09,否,0.71,0.73,16.12,初级,1次,无,14.12,27.68,0.16,是,是,0.43,车辆,27.07,1,0.31,0.68,0.95,1,0.5,低风险
0.87,0.36,否,0.64,0.85,5.16,中级,无,无,8.72,56.74,0.4,是,是,0.73,塔吊,2.67,0.88,0.22,0.81,0.75,1,0.26,低风险
0.53,0.1,否,0.65,0.75,12.83,中级,无,1次,16.41,24.96,0.66,是,是,0.88,配电箱,19.04,0.81,0.3,0.79,0.52,8,0.77,高风险
0.84,0.26,否,0.72,0.9,29.57,高级,1次,1次,7.33,30.7,0.2,是,是,0.79,深基坑,4.4,0.52,0.58,0.89,0.82,2,0.58,无风险
0.55,0.12,否,0.75,0.71,12.86,初级,无,1次,24.59,21.04,0.59,是,是,0.79,高支模,6.96,0.22,0.44,0.69,0.68,3,0.59,高风险
0.72,0.25,否,0.66,0.96,4.01,中级,无,无,14.08,37.31,0.42,是,是,0.88,塔吊,25.45,0.34,0.26,0.61,0.78,0,0.82,低风险
0.9,0.23,否,0.8,0.73,0.78,中级,1次,无,13.24,7.51,0.04,是,是,0.34,深基坑,3.51,0.42,0,0.8,0.51,9,0.82,高风险
0.35,0.16,否,0.58,0.73,22.81,高级,无,1次,15.39,39.91,0.64,是,否,0.71,高支模,0.36,0.8,0.59,0.79,0.82,8,0.6,极高风险
0.66,0.38,否,0.82,0.84,9.35,初级,无,无,12.55,25.54,0.83,是,是,0.59,车辆,8.25,1,0,0.71,0.43,1,0.13,中风险
0.25,0.49,否,0.6,0.92,6.03,高级,无,1次,23.74,15.13,0.36,是,否,0.89,塔吊,21.33,0.81,0.11,0.84,0.51,3,0.82,高风险
0.71,0.26,否,0.72,0.83,10.37,高级,1次,无,21.51,43.9,0.48,是,是,0.83,深基坑,35.38,0.52,0.47,0.97,0.8,1,0.56,中风险
0.38,0.45,否,0.71,0.61,8.92,中级,无,1次,13.5,48.57,0.08,是,是,0.7,高支模,20.95,1,0,0.59,0.67,2,0.65,中风险
0.33,0.25,否,0.64,0.91,6.02,高级,无,无,33.4,22.21,0.12,是,是,0.75,塔吊,19.84,1,0,0.62,0.64,1,0.41,无风险
0.71,0.25,否,0.54,0.73,5.74,中级,无,1次,25.85,9.35,0.06,否,是,0.92,配电箱,23.62,1,0.39,0.9,0.55,1,0.8,高风险
0.49,0.06,否,0.78,0.91,2.05,中级,无,1次,11.58,50.05,0.74,是,是,0.52,高支模,14.18,0.42,0.39,0.84,0.59,0,0.35,极高风险
0.72,0.58,否,0.68,0.81,0.5,无证,无,无,26.43,68.17,0.03,是,是,0.34,深基坑,3.78,0.77,0.19,0.72,0.9,1,0.67,高风险
0.35,0.67,否,0.86,0.77,0.59,中级,无,无,19.68,25.17,0.26,是,是,0.3,深基坑,19.03,0.86,0.13,0.54,0.01,1,0.76,极高风险
0.53,0.47,否,0.56,0.82,4.55,高级,无,无,27.25,75.83,0.51,是,是,0.65,车辆,4.1,1,0.37,0.9,0.42,1,0.76,中风险
0.86,0.2,否,0.71,0.77,4.14,中级,无,1次,35.12,45.13,0.37,是,是,0.87,高支模,14.2,0.51,0,0.84,0.78,4,0.53,低风险
0.95,0.48,否,0.81,0.84,20.94,中级,无,1次,17.75,55.34,0.31,是,是,0.86,配电箱,7.07,0.63,0,0.81,0.48,5,0.57,低风险
0.88,0.29,否,0.63,0.86,13.06,中级,无,无,18.71,57.37,0.22,否,是,0.78,配电箱,10.38,0.67,0,0.79,0.66,1,0.53,高风险
0.78,0.34,否,0.86,0.76,2.29,中级,无,1次,13.77,49.93,0.15,是,是,0.71,配电箱,40.91,0.53,0.51,0.88,0.88,2,0.77,中风险
0.74,0.41,否,0.65,0.79,3.38,高级,无,无,20.9,86.48,0.2,是,否,0.72,车辆,12.27,1,0.18,0.91,0.27,2,0.81,高风险
0.39,0.1,否,0.74,0.71,29.17,中级,无,无,13.4,86.26,0.06,是,是,0.56,塔吊,1.22,0.85,0.08,0.73,0.6,1,0.76,无风险
0.42,0.07,否,0.75,0.75,7.02,无证,1次,1次,16.83,42.43,0.51,是,是,0.82,塔吊,10.69,0.29,0.1,0.71,0.93,0,0.93,高风险
0.67,0.3,否,0.63,0.98,2.02,中级,无,1次,10.42,28.48,0.51,是,是,0.66,配电箱,2.24,1,0,0.9,0.59,3,0.44,低风险
0.66,0.24,是,0.57,0.67,6.38,中级,无,无,13.1,12.3,0.1,是,是,0.21,塔吊,2.92,0.86,0.43,0.9,0.36,6,0.69,极高风险
0.82,0.14,否,0.77,0.75,18.05,初级,无,无,18.31,16.56,0.03,是,是,0.66,深基坑,26.57,0.86,0.17,0.89,0.84,4,0.53,无风险
0.42,0.37,否,0.66,0.76,0.54,中级,无,无,16.43,44.01,0.18,是,是,0.61,配电箱,4.32,0.25,0,0.94,0.64,1,0.78,中风险
0.75,0.59,否,0.7,0.89,3.72,中级,1次,无,15.71,30.37,0.25,是,是,0.82,深基坑,25.71,0.41,0.54,0.82,0.6,3,0.11,极高风险
0.49,0.31,否,0.71,0.64,32.14,中级,1次,无,47.24,46.54,0.04,否,是,0.79,塔吊,4.54,0.82,0.15,0.77,0.84,2,0.55,高风险
0.87,0.26,否,0.69,0.92,5.77,高级,无,1次,25.43,48.64,0.22,是,是,0.81,高支模,2.08,1,0.01,0.96,0.51,4,0.75,无风险
0.71,0.25,否,0.47,0.76,20.46,初级,无,1次,48.37,10.47,0.28,是,是,0.62,车辆,41.19,0.81,0.37,0.61,0.78,2,0.58,中风险
0.5,0.39,否,0.7,0.84,20.48,高级,无,无,11.01,39.99,0.01,是,是,0.88,塔吊,1.2,0.58,0,0.77,0.7,2,0.47,无风险
0.67,0.2,否,0.72,0.79,20.2,中级,≥2次,1次,13.83,28.58,0.07,是,是,0.78,塔吊,15.84,1,0.03,0.96,0.65,2,0.36,无风险
0.42,0.19,否,0.75,0.88,13.02,中级,1次,1次,14.85,48.79,0.06,是,是,0.89,车辆,10.02,0.9,0.7,0.83,0.36,2,0.56,高风险
0.22,0.18,否,0.6,0.84,2.69,中级,无,无,52.65,24.18,0.54,是,是,0.71,高支模,2.24,0.93,0.25,0.53,0.53,4,0.56,中风险
0.23,0.44,否,0.84,0.89,3.37,中级,无,1次,45.92,20.61,0.15,是,是,0.56,塔吊,80.42,0.89,0.32,0.97,0.95,1,0.34,高风险
0.07,0.15,否,0.55,0.72,21.48,高级,无,无,25.06,36.02,0.21,是,是,0.71,塔吊,1.39,0.79,0.4,0.87,0.5,1,0.36,高风险
0.47,0.14,否,0.55,0.77,4.42,初级,无,无,16.65,27.05,0.31,是,是,0.91,塔吊,22.14,0.56,0.67,0.97,0.35,1,0.61,高风险
0.52,0.64,否,0.61,0.8,0.48,中级,无,无,33.23,20.8,0.26,是,是,0.43,高支模,2.72,0.93,0.56,0.89,0.35,1,0.22,高风险
0.57,0.68,否,0.58,0.94,1.13,初级,无,1次,29.47,11.13,0.18,否,是,0.79,深基坑,21.46,1,0.01,0.69,0.57,3,0.76,极高风险
0.52,0.35,否,0.65,0.67,15.25,中级,无,无,11.58,34.19,0.2,是,是,0.53,车辆,25.15,0.58,0.17,0.75,0.11,0,0.81,高风险
0.67,0.22,否,0.75,0.86,8.22,中级,无,1次,16.05,43.68,0.05,是,是,0.77,深基坑,22.76,0.7,0.18,0.74,0.44,1,0.64,低风险
0.68,0.49,否,0.75,0.8,1.29,初级,无,1次,21.54,30.81,0.45,是,是,0.23,塔吊,11.67,0.54,0,0.96,0.63,2,0.18,高风险
0.65,0.34,否,0.92,0.73,0.31,初级,无,无,14.64,18.73,0.41,是,是,0.83,塔吊,25.89,0.55,0.45,0.74,0.43,1,0.76,中风险
0.78,0.45,否,0.7,0.94,8.32,初级,无,无,19,24.62,0.12,是,是,0.89,配电箱,48.73,0.24,0,0.9,0.49,2,0.62,低风险
0.58,0.28,否,0.71,0.7,7.06,高级,无,≥2次,16.59,58.4,0.11,是,是,0.69,高支模,3.66,0.71,0.72,0.9,0.77,5,0.38,高风险
0.56,0.32,否,0.81,0.84,2.48,中级,无,无,14.68,38.8,0.47,是,是,0.92,车辆,14.6,0.88,0.02,0.92,0.7,4,0.52,低风险
0.29,0.4,否,0.68,0.69,4.68,初级,无,1次,15.74,15.44,0.32,是,是,0.61,高支模,19.98,0.3,0.5,0.56,0.69,0,0.64,极高风险
0.21,0.35,否,0.79,0.75,8.18,初级,≥2次,1次,22.78,74.94,0.1,是,是,0.78,车辆,8.78,0.64,0.72,0.87,0.68,5,0.31,极高风险
0.57,0.43,否,0.78,0.75,0.26,中级,无,无,25.83,24.14,0.14,是,是,0.41,深基坑,19.04,1,0.52,0.75,0.61,3,0.66,中风险
0.66,0.16,否,0.65,0.77,0.79,初级,无,无,11.75,117.18,0.03,是,是,0.05,深基坑,2.43,0.41,0,0.74,0.25,5,0.2,高风险
0.38,0.64,否,0.8,0.81,21.27,中级,无,无,20.07,11.88,0.2,是,是,0.48,配电箱,3.92,0.66,0.36,0.84,0.7,5,0.29,中风险
0.6,0.25,否,0.66,1,19.21,中级,无,1次,16.19,33.54,0.41,是,是,0.47,车辆,67.85,0.84,0.16,0.71,0.74,1,0.8,中风险
0.66,0.2,否,0.74,0.89,1.44,中级,无,无,12.38,15.69,0.05,是,是,0.75,塔吊,15.32,1,0.14,0.9,0.55,4,0.3,无风险
0.32,0.21,否,0.54,0.96,15.77,中级,1次,无,27.41,17.85,0.43,是,是,0.76,车辆,9.47,0.72,0.04,0.94,0.38,4,0.57,低风险
0.66,0.56,否,0.67,0.76,1.29,中级,无,无,14.02,60.87,0.26,是,是,0.84,车辆,6.55,1,0.13,0.82,0.89,2,0.81,无风险
0.66,0.22,否,0.8,0.88,25.98,高级,无,无,17.96,13.78,0.14,是,是,0.95,深基坑,19.09,1,0.34,0.66,0.44,1,0.66,无风险
0.28,0.32,否,0.46,0.58,1.36,初级,无,无,30.27,23.88,0.03,否,是,0.67,塔吊,20.29,0.35,0.19,0.6,0.31,5,0.51,极高风险
0.25,0.15,否,0.76,0.85,4.82,高级,无,无,21.57,51.61,0.65,否,是,0.87,塔吊,0.56,0.54,0.6,0.93,0.84,0,0.49,高风险
0.81,0.62,否,0.78,0.85,16.16,中级,无,≥2次,13.5,18.99,0.42,是,否,0.9,深基坑,1.82,1,0.08,0.76,0.37,4,0.52,高风险
0.44,0.24,否,0.68,0.93,15.85,高级,无,1次,12.49,32.2,0.02,是,是,0.87,深基坑,14.06,1,0.01,0.8,0.7,2,0.93,无风险
0.15,0.38,否,0.63,0.88,11.78,初级,无,≥2次,31.95,20.34,0.39,是,是,0.71,塔吊,3.16,0.7,0,0.92,0.83,7,0.5,高风险
0.65,0.64,否,0.62,0.55,10.52,初级,无,无,30.91,18.52,0.41,是,是,0.57,塔吊,19.42,0.65,0.11,0.78,0.46,1,0.68,高风险
0.6,0.57,否,0.63,0.76,14.91,无证,无,无,12.3,35.36,0.12,是,是,0.31,高支模,0.63,1,0,0.86,0.75,1,0.5,高风险
0.62,0.2,否,0.58,0.9,4.84,中级,无,无,36.6,33.17,0.21,是,是,0.19,高支模,1.49,0.31,0.02,0.77,0.57,3,0.49,高风险
0.39,0.59,否,0.66,0.91,9.11,中级,无,1次,9.75,21.45,0.26,是,否,0.73,高支模,14.45,0.58,0,0.73,0.6,2,0.3,极高风险
0.63,0.36,否,0.7,0.89,9.63,初级,无,无,22.45,26.44,0.07,是,是,0.9,高支模,8.26,0.45,0.42,0.75,0.86,1,0.66,无风险
0.52,0.17,否,0.78,0.88,33.06,中级,无,1次,16.81,22.48,0.4,是,是,0.14,塔吊,1.29,0.69,0.22,0.68,0.61,2,0.37,高风险
0.72,0.4,否,0.66,0.82,16.23,高级,无,无,18.65,27.25,0.41,是,是,0.82,配电箱,13.79,0.33,0.58,0.77,0.05,3,0.58,高风险
0.52,0.45,是,0.81,0.82,10.33,中级,无,1次,26.47,20.83,0.15,否,是,0.16,配电箱,21.46,0.41,0.53,0.95,0.61,5,0.45,极高风险
0.28,0.57,否,0.97,0.81,4.42,高级,无,≥2次,23.82,12.3,0.11,是,否,0.65,深基坑,17.39,0.31,0.51,0.6,0.73,3,0.81,极高风险
0.83,0.39,否,0.58,0.73,1.11,高级,无,1次,18.97,50.23,0.1,是,否,0.23,配电箱,5.63,1,0.58,0.93,0.37,2,0.79,极高风险
0.76,0.32,否,0.54,0.78,13.23,初级,无,无,18.26,32.64,0.02,是,是,0.67,配电箱,12.98,0.68,0.04,0.68,0.71,6,0.71,低风险
0.94,0.61,否,0.84,0.75,2.3,中级,1次,无,34.27,47.65,0.28,是,是,0.88,配电箱,27.14,1,0.17,0.74,0.36,6,0.32,高风险
0.78,0.22,否,0.64,0.74,1.27,高级,无,无,34.22,26.96,0.25,是,是,0.9,配电箱,1.14,1,0.48,0.74,0.59,1,0.75,无风险
0.78,0.17,否,0.73,0.78,1.56,中级,无,无,27.1,28.52,0.45,是,是,0.82,深基坑,25.5,0.65,0.38,0.94,0.59,7,0.3,高风险
0.65,0.2,否,0.65,0.69,0.17,中级,无,无,10.6,59.37,0.18,是,是,0.5,配电箱,10.16,0.31,0,0.82,0.6,4,0.18,高风险
0.65,0.24,否,0.74,0.79,26.76,初级,无,1次,19.49,41.79,0.14,是,是,0.91,深基坑,40.59,0.71,0.31,0.94,0.68,5,0.74,低风险
0.75,0.3,否,0.76,0.76,3.92,中级,无,≥2次,14.52,9.16,0.12,是,是,0.87,配电箱,17.94,0.49,0.13,0.7,0.56,2,0.78,中风险
0.47,0.33,否,0.69,0.7,9.67,高级,无,无,16.9,9.95,0.1,是,是,0.89,塔吊,0.74,0.95,0.26,0.46,0.79,2,0.32,无风险
0.6,0.43,否,0.67,0.9,0.5,中级,1次,≥2次,28.98,38.41,0.29,是,是,0.85,配电箱,16.05,1,0,0.85,0.75,2,0.9,中风险
0.49,0.34,否,0.75,0.85,0.23,初级,≥2次,≥2次,23.73,13.16,0.36,是,是,0.34,配电箱,28.43,0.3,0,0.67,0.71,2,0.83,极高风险
0.33,0.36,否,0.6,0.75,21.76,中级,无,1次,24.46,25.99,0.14,是,是,0.8,塔吊,15.76,0.39,0.52,1,0.9,4,0.31,中风险
0.72,0.16,否,0.54,0.89,1.7,初级,无,无,22.53,52.61,0.44,是,是,0.53,深基坑,6.36,0.78,0.03,0.89,0.79,1,0.71,低风险
0.72,0.4,否,0.71,0.73,0.17,高级,无,1次,19.85,20.09,0.01,是,是,0.69,深基坑,13.54,0.61,0.63,0.93,0.3,6,0.7,中风险
0.9,0.36,否,0.68,0.84,25.66,中级,无,1次,23.85,43.27,0.01,是,是,0.77,配电箱,8.29,0.55,0.35,0.84,0.77,5,0.77,低风险
0.1,0.1,否,0.67,0.78,0.84,初级,无,无,16.62,18.77,0.28,否,是,0.91,深基坑,0.92,1,0.48,0.47,0.58,2,0.48,极高风险
0.07,0.22,否,0.81,0.85,12.51,中级,无,无,26.99,28.79,0.15,是,是,0.9,高支模,11.44,0.36,0.22,0.66,0.92,3,0.66,高风险
0.89,0.19,否,0.71,0.86,1.37,高级,无,1次,12.59,30.66,0.05,是,是,0.89,配电箱,17.8,1,0.22,0.83,0.28,2,0.46,无风险
0.29,0.28,否,0.79,0.87,15.32,初级,无,无,27.38,24.99,0.4,是,是,0.87,车辆,27.83,0.75,0.08,0.92,0.75,3,0.34,低风险
0.76,0.12,否,0.61,0.8,0.72,高级,1次,无,19.11,15.9,0.21,是,是,0.82,深基坑,21.08,0.38,0.41,0.85,0.48,3,0.78,低风险
0.5,0.82,否,0.84,0.91,1.12,初级,无,无,7.13,20.98,0.16,是,是,0.87,深基坑,23.48,0.64,0.1,0.81,0.72,3,0.86,高风险
0.81,0.31,否,0.67,0.74,4.26,中级,无,1次,28.92,33.33,0.01,是,是,0.81,高支模,14.63,0.72,0.51,0.52,0.68,1,0.65,低风险
0.99,0.96,是,0.77,0.73,18.18,初级,无,1次,27.95,12.51,0.79,是,否,0.83,高支模,6.11,0.91,0.59,0.9,0.9,3,0.44,极高风险
0.9,0.47,否,0.66,0.81,14.51,无证,无,≥2次,15.24,55.17,0.56,是,是,0.4,高支模,17.86,0.53,0.05,0.85,0.84,2,0.66,极高风险
0.65,0.12,否,0.71,0.77,4.32,初级,无,无,12.63,56.62,0.1,是,是,0.38,深基坑,21.97,0.69,0.14,0.76,0.99,3,0.71,中风险
0.58,0.64,否,0.71,0.9,6.49,高级,无,无,18.97,21.06,0.05,是,是,0.31,塔吊,14.09,1,0.34,0.5,0.4,1,0.6,低风险
0.57,0.55,否,0.6,0.73,5.38,高级,无,无,28.56,44.08,0.05,是,是,0.5,配电箱,3.29,1,0.08,0.82,0.72,2,0.95,无风险
0.38,0.29,否,0.6,0.91,3.37,中级,无,1次,12.77,29.48,0.05,是,是,0.43,高支模,9.34,0.85,0.04,0.9,0.16,1,0.49,中风险
0.33,0.3,否,0.73,0.85,1.04,高级,无,1次,51.39,38.24,0.43,是,是,0.32,车辆,37.83,0.7,0.41,0.86,0.84,1,0.91,高风险
0.76,0.52,否,0.83,0.7,2.91,中级,无,1次,20.85,16.58,0.69,是,是,0.8,高支模,9.27,0.81,0,0.63,0.81,4,0.36,低风险
0.42,0.14,否,0.55,0.8,20.52,初级,无,无,23.69,31.54,0.03,是,是,0.96,高支模,4.15,0.66,0.14,0.8,0.7,2,0.29,无风险
0.83,0.55,否,0.66,0.86,26.3,无证,无,无,11.97,28.89,0.35,是,是,0.91,深基坑,0.23,0.23,0.48,0.91,0.87,1,0.44,高风险
0.4,0.26,否,0.71,0.79,1.67,中级,无,1次,26.39,55.43,0.2,是,是,0.64,车辆,1.42,0.59,0.31,0.69,0.69,1,0.57,中风险
0.06,0.7,否,0.73,0.86,17.15,中级,1次,无,8.78,24.41,0.1,是,是,0.63,高支模,4.87,0.37,0,0.94,0.7,5,0.56,高风险
0.79,0.51,否,0.85,0.98,12.62,中级,无,无,40.42,64.69,0.07,是,是,0.67,高支模,4.08,1,0.11,0.91,0.52,4,0.41,无风险
0.79,0.26,否,0.68,0.9,9.27,无证,1次,无,28.17,65.23,0.43,是,是,0.9,车辆,28.31,0.69,0,0.92,0.89,1,0.5,高风险
0.73,0.32,否,0.69,0.7,36.3,高级,无,无,23.62,19.93,0.18,是,是,0.44,配电箱,16.11,0.8,0.06,0.91,0.37,3,0.68,无风险
0.37,0.32,否,0.69,0.74,17.76,中级,1次,无,22.94,46.1,0.29,是,是,0.74,塔吊,15.65,0.4,0.14,0.87,0.77,2,0.7,低风险
0.66,0.17,否,0.65,0.68,8.86,高级,无,无,40.99,23.21,0.66,是,是,0.42,深基坑,11.57,0.73,0.12,0.6,0.68,3,0.38,低风险
0.52,0.41,否,0.65,0.96,35.57,中级,1次,1次,34.03,21.7,0.2,是,是,0.98,配电箱,27.65,1,0.49,0.84,0.47,4,0.79,低风险
0.79,0.31,否,0.79,0.82,5.12,中级,1次,无,10.66,18.09,0.08,是,是,0.46,配电箱,2.36,0.5,0.61,0.52,0.06,6,0.39,极高风险
0.77,0.24,否,0.63,0.8,10.83,初级,无,1次,26.22,22.98,0.06,是,是,0.97,塔吊,14.42,0.22,0.23,0.89,0.03,6,0.58,高风险
0.07,0.2,否,0.49,0.83,2.65,中级,1次,1次,20.76,51.81,0.27,是,是,0.83,配电箱,16.91,0.68,0.5,0.87,0.15,6,0.64,极高风险
0.59,0.88,否,0.65,0.85,19.62,中级,无,无,19.23,58.5,0.17,是,是,0.92,车辆,29.21,0.52,0,0.88,0.68,1,0.93,高风险
0.2,0.27,否,0.81,0.72,12.86,中级,无,≥2次,17.95,53.83,0.38,否,是,0.32,深基坑,6.25,0.66,0.03,0.79,0.22,3,0.51,极高风险
0.59,0.31,否,0.78,0.8,2.27,高级,无,1次,20.63,22.59,0.2,是,是,0.69,深基坑,13.81,0.22,0,0.95,0.8,9,0.58,高风险
0.48,0.16,否,0.7,0.65,13.49,高级,无,1次,14.04,15.6,0.08,是,否,0.92,配电箱,19.73,0.89,0.39,0.9,0.85,3,0.41,高风险
0.6,0.72,否,0.8,0.76,22.2,高级,无,无,60.28,41.76,0.12,是,否,0.74,车辆,10.33,0.7,0.59,0.9,0.88,5,0.64,高风险
0.39,0.16,否,0.57,0.83,0.67,初级,1次,无,12.64,22.88,0.48,是,是,0.04,塔吊,16,0.68,0.12,0.65,0.6,3,0.97,极高风险
0.47,0.73,否,0.68,0.95,14.54,初级,无,≥2次,15.79,14.11,0.3,是,是,0.75,塔吊,12.48,0.75,0.4,0.86,0.16,2,0.97,极高风险
0.5,0.11,否,0.67,0.81,17.77,中级,1次,无,30.79,11.4,0.15,是,是,0.61,高支模,3.16,0.48,0.2,0.8,0.53,3,0.44,无风险
0.52,0.18,否,0.68,0.9,3.39,初级,无,无,17.58,36.86,0.68,是,是,0.6,高支模,22.24,0.77,0.35,0.9,0.82,9,0.96,极高风险
0.57,0.62,否,0.63,0.78,8.81,中级,无,无,25.91,19.59,0.08,是,是,0.91,车辆,10.19,0.63,0.51,0.81,0.77,7,0.48,中风险
0.18,0.48,否,0.6,0.81,9.32,中级,无,1次,15.46,24.07,0.59,是,是,0.72,车辆,45.43,0.52,0.39,0.96,0.65,3,0.64,极高风险
0.79,0.53,否,0.7,0.67,6.61,中级,无,无,9.11,32.07,0.07,是,是,0.44,配电箱,16.01,0.44,0.16,0.67,0.64,4,0.66,高风险
0.21,0.14,否,0.71,0.77,12.99,中级,无,无,48.62,20.23,0.17,是,是,0.99,车辆,10.13,1,0,0.69,0.6,2,0.75,无风险
0.55,0.23,否,0.71,0.8,4.35,初级,无,1次,19.12,64.24,0.38,是,是,0.9,塔吊,11.07,0.75,0.39,0.94,0.5,5,0.4,高风险
0.82,0.39,否,0.59,0.84,13.04,初级,无,≥2次,28.78,73.37,0.05,否,是,0.22,车辆,10.85,1,0.2,0.63,0.45,0,0.7,极高风险
0.94,0.48,否,0.87,0.73,7.31,中级,无,无,16.09,32.33,0.1,是,是,0.6,配电箱,31.53,1,0.51,0.65,0.9,3,0.92,无风险
0.59,0.39,否,0.81,0.76,9.05,初级,无,无,27.65,11.72,0.17,是,是,0.08,高支模,13.43,0.33,0.38,0.82,0.48,2,0.62,高风险
0.76,0.53,否,0.65,0.73,0.45,无证,无,无,13.06,83.74,0.26,是,是,0.78,车辆,47.24,0.84,0.31,0.83,0.37,9,0.21,极高风险
0.8,0.19,否,0.86,0.69,3.23,初级,1次,无,13.55,21.05,0.45,是,是,0.35,车辆,37.39,1,0,0.81,0.72,2,0.68,中风险
0.44,0.5,否,0.84,0.89,1.08,中级,无,≥2次,7.79,23.31,0.13,是,是,0.82,配电箱,31.09,0.71,0.09,0.94,0.63,2,0.88,中风险
0.47,0.4,否,0.77,0.84,7.13,高级,无,无,30.08,53.52,0.15,是,是,0.57,车辆,7.17,0.64,0.3,0.78,0.41,5,0.59,中风险
0.21,0.5,否,0.84,0.77,5.74,中级,无,无,11.06,43.16,0.34,是,是,0.77,塔吊,22.53,0.23,0.18,0.91,0.56,2,0.59,高风险
0.73,0.27,否,0.72,0.77,3.26,初级,无,无,33.36,62.59,0.25,是,是,0.89,配电箱,1.83,0.75,0.23,0.82,0.89,3,0.86,无风险
0.8,0.84,否,0.57,0.64,2.6,中级,1次,1次,15.8,22.55,0.14,是,是,0.91,配电箱,17.06,0.86,0.38,0.89,0.77,2,0.53,高风险
0.82,0.21,否,0.82,0.62,5.44,初级,1次,≥2次,6.03,32.23,0.03,是,是,0.3,深基坑,19.74,0.25,0.57,0.75,0.31,3,0.39,极高风险
0.31,0.2,否,0.69,0.71,20.8,初级,无,无,10.78,22.21,0.21,是,是,0.73,车辆,9.68,0.76,0.02,0.96,0.72,2,0.43,无风险
0.23,0.27,否,0.85,0.63,2.14,中级,无,1次,33.52,20.23,0,是,是,0.39,塔吊,1.22,0.86,0,0.73,0.51,2,0.33,低风险
0.78,0.48,否,0.69,0.93,6.29,中级,1次,1次,22.34,41.69,0.24,是,是,0.61,车辆,22.75,0.85,0.14,0.67,0.31,4,0.48,极高风险
0.61,0.22,否,0.68,0.79,1.84,初级,无,无,14.29,55.9,0.22,否,是,0.01,高支模,9.7,0.91,0.35,0.76,0.79,1,0.86,极高风险
0.4,0.64,否,0.65,0.78,2.24,中级,无,≥2次,22.44,25.26,0.09,是,是,0.91,高支模,3.51,0.68,0.16,0.69,0.68,6,0.78,高风险
0.24,0.15,否,0.82,0.8,19.71,中级,无,无,13.11,20.25,0.17,是,是,0.29,车辆,3.13,0.42,0,0.87,0.69,0,0.25,无风险
0.49,0.36,否,0.8,0.67,1.25,初级,无,≥2次,19.1,12.24,0.27,是,是,0.24,塔吊,22.85,0.85,0.31,0.91,0.6,2,0.61,极高风险
0.24,0.56,否,0.7,0.83,23.23,高级,无,无,31.77,20.05,0.17,是,是,0.48,塔吊,15,0.94,0.84,0.67,0.21,1,0.31,中风险
0.49,0.46,否,0.89,0.78,7.07,初级,无,无,16.48,33.09,0.14,是,是,0.26,高支模,39.19,0.7,0.2,0.9,0.54,3,0.57,极高风险
0.21,0.3,否,0.79,0.85,18.07,高级,无,无,21.18,70.57,0.38,是,是,0.66,车辆,16.55,1,0.65,0.81,0.69,4,0.64,高风险
0.5,0.27,否,0.7,0.83,5.39,初级,无,1次,21.68,22.6,0.13,是,是,0.6,车辆,26.66,0.71,0.19,0.91,0.89,3,0.47,中风险
0.8,0.54,否,0.6,0.74,0.86,初级,无,无,18.15,71.13,0.37,是,是,0.92,配电箱,33.55,1,0,0.78,0.81,1,0.6,低风险
0.56,0.42,否,0.76,0.68,5.4,高级,1次,无,18.34,22.44,0.56,是,是,0.93,车辆,1.68,0.84,0,0.55,0.64,0,0.67,无风险
0.72,0.24,否,0.75,0.81,5.94,初级,无,1次,30.91,18.2,0.19,是,是,0.28,高支模,22.11,0.97,0,0.86,0.15,2,0.37,高风险
0.49,0.13,否,0.67,0.83,17.13,初级,无,1次,44.85,33.69,0.18,是,是,0.88,深基坑,42.68,0.55,0.4,0.62,0.8,4,0.83,中风险
0.25,0.17,否,0.63,0.57,0.14,初级,无,1次,15.72,28.44,0.25,是,是,0.65,车辆,20.26,0.55,0,0.91,0.17,3,0.33,极高风险
0.29,0.13,否,0.65,0.68,9.68,中级,无,无,19.61,23.35,0.14,是,是,0.87,高支模,4.84,0.82,0.13,0.86,0.47,5,0.75,无风险
0.54,0.51,否,0.69,0.8,1.73,高级,无,无,19.97,12.94,0.37,否,是,0.35,配电箱,32.82,1,0.15,0.66,0.59,2,0.61,极高风险
0.65,0.92,否,0.84,0.72,0.49,中级,无,无,33.17,62.92,0.16,是,是,0.67,塔吊,5.82,0.39,0.18,0.69,0.68,2,0.61,高风险
0.49,0.36,否,0.65,0.69,20.04,中级,无,无,21.06,26.81,0.13,是,是,0.63,深基坑,3.16,0.56,0,0.65,0.76,5,0.86,无风险
0.82,0.25,否,0.77,0.91,13.07,初级,无,无,9.25,21.52,0.12,是,是,0.57,高支模,1.81,0.18,0,0.92,0.76,1,0.51,无风险
0.88,0.65,否,0.74,0.76,21.84,初级,无,无,44.52,10.95,0.14,是,否,0.28,车辆,36.28,0.7,0.2,0.89,0.19,1,0.46,极高风险
0.18,0.44,否,0.66,0.88,3.71,高级,无,无,19.82,17.23,0.42,是,是,0.7,高支模,32.63,0.33,0.16,0.79,0.18,4,0.58,极高风险
0.83,0.49,否,0.75,0.8,5.5,初级,无,1次,12.2,14.51,0.44,是,是,0.49,配电箱,0.85,0.35,0.31,0.78,0.69,0,0.73,中风险
0.23,0.27,否,0.72,0.87,28.96,初级,无,1次,12.8,17.01,0.23,是,是,0.92,配电箱,18.57,1,0.16,0.9,0.69,4,0.59,低风险
0.71,0.15,是,0.76,0.8,1.04,中级,无,无,25.37,41.61,0.62,是,是,0.75,塔吊,19.12,0.3,0.01,0.74,0.49,2,0.65,高风险
0.75,0.18,否,0.7,0.72,3.5,高级,1次,无,17.55,77.75,0.61,是,是,0.92,塔吊,1.82,0.09,0,0.29,0.72,2,0.67,中风险
0.72,0.28,否,0.74,0.72,4.62,初级,无,≥2次,40.53,19.74,0.44,是,是,0.67,配电箱,17.49,1,0.36,0.96,0.68,5,0.65,极高风险
0.71,0.27,否,0.6,0.86,0.69,初级,1次,1次,23.84,37.4,0.02,是,是,0.75,配电箱,14.91,0.63,0.11,0.89,0.81,1,0.91,中风险
0.8,0.27,否,0.71,0.83,8.71,中级,无,无,15.35,25.42,0.15,是,是,0.94,深基坑,26.42,0.77,0.01,0.92,0.47,1,0.27,无风险
0.4,0.3,否,0.77,0.96,8.89,中级,无,无,20.66,15.13,0.68,是,是,0.59,车辆,3.54,0.71,0.1,0.68,0.56,1,0.51,低风险
0.63,0.24,否,0.68,0.76,1.62,中级,无,1次,13.76,20.26,0.35,是,否,0.33,深基坑,18.35,0.64,0.86,0.86,0.25,2,0.6,极高风险
0.83,0.16,是,0.76,0.66,2.66,中级,无,1次,12.76,21.65,0.01,是,是,0.67,塔吊,9.58,0.91,0.08,0.96,0.46,7,0.43,高风险
0.45,0.59,否,0.75,0.76,20.18,高级,无,1次,12.82,17.46,0.2,是,是,0.74,深基坑,3.3,0.43,0.37,0.9,0.3,2,0.76,低风险
0.35,0.19,否,0.68,0.78,2.68,中级,无,无,21.56,20.36,0.63,是,否,0.91,配电箱,48.6,0.22,0.03,0.96,0.6,7,0.64,极高风险
0.29,0.37,否,0.8,0.69,2.83,无证,无,无,22.5,14.68,0.07,是,是,0.54,深基坑,28.33,0.89,0.19,0.77,0.55,5,0.45,极高风险
0.51,0.57,否,0.67,0.61,28.93,中级,无,1次,25.38,21.39,0.34,是,是,0.71,深基坑,3.3,0.48,0.07,0.63,0.39,6,0.93,低风险
0.25,0.1,否,0.7,0.76,2.58,初级,无,1次,33.23,26.25,0.13,是,是,0.37,车辆,13.03,0.47,0.01,0.7,0.24,2,0.18,极高风险
0.76,0.58,否,0.77,0.92,12.89,中级,无,1次,34.93,12.99,0.62,是,是,0.74,车辆,7.05,1,0.6,0.78,0.76,1,0.63,低风险
0.72,0.62,否,0.66,0.78,0.43,中级,无,≥2次,10.33,46.43,0.11,是,是,0.6,高支模,2.56,0.27,0,0.83,0.89,6,0.43,高风险
0.78,0.09,否,0.61,0.86,16.29,初级,无,无,15.49,27.2,0.04,是,否,0.9,配电箱,15.12,1,0.04,0.76,0.94,0,0.63,高风险
0.83,0.61,否,0.62,0.72,0.2,高级,无,1次,12.98,7.73,0.18,是,是,0.9,塔吊,1.4,1,0,0.94,0.44,4,0.8,无风险
0.9,0.33,否,0.55,0.88,15.18,中级,无,无,26.41,79.47,0.32,是,是,0.88,深基坑,0.91,0.82,0,0.83,0.76,3,0.68,无风险
0.93,0.27,否,0.71,0.79,1.74,高级,无,≥2次,16.1,43.41,0.03,是,是,0.85,配电箱,9.53,0.44,0.33,0.89,0.32,1,0.68,高风险
0.15,0.3,否,0.88,0.81,2.45,初级,无,1次,19.24,9.76,0.38,是,是,0.36,塔吊,14.37,0.6,0,0.8,0.62,0,0.94,高风险
0.88,0.37,否,0.76,0.67,2.9,中级,无,无,23.15,72.21,0,是,是,0.35,配电箱,13.76,0.16,0,0.7,0.58,2,0.39,高风险
0.71,0.51,否,0.73,0.88,1.76,初级,无,无,19.91,56.86,0.39,是,是,0.87,深基坑,33.33,0.69,0,0.86,0.53,1,0.39,高风险
0.69,0.31,否,0.78,0.76,6.13,无证,无,≥2次,33.14,35.52,0.2,是,是,0.75,深基坑,40.74,0.27,0,0.83,0.72,0,0.98,极高风险
0.46,0.32,否,0.54,0.9,1.78,中级,1次,≥2次,17.94,20.18,0.11,是,是,0.85,车辆,23.67,1,0.26,0.86,0.8,3,0.46,高风险
0.67,0.17,否,0.61,0.77,12.43,中级,无,无,19.05,53.69,0.36,是,是,0.89,高支模,0.83,0.65,0,0.79,0.35,1,0.92,无风险
0.58,0.35,否,0.62,0.67,2.68,中级,无,无,8.26,28.46,0.02,是,是,0.72,高支模,13,0.57,0.12,0.92,0.61,1,0.57,低风险
0.72,0.24,否,0.89,0.82,4.88,初级,1次,无,30.18,18.66,0.02,是,是,0.09,配电箱,23.06,0.17,0.2,0.97,0.79,2,0.76,高风险
0.11,0.11,否,0.61,0.78,2.43,中级,无,无,28.94,11.68,0.17,是,是,0.92,车辆,24.51,0.8,0.59,0.95,0.87,3,0.38,高风险
0.79,0.16,否,0.73,0.76,9.45,中级,1次,无,24.17,14.24,0.02,是,是,0.7,高支模,0.53,0.77,0.18,0.51,0.62,3,0.24,无风险
0.83,0.39,否,0.64,0.71,0.54,中级,无,1次,35.12,55.36,0.11,否,是,0.44,塔吊,21.57,0.47,0.03,0.86,0.26,2,0.53,极高风险
0.52,0.18,否,0.76,0.75,4.38,高级,无,无,13.82,16.67,0.55,是,是,0.88,深基坑,24.11,1,0.4,0.85,0.18,3,0.7,低风险
0.68,0.76,否,0.67,0.8,4.77,初级,无,无,15.7,63.78,0.18,是,是,0.27,深基坑,7.84,0.13,0,0.77,0.63,3,0.6,极高风险
0.71,0.3,否,0.63,0.74,7.55,中级,无,无,15.21,5.96,0.21,是,是,0.95,塔吊,44.79,0.41,0,0.54,0.81,1,0.47,无风险
0.32,0.37,否,0.72,0.88,6.18,中级,无,无,14.74,18.95,0.08,是,是,0.49,高支模,4.28,0.31,0.14,0.93,0.18,2,0.55,中风险
0.6,0.06,否,0.57,0.86,1.73,中级,无,无,14.08,27.99,0.29,是,是,0.43,塔吊,25.42,0.74,0.58,0.76,0.59,1,0.55,中风险
0.36,0.22,否,0.73,0.91,9.93,中级,无,无,25.54,53.79,0.14,是,是,0.33,高支模,19.12,0.58,0.21,0.98,0.8,5,0.58,中风险
0.22,0.22,否,0.82,0.93,13.56,中级,≥2次,1次,9.24,89.43,0.15,是,是,0.71,塔吊,0.78,0.71,0.38,0.79,0.52,1,0.61,高风险
0.96,0.47,否,0.81,0.83,2.05,高级,1次,无,24.25,71.91,0.16,是,是,0.68,塔吊,17.77,0.2,0.43,0.88,0.68,6,0.51,高风险
0.92,0.76,否,0.72,0.68,5.02,初级,≥2次,无,16.71,15.35,0.56,是,是,0.65,车辆,26.91,0.67,0.28,0.55,0.82,5,0.28,极高风险
0.69,0.24,否,0.65,0.91,2.37,中级,无,无,17.1,63.78,0.44,是,是,0.7,高支模,35.52,1,0.3,0.93,0.69,4,0.83,高风险
0.55,0.19,否,0.79,0.89,5.66,高级,无,无,10.84,20.7,0.04,是,是,0.5,配电箱,20.18,0.8,0.27,0.87,0.79,2,0.57,无风险
0.86,0.73,否,0.84,0.71,23.8,初级,无,≥2次,33.09,20.56,0.34,是,是,0.82,配电箱,22.68,0.32,0.63,0.85,0.63,5,0.54,极高风险
0.72,0.51,否,0.8,0.83,11.49,中级,无,1次,21.92,79.14,0.46,是,是,0.46,深基坑,1.67,0.51,0.42,0.47,0.25,1,0.74,极高风险
0.55,0.55,否,0.65,0.56,1.75,中级,无,无,12.48,94.77,0.26,是,是,0.45,深基坑,20,0.76,0.21,0.73,0.88,2,0.59,高风险
0.39,0.15,否,0.84,0.8,3.62,初级,无,无,16.65,14.79,0.07,否,是,0.74,塔吊,31.86,0.7,0.3,0.78,0.75,1,0.6,高风险
0.91,0.51,否,0.55,0.84,0.45,中级,无,无,20.96,40.86,0.23,是,是,0.32,配电箱,2.64,1,0.23,0.67,0.53,1,0.55,中风险
0.76,0.22,否,0.47,0.75,0.52,无证,无,1次,9.22,48.43,0.23,是,是,0.3,塔吊,4.34,0.77,0.21,0.77,0.08,3,0.69,极高风险
0.25,0.28,否,0.74,0.82,9.22,中级,1次,无,8.57,27.03,0.5,是,是,0.89,高支模,74.42,0.79,0.2,0.77,0.13,6,0.68,极高风险
0.74,0.64,否,0.6,0.98,0.65,无证,无,1次,22.25,46.24,0.19,是,是,0.87,配电箱,1.58,0.59,0.16,0.42,0.77,1,0.9,高风险
0.7,0.14,否,0.6,0.67,36.84,中级,无,1次,74.44,52.99,0.27,是,是,0.35,配电箱,7.89,0.95,0.18,0.8,0.43,4,0.51,高风险
0.72,0.21,是,0.54,0.66,0.9,高级,无,无,12.13,72.09,0.1,是,否,0.81,配电箱,3.72,0.68,0.04,0.84,0.57,1,0.45,极高风险
0.82,0.23,否,0.67,0.81,11.92,中级,1次,1次,19.25,28.86,0.25,是,是,0.93,塔吊,11.22,1,0.1,0.83,0.77,3,0.64,无风险
0.44,0.73,否,0.64,0.87,8.47,初级,无,1次,10.09,7.95,0.45,是,是,0.87,深基坑,38.54,0.84,0,0.83,0.64,4,0.71,高风险
0.76,0.4,否,0.65,0.79,0.13,中级,无,1次,18.07,32.99,0.09,是,是,0.65,高支模,14.41,0.81,0.01,0.86,0.82,4,0.45,低风险
0.52,0.35,否,0.77,0.79,12.67,初级,无,≥2次,4.77,42.78,0.43,是,是,0.71,车辆,31.98,0.49,0.76,0.77,0.34,1,0.84,极高风险
0.52,0.57,否,0.7,0.75,13.46,初级,无,无,41.46,23.88,0.44,是,是,0.71,塔吊,20.73,0.63,0.89,0.72,0.77,2,0.67,高风险
0.87,0.2,否,0.63,0.9,1.48,中级,无,1次,20.98,63.65,0.01,是,是,0.92,车辆,1.75,1,0.26,0.82,0.07,1,0.45,低风险
0.39,0.6,否,0.77,0.83,20.74,初级,无,无,17.13,52.77,0.21,是,是,0.56,配电箱,26.95,0.71,0.23,0.74,0.79,7,0.83,高风险
0.67,0.26,否,0.61,0.6,16.43,中级,1次,1次,50.72,44.07,0.03,是,是,0.75,塔吊,43.84,0.3,0,0.74,0.12,4,0.95,高风险
0.72,0.89,否,0.87,0.91,15.62,中级,无,无,27.13,18.43,0.59,是,是,0.92,塔吊,10.74,0.75,0.46,0.85,0.4,2,0.68,高风险
0.75,0.99,否,0.81,0.82,6.36,初级,1次,无,26.45,45.62,0.01,是,是,0.41,车辆,20.94,0.48,0.31,0.61,0.46,1,0.28,极高风险
0.64,0.29,否,0.55,0.73,3.7,中级,无,无,38.67,28.36,0.16,是,是,0.91,深基坑,24.59,0.8,0,0.89,0.08,5,0.48,中风险
0.69,0.55,否,0.82,0.72,2.33,中级,无,1次,12.21,56.11,0.3,是,是,0.3,车辆,0.31,0.67,0.37,0.7,0.55,3,0.98,高风险
0.69,0.42,否,0.51,0.7,6.68,初级,无,无,6.59,24.66,0.19,是,是,0.6,配电箱,20.56,0.89,0.23,0.96,0.53,3,0.41,高风险
0.69,0.26,否,0.63,0.84,2.21,中级,无,无,14.27,49.35,0.39,是,是,0.95,配电箱,27.92,0.86,0.49,0.96,0.84,2,0.5,低风险
0.74,0.27,否,0.66,0.83,12.75,中级,无,≥2次,64.69,42.16,0.05,是,是,0.74,深基坑,25.78,1,0,0.7,0.51,3,0.82,中风险
0.83,0.37,否,0.65,0.72,9.05,中级,无,≥2次,16.74,31.94,0.39,是,是,0.84,深基坑,3.87,0.55,0.03,0.83,0.81,1,0.86,低风险
0.77,0.43,否,0.74,0.67,4.56,初级,无,1次,22.61,46.36,0.27,是,是,0.63,深基坑,11.57,0.88,0.23,0.65,0.72,2,0.68,高风险
0.68,0.31,是,0.65,0.75,17.45,初级,1次,≥2次,34.93,22.3,0.06,是,是,0.42,高支模,1.14,0.32,0.63,0.9,0.81,5,0.74,极高风险
0.78,0.2,否,0.59,0.88,18.84,中级,1次,1次,19.78,44.47,0.09,是,是,0.75,塔吊,0.19,0.45,0.23,0.72,0.09,2,0.79,中风险
0.47,0.3,否,0.77,0.71,11.32,中级,无,≥2次,24.57,41.94,0.69,是,是,0.88,高支模,2.1,0.56,0.89,0.91,0.88,2,0.59,高风险
0.9,0.64,否,0.64,0.93,0.92,中级,无,无,17.06,48.09,0.3,是,是,0.87,深基坑,3.12,1,0.72,0.85,0.09,5,0.6,中风险
0.46,0.22,否,0.69,0.83,2.35,中级,1次,无,13.33,10.9,0.27,是,是,0.69,深基坑,17.73,0.16,0.06,0.74,0.64,3,0.59,中风险
0.85,0.19,否,0.75,0.98,5.79,高级,无,1次,9.69,43.35,0.09,是,是,0.9,深基坑,27.72,1,0,0.74,0.07,5,0.94,无风险
0.49,0.29,否,0.75,0.92,3.49,高级,无,无,27.93,44.93,0.25,是,是,0.62,车辆,18.68,0.23,0.15,0.67,0.4,3,0.72,高风险
0.24,0.13,否,0.58,0.64,5.75,中级,无,无,23.2,14.96,0.33,是,是,0.86,塔吊,9.45,0.42,0.23,0.81,0.51,3,0.63,低风险
0.44,0.42,否,0.68,0.92,1.01,初级,无,1次,67.66,23.87,0.02,是,是,0.7,塔吊,4.3,0.31,0,0.96,0.45,6,0.66,中风险
0.57,0.52,否,0.63,0.82,9.72,高级,无,无,17.52,24.55,0.26,是,是,0.5,深基坑,62.48,0.83,0,0.55,0.67,1,0.43,低风险
0.58,0.27,否,0.86,0.59,0.56,中级,1次,1次,18.29,24.82,0.52,是,否,0.87,配电箱,7.65,0.46,0.29,0.84,0.56,4,0.63,极高风险
0.79,0.41,否,0.77,0.92,0.88,初级,无,1次,35.04,13.37,0.48,是,是,0.86,配电箱,17.26,0.3,0,0.76,0.55,1,0.39,中风险
0.16,0.1,否,0.59,0.77,1.04,中级,无,无,36.25,40.37,0.5,是,是,0.9,配电箱,4.5,0.36,0.1,0.74,0.63,4,0.37,高风险
0.77,0.49,否,0.56,0.67,9.49,高级,无,1次,65.66,85.24,0.24,是,是,0.79,车辆,15.42,0.65,0,0.77,0.49,2,0.78,中风险
0.59,0.35,否,0.71,0.74,32.77,中级,1次,无,24.33,65.06,0.46,是,是,0.54,深基坑,18.31,0.52,0.45,0.9,0.54,4,0.63,高风险
0.64,0.27,否,0.81,0.81,10.12,中级,无,无,13.52,34,0.12,是,是,0.82,深基坑,9.25,0.33,0.64,0.76,0.45,3,0.64,低风险
0.42,0.13,否,0.51,0.76,2.66,中级,无,1次,15.1,18.81,0.09,是,是,0.37,高支模,16.79,0.51,0.16,0.82,0.5,4,0.82,高风险
0.78,0.97,否,0.78,0.79,0.21,中级,无,1次,19.03,51.98,0.29,是,是,0.77,车辆,55.4,0.81,0.68,0.5,0.66,7,0.64,极高风险
0.34,0.84,否,0.64,0.98,11.9,初级,无,1次,12.58,18.5,0.21,是,是,0.79,深基坑,1.53,1,0.19,0.42,0.64,1,0.51,高风险
0.7,0.49,否,0.77,0.71,11.02,高级,1次,无,14.08,17.59,0.04,是,是,0.75,配电箱,17.3,0.66,0.43,0.75,0.49,2,0.6,低风险
0.26,0.53,否,0.65,0.69,0.87,初级,无,无,9.64,29.71,0.63,是,是,0.96,车辆,20.71,0.68,0.17,0.67,0.87,6,0.69,极高风险
0.53,0.16,否,0.72,0.83,10.97,初级,无,无,10.67,6.74,0.31,是,是,0.38,深基坑,11.78,0.37,0,0.87,0.3,2,0.45,低风险
0.79,0.41,否,0.75,0.82,3.59,高级,无,1次,26.88,24.12,0.25,是,是,0.85,高支模,28.14,0.26,0.09,0.91,0.65,4,0.55,中风险
0.4,0.37,否,0.9,0.78,2.98,中级,无,1次,17.06,40.35,0.28,是,否,0.17,高支模,14.94,0.79,0.07,0.55,0.18,1,0.65,极高风险
0.76,0.51,是,0.76,0.74,7.94,初级,无,无,14.71,25.91,0.15,是,是,0.46,高支模,13.84,0.47,0.13,0.79,0.62,4,0.47,极高风险
0.81,0.45,否,0.73,0.82,8.61,中级,无,无,7.77,31.4,0.04,是,是,0.8,配电箱,2.8,1,0,0.88,0.57,6,0.5,无风险
0.58,0.09,否,0.62,0.77,2.09,中级,无,无,31.11,17.93,0.25,是,是,0.52,高支模,0.43,0.75,0.16,0.93,0.35,2,0.4,无风险
0.3,0.44,否,0.87,0.9,2.42,高级,无,≥2次,20.34,31.26,0.02,是,是,0.42,车辆,11.58,0.54,0.34,0.96,0.49,2,0.34,极高风险
0.84,0.51,否,0.7,0.7,24.88,中级,≥2次,1次,42.04,26.76,0.1,是,是,0.36,车辆,1.91,0.7,0.11,0.73,0.87,4,0.31,低风险
0.29,0.09,否,0.69,0.93,15.86,中级,无,1次,16.76,15.81,0.05,是,是,0.58,深基坑,17.88,0.63,0.55,0.89,0.75,0,0.41,低风险
0.62,0.17,否,0.79,0.79,10.59,高级,无,1次,25.61,33.19,0.6,是,是,0.85,配电箱,89.45,0.41,0.06,0.92,0.44,5,0.47,中风险
0.07,0.29,否,0.73,0.85,3.08,初级,无,1次,46.82,32.33,0.27,是,是,0.73,塔吊,8.32,0.53,0.85,0.96,0.36,2,0.38,极高风险
0.78,0.18,否,0.86,0.72,6.86,初级,无,无,53.7,103.25,0.14,是,是,0.45,塔吊,50.75,0.76,0.01,0.77,0.84,2,0.62,低风险
0.34,0.38,否,0.74,0.69,3.59,高级,无,无,28.25,15.16,0.04,是,是,0.34,深基坑,9.19,0.46,0.01,0.88,0.71,0,0.56,无风险
0.5,0.26,否,0.75,0.71,11.2,中级,无,1次,23.33,52.27,0.01,是,是,0.97,深基坑,24.8,0.78,0.25,0.91,0.67,2,0.51,低风险
0.36,0.31,否,0.7,0.97,9.52,初级,无,1次,32.38,11.46,0.15,是,是,0.32,高支模,15.09,0.42,0,0.89,0.95,2,0.48,低风险
0.92,0.16,否,0.65,0.86,2.1,中级,无,无,18.76,17,0.03,是,是,0.72,车辆,2.37,0.53,0.09,0.72,0.58,1,0.83,无风险
0.63,0.27,否,0.75,0.83,0.61,中级,1次,无,46.75,12.65,0.09,是,是,0.18,深基坑,48.39,0.8,0.46,0.96,0.63,5,0.25,极高风险
0.87,0.34,否,0.75,0.78,14.26,初级,无,1次,20.82,5.42,0.13,是,是,0.69,塔吊,3.28,0.5,0.15,0.94,0.46,2,0.69,无风险
0.95,0.54,否,0.82,0.74,15.03,初级,无,无,10.2,48.16,0.16,是,是,0.84,塔吊,0.65,1,0.29,0.92,0.83,5,0.77,无风险
0.75,0.73,否,0.76,0.78,7.11,初级,无,≥2次,13.39,32.71,0.42,是,是,0.91,配电箱,11.77,1,0.08,0.91,0.8,3,0.51,高风险
0.59,0.42,否,0.87,0.91,10.78,初级,无,无,24.63,23.64,0.46,是,是,0.84,塔吊,1.01,0.26,0.49,0.95,0.74,3,0.72,低风险
0.38,0.13,否,0.49,0.83,0.92,初级,无,≥2次,11.78,23.55,0.64,是,是,0.82,车辆,17.14,0.14,0.49,0.7,0.56,2,0.83,极高风险
0.69,0.16,是,0.82,0.82,15.95,无证,无,1次,23.02,46.05,0.1,否,是,0.88,高支模,56.95,0.75,0.42,0.91,0.25,5,0.59,极高风险
0.83,0.74,否,0.73,0.72,14.24,初级,无,无,27.8,36.1,0.2,是,是,0.61,塔吊,36.53,0.75,0.14,0.71,0.29,0,0.65,高风险
0.9,0.09,否,0.85,0.82,15.95,初级,≥2次,无,9.39,25.54,0.16,是,是,0.67,深基坑,7.67,0.77,0.06,0.88,0.82,3,0.9,无风险
0.61,0.19,否,0.58,0.77,3.22,初级,1次,无,21.04,58.56,0.43,是,是,0.91,车辆,6.75,0.3,0.51,0.62,0.61,4,0.92,极高风险
0.6,0.49,否,0.7,0.79,6.5,中级,无,无,13.03,107.26,0.23,是,是,0.78,塔吊,17.29,1,0.04,0.95,0.91,1,0.48,无风险
0.6,0.2,否,0.6,0.69,5.97,中级,无,无,17.77,14.88,0.16,是,是,0.86,塔吊,10.65,1,0,0.88,0.71,2,0.72,无风险
0.65,0.28,否,0.54,0.62,6.72,初级,无,无,25.21,28.7,0.24,是,是,0.36,深基坑,20.24,0.8,0.22,0.91,0.48,1,0.74,高风险
0.31,0.1,否,0.7,0.74,11.28,中级,无,1次,21.71,30.85,0.36,是,是,0.07,高支模,13.34,0.13,0.51,0.93,0.65,0,0.47,极高风险
0.31,0.41,否,0.68,0.69,18.09,高级,无,≥2次,74.43,10.62,0.64,是,是,0.66,高支模,2.13,0.39,0.3,0.84,0.4,2,0.71,高风险
0.89,0.34,否,0.86,0.82,26.72,中级,无,1次,23.26,18.7,0.14,是,是,0.95,配电箱,1.05,1,0.27,0.96,0.62,3,0.4,无风险
0.43,0.22,否,0.72,0.84,37.91,中级,无,1次,17.3,33.5,0.18,是,是,0.88,深基坑,1.25,0.52,0.48,0.87,0.58,3,0.33,无风险
0.85,0.45,否,0.76,0.94,0.99,初级,无,无,26.62,21.44,0.2,是,是,0.71,深基坑,3.06,1,0.23,0.54,0.89,1,0.75,无风险
0.9,0.21,否,0.7,0.75,14.76,高级,无,无,32.94,17.14,0.41,否,是,0.28,配电箱,2.13,0.67,0.14,0.86,0.53,2,0.29,高风险
0.55,0.51,否,0.84,0.61,19.1,高级,1次,无,54.73,22.66,0.12,是,是,0.67,车辆,10.11,0.56,0,0.89,0.8,1,0.7,无风险
0.89,0.3,否,0.73,0.68,9.74,初级,1次,无,20.96,17.68,0.17,是,是,0.87,车辆,14.77,0.43,0.36,0.58,0.53,1,0.42,高风险
0.5,0.65,否,0.56,0.74,4.31,高级,无,无,27.61,47.03,0.27,否,是,0.15,高支模,7.61,0.5,0.02,0.94,0.84,0,0.4,极高风险
0.89,0.28,否,0.82,0.89,9.97,中级,无,1次,15.83,36,0.37,是,是,0.9,配电箱,19.53,0.74,0.21,0.8,0.9,1,0.43,无风险
0.84,0.38,否,0.62,0.82,0.13,中级,无,无,16.07,41.72,0.15,是,是,0.23,深基坑,17.35,1,0.36,0.81,0.93,2,0.89,低风险
0.77,0.21,否,0.85,0.62,0.95,中级,无,无,24.65,21.12,0.55,是,是,0.75,塔吊,3.2,0.74,0.32,0.84,0.06,3,0.62,中风险
0.77,0.18,否,0.64,0.7,1.44,中级,1次,无,19.83,20.37,0.25,是,是,0.89,塔吊,46.28,0.72,0,0.6,0.72,2,0.82,无风险
0.47,0.37,否,0.7,0.84,4.39,中级,无,≥2次,29.99,52.04,0.23,是,是,0.58,配电箱,2.16,0.86,0.46,0.83,0.89,1,0.82,高风险
0.6,0.39,否,0.81,0.76,0.39,中级,无,≥2次,24.69,52.3,0.28,是,是,0.77,配电箱,19.76,0.78,0.37,0.81,0.71,2,0.78,极高风险
0.75,0.42,否,0.81,0.85,22.46,高级,无,无,11.46,15.03,0.12,是,是,0.86,塔吊,9.86,0.44,0.22,0.9,0.66,2,0.52,无风险
0.93,0.52,否,0.87,0.93,8.72,中级,无,无,46.99,10.5,0.12,是,是,0.34,车辆,44.17,0.55,0.01,0.95,0.75,2,0.61,无风险
0.76,0.31,否,0.8,0.68,24.54,中级,无,无,12.34,36.97,0.25,是,是,0.78,配电箱,0.03,0.65,0.45,0.95,0.62,3,0.57,无风险
0.67,0.44,否,0.64,0.77,10.18,中级,无,1次,20.46,65,0.2,是,是,0.88,高支模,13.68,0.61,0.42,0.75,0.58,2,0.83,高风险
0.58,0.44,否,0.52,0.91,13.17,初级,无,无,17.01,36.36,0.71,否,是,0.6,配电箱,17.9,0.09,0.35,0.91,0.54,1,0.64,极高风险
0.87,0.29,否,0.92,0.7,5.06,中级,无,无,18.15,37.5,0.54,是,是,0.74,深基坑,31.54,0.73,0.17,0.95,0.78,4,0.72,低风险
0.67,0.14,否,0.68,0.94,6.6,中级,无,1次,10.37,30.23,0.21,是,是,0.82,塔吊,35.81,0.64,0,0.97,0.42,1,0.52,无风险
0.86,0.5,是,0.77,0.65,10.78,中级,无,≥2次,21.14,32.79,0.11,是,是,0.46,高支模,2.09,0.53,0.38,0.82,0.64,3,0.8,极高风险
0.58,0.2,否,0.65,0.76,7.92,初级,无,无,40.88,52.01,0.07,是,是,0.27,深基坑,5.27,1,0.39,0.82,0.58,2,0.91,中风险
0.48,0.29,否,0.71,0.64,7.93,中级,无,无,12.3,21.09,0.12,是,是,0.81,深基坑,4.02,0.7,0.33,0.7,0.38,8,0.62,中风险
0.59,0.31,否,0.82,0.78,5.1,无证,1次,无,28.49,19.05,0.1,是,是,0.76,车辆,0.48,0.58,0.53,0.79,0.66,8,0.81,高风险
0.36,0.34,否,0.68,0.67,15.72,中级,无,无,58.74,46.33,0,是,否,0.58,高支模,3.28,0.41,0,0.63,0.88,1,0.81,高风险
0.8,0.6,否,0.6,0.74,14.39,中级,1次,无,16.21,17.88,0.02,是,是,0.73,深基坑,15.04,0.22,0.18,0.86,0.33,5,0.76,中风险
0.38,0.19,否,0.69,0.7,4.01,初级,无,1次,36.61,117.8,0.49,是,是,0.67,塔吊,53.98,0.69,0.27,0.65,0.66,0,0.8,极高风险
0.68,0.55,否,0.7,0.76,30.48,初级,无,1次,7.39,99.71,0.03,是,是,0.8,深基坑,9.67,0.53,0.31,0.77,0.73,1,0.58,低风险
0.17,0.33,否,0.73,0.93,24.26,高级,无,无,12.72,30.84,0.03,是,是,0.93,深基坑,13.07,0.84,0,0.87,0.43,3,0.77,高风险
0.51,0.58,否,0.86,0.87,4.37,初级,无,无,25.09,19.17,0.14,是,是,0.97,配电箱,33.53,0.75,0.18,0.81,0.72,1,0.76,低风险
0.51,0.23,否,0.56,0.77,11.91,中级,无,无,10.97,50.54,0.77,是,是,0.95,深基坑,18.36,0.91,0.04,0.89,0.74,2,0.7,低风险
0.61,0.18,否,0.63,0.94,11.28,初级,无,无,38.29,35.66,0.02,是,是,0.7,塔吊,1.84,0.77,0.08,0.64,0.28,5,0.7,低风险
0.75,0.2,否,0.76,0.9,6.17,初级,无,1次,10.65,35.58,0.18,是,是,0.84,高支模,6.39,0.59,0.19,0.79,0.8,3,0.62,低风险
0.34,0.17,否,0.68,0.86,9.92,中级,无,1次,12.86,16.12,0.07,是,是,0.91,高支模,36.56,0.77,0,0.85,0.2,2,0.72,低风险
0.83,0.3,否,0.65,0.89,1.8,中级,无,无,23.64,16.52,0.48,是,是,0.49,车辆,35.88,0.58,0.11,0.82,0.78,2,0.22,中风险
0.69,0.21,否,0.83,1,4.13,高级,无,无,29.33,19.36,0.18,是,是,0.66,配电箱,7.45,1,0.26,0.72,0.67,1,0.4,无风险
0.26,0.26,否,0.68,0.73,1.34,中级,无,无,30.43,16.22,0.7,是,是,0.86,配电箱,22.2,0.53,0.06,0.95,0.57,2,0.46,中风险
0.41,0.4,否,0.71,0.73,30.79,中级,无,≥2次,11.26,15.98,0.05,是,是,0.13,高支模,4.5,0.75,0.2,0.81,0.65,2,0.61,高风险
0.17,0.19,否,0.78,0.76,1.43,高级,1次,1次,7.68,15.65,0.1,是,是,0.44,塔吊,12.28,0.19,0.84,0.84,0.68,2,0.76,极高风险
0.74,0.36,否,0.76,0.87,30.95,无证,无,无,9.64,10.15,0.61,是,是,0.85,塔吊,42.04,0.83,0.29,0.72,0.44,1,0.35,高风险
0.67,0.72,否,0.88,0.75,28.22,中级,无,无,30.61,47.49,0.04,是,是,0.93,车辆,5.24,0.6,0.73,0.49,0.73,1,0.42,无风险
0.59,0.14,否,0.54,0.93,7.12,中级,无,1次,9.9,47.11,0.38,是,是,0.43,塔吊,12.37,0.68,0,0.85,0.72,0,0.51,低风险
0.23,0.26,否,0.58,0.7,4.21,中级,无,1次,16.7,18.48,0.22,是,否,0.45,车辆,0.31,0.14,0.18,0.83,0.91,8,0.72,极高风险
0.55,0.21,否,0.79,0.84,4.08,中级,无,1次,28.06,24.67,0.26,是,是,0.56,深基坑,9.43,1,0.66,0.97,0.91,2,0.67,低风险
0.69,0.43,否,0.68,0.6,13.94,高级,无,1次,27.64,95.86,0.23,是,是,0.66,车辆,6.64,0.3,0.07,0.71,0.53,4,0.86,中风险
0.59,0.28,否,0.67,0.71,18.09,初级,1次,无,18.98,46.15,0.6,是,是,0.88,车辆,21.06,0.27,0.52,0.65,0.3,5,0.77,极高风险
0.39,0.36,否,0.65,0.85,5.76,高级,无,无,28.71,8.84,0.05,是,是,0.13,车辆,2.65,0.45,0.55,0.6,0.76,1,0.75,高风险
0.58,0.5,否,0.68,0.85,18.82,无证,无,无,53.01,19.62,0.05,是,是,0.53,车辆,2.45,0.46,0.48,0.94,0.41,4,0.8,高风险
0.38,0.23,否,0.69,0.72,0.52,中级,无,无,17.36,21.97,0,是,是,0.69,深基坑,1.31,0.51,0.33,0.56,0.76,4,0.56,低风险
0.24,0.34,否,0.65,0.83,7.42,初级,无,无,19.48,29.48,0.15,是,是,0.22,塔吊,2.52,0.3,0,0.73,0.32,7,0.72,高风险
0.84,0.39,否,0.74,0.92,6.48,中级,无,≥2次,28.75,63.13,0.22,是,是,0.15,配电箱,80.46,0.47,0.24,0.71,0.47,3,0.55,极高风险
0.97,0.41,否,0.63,0.8,5.8,中级,1次,无,21.44,23.65,0.04,是,是,0.45,高支模,2,0.29,0.61,0.88,0.18,2,0.67,高风险
0.18,0.24,否,0.69,0.79,11.81,初级,无,1次,17.86,30.63,0.19,是,是,0.24,深基坑,12.92,0.75,0.04,0.73,0.5,4,0.81,高风险
0.83,0.07,否,0.84,0.76,21.67,高级,≥2次,无,21.51,10.59,0.02,是,是,0.52,高支模,4.33,1,0.05,0.83,0.63,6,0.61,无风险
0.94,0.69,否,0.9,0.76,3.71,初级,无,1次,32.05,73.81,0.43,是,是,0.56,深基坑,10.66,0.71,0.35,0.63,0.08,3,0.26,极高风险
0.83,0.21,否,0.74,0.91,2.45,高级,无,1次,25.12,48.85,0.09,是,是,0.85,深基坑,24.31,0.76,0.07,0.89,0.78,0,0.54,无风险
0.75,0.27,否,0.61,0.96,0.43,初级,无,无,20.71,39.82,0.8,是,是,0.78,塔吊,14.87,0.56,0.2,0.92,0.49,2,0.92,中风险
0.83,0.6,否,0.7,0.77,8.84,中级,无,1次,22.51,33.52,0.02,是,是,0.65,高支模,31.36,1,0.17,0.95,0.62,10,0.3,高风险
0.44,0.22,否,0.65,0.78,9.11,中级,1次,无,62.03,32.09,0.41,是,是,0.46,配电箱,43.49,0.5,0.55,0.94,0.46,3,0.96,极高风险
0.87,0.56,否,0.76,0.94,18.84,高级,无,1次,35.73,17.42,0.17,是,是,0.31,配电箱,1.07,0.63,0.05,0.84,0.6,3,0.7,无风险
0.86,0.12,否,0.6,0.79,4.04,初级,无,无,20.87,39.87,0.43,是,是,0.54,车辆,13.18,0.47,0,0.61,0.64,5,0.63,中风险
0.94,0.6,否,0.83,0.98,26.52,中级,1次,1次,21.2,8.92,0.34,是,是,0.84,车辆,1.16,0.59,0.23,0.65,0.32,3,0.25,无风险
0.16,0.42,否,0.85,0.68,11.33,初级,无,1次,21.63,42.02,0.58,是,是,0.54,深基坑,3.68,0.37,0.33,0.77,0.86,1,0.19,极高风险
0.7,0.49,否,0.64,0.9,20.49,初级,无,无,30.43,16.48,0.51,是,是,0.72,塔吊,10.53,0.39,0.27,0.97,0.61,1,0.74,低风险
0.47,0.12,否,0.71,0.62,1.37,中级,无,无,6.99,39.86,0.49,是,是,0.65,高支模,2.65,1,0.35,0.85,0.66,3,0.7,中风险
0.93,0.29,否,0.8,0.67,4.67,中级,无,无,24,40.3,0.45,是,是,0.53,高支模,26.34,0.64,0.49,0.79,0.75,2,0.39,高风险
0.74,0.8,否,0.8,0.73,8.47,高级,1次,无,12.56,32.06,0.03,是,是,0.56,塔吊,19.6,0.47,0,0.88,0.44,3,0.83,高风险
0.75,0.19,否,0.73,0.89,2.42,中级,无,无,17.02,33.11,0.37,是,是,0.68,深基坑,34.09,0.34,0.28,0.94,0.69,4,0.59,中风险
0.43,0.48,否,0.62,0.87,1.03,中级,无,1次,18.43,23.13,0.1,是,是,0.71,车辆,0.52,0.73,0.03,0.74,0.45,4,0.44,低风险
0.72,0.4,否,0.81,0.79,3.32,初级,无,无,8.51,25.88,0.09,是,是,0.67,高支模,0.65,0.71,0.12,0.93,0.8,1,0.66,无风险
0.32,0.21,否,0.71,0.82,20.63,高级,无,1次,18.74,26.94,0.09,是,是,0.66,深基坑,1.54,1,0.26,0.76,0.92,3,0.84,无风险
0.61,0.3,否,0.71,0.7,1.78,中级,无,无,22.49,25.28,0.1,是,是,0.42,高支模,2.59,0.81,0.15,0.69,0.76,3,0.18,低风险
0.64,0.44,否,0.67,0.62,4.43,初级,无,无,10.04,15.35,0.47,是,是,0.8,高支模,19.87,0.49,0.3,0.81,0.43,6,0.63,极高风险
0.9,0.69,否,0.88,0.85,7.22,无证,无,≥2次,17.44,32.54,0.1,是,是,0.98,车辆,20.65,0.36,0.39,0.96,0.54,6,0.54,极高风险
0.37,0.29,否,0.64,0.88,1.4,中级,无,无,13.79,48.41,0.03,是,是,0.5,塔吊,1.24,0.77,0.06,0.62,0.67,1,0.84,低风险
0.81,0.37,否,0.6,0.99,11.06,高级,无,无,29.9,20.38,0.03,是,是,0.75,高支模,0.03,0.85,0.08,0.92,0.57,7,0.91,无风险
0.4,0.1,否,0.71,0.86,1.02,中级,无,无,48.77,26.5,0.22,是,是,0.56,深基坑,2.38,0.23,0,0.9,0.85,5,0.65,无风险
0.56,0.26,否,0.66,0.85,6.17,高级,无,无,14.46,34.75,0.05,否,是,0.2,高支模,26.52,0.7,0.46,0.81,0.74,2,0.43,极高风险
0.34,0.63,否,0.7,0.73,31.85,初级,无,无,32.61,14.61,0.12,是,是,0.55,配电箱,1.54,0.59,0.5,0.87,0.8,1,0.31,低风险
0.74,0.23,否,0.63,0.64,12.73,初级,1次,无,11.92,14.04,0.13,是,是,0.44,配电箱,21.3,0.42,0.06,0.75,0.46,4,0.41,高风险
0.54,0.19,否,0.57,0.74,13.99,高级,无,1次,14.27,51.01,0.34,是,是,0.29,车辆,4.99,0.62,0.42,0.84,0.53,6,0.51,高风险
0.76,0.59,否,0.7,0.77,14.94,中级,无,1次,32.53,18.89,0.13,是,是,0.28,车辆,19.22,1,0,0.88,0.44,2,0.64,低风险
0.32,0.22,否,0.72,0.91,15.79,初级,无,无,8.67,10.6,0.1,是,是,0.53,塔吊,50.42,0.68,0.6,0.93,0.69,5,0.46,中风险
0.82,0.2,否,0.78,0.64,0.36,中级,无,1次,23.13,35.37,0.1,是,是,0.2,车辆,27.78,0.5,0.47,0.72,0.63,3,0.41,极高风险
0.75,0.26,否,0.8,0.84,3.3,中级,无,1次,26.24,14.77,0.12,是,是,0.77,深基坑,3.76,0.45,0.81,0.96,0.79,6,0.94,低风险
0.68,0.34,否,0.7,0.89,1.37,高级,无,无,14.1,33.39,0.12,是,否,0.3,高支模,2.68,0.11,0.2,0.79,0.29,0,0.65,极高风险
0.9,0.24,否,0.61,0.89,11.92,中级,无,无,8.22,13.03,0.16,是,是,0.98,塔吊,4.1,1,0,0.79,0.37,3,0.54,无风险
0.68,0.35,否,0.75,0.85,1.68,高级,无,1次,16.04,10.33,0.16,是,是,0.61,高支模,2,0.41,0.26,0.94,0.52,1,0.17,低风险
0.46,0.52,否,0.42,0.99,33.12,初级,无,无,33.62,23.44,0.35,是,是,0.32,深基坑,15.46,0.85,0.19,0.72,0.42,3,0.6,中风险
0.63,0.29,否,0.97,0.87,5.14,无证,1次,1次,12.59,39.54,0.57,是,是,0.48,深基坑,19.53,1,0.09,0.9,0.63,0,0.48,极高风险
0.19,0.36,否,0.65,0.77,11.77,初级,无,无,9.17,26.06,0.33,是,否,0.99,高支模,1.73,1,0.24,0.51,0.64,5,0.91,极高风险
0.5,0.49,否,0.76,0.92,2.01,高级,无,无,17.92,20.98,0.15,是,是,0.49,高支模,28.09,0.59,0.32,0.78,0.34,2,0.36,高风险
0.82,0.26,否,0.84,0.59,11.34,中级,无,1次,20.49,30.4,0.29,是,是,0.76,车辆,13.19,0.49,0,0.77,0.73,0,0.74,高风险
0.85,0.34,否,0.72,0.63,14.17,初级,无,无,23.89,30.32,0.3,是,是,0.63,配电箱,17,1,0.56,0.87,0.76,7,0.3,高风险
0.86,0.16,否,0.72,0.95,10.43,初级,无,无,15.16,23.34,0.18,是,是,0.5,深基坑,19.37,0.77,0.89,0.94,0.36,4,0.73,中风险
0.73,0.13,否,0.69,0.57,30.64,中级,无,1次,26.07,15.03,0.33,是,否,0.82,塔吊,22.91,0.64,0.15,0.71,0.64,1,0.76,极高风险
0.83,0.08,否,0.55,0.87,5.84,中级,无,无,28.76,32.25,0.29,是,是,0.79,配电箱,35.03,0.81,0.16,0.81,0.33,1,0.81,低风险
0.82,0.4,否,0.74,0.86,7.61,中级,1次,≥2次,16.96,22.27,0,是,是,0.46,配电箱,39.4,0.61,0.27,0.81,0.33,3,0.93,极高风险
0.74,0.38,否,0.76,0.8,0.74,中级,无,1次,18.96,26.84,0.01,是,是,0.31,高支模,0.29,0.52,0,0.89,0.33,2,0.9,低风险
0.42,0.07,否,0.51,0.72,14.28,高级,1次,1次,6.37,17.83,0.16,是,是,0.77,深基坑,10.44,1,0.54,0.78,0.71,2,0.79,低风险
0.45,0.74,否,0.68,0.86,4.1,初级,无,无,12.05,16.03,0.58,是,是,0.17,高支模,11.02,0.43,0.1,0.83,0.85,5,0.67,极高风险
0.55,0.61,否,0.69,0.75,6.07,高级,无,1次,52.17,45.48,0.39,是,是,0.77,车辆,17.8,0.53,0.65,0.8,0.79,3,0.47,极高风险
0.61,0.29,否,0.78,0.91,1.93,初级,无,无,23.44,57.02,0.56,是,是,0.3,塔吊,13.93,0.81,0.21,0.91,0.88,3,0.46,高风险
0.73,0.73,否,0.64,0.81,22.46,高级,无,1次,18.58,58.8,0.38,是,是,0.86,高支模,7.37,0.59,0.01,0.55,0.86,2,0.44,低风险
0.5,0.21,否,0.75,0.64,2.94,中级,无,无,12.44,12.35,0.08,是,是,0.82,塔吊,2.22,1,0.53,0.97,0.72,1,0.72,无风险
0.62,0.26,否,0.74,0.89,20.91,中级,1次,无,17.54,27.88,0.82,是,是,0.82,车辆,2.86,0.68,0.05,0.82,0.78,6,0.39,低风险
0.35,0.13,否,0.68,0.73,4.24,中级,无,无,14.46,10.44,0.26,是,是,0.95,车辆,20.08,0.55,0.49,0.84,0.5,0,0.6,中风险
0.55,0.28,否,0.65,0.79,37.59,中级,无,无,37.09,33.81,0.25,是,是,0.89,车辆,13.5,0.3,0.06,0.63,0.49,1,0.5,无风险
0.85,0.53,否,0.85,0.62,6.77,高级,无,1次,26.44,22.28,0.24,是,是,0.85,配电箱,11.93,0.41,0.09,0.82,0.84,1,0.46,低风险
0.79,0.19,否,0.93,0.69,12.42,中级,无,1次,26.33,19.29,0.25,否,是,0.41,塔吊,42.4,1,0.09,0.91,0.67,0,0.38,高风险
0.5,0.17,是,0.73,0.87,24.24,中级,无,1次,13.04,29.85,0.91,是,是,0.48,深基坑,0.47,0.77,0,0.8,0.78,2,0.51,高风险
0.8,0.44,否,0.61,0.92,5.13,初级,无,无,25.06,46.85,0.51,是,是,0.89,配电箱,0.88,0.79,0.04,0.83,0.41,4,0.48,低风险
0.59,0.53,否,0.56,0.77,2.03,无证,无,无,34.08,112.07,0.22,否,是,0.12,深基坑,18.41,0.67,0,0.71,0.67,2,0.7,极高风险
0.43,0.39,否,0.77,0.83,3.86,中级,≥2次,无,17.7,68.19,0.43,是,是,0.61,配电箱,25.47,0.19,0.21,0.82,0.92,2,0.33,极高风险
0.44,0.44,否,0.78,0.85,15.93,中级,1次,1次,15.38,33.96,0.19,是,是,0.58,塔吊,0.15,0.75,0.15,0.85,0.42,4,0.66,中风险
0.79,0.42,否,0.6,0.78,3.65,初级,1次,无,16.85,51.66,0.01,是,是,0.43,配电箱,48.52,0.47,0.27,0.78,0.91,8,0.46,极高风险
0.76,0.55,否,0.75,0.7,6.88,中级,无,无,31.94,31.07,0.25,是,是,0.84,车辆,14.77,1,0.4,0.94,0.54,1,0.9,低风险
0.77,0.31,否,0.72,0.76,5.87,中级,无,无,32.7,30.67,0.1,是,是,0.64,配电箱,1.45,1,0.14,0.57,0.59,2,0.74,无风险
0.49,0.44,否,0.7,0.74,8.44,中级,无,无,29.16,48.93,0.22,是,是,0.96,车辆,6.44,1,0.37,0.66,0.27,2,0.4,中风险
0.79,0.47,否,0.79,0.88,16.12,中级,1次,无,14.95,64.4,0.03,是,是,0.78,高支模,1.55,0.74,0.36,0.72,0.84,1,0.45,无风险
0.65,0.15,否,0.87,0.71,12.02,中级,1次,无,22.84,29.18,0.28,是,是,0.79,深基坑,2.47,0.74,0.63,0.76,0.52,1,0.38,低风险
0.85,0.24,否,0.57,0.84,1.37,初级,无,无,20.71,59.03,0.21,是,是,0.74,车辆,27.09,0.68,0.03,0.61,0.27,1,0.37,高风险
0.22,0.33,否,0.55,0.74,3.15,中级,无,无,35.53,21.98,0,是,是,0.59,配电箱,38.66,1,0.41,0.84,0.8,2,0.65,低风险
0.18,0.43,否,0.78,0.81,9.97,中级,1次,1次,9.83,24.52,0.01,是,是,0.13,配电箱,23.82,1,0.21,0.85,0.46,8,0.49,极高风险
0.84,0.67,否,0.89,0.65,15.66,高级,无,1次,16.74,17.65,0.12,是,是,0.79,高支模,4.99,0.4,0.8,0.92,0.6,4,0.44,低风险
0.8,0.2,否,0.66,0.87,19.53,中级,无,无,25.49,48.73,0.08,是,是,0.65,车辆,0.89,0.09,0.31,0.83,0.74,1,0.73,无风险
0.44,0.3,否,0.69,0.72,12.62,中级,1次,1次,26.84,54.18,0.4,是,是,0.86,塔吊,6.96,0.8,0.18,0.75,0.46,5,0.93,高风险
0.71,0.38,否,0.69,0.94,0.32,高级,无,无,26.05,21.84,0.44,是,是,0.95,配电箱,26.23,0.54,0,0.82,0.8,2,0.58,无风险
0.83,0.92,否,0.71,0.69,1.67,初级,无,无,50.52,34.02,0.06,是,是,0.09,塔吊,12.52,0.63,0,0.87,0.76,4,0.71,极高风险
0.55,0.31,否,0.72,0.82,1.7,高级,无,无,28.17,67.76,0.46,是,是,0.3,深基坑,7.55,0.84,0.36,0.64,0.93,2,0.42,中风险
0.46,0.33,否,0.51,0.9,10.52,无证,无,无,17.25,70.1,0.18,是,是,0.92,高支模,52.42,1,0,0.95,0.67,1,0.64,高风险
0.52,0.16,否,0.74,0.75,2.02,中级,1次,1次,12.66,35.73,0.46,是,是,0.57,深基坑,4.02,0.93,0,0.76,0.6,1,0.43,中风险
0.73,0.28,否,0.81,0.92,4.83,中级,无,无,23.47,5.55,0.14,是,是,0.76,深基坑,10.48,0.29,0.65,0.82,0.44,0,0.58,低风险
0.68,0.22,否,0.76,0.9,19.79,中级,无,无,16.84,44.6,0.4,是,是,0.58,配电箱,1.02,0.87,0,0.57,0.44,2,0.48,无风险
0.87,0.21,否,0.84,0.74,1.58,无证,1次,无,8.12,26.43,0.01,是,否,0.59,深基坑,38.53,0.51,0.55,0.52,0.51,6,0.38,极高风险
0.27,0.61,否,0.75,0.87,35.68,中级,无,无,23.5,37.66,0.28,否,是,0.82,配电箱,35.69,0.84,0.36,0.65,0.13,1,0.52,极高风险
0.15,0.38,否,0.76,0.87,4.85,中级,无,无,17.11,45.34,0.71,是,是,0.69,塔吊,2.79,0.71,0.05,0.85,0.58,2,0.42,高风险
0.82,0.28,否,0.71,0.94,7.45,中级,1次,无,18.85,6.39,0.38,是,是,0.31,车辆,4.18,0.44,0,0.91,0.58,1,0.65,无风险
0.3,0.38,否,0.68,0.96,30.62,高级,无,无,34.5,20.61,0.1,是,是,0.96,车辆,2.95,1,0,0.94,0.78,4,0.77,无风险
0.09,0.2,否,0.58,0.63,1.67,初级,无,1次,13.2,18.17,0.32,是,否,0.74,高支模,4.4,0.37,0.58,0.69,0.25,2,0.23,极高风险
0.5,0.59,否,0.76,0.88,2.68,初级,无,无,12.52,47.87,0.22,是,是,0.65,车辆,3.25,0.53,0.04,0.95,0.63,1,0.38,中风险
0.93,0.36,否,0.68,0.71,8.78,高级,无,无,12.62,10.86,0.5,是,是,0.8,配电箱,1.07,0.61,0,0.93,0.78,3,0.8,无风险
0.85,0.23,否,0.78,0.78,6.55,初级,1次,无,25.55,49.25,0.38,是,是,0.43,车辆,18.77,0.71,0.29,0.83,0.44,0,0.73,极高风险
0.62,0.39,否,0.67,0.76,1.86,高级,1次,无,22.63,37.31,0.32,是,是,0.22,塔吊,26.77,0.7,0.2,0.88,0.78,2,0.92,中风险
0.78,0.61,否,0.58,0.82,15.78,初级,无,无,5.53,13.22,0.01,是,是,0.72,高支模,6.73,0.47,0.25,0.94,0.59,2,0.7,低风险
0.33,0.28,否,0.7,0.82,10.09,高级,1次,1次,18.82,10.25,0.59,是,是,0.96,塔吊,14.37,0.55,0.33,0.74,0.68,3,0.24,中风险
0.84,0.36,否,0.75,0.95,1.76,初级,1次,无,36.46,26.47,0.01,是,是,0.83,塔吊,2.77,1,0.09,0.7,0.84,2,0.65,无风险
0.36,0.5,否,0.86,0.83,12.96,高级,无,1次,23.87,34.46,0.15,是,是,0.61,塔吊,12.35,0.62,0.27,0.37,0.87,2,0.71,低风险
0.78,0.13,否,0.74,0.7,1.04,高级,无,无,66.25,41.2,0.08,是,是,0.65,高支模,23.59,1,0,0.78,0.83,8,0.64,无风险
0.84,0.69,否,0.59,0.71,15.35,高级,无,无,32.41,9.68,0.26,是,是,0.26,高支模,20.1,0.23,0.33,0.52,0.43,3,0.53,高风险
0.64,0.22,否,0.78,0.49,7.01,中级,无,无,21.29,41.32,0.03,是,是,0.34,深基坑,19.03,0.86,0,0.77,0.9,3,0.61,高风险
0.76,0.23,否,0.62,0.67,5.48,初级,无,无,19.36,69.48,0.32,是,是,0.38,配电箱,0.3,1,0.14,0.86,0.62,1,0.37,低风险
0.78,0.74,否,0.69,0.92,1.18,中级,无,无,14.18,80.82,0.01,是,是,0.47,车辆,8,0.55,0.2,0.99,0.81,7,0.7,中风险
0.27,0.26,否,0.75,0.75,11.76,中级,无,无,19.49,63.86,0.03,是,是,0.88,车辆,16.45,0.63,0.64,0.68,0.55,2,0.86,中风险
0.67,0.15,否,0.57,0.78,10.43,中级,无,1次,15.79,7.71,0.67,是,是,0.22,高支模,1.93,0.49,0.07,0.56,0.69,0,0.83,中风险
0.19,0.11,否,0.78,0.76,18.07,高级,无,无,12.73,31.54,0.38,是,是,0.76,车辆,6.57,1,0,0.86,0.54,2,0.87,高风险
0.75,0.34,否,0.93,0.73,3.94,中级,无,1次,13.35,37.73,0.02,是,是,0.15,深基坑,1.27,0.45,0.3,0.78,0.6,2,0.2,高风险
0.5,0.2,否,0.62,0.98,7.71,初级,无,无,11.22,22.82,0.12,是,是,0.62,车辆,22.42,0.85,0.13,0.77,0.88,3,0.7,低风险
0.13,0.15,否,0.68,0.77,25.78,中级,1次,无,27.48,56.34,0.09,是,是,0.66,高支模,1.95,0.35,0.44,0.83,0.42,0,0.77,高风险
0.41,0.31,否,0.82,0.7,7.17,中级,无,无,18.2,49.47,0.01,是,是,0.74,塔吊,23.94,0.54,0.1,0.84,0.1,6,0.94,中风险
0.45,0.48,否,0.83,0.9,3.61,中级,≥2次,无,16.21,24.81,0.12,是,是,0.79,深基坑,21.38,0.68,0.31,0.91,0.85,0,0.32,中风险
0.48,0.38,否,0.65,0.91,21.11,初级,1次,无,23.13,62.55,0.13,是,是,0.29,配电箱,2.81,0.76,0.51,0.73,0.38,2,0.04,极高风险
0.7,0.71,否,0.72,0.66,5.89,高级,无,无,20.72,25.71,0.47,是,是,0.44,深基坑,17.62,0.44,0.06,0.92,0.87,3,0.48,中风险
0.05,0.19,否,0.78,0.94,7.58,中级,无,1次,50.45,51.83,0.06,是,是,0.38,高支模,80.9,0.61,0.41,0.6,0.45,2,0.54,极高风险
0.71,0.47,否,0.72,0.8,0.02,高级,≥2次,无,24.12,51.19,0.1,是,否,0.58,车辆,0.68,0.78,0.28,0.95,0.05,2,0.59,极高风险
0.84,0.7,否,0.69,0.94,6.03,初级,无,无,12.62,26.55,0.8,是,是,0.04,车辆,68.9,1,0.03,0.82,0.79,5,0.47,极高风险
0.36,0.38,否,0.86,0.75,3.79,中级,1次,无,25.13,34.26,0.13,是,是,0.5,配电箱,11.7,0.84,0.46,0.85,0.88,1,0.73,中风险
0.37,0.27,否,0.54,0.93,3.1,初级,无,无,59.25,105.24,0.31,是,是,0.76,深基坑,26.22,0.73,0.13,0.69,0.77,9,0.86,极高风险
0.38,0.2,否,0.76,0.81,0.15,初级,无,无,18.64,41.3,0.09,是,是,0.56,高支模,0.69,0.41,0.09,0.93,0.55,4,0.48,中风险
0.42,0.28,否,0.63,0.6,4.46,中级,无,无,5.57,38.22,0.19,是,是,0.56,车辆,17.76,1,0.25,0.83,0.22,1,0.8,高风险
0.72,0.25,否,0.61,0.71,0.22,中级,无,无,34.81,59.54,0.09,是,是,0.9,塔吊,22.95,0.79,0,0.88,0.44,8,0.36,高风险
0.71,0.35,否,0.86,0.92,4.98,中级,无,≥2次,16.48,17.06,0.15,是,是,0.33,高支模,5.87,0.49,0.08,0.72,0.67,3,0.74,中风险
0.48,0.5,否,0.65,0.9,4.8,初级,1次,1次,29.2,21.63,0.25,是,是,0.6,配电箱,24.09,0.27,0,0.77,0.78,3,0.68,高风险
0.24,0.14,否,0.57,0.94,3.34,中级,无,1次,23.2,15.36,0.13,是,是,0.84,配电箱,3.65,0.48,0.39,0.5,0.78,1,0.81,低风险
0.4,0.25,否,0.66,0.94,11.94,中级,1次,1次,26.02,105.02,0.35,是,是,0.96,车辆,3.74,0.54,0.04,0.87,0.87,2,0.72,低风险
0.31,0.32,否,0.73,0.78,1.9,初级,无,1次,25.4,27.06,0.1,是,是,0.67,塔吊,43.61,0.76,0.02,0.84,0.31,4,0.79,高风险
0.23,0.16,否,0.83,0.77,4.04,中级,无,无,47.01,24.91,0.74,是,否,0.78,配电箱,13.48,1,0.21,0.82,0.15,4,0.56,极高风险
0.47,0.3,否,0.64,0.7,6.78,无证,无,无,16.83,19.02,0.36,是,是,0.82,车辆,1.41,1,0.07,0.91,0.87,6,0.49,高风险
0.74,0.55,否,0.83,0.93,4.89,高级,无,无,16.84,25.77,0,否,是,0.47,高支模,3.78,0.58,0.3,0.91,0.52,3,0.75,高风险
0.82,0.39,否,0.76,0.89,11.95,中级,无,无,22.43,72.49,0.32,是,是,0.93,配电箱,6.41,0.78,0.1,0.72,0.89,1,0.66,无风险
0.78,0.28,否,0.75,0.87,2.44,初级,1次,≥2次,22.11,16.44,0.38,是,是,0.84,配电箱,14.01,0.59,0.05,0.7,0.68,2,0.97,高风险
0.49,0.06,否,0.72,0.78,10.48,高级,无,1次,18.98,31.68,0.18,是,是,0.61,车辆,14.83,0.69,0.16,0.96,0.52,1,0.29,低风险
0.67,0.74,否,0.81,0.91,10.12,无证,无,1次,42.96,47.79,0.4,是,是,0.86,深基坑,10.67,0.55,0,0.67,0.81,3,0.89,高风险
0.93,0.33,否,0.74,0.66,1.18,中级,1次,无,14.97,21.9,0.14,是,是,0.48,塔吊,4.46,0.73,0,0.81,0.62,3,0.59,无风险
0.7,0.08,否,0.62,0.78,3.2,中级,无,1次,7.41,25.17,0.44,是,是,0.62,深基坑,19.7,0.54,0.04,0.92,0.5,3,0.63,中风险
0.74,0.15,否,0.78,0.72,1.89,初级,无,无,10.21,21.59,0.05,是,否,0.51,塔吊,0.68,0.77,0.33,0.85,0.42,2,0.3,高风险
0.29,0.39,否,0.57,0.74,38.74,初级,无,无,35.9,15.2,0.1,是,是,0.59,塔吊,27.7,0.53,0.14,0.74,0.76,1,0.23,低风险
0.61,0.46,否,0.81,0.84,3.6,中级,无,无,33.47,47.08,0.6,是,是,0.71,高支模,29.35,0.4,0,0.94,0.85,5,0.1,高风险
0.65,0.54,否,0.57,0.63,22.12,中级,无,无,50.89,42.45,0.09,是,是,0.79,深基坑,1.85,0.61,0.14,0.78,0.73,5,0.85,无风险
0.73,0.47,否,0.7,0.81,0.19,中级,无,1次,21.7,26.2,0.44,是,是,0.61,塔吊,1.67,0.36,0.37,0.86,0.8,5,0.45,高风险
0.54,0.25,否,0.52,0.81,14.62,初级,1次,1次,33.34,18.15,0.18,是,是,0.89,深基坑,2.14,0.81,0.02,0.93,0.72,2,0.93,无风险
0.67,0.11,否,0.93,0.82,2.53,中级,无,1次,19.98,13.78,0.2,是,是,0.77,配电箱,15.51,0.4,0,0.81,0.52,2,0.38,低风险
0.69,0.25,否,0.63,0.59,17.84,初级,1次,1次,37.45,17.04,0.07,是,是,0.32,塔吊,4.94,0.51,0.23,0.82,0.62,2,0.65,高风险
0.64,0.45,是,0.69,0.98,4.69,中级,无,无,30.74,19.45,0.93,是,是,0.61,高支模,64.6,1,0.11,0.96,0.76,1,0.62,极高风险
0.62,0.05,否,0.58,0.7,7.7,中级,无,无,8.59,18.11,0.02,是,是,0.6,塔吊,8.25,0.85,0.24,0.85,0.51,3,0.89,无风险
0.55,0.18,否,0.8,0.81,11.73,高级,无,1次,26.85,18.14,0.02,是,是,0.52,配电箱,2.71,0.97,0.1,0.91,0.93,4,0.67,无风险
0.4,0.16,否,0.48,1,11.37,无证,无,无,20.51,13.7,0.66,是,是,0.74,车辆,24.49,0.91,0.36,0.76,0.84,2,0.81,高风险
0.84,0.23,否,0.68,0.77,32.44,高级,无,1次,20.76,34.11,0.16,是,是,0.47,配电箱,11.7,1,0.11,0.85,0.36,2,0.42,无风险
0.92,0.17,否,0.69,0.91,8.02,中级,无,1次,23.63,7.31,0.08,是,是,0.78,车辆,1.53,0.79,0.21,0.95,0.58,1,0.6,无风险
0.6,0.34,否,0.52,0.93,17.77,中级,无,无,14.76,19.43,0.27,是,是,0.52,深基坑,0,0.69,0.06,0.85,0.88,1,0.5,无风险
0.73,0.17,否,0.68,0.89,27.04,初级,无,1次,16.19,26.72,0.27,是,是,0.36,车辆,4.51,0.42,0,0.81,0.94,4,0.1,高风险
0.53,0.22,否,0.65,0.76,4.49,初级,无,无,15.21,31.13,0.04,是,是,0.17,高支模,18.98,0.8,0.44,0.91,0.76,1,0.72,高风险
0.53,0.44,否,0.81,0.86,4.18,初级,无,1次,16.25,43.18,0.05,是,是,0.16,深基坑,36.75,0.61,0.24,0.73,0.52,3,0.55,极高风险
0.36,0.82,否,0.7,0.86,7.32,高级,无,无,12.77,26.87,0.21,是,是,0.4,配电箱,15.78,0.37,0.05,0.98,0.94,2,0.94,高风险
0.87,0.12,否,0.81,0.62,4.69,初级,1次,无,11.61,28.23,0.39,是,是,0.59,深基坑,10.21,0.77,0.4,0.83,0.64,1,0.78,中风险
0.18,0.21,否,0.6,0.67,5.34,高级,无,1次,21.59,31.78,0.31,是,是,0.52,深基坑,17.43,0.66,0.47,0.68,0.63,3,0.41,极高风险
0.73,0.24,否,0.74,0.72,1.48,初级,无,无,4.78,20.25,0.4,是,是,0.66,高支模,3.4,0.12,0,0.88,0.37,4,0.68,中风险
0.76,0.31,否,0.7,0.84,4.96,初级,无,无,21.83,51.23,0.07,是,是,0.49,高支模,3.65,0.67,0,0.5,0.78,3,0.61,低风险
0.49,0.22,否,0.72,0.88,6.64,中级,无,1次,33.74,45.39,0.29,是,是,0.78,配电箱,53.57,1,0.3,0.5,0.14,4,0.69,高风险
0.79,0.19,否,0.74,0.79,0.32,初级,无,无,54.46,22.56,0.4,是,是,0.26,深基坑,15.52,0.39,0.35,0.88,0.46,2,0.47,高风险
0.45,0.82,否,0.73,0.82,14.09,高级,无,≥2次,15.27,22.91,0.15,是,是,0.27,高支模,3.64,1,0.24,0.9,0.83,3,0.42,高风险
0.71,0.18,否,0.63,0.85,5.58,无证,无,无,14.21,52.65,0.13,是,是,0.79,车辆,57.19,1,0.29,0.93,0.87,5,0.29,高风险
0.59,0.15,否,0.69,0.87,19.8,初级,1次,1次,14.1,47.87,0.09,是,是,0.62,车辆,3.51,1,0.23,0.91,0.96,0,0.37,无风险
0.54,0.41,否,0.84,0.81,0.14,高级,无,1次,21.01,17.47,0.12,是,是,0.76,配电箱,1.13,0.59,0,0.84,0.64,3,0.18,无风险
0.29,0.18,否,0.61,0.82,15.09,中级,1次,无,47.66,31.99,0.13,是,是,0.65,配电箱,16.65,1,0,0.81,0.9,1,0.46,无风险
0.34,0.08,否,0.55,0.83,4.93,中级,无,≥2次,22.07,21.51,0.1,是,是,0.63,车辆,6.6,0.29,0.36,0.89,0.25,1,0.71,高风险
0.41,0.4,否,0.75,0.84,6.32,初级,无,≥2次,40.99,111,0.3,是,是,0.73,高支模,1.62,0.42,0.36,0.92,0.93,2,0.62,极高风险
0.2,0.31,否,0.73,0.84,7.45,中级,无,无,23.6,22.34,0.61,是,是,0.78,深基坑,21.15,0.81,0,0.87,0.79,4,0.66,高风险
0.82,0.59,否,0.7,0.88,14.69,中级,无,无,14.67,101.71,0.15,是,是,0.26,塔吊,1.44,0.63,0.41,0.93,0.44,5,0.61,高风险
0.78,0.3,否,0.85,0.59,4.79,中级,无,无,13.78,42.35,0.18,是,是,0.42,高支模,11.58,0.7,0.02,0.74,0.56,2,0.72,高风险
0.78,0.1,否,0.69,0.76,11.07,中级,1次,无,29.6,36.17,0.12,是,是,0.54,塔吊,32.02,0.95,0.55,0.98,0.87,1,0.51,低风险
0.23,0.37,否,0.57,0.79,0.31,初级,无,无,54.43,36.92,0.28,是,是,0.16,深基坑,18.99,0.86,0.14,0.54,0.96,3,0.34,极高风险
0.69,0.13,否,0.71,0.76,6.67,无证,无,无,28.71,45.35,0.19,是,是,0.79,车辆,14.68,0.22,0.51,0.71,0.15,0,0.38,极高风险
0.4,0.34,否,0.64,0.73,10.09,中级,无,无,22.42,19.82,0.66,是,是,0.46,配电箱,32.37,0.49,0.34,0.68,0.91,5,0.84,高风险
0.64,0.17,否,0.68,0.92,2.44,高级,1次,无,24.11,23.17,0.28,是,是,0.23,车辆,23.17,0.49,0.08,0.63,0.34,1,0.61,高风险
0.57,0.18,否,0.72,0.89,26.92,中级,无,无,19.08,20.61,0.37,否,是,0.53,深基坑,18.34,0.42,0.26,0.63,0.37,5,0.58,极高风险
0.84,0.17,否,0.55,0.92,1.52,高级,无,无,9.19,17.6,0.18,是,是,0.78,深基坑,4.82,0.46,0,0.93,0.97,1,0.79,无风险
0.22,0.39,否,0.67,0.89,0.13,初级,1次,1次,15.37,15.58,0.01,是,是,0.82,配电箱,3.21,1,0,0.85,0.15,5,0.66,中风险
0.13,0.17,否,0.64,0.84,22.67,中级,无,无,27.83,91.9,0.06,是,是,0.6,车辆,15.5,1,0.59,0.79,0.68,1,0.36,高风险
0.79,0.18,否,0.66,0.77,5.74,中级,无,无,38.43,75.57,0.16,是,是,0.23,深基坑,10.42,0.65,0.54,0.89,0.42,1,0.64,高风险
0.62,0.25,否,0.77,0.76,2.23,高级,无,无,11.38,85.21,0.41,是,是,0.9,配电箱,3.49,0.46,0.42,0.63,0.31,4,0.58,高风险
0.68,0.14,否,0.72,0.8,17.74,初级,无,无,14.1,10.24,0.48,是,是,0.78,配电箱,16.33,0.54,0,0.94,0.8,1,0.7,无风险
0.21,0.47,否,0.75,0.87,7.58,中级,无,≥2次,9.48,106.16,0.12,是,是,0.74,车辆,1.42,1,0,0.74,0.76,4,0.63,中风险
0.75,0.22,否,0.64,0.66,11.08,高级,1次,无,12.2,43.52,0.16,是,是,0.91,车辆,1.64,1,0.46,0.8,0.31,3,0.58,无风险
0.53,0.2,否,0.73,0.81,5.01,初级,无,≥2次,20.37,6,0.12,是,是,0.62,高支模,31.69,1,0.29,0.8,0.66,4,0.55,极高风险
0.75,0.21,否,0.65,1,18.92,中级,无,无,26.43,17.05,0.05,是,是,0.46,车辆,29.88,1,0.13,0.77,0.55,2,0.67,无风险
0.91,0.26,否,0.74,0.92,13.6,无证,无,无,15.47,19.37,0.08,是,是,0.62,深基坑,19.54,1,0.12,0.79,0.67,3,0.39,高风险
0.43,0.18,否,0.65,0.84,30.89,中级,1次,无,40.41,15.85,0.74,是,是,0.6,车辆,7.19,0.41,0,0.86,0.67,0,0.96,无风险
0.27,0.47,否,0.76,0.72,3.83,高级,无,无,16.88,116.54,0.14,是,是,0.73,高支模,45.26,0.84,0.22,0.81,0.79,1,0.77,中风险
0.66,0.26,否,0.73,0.86,6.13,高级,无,无,16.34,68.33,0.34,是,是,0.83,车辆,27,0.82,0.23,0.91,0.67,1,0.65,低风险
0.75,0.1,否,0.85,0.77,0.88,初级,无,无,35.11,16.67,0.06,否,是,0.4,车辆,6.26,0.63,0.42,0.81,0.67,1,0.51,高风险
0.24,0.1,否,0.74,0.92,5.55,中级,无,无,22.06,44.83,0.61,是,是,0.65,高支模,29.77,0.87,0.2,0.64,0.57,4,0.57,高风险
0.56,0.49,否,0.78,0.76,0.12,中级,无,1次,19.15,21.5,0.01,是,是,0.71,高支模,24.48,1,0.14,0.95,0.08,0,0.6,中风险
0.82,0.34,否,0.95,0.68,10.62,中级,无,无,32.91,32.3,0.28,是,是,0.88,配电箱,23.99,0.42,0.02,0.88,0.44,5,0.6,低风险
0.65,0.47,否,0.69,0.85,2.1,无证,1次,无,57.18,93.5,0.33,是,是,0.85,高支模,44.05,0.31,0.53,0.96,0.46,1,0.75,极高风险
0.37,0.2,否,0.65,0.57,1.69,高级,无,无,16.46,92.54,0.07,否,否,0.79,塔吊,4.63,1,0.27,0.92,0.32,2,0.97,极高风险
0.46,0.57,否,0.62,0.91,0.9,高级,无,无,23.73,25.04,0.55,是,是,0.04,高支模,13.49,0.25,0,0.54,0.27,2,0.95,极高风险
0.69,0.21,是,0.75,0.56,6.02,初级,无,无,33.75,38.5,0.1,是,是,0.82,车辆,19.12,0.53,0,0.83,0.49,5,0.49,极高风险
0.81,0.37,是,0.72,0.81,28.09,中级,无,无,9.87,12.44,0.36,是,是,0.3,高支模,28.29,0.29,0.78,0.93,0.2,1,0.25,极高风险
0.65,0.28,否,0.61,0.75,6.34,初级,无,≥2次,23.18,27.77,0.18,是,是,0.65,高支模,21.09,0.61,0,0.76,0.76,3,0.93,高风险
0.79,0.54,否,0.86,0.81,17,初级,无,≥2次,13.3,32.56,0.2,是,是,0.55,配电箱,0.33,1,0.3,0.82,0.77,5,0.65,中风险
0.56,0.4,否,0.68,0.85,9.79,中级,1次,无,28.83,29.65,0.52,是,是,0.71,车辆,17.28,1,0.34,0.65,0.44,1,0.65,高风险
0.44,0.18,否,0.58,0.85,2.88,中级,1次,≥2次,22.46,6.93,0.09,是,是,0.65,配电箱,15.46,0.35,0,0.76,0.41,2,0.92,高风险
0.69,0.15,否,0.67,0.77,0.24,中级,无,1次,14.7,11.08,0.04,是,是,0.71,配电箱,4.6,0.56,0.26,0.78,0.95,2,0.73,无风险
0.61,0.17,否,0.81,0.97,6.9,初级,无,1次,5.74,70.51,0.05,是,是,0.59,高支模,3.72,1,0,0.51,0.51,5,0.41,中风险
0.34,0.13,否,0.7,0.86,3.11,初级,1次,1次,25.29,10.16,0.16,是,是,0.82,配电箱,35.51,0.87,0.55,0.71,0.76,2,0.43,高风险
0.36,0.37,否,0.73,0.89,0.2,初级,无,≥2次,33.48,25.14,0.05,否,是,0.14,塔吊,3.43,0.48,0,0.58,0.43,4,0.77,极高风险
0.33,0.46,否,0.58,0.73,12.36,初级,无,无,13.98,23.17,0.43,是,是,0.83,配电箱,8.2,0.67,0.32,0.63,0.69,5,0.61,高风险
0.66,0.13,否,0.76,0.89,2.35,中级,无,无,54.9,42.87,0.33,是,是,0.41,配电箱,3.73,0.93,0,0.79,0.49,1,0.7,低风险
0.82,0.35,否,0.61,0.78,13.24,初级,无,1次,34.57,32.66,0.19,是,是,0.62,车辆,0.66,0.33,0.8,0.97,0.56,4,0.78,高风险
0.54,0.52,否,0.75,0.77,2.53,初级,无,无,28.44,16.12,0.23,是,是,0.2,车辆,14.77,0.74,0,0.85,0.83,3,0.48,中风险
0.2,0.37,否,0.69,0.8,8.55,初级,1次,无,15.98,38.05,0.33,是,是,0.73,车辆,30.29,0.71,0.28,0.98,0.89,1,0.68,高风险
0.38,0.26,否,0.59,0.77,7.09,中级,无,1次,29.04,12.28,0.27,是,是,0.25,车辆,26.79,0.54,0.19,0.61,0.9,7,0.65,极高风险
0.84,0.13,否,0.91,0.76,4.14,中级,无,无,29.24,14.89,0.04,是,是,0.86,车辆,21.68,0.69,0.22,0.7,0.89,2,0.68,无风险
0.19,0.19,否,0.68,0.71,1.44,中级,1次,≥2次,21.57,30.88,0.11,是,是,0.55,高支模,15.87,0.68,0.38,0.98,0.41,1,0.72,极高风险
0.85,0.28,否,0.8,0.73,2.59,中级,无,无,14.5,13.53,0.38,是,是,0.77,高支模,4.96,0.9,0.22,0.69,0.87,3,0.44,无风险
0.32,0.45,否,0.84,0.68,1.52,初级,无,无,21.57,41.88,0.15,否,是,0.5,配电箱,2.58,0.68,0.37,0.93,0.45,2,0.22,极高风险
0.96,0.27,否,0.8,0.74,12.45,中级,无,≥2次,35.35,67.86,0.52,是,是,0.57,高支模,13.54,0.57,0.45,0.74,0.61,6,0.75,极高风险
0.88,0.27,否,0.76,0.84,6.62,初级,无,无,9.43,88.62,0.48,是,是,0.95,高支模,7.76,1,0.26,0.89,0.71,4,0.85,低风险
0.6,0.24,否,0.76,0.85,4.28,高级,无,无,17.84,41.85,0.17,是,是,0.14,塔吊,0.3,0.09,0,0.81,0.74,3,0.29,高风险
0.73,0.33,否,0.68,0.83,18.94,初级,≥2次,无,20.15,18.74,0.3,是,是,0.89,塔吊,57.17,1,0.29,0.77,0.95,5,0.64,中风险
0.62,0.32,否,0.6,0.84,18.66,中级,无,无,23.3,11.26,0.25,是,是,0.8,塔吊,19.76,0.81,0,0.83,0.47,1,0.57,无风险
0.56,0.15,否,0.84,0.98,0.14,高级,1次,1次,30.79,46.85,0.1,是,是,0.67,车辆,38.79,0.82,0.6,0.9,0.86,2,0.68,中风险
0.74,0.37,否,0.78,0.69,12.82,初级,无,1次,39.64,42.11,0.81,是,是,0.29,塔吊,19.54,1,0.16,0.86,0.5,3,0.9,高风险
0.67,0.48,否,0.76,0.73,5.25,高级,无,无,11.54,27.49,0.29,是,是,0.79,车辆,4.53,0.31,0,0.71,0.55,5,0.8,无风险
0.46,0.85,否,0.78,0.66,9.25,中级,无,无,30.63,89.17,0.24,是,是,0.84,配电箱,19.62,0.54,0.73,0.69,0.52,3,0.87,极高风险
0.73,0.68,否,0.88,0.73,5.91,高级,无,无,29.05,60.7,0.06,是,是,0.65,高支模,0.41,0.54,0,0.95,0.85,2,0.48,无风险
0.67,0.24,否,0.7,0.87,1.6,中级,无,1次,21.07,27.01,0.68,是,是,0.89,车辆,4.38,0.11,0.13,0.66,0.66,1,0.87,中风险
0.86,0.34,否,0.82,0.68,13.31,初级,无,无,13.87,40.39,0.17,是,是,0.91,配电箱,35.1,1,0.08,0.5,0.63,3,0.8,无风险
0.76,0.17,否,0.72,0.88,4.54,初级,无,无,21.25,27.32,0.09,是,是,0.73,配电箱,9.12,0.39,0.71,0.87,0.3,3,0.5,高风险
0.49,0.44,否,0.54,0.49,1.37,高级,无,无,30.55,42.11,0.23,是,否,0.72,车辆,2.58,0.73,0.42,0.93,0.37,0,0.87,极高风险
0.87,0.37,否,0.58,0.93,23.52,中级,无,无,14.39,8.49,0.44,否,是,0.68,塔吊,24.44,1,0.38,0.94,0.42,0,0.79,高风险
0.67,0.32,否,0.74,0.82,21.39,高级,无,无,12.68,79.1,0.29,是,是,0.44,车辆,18.81,0.75,0,0.85,0.62,1,0.55,低风险
0.82,0.97,否,0.85,0.82,5.89,中级,无,无,35.71,23.59,0.04,是,是,0.96,高支模,3.22,0.66,0.55,0.97,0.4,3,0.48,高风险
0.8,0.38,否,0.71,0.58,0.5,中级,无,≥2次,10.42,72.87,0.37,是,否,0.45,配电箱,19.51,0.86,0.35,0.55,0.74,6,0.64,极高风险
0.62,0.65,否,0.65,0.74,11.9,中级,无,1次,22.07,51.53,0.24,是,是,0.84,配电箱,16.1,1,0.13,0.84,0.41,3,0.23,高风险
0.65,0.58,是,0.68,0.79,30.44,初级,1次,无,11.51,36.29,0.02,是,是,0.8,车辆,15.11,0.6,0.14,0.76,0.88,8,0.67,极高风险
0.63,0.13,否,0.76,0.91,7.34,初级,无,无,16.02,14.92,0.21,是,是,0.58,车辆,9.43,0.88,0.51,0.62,0.18,2,0.37,中风险
0.6,0.21,否,0.56,0.74,8.14,高级,1次,1次,60.69,32.1,0.51,是,是,0.83,车辆,11.09,1,0.17,0.89,0.72,2,0.91,低风险
0.73,0.3,否,0.88,0.7,10.78,中级,1次,无,25,16.91,0.18,是,是,0.6,车辆,6.4,0.79,0.09,0.78,0.43,2,0.61,无风险
0.76,0.23,否,0.77,0.74,9.01,中级,无,无,12.43,19.77,0.06,是,是,0.64,高支模,12.62,1,0.18,0.9,0.54,5,0.23,无风险
0.67,0.27,否,0.75,0.72,19.67,中级,无,无,33.41,73.4,0.14,是,是,0.83,配电箱,84.82,1,0.81,0.96,0.54,2,0.83,低风险
0.84,0.18,否,0.69,0.87,10.02,无证,无,无,14,24.45,0.46,是,是,0.94,塔吊,2.86,0.5,0.09,0.86,0.69,4,0.47,高风险
0.86,0.86,否,0.85,0.83,36.85,中级,无,无,36.14,53.27,0.6,是,是,0.91,配电箱,28.36,1,0.34,0.95,0.55,2,0.31,高风险
0.82,0.48,否,0.75,0.72,2.94,中级,无,无,19.2,23.59,0.16,是,是,0.46,配电箱,2.78,0.75,0.33,0.91,0.78,2,0.64,低风险
0.55,0.23,否,0.75,0.78,4.94,无证,1次,1次,32.61,22.99,0.2,是,是,0.76,高支模,20.24,0.51,0.57,0.92,0.69,3,0.45,极高风险
0.83,0.4,否,0.74,0.66,0.55,中级,无,1次,11.05,47.73,0.7,是,是,0.42,深基坑,2.47,0.88,0.07,0.74,0.1,6,0.55,极高风险
0.37,0.24,否,0.43,0.73,0.86,无证,无,无,10.31,15.64,0.56,是,是,0.6,塔吊,0.61,0.56,0.31,0.91,0.04,2,0.95,极高风险
0.8,0.21,否,0.55,0.75,7.03,高级,无,1次,14.26,29.38,0.05,是,是,0.55,配电箱,1.48,0.59,0.65,0.72,0.77,4,0.78,低风险
0.44,0.47,否,0.72,0.7,4.77,初级,无,无,20.3,32,0.11,是,是,0.54,高支模,3.97,1,0.08,0.81,0.6,3,0.73,低风险
0.9,0.33,是,0.93,0.87,0.22,初级,无,1次,10.95,33.4,0.59,是,是,0.21,塔吊,2.32,0.71,0.66,0.91,0.57,7,0.83,极高风险
0.53,0.34,否,0.66,0.89,1.98,初级,无,1次,31.02,38.46,0,是,是,0.81,高支模,27.01,1,0.76,0.82,0.58,5,0.69,极高风险
0.47,0.11,否,0.36,0.85,0.34,中级,无,无,22.42,44.74,0.11,是,是,0.73,高支模,15.81,0.64,0.11,0.79,0.3,1,0.74,高风险
0.85,0.33,是,0.84,0.62,8.78,高级,无,无,17.71,33.17,0.19,是,是,0.64,深基坑,14.9,0.93,0.51,0.82,0.39,5,0.2,极高风险
0.78,0.79,否,0.62,0.8,12.23,中级,无,无,15.11,40.34,0.48,否,是,0.11,塔吊,43.6,0.13,0,0.82,0.81,3,0.58,极高风险
0.84,0.21,否,0.82,0.76,9.93,高级,无,1次,6.49,45.19,0.02,是,是,0.45,车辆,15.76,0.34,0.45,0.85,0.79,2,0.52,中风险
0.89,0.22,否,0.92,0.87,16.54,中级,无,1次,15.1,57.93,0.48,是,是,0.79,车辆,33.82,0.72,0.07,0.79,0.61,4,0.54,中风险
0.66,0.19,否,0.8,0.97,4.88,高级,1次,无,40.32,61.93,0.14,是,是,0.84,塔吊,32.07,0.38,0.55,0.68,0.53,1,0.76,中风险
0.35,0.14,否,0.81,0.71,20,中级,无,无,29.15,28.15,0.52,是,是,0.48,高支模,3.22,0.65,0.14,0.86,0.72,4,0.62,低风险
0.29,0.15,否,0.83,0.87,2.28,高级,无,无,14.67,23.72,0.07,是,是,0.39,深基坑,57.44,0.78,0.56,0.96,0.63,1,0.56,中风险
0.55,0.31,否,0.69,0.89,4.47,中级,无,无,21.15,17.3,0.13,是,是,0.72,高支模,7.8,0.78,0.37,0.88,0.34,3,0.49,低风险
0.6,0.64,否,0.76,0.85,1.33,初级,无,无,16.92,9.57,0.7,是,是,0.91,深基坑,1.1,1,0.19,0.95,0.84,1,0.65,无风险
0.51,0.68,否,0.7,0.87,16.95,中级,无,1次,15.53,79.94,0.05,是,是,0.36,塔吊,22.92,0.42,0.16,0.91,0.94,1,0.66,中风险
0.75,0.98,否,0.86,0.85,5.8,无证,无,1次,25.12,20.03,0.11,是,是,0.6,高支模,16.77,1,0,0.57,0.56,6,0.43,极高风险
0.68,0.34,否,0.73,0.92,38.8,中级,无,1次,10.67,29.05,0.01,是,是,0.9,配电箱,0.02,0.66,0,0.89,0.53,3,0.64,无风险
0.7,0.17,否,0.69,0.73,1.65,初级,1次,无,30.24,61.17,0.07,是,是,0.28,高支模,24.92,0.21,0,0.69,0.89,2,0.5,高风险
0.84,0.91,否,0.76,0.74,4.11,中级,无,1次,47.82,23.15,0.06,是,是,0.73,高支模,19.95,0.44,0.01,0.9,0.41,3,0.84,高风险
0.74,0.28,否,0.68,0.8,7.71,无证,无,无,13.76,97.33,0.01,是,是,0.33,深基坑,46.57,0.38,0.13,0.89,0.76,6,0.47,极高风险
0.89,0.39,否,0.49,0.81,0.15,初级,无,无,32.64,30.73,0.35,是,是,0.02,配电箱,23.5,0.73,0.02,0.98,0.73,5,0.15,极高风险
0.6,0.25,否,0.7,0.88,20.96,高级,无,无,28.6,53.23,0.07,是,是,0.86,高支模,25.13,0.81,0.64,0.93,0.6,7,0.81,低风险
0.75,0.36,否,0.69,0.67,2.53,中级,无,无,10.63,14.43,0.23,是,是,0.43,配电箱,2.45,1,0.31,0.77,0.74,2,0.44,低风险
0.19,0.1,否,0.48,0.87,9.87,中级,无,无,16.35,7.94,0.09,是,是,0.74,塔吊,37,0.57,0.48,0.93,0.69,2,0.53,高风险
0.97,0.06,否,0.68,0.89,2.05,初级,无,1次,15.97,26.17,0.02,是,是,0.95,配电箱,59.23,0.58,0.24,0.73,0.97,2,0.43,无风险
0.96,0.23,否,0.68,0.8,7.35,中级,无,无,12.16,33.39,0.31,是,是,0.75,配电箱,21.19,0.45,0,0.71,0.41,6,0.93,低风险
0.29,0.4,否,0.78,0.73,1.75,中级,≥2次,无,32.31,33.26,0.15,是,是,0.36,塔吊,25.8,0.41,0.47,0.68,0.25,1,0.85,极高风险
0.34,0.35,否,0.67,0.92,7.45,中级,1次,1次,12.93,29.47,0.16,是,是,0.69,塔吊,14.09,1,0.53,0.89,0.55,3,0.73,高风险
0.74,0.31,否,0.68,0.83,15.99,高级,无,1次,9.57,23.43,0.43,否,是,0.55,配电箱,6.09,0.64,0.11,0.72,0.83,2,0.82,高风险
0.52,0.22,否,0.57,0.73,15.83,高级,无,无,15.56,30.51,0.17,否,是,0.33,车辆,57.95,1,0.76,0.91,0.68,2,0.46,极高风险
0.06,0.36,否,0.79,0.9,24.04,中级,无,无,7.8,55.65,0.21,是,是,0.73,塔吊,2.76,1,0.18,0.91,0.84,5,0.28,高风险
0.77,0.28,否,0.49,0.72,38.05,初级,1次,无,30.97,62.37,0.34,是,是,0.51,深基坑,0.81,0.77,0.08,0.71,0.79,1,0.78,低风险
0.68,0.24,否,0.71,0.86,13.33,初级,1次,无,29.93,22.4,0,是,是,0.88,高支模,0.28,0.6,0.29,0.59,0.67,4,0.89,无风险
0.88,0.35,否,0.49,0.86,16.62,中级,无,1次,14.39,38.67,0.42,是,是,0.78,配电箱,15.94,0.56,0.33,0.83,0.61,5,0.97,中风险
0.7,0.22,否,0.6,0.82,6.59,中级,无,1次,31.61,51.34,0.33,是,是,0.77,车辆,16.44,0.59,0.37,0.65,0.65,2,0.58,高风险
0.13,0.1,否,0.77,0.91,4.99,中级,1次,无,29.44,30.14,0.63,是,是,0.9,塔吊,0.28,0.74,0.29,0.91,0.41,3,0.1,高风险
0.86,0.31,否,0.63,0.63,0.95,初级,无,无,54.05,20.38,0.34,是,是,0.77,高支模,28.28,0.55,0.06,0.67,0.89,2,0.76,低风险
0.58,0.2,否,0.55,0.7,0.77,初级,无,无,34.8,29.67,0.09,是,是,0.54,深基坑,17.05,0.47,0,0.81,0.83,4,0.77,低风险
0.45,0.48,否,0.78,0.79,11.24,高级,无,无,19.47,28.1,0.18,是,是,0.6,塔吊,16.01,0.18,0.02,0.81,0.98,1,0.69,无风险
0.27,0.5,否,0.76,0.76,8.18,初级,无,1次,20.93,48.16,0.48,是,是,0.5,车辆,18.88,0.7,0.6,0.58,0.65,2,0.18,极高风险
0.5,0.35,否,0.63,0.9,10.99,高级,无,无,28.18,51.16,0.22,是,是,0.9,高支模,33.66,0.71,0.39,0.86,0.76,1,0.19,中风险
0.75,0.16,否,0.79,0.68,10.06,高级,无,无,33.58,56.37,0.31,是,是,0.11,塔吊,69.03,0.65,0.36,0.75,0.21,3,0.69,极高风险
0.26,0.24,否,0.52,0.82,33.44,中级,无,无,10,40.98,0.23,是,是,0.81,配电箱,4.15,0.74,0.47,0.76,0.47,4,0.76,低风险
0.61,0.26,否,0.72,0.82,15.9,高级,无,无,27.53,36.93,0.14,是,是,0.37,高支模,25.74,0.4,0.83,0.74,0.58,1,0.33,高风险
0.27,0.2,否,0.83,0.65,8.85,中级,无,无,26.23,16.16,0.45,是,是,0.76,塔吊,22.41,0.66,0.23,0.84,0.62,0,0.76,低风险
0.72,0.16,否,0.69,0.64,8.82,中级,无,无,15.46,21.15,0.59,是,是,0.86,深基坑,52.58,0.36,0.32,0.98,0.91,0,0.69,低风险
0.52,0.47,否,0.69,0.76,4.53,中级,无,无,6.06,35.56,0.42,是,是,0.84,塔吊,25.06,1,0.36,0.67,0.7,4,0.45,中风险
0.56,0.72,是,0.6,0.72,34.66,中级,1次,无,47.04,31.55,0.1,是,否,0.21,配电箱,74.08,0.37,0.27,0.79,0.84,3,0.18,极高风险
0.43,0.07,否,0.53,0.82,13.83,高级,无,无,26.26,9.35,0.09,否,是,0.57,配电箱,0.74,1,0.59,0.87,0.63,1,0.4,高风险
0.68,0.24,否,0.68,0.8,1.73,初级,无,无,33.69,42.45,0.17,是,是,0.76,车辆,1.53,0.55,0.58,0.93,0.87,1,0.93,无风险
0.55,0.26,否,0.63,0.76,31.82,中级,无,1次,14.97,22.69,0.11,是,是,0.35,高支模,8.28,0.25,0.54,0.82,0.83,1,0.37,中风险
0.85,0.18,否,0.62,0.85,11.63,中级,无,无,19.93,25.32,0.17,是,是,0.86,车辆,35.49,1,0,0.78,0.47,3,0.33,无风险
0.43,0.18,否,0.82,0.59,3.21,高级,无,无,48.7,25.58,0.31,是,是,0.74,配电箱,45.82,1,0.58,0.94,0.73,2,0.68,高风险
0.1,0.14,否,0.58,0.81,36.22,中级,无,无,9.32,26.86,0.44,是,是,0.91,深基坑,0.5,0.68,0.07,0.89,0.68,1,0.36,高风险
0.27,0.68,否,0.53,0.75,2.08,中级,无,无,16.11,34.92,0.08,是,是,0.48,高支模,4.22,0.6,0.4,0.92,0.7,5,0.6,高风险
0.64,0.29,否,0.7,0.66,5.16,无证,无,无,26.2,17.33,0.24,是,是,0.78,塔吊,1.88,0.46,0,0.76,0.37,4,0.51,高风险
0.29,0.21,否,0.78,0.82,23.3,中级,无,无,24.12,21.32,0.05,是,否,0.62,配电箱,13.59,0.61,0.12,0.82,0.74,5,0.42,高风险
0.46,0.4,否,0.69,0.56,6.12,中级,1次,1次,18.47,38.13,0.18,是,是,0.82,车辆,3.39,0.42,0.15,0.75,0.45,0,0.14,高风险
0.83,0.7,否,0.85,0.92,13.51,中级,无,无,65.35,42.5,0.49,是,是,0.94,塔吊,2.84,0.69,0.1,0.79,0.31,1,0.76,无风险
0.45,0.16,否,0.67,0.83,1.4,中级,无,无,24.84,45.02,0.01,是,是,0.87,配电箱,1.56,0.88,0,0.9,0.6,7,0.71,无风险
0.57,0.39,否,0.69,0.83,8.3,中级,1次,≥2次,13.12,19.58,0.08,是,是,0.12,高支模,0.82,0.86,0.21,0.84,0.48,7,0.9,极高风险
0.74,0.34,否,0.61,0.93,21.38,中级,无,1次,77.22,89.83,0.22,是,是,0.96,配电箱,35.27,0.76,0.37,0.84,0.74,2,0.9,低风险
0.56,0.74,否,0.77,0.81,15.86,高级,无,无,17.58,76.49,0,是,否,0.61,塔吊,2.52,0.09,0.02,0.93,0.78,1,0.54,高风险
0.5,0.26,否,0.77,0.76,4.51,高级,无,1次,35.09,16.34,0.03,是,是,0.72,配电箱,0.4,0.43,0.21,0.73,0.71,2,0.82,无风险
0.73,0.21,否,0.71,1,24.48,无证,1次,无,13.05,47.73,0.25,是,是,0.76,配电箱,11.51,0.35,0.11,0.94,0.1,6,0.67,高风险
0.59,0.49,否,0.61,0.74,4.76,初级,无,无,27,19.05,0.01,是,是,0.84,车辆,19.03,1,0.05,0.94,0.58,5,0.66,低风险
0.75,0.74,否,0.74,0.85,15.86,无证,无,无,17.77,19.76,0.32,是,是,0.57,塔吊,20.13,0.34,0.4,0.74,0.82,1,0.16,高风险
0.57,0.4,否,0.94,0.96,0.18,中级,无,≥2次,14.52,27.01,0.36,是,是,0.91,配电箱,60.58,0.77,0,0.71,0.79,4,0.2,中风险
0.48,0.29,否,0.64,0.8,4.98,中级,无,无,18.19,21.56,0.09,是,是,0.65,深基坑,0.72,0.72,0.07,0.78,0.7,5,0.6,无风险
0.42,0.16,否,0.63,0.83,21.46,中级,无,无,39.12,22.99,0.29,是,是,0.51,高支模,0.39,1,0.38,0.75,0.78,3,0.72,无风险
0.37,0.3,否,0.8,0.87,8.88,高级,无,1次,21.61,23.08,0.65,是,是,0.6,高支模,10.63,0.46,0.51,0.73,0.56,1,0.74,高风险
0.31,0.29,否,0.82,0.73,0.55,无证,无,无,11.9,26.47,0.13,是,是,0.8,高支模,2.22,0.85,0,0.69,0.87,3,0.29,高风险
0.62,0.21,否,0.51,0.71,15.98,高级,无,1次,7.74,32.85,0.5,是,是,0.38,车辆,17.13,1,0.09,0.91,0.85,6,0.75,中风险
0.38,0.12,否,0.79,0.72,2.26,无证,1次,1次,28.62,79.05,0.22,是,是,0.72,配电箱,10.04,1,0.13,0.82,0.93,3,0.92,高风险
0.85,0.42,否,0.71,0.76,2.65,无证,1次,1次,13.15,62.06,0.36,是,是,0.34,配电箱,18.59,0.86,0.15,0.85,0.45,1,0.56,极高风险
0.82,0.26,否,0.7,0.7,2.54,中级,无,无,12.43,16.25,0.06,是,是,0.7,车辆,35.52,0.67,0.74,0.79,0.63,1,0.47,中风险
0.78,0.62,否,0.83,0.78,1.6,中级,1次,无,10.17,20.73,0.17,是,是,0.64,高支模,3.31,0.26,0.33,0.74,0.72,2,0.58,中风险
0.63,0.56,否,0.91,0.92,6.98,中级,无,无,18.7,16.55,0.21,是,是,0.5,深基坑,2.14,1,0.06,0.73,0.62,2,0.23,无风险
0.52,0.36,否,0.74,0.93,0.33,高级,无,无,11.61,8.63,0.18,是,是,0.76,配电箱,1.87,0.52,0.01,0.87,0.71,1,0.6,无风险
0.56,0.13,否,0.46,0.77,11.67,初级,无,≥2次,21.01,47.76,0.17,是,是,0.61,高支模,17.67,0.74,0.46,0.94,0.86,0,0.74,高风险
0.75,0.22,否,0.9,0.93,1.52,初级,无,无,9.32,31.33,0.67,是,否,0.6,深基坑,3.54,1,0.36,0.92,0.65,3,0.74,高风险
0.9,0.15,否,0.78,0.8,1.88,初级,无,无,16.23,11.92,0.13,是,是,0.8,高支模,0.64,0.13,0.1,0.91,0.91,4,0.86,无风险
0.37,0.67,否,0.6,0.79,21.6,中级,无,1次,16.25,62.59,0.24,是,是,0.93,配电箱,24.35,0.21,0.32,0.84,0.52,1,0.48,极高风险
0.76,0.65,否,0.54,0.75,1.49,初级,无,无,16.55,36.27,0.19,是,是,0.87,车辆,9.98,0.53,0.38,0.91,0.68,2,0.06,高风险
0.72,0.28,否,0.82,0.89,6.39,高级,无,1次,11.65,31.74,0.05,是,是,0.44,配电箱,12.99,1,0.08,0.77,0.88,1,0.65,无风险
0.75,0.16,否,0.96,0.7,26.38,中级,1次,无,20.33,27.09,0.43,是,是,0.85,塔吊,21.95,0.52,0.88,0.67,0.81,5,0.55,低风险
0.53,0.38,否,0.71,0.71,0.67,初级,无,1次,9.11,51.48,0.58,是,是,0.48,深基坑,1.5,0.43,0.22,0.58,0.34,0,0.93,极高风险
0.31,0.41,否,0.7,0.89,19.77,高级,无,1次,49.65,50.66,0.16,是,是,0.67,配电箱,18.76,0.87,0.08,0.83,0.85,2,0.49,低风险
0.67,0.42,否,0.8,0.64,3.85,高级,无,无,18.58,33.31,0.06,是,是,0.75,配电箱,15.4,0.32,0.59,0.83,0.76,4,0.75,中风险
0.66,0.59,否,0.67,0.62,5.48,高级,无,无,16.33,19.61,0.15,是,是,0.01,塔吊,7.07,0.65,0.26,0.27,0.75,4,0.61,高风险
0.74,0.16,否,0.64,0.94,26.88,高级,1次,无,31.38,46.58,0.22,是,是,0.43,配电箱,0.66,0.55,0,0.9,0.23,1,0.5,无风险
0.66,0.27,否,0.77,0.81,6.74,中级,1次,无,15.05,33.67,0.03,是,是,0.44,高支模,12.44,0.31,0,0.67,0.35,3,0.33,中风险
0.92,0.42,否,0.57,0.77,22.62,初级,1次,无,20.9,22.89,0,是,是,0.27,塔吊,1.62,0.49,0.32,0.75,0.44,3,0.38,中风险
0.73,0.49,否,0.92,0.61,32.17,初级,无,1次,15.45,32.22,0.17,是,是,0.85,配电箱,38.72,0.47,0.34,0.79,0.97,1,0.51,低风险
0.78,0.67,否,0.72,0.7,2.46,中级,无,无,15.64,6.32,0.06,是,是,0.98,配电箱,19.56,0.62,0.49,0.4,0.36,7,0.86,高风险
0.07,0.33,否,0.72,0.81,8.45,中级,1次,无,45.09,21.82,0.06,是,是,0.88,高支模,3.62,0.86,0.39,0.66,0.58,2,0.88,高风险
0.47,0.51,否,0.7,0.63,4.22,中级,无,无,22.62,17.17,0.06,是,是,0.8,车辆,5.37,0.47,0.25,0.47,0.52,2,0.55,低风险
0.63,0.22,否,0.74,0.69,3.42,中级,无,无,22.69,28.74,0.37,是,是,0.5,塔吊,59.84,1,0.12,0.7,0.52,2,0.49,中风险
0.75,0.51,否,0.69,0.78,6.8,中级,无,无,18.57,52.42,0.27,是,是,0.73,深基坑,16.07,1,0.73,0.5,0.28,2,0.42,高风险
0.36,0.35,否,0.81,0.72,34.47,高级,无,无,15.65,21.58,0.02,是,是,0.02,深基坑,22.3,0.5,0.67,0.93,0.58,0,0.26,高风险
0.98,0.47,否,0.9,0.86,17.24,中级,无,无,97.08,33.01,0.01,是,是,0.67,车辆,15.83,0.95,0,0.94,0.84,2,0.48,无风险
0.37,0.28,否,0.76,0.75,4.8,中级,无,1次,15.36,28.85,0.66,是,是,0.35,塔吊,18.41,0.9,0.12,0.65,0.2,3,0.67,极高风险
0.44,0.18,否,0.58,0.99,13.82,中级,≥2次,无,21.6,11.97,0.39,是,是,0.86,塔吊,9.39,0.83,0,0.78,0.1,3,0.93,低风险
0.83,0.91,否,0.72,0.82,0.1,高级,无,无,34.85,18.21,0.32,是,否,0.52,配电箱,18.72,0.29,0,0.95,0.43,7,0.52,极高风险
0.87,0.46,否,0.85,0.73,3.08,中级,无,无,27.55,57.78,0.35,是,是,0.91,配电箱,21.48,0.59,0,0.91,0.11,4,0.55,中风险
0.85,0.5,否,0.69,0.57,3.89,初级,无,无,18.86,18.8,0.02,是,是,0.59,塔吊,23.48,1,0.23,0.76,0.82,1,0.55,高风险
0.82,0.19,否,0.72,0.81,0.58,初级,无,无,29.09,40.45,0.41,是,是,0.79,塔吊,37.04,0.74,0.05,0.97,0.77,2,0.17,低风险
0.7,0.21,否,0.73,0.81,3.09,中级,无,无,19.32,41.69,0.17,是,是,0.79,配电箱,2.78,0.38,0.05,0.51,0.76,1,0.39,无风险
0.28,0.33,否,0.61,0.87,4.2,无证,1次,1次,8.87,17.73,0.27,是,是,0.87,塔吊,7.17,0.81,0.26,0.88,0.21,4,0.25,极高风险
0.28,0.23,否,0.61,0.82,3.37,初级,无,无,47.79,21.4,0.19,是,是,0.38,车辆,15.27,0.63,0.12,0.91,0.44,1,0.71,高风险
0.25,0.35,否,0.83,0.69,0.09,高级,无,1次,41.15,24.5,0.41,是,是,0.41,塔吊,19.08,1,0,0.72,0.07,2,0.75,中风险
0.3,0.36,否,0.65,0.71,3.32,初级,≥2次,无,29.61,15.58,0.5,是,是,0.55,深基坑,2.18,1,0.11,0.78,0.49,3,0.71,高风险
0.67,0.25,否,0.76,0.85,10.98,初级,无,1次,48.39,106.33,0.12,是,是,0.77,深基坑,11.1,0.2,0.26,0.81,0.85,4,0.62,中风险
0.4,0.15,否,0.86,0.67,6.6,中级,无,无,19.63,63.95,0.74,否,是,0.67,高支模,32.29,0.3,0.17,0.95,0.47,3,0.36,极高风险
0.86,0.37,否,0.96,0.78,0.06,高级,无,无,15.16,34.53,0.11,是,是,0.9,深基坑,10.05,0.72,0.21,0.81,0.22,3,0.86,无风险
0.58,0.17,是,0.59,0.63,2.44,初级,无,无,5.51,97.02,0.14,是,是,0.93,车辆,19.99,1,0.63,0.94,0.45,2,0.79,极高风险
0.55,0.09,否,0.78,0.95,5.86,中级,无,≥2次,32.57,19.47,0.06,是,是,0.59,高支模,1.11,1,0.07,0.62,0.63,2,0.86,无风险
0.58,0.26,否,0.68,0.87,5.36,中级,无,无,7.26,25.55,0.45,是,是,0.65,深基坑,5.23,0.63,0.38,0.86,0.64,1,0.67,低风险
0.77,0.77,否,0.73,0.8,7.89,初级,1次,无,14.3,18.76,0.1,是,是,0.74,塔吊,16.71,0.3,0,0.79,0.75,2,0.66,低风险
0.83,0.34,否,0.73,0.9,5.7,高级,无,无,43.94,53.33,0.38,是,是,0.78,深基坑,33.88,0.55,0.35,0.53,0.74,1,0.56,中风险
0.68,0.53,否,0.88,0.75,2.43,中级,无,无,22.83,24.98,0.01,是,是,0.89,高支模,23.59,0.71,0,0.85,0.6,5,0.53,无风险
0.45,0.77,否,0.62,0.74,1.16,中级,无,≥2次,27.09,25.07,0.04,是,是,0.3,配电箱,2.51,1,0.09,0.68,0.32,1,0.62,极高风险
0.45,0.43,否,0.75,0.79,17.48,初级,无,无,25.63,18.19,0.19,是,是,0.89,深基坑,35.71,0.77,0.14,0.67,0.26,4,0.73,中风险
0.44,0.22,否,0.77,0.85,12.1,中级,1次,≥2次,20.62,20.69,0.66,是,是,0.35,配电箱,0.75,0.33,0.24,0.89,0.41,3,0.61,极高风险
0.09,0.13,否,0.55,0.72,7.01,初级,无,无,8.38,65.55,0.18,是,是,0.39,车辆,21.18,1,0.56,0.8,0.67,3,0.77,极高风险
0.44,0.13,否,0.73,0.89,10.63,初级,无,1次,27.87,16.01,0.06,是,是,0.5,塔吊,30.75,1,0.15,0.78,0.69,2,0.72,低风险
0.66,0.69,否,0.71,0.73,1.23,高级,无,1次,44.96,31.24,0.11,是,是,0.71,高支模,0.3,0.57,0.09,0.6,0.43,2,0.59,低风险
0.56,0.49,否,0.7,0.78,21.24,初级,无,无,23.14,67.01,0.03,是,是,0.65,高支模,25,0.85,0,0.63,0.17,1,0.61,中风险
0.81,0.7,否,0.54,0.8,0.67,无证,无,无,36.52,76.06,0.1,是,是,0.6,深基坑,24.96,0.62,0.16,0.73,0.84,1,0.39,极高风险
0.56,0.12,否,0.62,0.8,7.4,中级,无,≥2次,38.27,51.73,0.31,是,否,0.7,车辆,9.89,0.76,0.53,0.98,0.72,3,0.67,极高风险
0.73,0.46,否,0.79,0.91,1.69,高级,1次,无,11.88,28.34,0.21,否,是,0.22,高支模,16.49,0.64,0.19,0.93,0.49,2,0.91,极高风险
0.17,0.18,是,0.65,0.68,12.09,中级,≥2次,无,24.21,12.74,0.42,是,是,0.4,塔吊,2.33,0.59,0.33,0.9,0.8,0,0.87,极高风险
0.47,0.43,否,0.85,0.68,9.46,高级,无,无,18.9,51.48,0.31,是,是,0.4,深基坑,2.89,0.69,0,0.74,0.68,4,0.76,无风险
0.87,0.46,否,0.82,0.89,4.37,中级,1次,无,13.34,31.49,0.36,是,是,0.86,深基坑,8.18,0.59,0.21,0.71,0.98,2,0.42,无风险
0.8,0.84,否,0.76,0.73,16.06,初级,1次,无,56.95,57.49,0.12,是,是,0.93,车辆,28.35,0.73,0,0.77,0.68,3,0.7,高风险
0.58,0.13,否,0.74,0.85,32.82,中级,无,1次,32.14,36.72,0.51,是,是,0.93,配电箱,16.55,0.64,0.54,0.86,0.42,1,0.55,低风险
0.59,0.47,否,0.75,0.84,5.9,高级,无,无,20.94,29.87,0,是,是,0.86,高支模,22.73,0.78,0.36,0.94,0.38,3,0.41,低风险
0.24,0.51,是,0.69,0.85,7.13,中级,1次,1次,20.34,59.44,0.13,是,是,0.61,高支模,24.29,0.51,0,0.67,0.19,7,0.82,极高风险
0.74,0.27,否,0.76,0.81,4.45,中级,无,无,25.95,49.47,0.28,是,是,0.83,高支模,15.66,0.74,0.2,0.81,0.8,4,0.65,低风险
0.15,0.12,否,0.45,0.78,34.71,初级,无,≥2次,23.4,23.3,0.05,是,是,0.67,高支模,2.61,0.67,0.13,0.96,0.72,1,0.78,高风险
0.4,0.53,否,0.81,0.59,16.97,初级,无,无,26.48,27.92,0.17,是,是,0.71,车辆,10.3,0.93,0.09,0.7,0.75,3,0.67,高风险
0.13,0.09,否,0.53,0.72,9.89,高级,无,无,11.53,50,0.28,是,是,0.6,深基坑,1.03,0.85,0.62,0.63,0.77,3,0.54,高风险
0.72,0.36,否,0.75,0.67,2.03,中级,无,≥2次,16.15,22.31,0.12,是,是,0.43,配电箱,11.84,0.61,0.24,0.7,0.97,3,0.7,高风险
0.5,0.59,否,0.51,0.92,3.72,中级,无,1次,44.43,19.27,0.33,是,是,0.69,车辆,58.92,0.73,0.64,0.9,0.73,1,0.51,极高风险
0.3,0.18,否,0.57,0.83,12.66,初级,1次,无,19.49,16.2,0.11,是,是,0.9,深基坑,4.77,0.35,0.15,0.65,0.52,2,0.71,低风险
0.89,0.12,否,0.68,0.89,24.2,高级,无,无,27.4,112.27,0.17,是,否,0.28,配电箱,74.9,0.67,0.22,0.95,0.81,1,0.18,高风险
0.86,0.08,否,0.67,0.65,13.55,无证,无,1次,15.07,45.8,0.12,是,是,0.53,深基坑,21.83,0.76,0.12,0.89,0.66,6,0.86,高风险
0.41,0.14,否,0.67,0.7,0.52,中级,无,无,25.64,12.94,0.18,是,是,0.43,深基坑,31.16,0.78,0.12,0.61,0.73,4,0.58,中风险
0.39,0.72,否,0.54,0.77,11.4,中级,无,无,14.01,22.6,0.39,是,是,0.9,深基坑,2.83,0.61,0,0.83,0.57,0,0.88,无风险
0.48,0.38,否,0.66,0.9,0.57,初级,1次,1次,11.18,27.41,0.49,是,是,0.76,车辆,17.53,0.78,0,0.79,0.73,4,0.8,高风险
0.45,0.34,否,0.68,0.95,14.81,初级,无,无,12.03,12.19,0.41,是,是,0.68,深基坑,54.13,0.66,0.66,0.91,0.76,3,0.61,高风险
0.56,0.41,否,0.66,0.85,16.11,初级,1次,无,21.01,26.52,0.22,是,是,0.56,深基坑,5.8,0.54,0.04,0.87,0.3,5,0.27,高风险
0.78,0.22,否,0.59,0.82,7.35,初级,无,无,14.78,27.07,0.35,是,是,0.7,车辆,0.48,0.44,0.23,0.69,0.64,4,0.48,低风险
0.34,0.28,否,0.71,0.65,2.36,中级,无,无,23.1,6.76,0.17,是,是,0.56,车辆,27.23,0.2,0.06,0.9,0.76,6,0.54,高风险
0.68,0.35,否,0.65,0.76,4.26,中级,无,1次,10.69,10.95,0.49,是,是,0.32,高支模,19.14,1,0.59,0.85,0.85,1,0.29,高风险
0.38,0.4,否,0.68,0.69,18.43,初级,无,无,13.43,19.83,0.16,是,是,0.91,塔吊,0.06,0.21,0.46,0.83,0.78,1,0.58,低风险
0.65,0.24,否,0.86,0.73,19.32,中级,1次,无,10.41,16.59,0.27,是,是,0.7,车辆,2.07,1,0,0.74,0.19,2,0.74,无风险
0.59,0.67,否,0.74,0.75,6.36,中级,无,无,26.19,8.57,0.44,是,是,0.87,高支模,9.28,0.76,0.41,0.74,0.28,5,0.58,中风险
0.36,0.42,否,0.69,0.74,16.35,中级,1次,无,27.83,38.21,0.66,是,是,0.94,配电箱,10.1,0.79,0,0.75,0.94,6,0.85,中风险
0.48,0.49,否,0.79,0.97,6.83,中级,无,1次,19.14,44.53,0.03,是,是,0.09,深基坑,3.59,0.31,0.03,0.86,0.88,2,0.67,高风险
0.78,0.56,否,0.78,0.96,18.78,中级,无,无,11.48,59.72,0.27,是,是,0.93,塔吊,10.16,1,0.07,0.9,0.46,3,0.32,无风险
0.92,0.62,否,0.71,0.83,15.24,中级,无,1次,35.51,5.84,0.45,是,是,0.66,车辆,6.32,0.32,0.11,0.83,0.68,2,0.47,低风险
0.59,0.26,否,0.59,0.7,8.72,中级,无,≥2次,11,40.85,0.52,是,是,0.73,深基坑,13.91,1,0.1,0.79,0.78,5,0.21,高风险
0.46,0.25,否,0.59,0.55,12.37,高级,无,无,76.52,21.53,0.56,是,是,0.55,车辆,19.71,0.53,0.07,0.77,0.04,3,0.26,高风险
0.39,0.11,否,0.69,0.72,3.62,初级,无,1次,7.69,46.79,0.31,是,是,0.8,高支模,16.27,0.28,0.46,0.77,0.27,4,0.67,极高风险
0.13,0.39,否,0.62,0.99,13.06,初级,1次,无,14.63,38.26,0.52,是,是,0.91,配电箱,11.9,0.8,0.03,0.6,0.38,1,0.69,高风险
0.83,0.27,否,0.65,0.62,8.15,初级,1次,无,37.8,14.75,0.02,是,是,0.74,塔吊,10.15,0.91,0,0.71,0.72,0,0.24,无风险
0.74,0.22,否,0.83,0.68,38.33,高级,无,1次,32.65,40.57,0.47,是,是,0.73,车辆,29.36,0.66,0.18,0.88,0.63,2,0.83,无风险
0.35,0.59,否,0.65,0.83,5.55,初级,无,无,18.31,37.83,0.26,是,是,0.47,深基坑,10.13,1,0.07,0.87,0.12,3,0.18,极高风险
0.52,0.08,否,0.65,0.83,19.13,中级,无,无,15.47,22.71,0.04,是,是,0.81,配电箱,4.79,1,0.64,0.78,0.87,2,0.46,无风险
0.4,0.52,否,0.81,0.73,10.52,高级,无,1次,18.28,44.93,0.35,是,是,0.8,塔吊,1.52,0.47,0,0.91,0.37,4,0.57,中风险
0.9,0.14,否,0.63,0.81,1.23,中级,无,无,23.09,21.02,0.54,是,是,0.18,塔吊,21.52,0.7,0.58,0.63,0.97,2,0.63,高风险
0.38,0.23,否,0.77,0.8,0.21,中级,无,≥2次,11.54,51.72,0.45,是,是,0.89,配电箱,16.68,0.52,0.61,0.58,0.58,4,0.33,极高风险
0.46,0.35,否,0.66,0.81,9.28,无证,无,无,10.26,28.51,0.32,是,是,0.47,深基坑,0.23,0.77,0.05,0.55,0.39,2,0.82,高风险
0.89,0.36,否,0.84,0.77,14.39,中级,无,1次,20.05,65,0.09,是,是,0.64,配电箱,82.35,0.68,0.3,0.86,0.85,3,0.88,低风险
0.55,0.21,否,0.74,0.75,21.29,高级,无,无,25.6,38.69,0,是,是,0.2,高支模,0.51,1,0,0.9,0.69,5,0.32,高风险
0.56,0.08,否,0.72,0.79,5.38,中级,无,无,34.23,23.01,0.01,是,是,0.41,高支模,53.98,0.76,0.44,0.42,0.46,1,0.81,中风险
0.31,0.28,否,0.55,0.6,12.99,初级,无,1次,12.39,38.06,0.38,是,是,0.46,车辆,3.95,0.57,0.1,0.69,0.48,4,0.89,极高风险
0.9,0.27,是,0.78,0.76,4.16,中级,≥2次,≥2次,12.93,41.69,0.18,是,是,0.77,深基坑,33.05,1,0.2,0.7,0.64,4,0.56,极高风险
0.8,0.16,否,0.84,0.93,3.82,初级,无,1次,46.12,35.19,0.31,是,是,0.42,配电箱,11.97,0.8,0.38,0.89,0.71,1,0.76,中风险
0.89,0.18,否,0.66,0.67,3.62,中级,无,无,52.75,16.2,0.55,是,是,0.7,高支模,9.33,0.22,0,0.69,0.44,1,0.72,低风险
0.5,0.19,否,0.78,0.87,5.83,中级,无,无,27.39,60.28,0.13,是,是,0.88,深基坑,23.53,0.12,0.25,0.94,0.75,3,0.79,中风险
0.8,0.13,否,0.8,0.76,5.04,无证,1次,无,22.28,27.19,0.06,是,是,0.65,车辆,18.83,0.8,0.09,0.81,0.76,3,0.52,高风险
0.29,0.22,否,0.75,0.93,7.89,中级,无,无,31.92,41.48,0.06,是,是,0.48,高支模,24.28,0.62,0.12,0.84,0.62,1,0.37,中风险
0.75,0.27,是,0.79,0.84,2.77,初级,无,无,12.67,11.23,0.09,是,是,0.81,深基坑,3.14,0.7,0.11,0.86,0.3,3,0.77,高风险
0.39,0.2,否,0.77,0.82,10.82,中级,无,无,11.28,14.12,0.42,是,是,0.92,配电箱,16.61,0.84,0.68,0.71,0.4,3,0.59,中风险
0.67,0.48,否,0.48,0.74,6.36,中级,无,无,13.9,24.97,0.6,是,是,0.61,高支模,0.42,1,0.26,0.95,0.58,2,0.43,低风险
0.58,0.3,否,0.66,0.87,12.96,初级,无,无,36.88,4.15,0.35,是,是,0.82,配电箱,1.39,0.58,0.4,0.77,0.47,3,0.82,无风险
0.76,0.65,否,0.64,0.81,5.2,初级,无,1次,27.65,20.42,0.15,是,是,0.87,车辆,30.38,0.33,0,0.96,0.27,2,0.83,高风险
0.82,0.19,否,0.82,0.88,0.2,中级,无,无,10.01,16.39,0.04,是,是,0.59,高支模,0.12,0.65,0.05,0.79,0.49,3,0.68,无风险
0.4,0.32,否,0.74,0.81,3.38,初级,无,无,8.33,21.77,0.72,是,是,0.59,配电箱,15.32,1,0.23,0.89,0.72,0,0.82,高风险
0.89,0.33,否,0.7,0.8,4.36,中级,无,1次,36.94,20.82,0.36,是,是,0.73,车辆,4.41,0.73,0.27,0.63,0.66,1,0.77,低风险
0.63,0.45,否,0.62,0.9,6.54,中级,无,无,13.51,36.47,0.31,是,是,0.52,配电箱,38.14,1,0,0.94,0.86,1,0.52,低风险
0.79,0.55,否,0.94,0.94,6.67,中级,无,1次,17.01,47.82,0.16,是,是,0.84,高支模,0.01,0.46,0,0.91,0.56,3,0.24,无风险
0.48,0.17,否,0.77,0.84,11.45,中级,无,无,44.19,37,0.24,是,是,0.78,配电箱,28.05,1,0.56,0.96,0.18,2,0.67,中风险
0.6,0.27,否,0.61,0.69,2.17,中级,无,无,28.43,20.54,0.02,是,是,0.68,塔吊,20.81,0.84,0,0.82,0.29,4,0.37,无风险
0.58,0.61,否,0.88,0.65,14.41,高级,无,无,17.2,38.18,0.07,是,是,0.46,深基坑,1.24,0.97,0.61,0.91,0.83,1,0.72,无风险
0.83,0.16,否,0.82,0.68,21.36,初级,无,1次,25.61,49.21,0.39,是,是,0.32,深基坑,0.99,0.63,0.53,0.95,0.7,1,0.24,中风险
0.14,0.18,否,0.8,0.78,4.8,高级,无,1次,16.13,20.48,0.45,是,是,0.85,车辆,24.48,0.46,0.17,0.55,0.28,4,0.35,高风险
0.83,0.14,否,0.69,0.85,4.2,中级,1次,无,21.07,24.31,0.28,是,是,0.62,塔吊,19.64,0.13,0.52,0.74,0.41,6,0.51,高风险
0.87,0.08,否,0.67,0.68,3.55,初级,无,无,14.44,34.36,0.24,是,是,0.27,塔吊,3.29,0.7,0.43,0.92,0.97,2,0.43,低风险
0.42,0.36,否,0.67,0.87,32.73,初级,无,1次,17.3,55.48,0.04,是,是,0.55,深基坑,16.27,1,0,0.89,0.94,1,0.4,无风险
0.28,0.18,否,0.71,0.86,2.46,中级,无,≥2次,29.1,20.87,0.45,是,是,0.43,车辆,4.55,0.69,0.42,0.9,0.75,0,0.48,高风险
0.23,0.19,否,0.65,0.84,3.64,中级,1次,1次,14.88,42.11,0.56,是,是,0.64,车辆,10.99,0.35,0.21,0.71,0.23,5,0.29,极高风险
0.2,0.5,否,0.77,0.86,4.38,高级,无,无,19.54,60.21,0.41,是,是,0.73,塔吊,12.02,0.69,0.07,0.97,0.78,2,0.45,高风险
0.29,0.13,否,0.49,0.74,1.86,高级,无,1次,22.9,31.43,0.06,是,是,0.42,高支模,25.28,0.63,0.44,0.92,0.79,5,0.95,高风险
0.52,0.33,否,0.68,0.79,14.97,中级,1次,≥2次,36.19,32.78,0.28,是,是,0.68,车辆,48.93,0.56,0,0.71,0.95,1,0.55,高风险
0.86,0.88,否,0.82,0.72,2.76,中级,无,1次,18.22,64.01,0.09,是,是,0.55,深基坑,0.33,1,0.1,0.84,0.68,3,0.44,高风险
0.51,0.3,否,0.78,0.71,6.91,无证,无,无,17.85,30.5,0.3,是,是,0.42,塔吊,7.04,0.61,0,0.94,0.37,5,0.8,高风险
0.84,0.15,否,0.69,0.79,5.53,中级,无,无,38.05,49.57,0.36,是,是,0.89,深基坑,14.62,0.59,0.66,0.64,0.76,2,0.82,低风险
0.4,0.26,是,0.87,0.67,25.21,中级,无,无,21.24,60.91,0.1,是,是,0.55,车辆,20.3,1,0.17,0.87,0.74,1,0.42,高风险
0.29,0.28,否,0.7,0.91,1.33,高级,1次,1次,53.28,39.22,0.19,是,是,0.64,深基坑,22.45,0.7,0.75,0.84,0.79,5,0.82,极高风险
0.08,0.18,否,0.72,0.98,12.32,初级,无,≥2次,22.58,41.9,0.33,是,是,0.88,配电箱,3.9,0.8,0.07,0.56,0.37,4,0.73,极高风险
0.27,0.08,否,0.55,0.75,0.04,中级,无,1次,21.77,68.95,0.78,否,是,0.62,塔吊,18.79,0.47,0.09,0.94,0.68,2,0.95,极高风险
0.46,0.19,否,0.73,0.82,3.85,高级,无,无,20.64,33.33,0.14,是,是,0.44,高支模,65.5,0.75,0.29,0.59,0.72,1,0.5,中风险
0.78,0.53,否,0.71,0.98,2.1,初级,1次,无,59.23,28.77,0.5,是,是,0.91,车辆,15.32,0.57,0.45,0.69,0.83,3,0.76,高风险
0.47,0.18,否,0.62,0.78,4.53,初级,无,无,24.66,33.75,0.24,是,是,0.67,高支模,22.84,0.67,0.25,0.71,0.61,4,0.78,高风险
0.86,0.3,否,0.67,0.87,0.15,中级,无,无,25.38,9.2,0.08,是,是,0.77,塔吊,18.7,0.64,0.32,0.54,0.7,2,0.7,无风险
0.79,0.72,否,0.72,0.86,16.66,中级,无,1次,25.24,35.45,0.43,是,否,0.81,配电箱,17.14,1,0.05,0.66,0.1,2,0.66,极高风险
0.89,0.3,否,0.66,0.94,11.69,高级,1次,无,32.27,86.77,0.81,是,是,0.76,深基坑,5.34,0.28,0,0.48,0.84,2,0.77,低风险
0.17,0.17,否,0.76,0.72,5.45,高级,无,无,7.77,21.87,0.03,是,是,0.44,深基坑,3.43,0.65,0.31,0.84,0.28,2,0.37,高风险
0.65,0.23,否,0.72,0.84,0.6,高级,1次,无,17.55,45.94,0.04,是,是,0.58,塔吊,2.9,0.51,0.41,0.69,0.73,2,0.14,中风险
0.33,0.46,否,0.73,0.75,3.65,初级,1次,1次,25.31,109.23,0.44,是,是,0.42,配电箱,3.81,0.34,0.33,0.82,0.27,1,0.84,极高风险
0.8,0.27,否,0.74,0.8,21.05,初级,无,无,21.23,22.49,0,是,是,0.79,塔吊,1.84,1,0.12,0.75,0.56,4,0.65,无风险
0.31,0.36,否,0.72,0.81,0.7,初级,无,1次,47.83,43.89,0.02,是,否,0.4,深基坑,15.23,1,0.48,0.76,0.84,8,0.99,极高风险
0.97,0.25,否,0.74,0.72,12.6,中级,无,1次,29.13,93.91,0.19,是,是,0.67,高支模,0.05,0.72,0.01,0.85,0.31,4,0.6,低风险
0.46,0.18,否,0.53,0.98,7.85,中级,无,无,6.98,20.72,0.08,是,是,0.72,塔吊,17.59,0.57,0.39,0.73,0.78,5,0.31,低风险
0.73,0.34,否,0.88,0.7,0.8,中级,无,无,23.27,23.07,0.03,是,是,0.87,车辆,20.27,1,0,0.87,0.26,6,0.5,无风险
0.63,0.77,否,0.7,0.61,1.35,高级,无,无,17.92,48.05,0.17,是,是,0.3,深基坑,0.85,0.44,0.13,0.81,0.71,0,0.46,中风险
0.24,0.31,否,0.74,0.81,6.35,初级,无,≥2次,23.37,10.82,0.09,是,是,0.16,塔吊,14.42,0.35,0.51,0.67,0.76,3,0.6,极高风险
0.56,0.27,否,0.87,0.87,3.76,高级,无,无,40.4,36.63,0.3,是,是,0.89,车辆,3.81,0.35,0.38,0.6,0.4,1,0.75,低风险
0.62,0.25,否,0.72,0.85,4.26,初级,无,1次,12.3,33.71,0.22,是,否,0.86,高支模,4.01,1,0.37,0.72,0.63,3,0.97,高风险
0.61,0.5,否,0.61,0.84,13.22,初级,无,1次,10.17,32.22,0.02,是,是,0.89,配电箱,1.67,0.35,0.55,0.78,0.31,2,0.31,高风险
0.66,0.34,否,0.63,0.88,3.57,中级,无,1次,21.7,30.02,0.08,是,是,0.72,高支模,14.26,0.63,0.63,0.81,0.41,6,0.22,极高风险
0.68,0.54,是,0.9,0.83,2.19,高级,无,无,19.07,15.56,0.12,是,是,0.44,配电箱,0.92,0.56,0.08,0.82,0.68,1,0.74,高风险
0.59,0.24,是,0.76,0.62,1.73,中级,无,无,8.4,32.19,0.05,是,是,0.23,配电箱,13.1,0.8,0,0.92,0.74,1,0.42,高风险
0.77,0.43,否,0.72,0.8,8.75,初级,无,1次,36.63,60.3,0.04,是,是,0.73,车辆,27.65,0.59,0.64,0.92,0.75,5,0.65,极高风险
0.37,0.5,否,0.66,0.74,17.57,中级,无,≥2次,26.2,57.63,0.63,是,是,0.38,高支模,11.93,1,0,0.8,0.37,3,0.86,极高风险
0.63,0.33,否,0.59,0.79,6.55,中级,无,1次,13.77,36.91,0.27,是,是,0.18,配电箱,39.71,0.38,0.08,0.59,0.8,8,0.18,极高风险
0.87,0.42,否,0.59,0.8,0.02,中级,无,无,23.31,23.94,0.09,否,是,0.36,深基坑,14.3,1,0.27,0.78,0.93,6,0.72,高风险
0.57,0.21,否,0.68,0.72,3.64,中级,无,≥2次,12.14,7.79,0.12,是,是,0.7,深基坑,1.21,1,0.09,0.82,0.71,2,0.7,无风险
0.66,0.12,否,0.73,0.66,0.86,中级,无,无,21.45,29.76,0.33,是,是,0.68,高支模,21.01,0.71,0,0.87,0.9,6,0.36,低风险
0.6,0.49,否,0.75,0.97,34.54,中级,无,无,25.28,16.08,0.38,是,是,0.79,车辆,2.57,1,0.59,0.87,0.5,3,0.79,无风险
0.86,0.48,否,0.82,0.66,1.6,中级,无,无,17.2,52.21,0.1,是,是,0.55,配电箱,21.52,1,0,0.66,0.78,7,0.74,低风险
0.82,0.21,否,0.43,0.68,23.67,中级,无,无,29.66,12.23,0.17,是,是,0.24,塔吊,39.02,0.44,0.73,0.41,0.71,2,0.62,中风险
0.84,0.38,否,0.73,0.83,2.15,中级,无,1次,11.46,84.7,0.43,是,是,0.77,配电箱,2.98,0.85,0.28,0.88,0.69,4,0.28,高风险
0.79,0.42,否,0.7,0.97,2.49,中级,1次,≥2次,13.96,48.12,0.14,是,是,0.81,车辆,1.79,0.76,0.19,0.84,0.3,3,0.78,高风险
0.72,0.18,否,0.77,0.77,9.95,中级,无,无,25.14,14.42,0.12,是,是,0.64,塔吊,10.72,0.39,0.09,0.94,0.54,4,0.65,无风险
0.91,0.17,否,0.65,0.83,1.6,初级,1次,1次,12.86,38.72,0.52,是,是,0.59,深基坑,20.68,0.68,0.05,0.79,0.87,4,0.75,高风险
0.64,0.45,否,0.78,0.7,21.38,中级,无,无,25.15,56.99,0.16,是,是,0.65,高支模,13.96,0.86,0.26,0.72,0.66,3,0.74,低风险
0.79,0.31,否,0.8,0.74,15.05,中级,≥2次,无,27.06,19.54,0.08,是,是,0.91,配电箱,17.5,0.94,0.35,0.84,0.79,5,0.4,低风险
0.71,0.78,否,0.7,0.66,1.03,初级,1次,≥2次,30.41,40.88,0.07,否,是,0.47,塔吊,38.41,0.68,0.16,0.97,0.08,1,0.83,极高风险
0.18,0.25,否,0.64,0.7,0.96,高级,无,无,23.71,13.11,0.12,否,是,0.45,深基坑,2.3,0.5,0.11,0.6,0.76,2,0.32,极高风险
0.39,0.15,否,0.7,0.75,7.89,中级,无,无,32.67,43.44,0.18,是,否,0.67,塔吊,0.09,0.31,0.52,0.9,0.73,6,0.64,极高风险
0.62,0.11,否,0.73,0.76,23.78,中级,无,≥2次,12.68,24.32,0.07,是,是,0.9,车辆,18.14,0.86,0,0.93,0.58,6,0.81,无风险
0.44,0.26,否,0.7,0.8,0.32,高级,无,无,11.97,19.99,0.14,否,是,0.57,配电箱,12.47,0.29,0.54,0.9,0.85,6,0.35,极高风险
0.71,0.16,否,0.54,0.77,2.66,中级,无,无,24.38,23.75,0.09,是,是,0.56,塔吊,3.09,1,0,0.93,0.89,3,0.73,无风险
0.39,0.1,否,0.78,0.95,15.95,高级,无,1次,10.15,29.31,0.22,是,是,0.8,高支模,1.61,0.47,0.47,0.69,0.08,2,0.68,低风险
0.49,0.87,否,0.72,0.87,2.19,高级,无,≥2次,35.6,46.8,0.05,是,是,0.9,配电箱,17.45,0.92,0.61,0.88,0.81,3,0.26,极高风险
0.48,0.47,否,0.68,0.92,7.23,高级,无,1次,34.18,71.66,0.14,是,是,0.65,塔吊,5.81,0.62,0,0.81,0.7,1,0.67,低风险
0.95,0.1,否,0.57,0.71,4.64,高级,无,无,14.09,32.19,0.43,是,是,0.42,塔吊,2.78,0.68,0,0.79,0.24,2,0.47,无风险
0.69,0.48,否,0.72,0.93,15.61,中级,无,无,20.8,50.46,0.01,是,是,0.82,配电箱,16.64,0.87,0.05,0.85,0.44,6,0.91,低风险
0.92,0.84,否,0.79,0.81,18.91,高级,无,1次,18.87,63.05,0.47,是,是,0.6,高支模,0.83,0.45,0.27,0.8,0.78,5,0.7,高风险
0.69,0.41,否,0.72,0.64,7.4,初级,无,1次,13.02,27.91,0.36,是,是,0.61,塔吊,2.9,0.65,0.19,0.89,0.53,5,0.99,高风险
0.35,0.06,否,0.74,0.96,26.13,中级,1次,无,14.85,20.24,0.61,是,是,0.92,塔吊,1.73,1,0.11,0.77,0.5,1,0.18,无风险
0.28,0.37,否,0.69,0.81,11.55,中级,1次,1次,18.84,36.15,0.12,否,是,0.75,塔吊,2.4,0.83,0.29,0.74,0.88,2,0.73,高风险
0.77,0.23,否,0.71,0.62,3.08,中级,无,1次,10.98,15.99,0.09,是,是,0.68,车辆,14.62,0.84,0.64,0.88,0.32,4,0.84,高风险
0.88,0.31,否,0.52,0.95,12.33,初级,无,无,26.98,20.58,0.25,是,是,0.92,塔吊,41.52,0.93,0.14,0.97,0.46,4,0.44,无风险
0.39,0.21,否,0.63,0.6,2.88,初级,无,1次,25.69,34.1,0.24,是,是,0.31,深基坑,21.65,0.75,0.02,0.84,0.5,2,0.42,极高风险
0.46,0.19,否,0.77,0.65,10,中级,无,无,11.2,29.04,0.28,是,是,0.31,配电箱,26.6,0.87,0.95,0.92,0.44,2,0.67,高风险
0.89,0.26,否,0.75,0.57,2.82,初级,无,1次,16.41,17.57,0,是,是,0.6,深基坑,26.79,0.29,0.12,0.56,0.41,6,0.84,高风险
0.21,0.18,否,0.67,0.67,0.51,中级,无,无,12.03,20.21,0.02,是,是,0.47,深基坑,1.24,0.21,0.39,0.9,0.59,2,0.55,中风险
0.32,0.14,否,0.78,0.7,20.17,中级,无,无,19.2,97.7,0.36,是,是,0.76,车辆,18.98,0.93,0.05,0.68,0.15,1,0.59,中风险
0.8,0.46,否,0.71,0.86,5.84,中级,无,无,15.05,32.12,0.13,是,是,0.81,车辆,4.88,1,0.29,0.67,0.26,5,0.83,低风险
0.75,0.31,否,0.72,0.94,5.53,中级,无,无,62.81,77.6,0.53,是,是,0.76,配电箱,10.32,0.79,0.15,0.82,0.18,2,0.72,高风险
0.39,0.22,否,0.64,0.81,2.95,初级,无,无,27.28,9.7,0.05,是,是,0.7,塔吊,3.53,0.59,0.33,0.71,0.32,7,0.22,高风险
0.72,0.82,否,0.73,0.82,24.01,中级,无,1次,14.08,43.98,0,是,是,0.17,高支模,10.25,0.63,0,0.48,0.75,3,0.53,极高风险
0.69,0.11,否,0.57,0.78,2.35,中级,无,无,34.76,22.57,0.29,是,否,0.26,高支模,0.87,0.3,0,0.66,0.78,3,0.55,高风险
0.52,0.16,否,0.62,0.81,2.81,中级,1次,无,29.74,79.85,0.43,是,是,0.35,高支模,11.56,0.52,0.41,0.67,0.81,2,0.34,极高风险
0.54,0.22,否,0.65,0.76,1.56,中级,无,无,30.07,39.66,0.42,是,是,0.63,配电箱,27.77,0.4,0.19,0.58,0.72,3,0.35,高风险
0.71,0.58,否,0.83,0.58,7.73,中级,1次,无,13.11,39.68,0.14,否,是,0.83,塔吊,50.71,0.68,0.3,0.8,0.45,3,0.47,极高风险
0.18,0.1,否,0.48,0.85,20.16,高级,无,无,10.38,23.43,0.08,是,是,0.29,深基坑,8.36,0.4,0.04,0.82,0.72,5,0.46,高风险
0.86,0.52,否,0.72,0.95,1.56,中级,1次,≥2次,20.09,23.41,0.09,是,是,0.73,车辆,38.72,0.51,0.29,0.98,0.3,1,0.47,极高风险
0.89,0.3,否,0.72,0.76,37.64,初级,无,≥2次,14.7,52.33,0.2,是,是,0.88,塔吊,2.18,0.32,0.08,0.94,0.85,2,0.74,无风险
0.74,0.94,否,0.76,0.72,17.82,中级,≥2次,无,34.92,87.96,0.09,是,是,0.82,高支模,20.94,0.3,0.35,0.88,0.43,6,0.28,极高风险
0.49,0.12,否,0.7,0.58,1.38,初级,无,无,22,31.13,0.13,是,是,0.63,塔吊,9.03,0.53,0.04,0.48,0.93,2,0.64,高风险
0.49,0.4,否,0.76,0.87,6.73,初级,无,无,27.91,71.88,0.37,是,是,0.58,深基坑,20.11,0.65,0.16,0.75,0.74,5,0.45,极高风险
0.64,0.16,否,0.63,0.86,25.34,中级,1次,无,22.45,9.14,0.31,是,是,0.93,车辆,4.25,0.41,0.11,0.9,0.54,1,0.8,无风险
0.49,0.2,否,0.68,0.97,0.58,初级,无,无,29.16,21.43,0.03,是,是,0.56,配电箱,26.51,0.27,0.47,0.8,0.93,2,0.79,中风险
0.14,0.19,否,0.67,0.71,2.94,无证,无,无,24.85,44.67,0.55,是,是,0.77,塔吊,8.09,1,0,0.5,0.55,1,0.7,极高风险
0.56,0.36,否,0.72,0.83,6.08,中级,1次,无,15.84,72.96,0.82,是,是,0.88,高支模,2.39,1,0.16,0.75,0.68,2,0.42,中风险
0.62,0.38,否,0.49,0.83,9.17,高级,无,无,11.08,18.74,0.21,是,是,0.81,车辆,10.46,0.62,0.66,0.94,0.79,3,0.35,低风险
0.2,0.28,否,0.63,0.82,3.12,无证,无,无,24.44,62.91,0.15,否,是,0.39,车辆,10.44,0.48,0.05,0.85,0.85,8,0.85,极高风险
0.57,0.23,否,0.79,0.63,5.42,高级,无,1次,23.58,54.99,0.07,是,是,0.46,塔吊,2.81,0.56,0.63,0.82,0.72,5,0.49,高风险
0.96,0.19,否,0.7,0.99,1.58,初级,无,无,18.52,69.1,0.39,否,是,0.96,塔吊,14.74,1,0.11,0.5,0.7,1,0.46,高风险
0.59,0.44,否,0.75,0.8,7.92,高级,1次,1次,30.44,8.58,0.01,是,是,0.94,配电箱,58.09,0.88,0,0.82,0.69,3,0.52,无风险
0.8,0.17,否,0.78,0.62,7.49,中级,1次,无,8.74,44.6,0.4,是,否,0.81,深基坑,0.54,0.61,0.22,0.5,0.51,1,0.73,高风险
0.8,0.46,否,0.82,0.76,27.83,中级,无,无,15.9,18.52,0.1,是,是,0.18,深基坑,9.55,0.6,0,0.98,0.87,1,0.6,高风险
0.73,0.86,否,0.83,0.7,16.24,高级,无,1次,26.82,28.63,0.36,是,是,0.76,深基坑,6.25,0.43,0,0.73,0.84,2,0.93,高风险
0.74,0.33,否,0.58,0.82,14.98,中级,无,无,42.56,27.24,0.48,是,是,0.62,深基坑,64.65,0.7,0.66,0.73,0.53,1,0.55,高风险
0.7,0.48,否,0.67,0.84,9.17,初级,无,1次,36.42,30.82,0.3,是,是,0.29,深基坑,14.92,0.82,0.18,0.7,0.71,2,0.82,高风险
0.33,0.24,否,0.76,0.79,20.39,中级,1次,≥2次,14.62,18.71,0.24,是,是,0.9,塔吊,15.26,0.61,0,0.69,0.32,1,0.56,中风险
0.52,0.06,否,0.59,0.78,1.11,无证,无,无,16.93,20,0.06,是,是,0.86,车辆,11.56,0.23,0.17,0.94,0.59,2,0.14,高风险
0.62,0.17,否,0.71,0.75,3,中级,无,无,13.8,59.07,0.14,是,否,0.42,塔吊,14.86,0.27,0.07,0.94,0.75,0,0.65,高风险
0.54,0.45,否,0.85,0.73,23.27,初级,无,无,11.85,23.2,0.11,是,是,0.42,高支模,0.38,1,0,0.66,0.82,3,0.73,无风险
0.61,0.31,否,0.79,0.67,4.9,中级,无,1次,22.17,35.69,0.15,是,是,0.79,深基坑,2.22,1,0.3,0.81,0.86,5,0.44,无风险
0.22,0.21,否,0.77,0.73,3.84,初级,无,无,17.04,14.44,0.44,是,是,0.74,车辆,27.99,0.35,0.68,0.88,0.58,3,0.9,极高风险
0.66,0.34,否,0.83,0.86,0.3,初级,1次,无,16.4,19.09,0.57,是,否,0.73,车辆,26.62,0.5,0,0.61,0.74,3,0.49,极高风险
0.37,0.15,否,0.59,0.83,3.15,初级,无,无,12.59,15.54,0.13,是,是,0.5,高支模,20.29,0.86,0.99,0.49,0.55,3,0.74,高风险
0.62,0.19,否,0.54,0.87,0.34,高级,无,无,8.62,26.01,0.05,是,是,0.9,车辆,14.15,1,0.14,0.94,0.71,2,0.76,无风险
0.84,0.86,否,0.69,0.7,8.29,中级,无,无,18.18,34.31,0.15,是,是,0.66,塔吊,0.36,0.65,0,0.9,0.68,6,0.58,高风险
0.29,0.18,否,0.72,0.76,2.15,中级,无,无,17.21,24.77,0.06,是,是,0.55,高支模,26.31,0.35,0,0.85,0.84,1,0.72,低风险
0.32,0.26,否,0.72,0.96,11,中级,1次,无,27.86,15.3,0.11,是,是,0.83,深基坑,15.46,0.29,0.56,0.7,0.88,1,0.84,低风险
0.42,0.35,否,0.75,0.81,12.33,中级,无,无,24.46,38.64,0.62,是,是,0.6,配电箱,9.93,0.93,0.22,0.65,0.69,3,0.6,高风险
0.53,0.22,否,0.69,0.73,17.2,中级,无,无,12.89,41.54,0.18,是,是,0.17,高支模,2.98,0.46,0.39,0.94,0.54,3,0.47,高风险
0.22,0.41,否,0.68,0.81,0.27,高级,无,1次,8.06,56.36,0.27,是,是,0.87,高支模,19.43,0.53,0.18,0.96,0.81,2,0.55,高风险
0.51,0.1,否,0.65,0.85,0.28,中级,无,1次,37.51,34.79,0.05,是,是,0.49,深基坑,25.63,1,0.41,0.97,0.88,2,0.8,低风险
0.52,0.09,否,0.71,0.86,19.97,高级,≥2次,无,23.54,34.91,0.17,是,是,0.97,车辆,3.08,0.71,0.17,0.86,0.55,1,0.52,无风险
0.7,0.31,否,0.71,0.86,6.23,高级,无,无,7.65,20.57,0.35,是,是,0.96,车辆,30.99,0.36,0.02,0.84,0.5,3,0.48,低风险
0.7,0.3,否,0.61,0.77,5.17,高级,无,无,18.8,50.09,0.5,是,是,0.41,深基坑,2.92,0.82,0.29,0.93,0.52,4,0.64,中风险
0.58,0.41,否,0.69,0.92,2.28,高级,无,无,12.98,19.92,0.27,是,是,0.87,配电箱,24.13,0.75,0.05,0.84,0.51,4,0.57,无风险
0.87,0.63,否,0.65,0.81,28.46,高级,无,无,29.37,12.51,0.72,是,是,0.86,塔吊,17.93,0.29,0.05,0.78,0.4,0,0.74,无风险
0.83,0.41,否,0.83,0.78,39.06,中级,无,无,8.22,57.68,0.03,是,是,0.82,塔吊,2.2,0.66,0.35,0.86,0.56,1,0.74,无风险
0.85,0.56,否,0.68,0.83,19.17,初级,无,1次,19.41,24.23,0.19,是,是,0.63,高支模,10.24,1,0.68,0.93,0.93,1,0.68,低风险
0.82,0.43,否,0.66,0.63,9.5,中级,无,无,16.42,49.45,0.35,是,是,0.75,高支模,16.94,0.25,0.48,0.72,0.51,2,0.62,高风险
0.61,0.13,否,0.57,0.85,12.66,中级,无,无,28.72,16.64,0.73,是,否,0.34,车辆,2.38,0.69,0,0.66,0.52,2,0.27,高风险
0.48,0.5,否,0.46,0.81,6.53,初级,无,无,66.87,42.25,0.61,是,是,0.71,高支模,4.44,1,0.12,0.92,0.86,2,0.25,中风险
0.83,0.35,否,0.65,0.76,12.56,中级,无,无,15.54,33,0.08,是,是,0.66,塔吊,14.1,1,0.11,0.65,0.39,5,0.95,无风险
0.72,0.26,否,0.59,0.92,2.53,高级,1次,1次,9.2,8.51,0.01,是,是,0.19,塔吊,31.6,0.73,0.77,0.47,0.64,2,0.6,高风险
0.78,0.44,否,0.72,0.94,0.76,高级,无,1次,21.37,43.56,0.84,是,是,0.8,车辆,18.75,0.81,0.28,0.84,0.29,2,0.81,高风险
0.62,0.23,否,0.57,0.71,1.08,初级,无,无,19.67,46.7,0.28,是,否,0.48,配电箱,11.38,0.4,0,0.53,0.42,2,0.25,极高风险
0.32,0.43,否,0.84,0.64,1.53,高级,1次,1次,20.62,16.27,0.32,是,是,0.84,配电箱,55.11,1,0.36,0.68,0.64,1,0.74,高风险
0.69,0.26,否,0.67,0.78,15.57,高级,无,1次,21.61,75.07,0.33,是,是,0.54,配电箱,16.48,0.14,0.01,0.5,0.21,1,0.78,高风险
0.53,0.57,否,0.76,0.7,2.39,高级,无,1次,30.76,37.23,0.74,是,是,0.3,高支模,14.79,0.26,0.12,0.86,0.34,4,0.75,极高风险
0.3,0.57,否,0.76,0.98,1.69,中级,1次,无,12.78,65.39,0.68,是,是,0.69,塔吊,20.03,0.78,0.12,0.92,0.8,2,0.36,高风险
0.56,0.2,否,0.58,0.77,3.89,中级,无,无,19.36,19.61,0.13,是,是,0.31,配电箱,17.91,0.36,0.09,0.84,0.64,1,0.42,中风险
0.66,0.62,否,0.62,0.76,8.9,无证,无,无,16.38,53.82,0.49,是,是,0.86,车辆,26.71,0.61,0.18,0.72,0.86,3,0.28,极高风险
0.39,0.07,否,0.66,0.73,7.94,高级,无,无,21.62,21.9,0.13,是,是,0.53,车辆,18.98,0.84,0.54,0.81,0.14,1,0.58,中风险
0.77,0.47,否,0.63,0.89,31.78,高级,无,无,5.26,32.72,0.69,是,是,0.83,深基坑,0.79,1,0.45,0.9,0.88,5,0.79,无风险
0.21,0.36,否,0.61,0.82,15.78,中级,无,≥2次,20.91,31.29,0.13,是,是,0.55,车辆,60.62,0.63,0.26,0.84,0.43,0,0.47,极高风险
0.5,0.06,否,0.59,0.59,1.52,中级,无,无,22.19,30.32,0.08,是,是,0.14,深基坑,36.07,0.6,0.28,0.9,0.47,2,0.59,极高风险
0.33,0.39,否,0.6,0.72,1.12,高级,1次,无,15.78,28.86,0.26,是,是,0.12,塔吊,3.87,0.86,0.23,0.85,0.82,4,0.52,高风险
0.08,0.2,否,0.72,0.79,7.15,初级,无,无,28.21,29.62,0.16,是,是,0.27,车辆,15.05,0.24,0.8,0.76,0.61,1,0.48,极高风险
0.66,0.2,否,0.63,0.64,0.34,初级,无,无,8.38,19.35,0.61,是,是,0.74,车辆,47.82,1,0.4,0.82,0.53,3,0.18,极高风险
0.69,0.15,否,0.65,0.88,4.63,无证,无,1次,20.83,42.2,0.56,是,是,0.67,配电箱,1.59,1,0.49,0.91,0.36,5,0.85,高风险
0.84,0.28,否,0.9,0.83,9.73,高级,1次,≥2次,11.32,36.33,0.3,是,是,0.82,车辆,19.54,0.77,0,0.8,0.62,4,0.89,中风险
0.78,0.37,否,0.61,0.88,0.16,中级,1次,无,16.67,36.65,0.35,是,是,0.9,高支模,12.82,0.33,0.46,0.57,0.47,0,0.39,高风险
0.74,0.16,否,0.79,0.77,12.75,中级,1次,无,26.21,40.02,0.22,是,是,0.49,高支模,0.5,1,0.08,0.88,0.76,2,0.69,无风险
0.49,0.33,否,0.64,0.79,0.4,初级,无,1次,16.17,33.28,0.22,是,是,0.25,深基坑,5.6,0.5,0.36,0.94,0.83,3,0.04,极高风险
0.89,0.72,否,0.72,0.71,3.17,中级,无,≥2次,28.91,17.61,0.24,是,是,0.47,高支模,18.21,1,0.64,0.88,0.88,3,0.96,高风险
0.63,0.14,否,0.76,0.79,5.19,高级,无,无,89.46,37.99,0.2,是,是,0.53,配电箱,21.37,0.34,0.22,0.71,0.87,1,0.7,低风险
0.38,0.17,否,0.75,0.88,22.52,高级,无,无,10.81,17.91,0.04,是,是,0.39,配电箱,34.15,1,0.47,0.55,0.63,1,0.78,无风险
0.64,0.35,否,0.47,0.82,8.67,高级,无,无,58.84,50.48,0.1,是,是,0.21,高支模,5.86,0.66,0.58,0.88,0.88,1,0.11,中风险
0.9,0.32,否,0.66,0.76,13.49,初级,无,无,22.4,21.78,0.57,是,是,0.86,深基坑,2.9,0.26,0,0.88,0.33,3,0.58,无风险
0.85,0.36,否,0.65,0.79,11.29,高级,无,无,18.26,12.16,0.29,是,是,0.39,深基坑,1.27,0.62,0.26,0.62,0.61,4,0.91,无风险
0.42,0.79,否,0.65,0.66,20.55,高级,无,无,9.04,15.61,0.07,是,否,0.62,车辆,24.23,0.51,0.77,0.74,0.36,6,0.63,极高风险
0.49,0.36,否,0.88,1,7.04,高级,无,无,20.5,33.15,0.41,否,是,0.74,塔吊,12.15,0.3,0.24,0.9,0.55,2,0.39,高风险
0.82,0.31,否,0.89,0.74,11.78,中级,无,无,25.16,95.01,0.07,是,是,0.85,车辆,47,0.44,0,0.87,0.41,2,0.42,低风险
0.72,0.17,否,0.74,0.79,8.66,中级,无,无,18.68,14.31,0.18,是,是,0.97,车辆,3.83,1,0.22,0.95,0.46,1,0.49,无风险
0.57,0.79,否,0.8,0.95,9.94,初级,无,≥2次,33.1,22.19,0.5,是,是,0.56,塔吊,2.01,0.51,0.27,0.75,0.41,2,0.57,极高风险
0.59,0.32,否,0.85,0.83,11.82,无证,无,无,13.89,61.57,0.4,是,是,0.25,配电箱,16.97,0.93,0.4,0.8,0.7,1,0.38,极高风险
0.59,0.16,否,0.76,0.83,0.68,中级,无,无,27.04,40.74,0.2,是,是,0.53,高支模,3.24,0.96,0.64,0.87,0.56,3,0.6,低风险
0.38,0.29,否,0.58,0.9,1.06,高级,1次,≥2次,24.93,31.22,0.25,是,是,0.46,车辆,26.62,0.73,0.39,0.62,0.25,3,0.44,极高风险
0.45,0.71,否,0.86,0.82,8.57,初级,无,无,35.1,32.9,0.03,是,是,0.84,车辆,24.28,0.53,0,0.76,0.61,1,0.71,低风险
0.8,0.22,否,0.59,0.86,16.5,初级,≥2次,1次,10.5,48.99,0.36,是,是,0.4,高支模,6.44,1,0.57,0.82,0.62,2,0.92,极高风险
0.84,0.42,否,0.72,0.85,13.95,初级,1次,无,17.51,12.05,0.15,是,是,0.72,深基坑,0.79,0.73,0.36,0.7,0.87,4,0.19,无风险
0.76,0.13,否,0.65,0.78,3.97,中级,无,无,22,42.47,0.47,是,是,0.53,车辆,7.36,0.78,0.76,0.81,0.69,1,0.65,中风险
0.37,0.14,否,0.77,0.84,14.7,高级,无,无,19.15,20.32,0.26,是,是,0.25,配电箱,17.3,0.66,0,0.89,0.77,3,0.74,无风险
0.12,0.13,否,0.62,0.94,10.43,无证,无,无,42.83,31.74,0.16,是,是,0.84,深基坑,13.31,0.69,0,0.64,0.64,4,0.88,极高风险
0.46,0.18,否,0.9,0.74,9.24,初级,无,1次,12.32,40.85,0.21,是,是,0.91,配电箱,3.15,0.82,0.31,0.95,0.21,2,0.53,中风险
0.77,0.34,否,0.64,0.73,1.91,中级,无,无,20.58,37.98,0.36,是,是,0.78,车辆,1.92,0.7,0.18,0.66,0.44,3,0.63,低风险
0.85,0.47,否,0.91,0.67,2.58,初级,1次,无,29.28,57.93,0.28,是,是,0.86,塔吊,20.6,0.77,0.23,0.84,0.55,1,0.97,中风险
0.71,0.32,否,0.64,0.78,8.76,初级,无,无,12.81,13.92,0.09,是,是,0.53,高支模,1.64,0.52,0.09,0.76,0.45,2,0.78,无风险
0.34,0.31,否,0.83,0.87,25.02,中级,无,1次,34.79,77.88,0.46,是,是,0.67,高支模,15.05,0.82,0,0.7,0.73,5,0.5,中风险
0.71,0.36,否,0.6,0.75,2.76,中级,无,无,18.04,21.13,0.51,是,是,0.41,高支模,22.31,0.32,0,0.84,0.51,1,0.59,高风险
0.81,0.25,否,0.59,0.83,0.31,中级,无,无,15.91,34.03,0.72,是,是,0.4,深基坑,21.32,0.63,0.6,0.71,0.85,1,0.7,高风险
0.77,0.55,是,0.74,0.79,23.58,初级,无,1次,18.71,18.73,0.04,是,是,0.79,塔吊,20.77,0.86,0.17,0.76,0.78,2,0.66,高风险
0.68,0.54,否,0.79,0.9,0.85,高级,无,1次,30.98,41.9,0.55,是,是,0.75,塔吊,27.76,0.75,0,0.99,0.87,5,0.75,低风险
0.79,0.25,否,0.65,0.69,2.29,中级,无,1次,21.6,12.84,0.14,是,是,0.82,配电箱,19.15,1,0.2,0.94,0.52,3,0.79,低风险
0.39,0.13,否,0.58,0.95,1.13,高级,无,无,52.15,7.31,0.02,是,是,0.6,配电箱,3.4,1,0,0.78,0.85,1,0.64,无风险
0.9,0.42,否,0.87,0.97,0.65,中级,无,1次,7.84,28.83,0.13,是,是,0.54,高支模,0.51,0.57,0.54,0.68,0.48,4,0.25,高风险
0.77,0.62,否,0.67,0.78,2.93,无证,无,无,17.27,40.24,0.77,是,是,0.86,车辆,8.11,1,0,0.94,0.63,5,0.82,高风险
0.81,0.58,否,0.66,0.68,6.59,中级,无,无,6.84,19.24,0.01,是,是,0.67,配电箱,17.98,1,0.47,0.46,0.24,3,0.54,高风险
0.7,0.56,否,0.68,0.73,4.8,中级,1次,无,10.43,33.18,0.38,是,是,0.5,配电箱,33.8,0.57,0.14,0.81,0.47,1,0.78,极高风险
0.47,0.35,否,0.61,0.8,0.83,高级,1次,无,20.56,42.72,0.02,是,是,0.6,车辆,4.27,0.5,0.44,0.85,0.91,1,0.82,低风险
0.46,0.69,否,0.83,0.84,1.79,中级,无,无,32.62,30.69,0.08,是,是,0.47,车辆,13.74,1,0,0.49,0.86,1,0.68,低风险
0.82,0.49,否,0.8,0.86,3.01,中级,无,≥2次,26.53,45.33,0.09,是,是,0.73,车辆,28.44,0.65,0.22,0.66,0.86,0,0.64,高风险
0.58,0.19,是,0.71,0.93,23.69,初级,无,无,32.82,28.92,0,是,是,0.92,塔吊,3,0.73,0.64,0.94,0.67,3,0.91,高风险
0.86,0.1,否,0.72,0.94,6.79,高级,1次,1次,11.84,49.14,0.03,是,是,0.71,高支模,8.56,1,0.03,0.93,0.75,9,0.37,高风险
0.5,0.65,否,0.63,0.73,13.54,无证,1次,无,14.28,21.8,0.62,是,是,0.75,塔吊,4.79,1,0.23,0.54,0.2,4,0.69,极高风险
0.41,0.22,否,0.7,0.91,0.46,中级,无,1次,11.89,25,0.33,是,是,0.87,塔吊,15.64,0.58,0.24,0.9,0.71,4,0.54,低风险
0.74,0.17,否,0.64,0.83,4.73,初级,无,1次,21.69,25.61,0.45,是,否,0.28,高支模,17.2,0.4,0.34,0.8,0.6,1,0.55,极高风险
0.86,0.36,否,0.77,0.9,4.07,高级,无,1次,27.47,39.46,0.24,是,是,0.77,深基坑,5.29,0.59,0,0.71,0.27,5,0.39,低风险
0.3,0.2,否,0.61,0.75,5.71,初级,无,1次,33.63,18.79,0.25,是,是,0.52,配电箱,10.92,0.47,0.14,0.62,0.91,1,0.58,高风险
0.82,0.45,否,0.88,0.83,6.88,无证,无,无,18.3,86.37,0.02,是,是,0.89,车辆,9.6,0.21,0.26,0.74,0.45,1,0.56,高风险
0.13,0.39,否,0.54,0.72,0.86,中级,无,1次,18.24,80,0.18,是,是,0.88,配电箱,7.42,0.37,0.32,0.6,0.56,2,0.82,极高风险
0.17,0.07,否,0.72,0.97,13.36,中级,≥2次,无,7.8,35.02,0.2,是,是,0.47,塔吊,50.42,0.87,0,0.93,0.26,3,0.44,高风险
0.56,0.43,否,0.64,0.76,0.42,中级,无,无,24.99,59.72,0.28,是,否,0.5,高支模,4.85,0.76,0.3,0.98,0.17,1,0.52,极高风险
0.53,0.12,否,0.58,0.89,16.48,中级,无,1次,19.94,48.19,0.56,是,是,0.73,高支模,21.2,0.43,0,0.85,0.43,4,0.38,高风险
0.91,0.26,否,0.68,0.87,9.75,初级,1次,1次,19.64,23.04,0.23,是,是,0.39,高支模,15.74,0.82,0.19,0.85,0.7,4,0.83,中风险
0.77,0.28,是,0.95,0.8,2.24,中级,1次,1次,25.01,21.62,0.34,是,是,0.83,配电箱,22.95,0.79,0.05,0.68,0.48,2,0.76,极高风险
0.4,0.43,否,0.71,0.79,8.44,中级,无,≥2次,11.68,50.11,0.1,是,是,0.86,车辆,1.84,0.33,0.17,0.89,0.57,0,0.4,高风险
0.41,0.55,否,0.85,0.93,3.53,高级,无,无,36.22,27.11,0.39,是,是,0.59,塔吊,43.61,0.56,0,0.82,0.63,0,0.46,低风险
0.87,0.24,否,0.72,0.72,0.42,中级,无,无,23.6,28.09,0.33,是,是,0.1,高支模,36.57,0.63,0,0.96,0.51,2,0.6,高风险
0.54,0.14,否,0.56,0.77,1.49,中级,无,无,19.74,28.44,0.29,是,是,0.55,车辆,11.36,0.53,0,0.8,0.87,2,0.83,无风险
0.13,0.15,否,0.6,0.79,1.49,中级,无,1次,12.47,43.43,0.18,是,是,0.82,高支模,21.55,0.75,0,0.83,0.85,0,0.71,高风险
0.88,0.17,否,0.9,0.79,7.38,高级,无,无,21.51,52.76,0.06,是,是,0.9,塔吊,21.49,0.86,0.43,0.84,0.6,1,0.75,无风险
0.38,0.43,否,0.65,0.79,9.05,高级,1次,1次,16.9,70.69,0.68,是,是,0.55,车辆,21.97,0.54,0.02,0.77,0.46,5,0.77,极高风险
0.37,0.21,否,0.73,0.8,8.2,无证,无,1次,11.57,59.6,0.01,是,是,0.65,配电箱,0.26,0.92,0.19,0.69,0.38,4,0.63,高风险
0.43,0.57,否,0.71,0.74,0.89,初级,无,无,25.43,26.13,0.19,是,是,0.7,塔吊,29.75,0.59,0.41,0.84,0.83,2,0.41,高风险
0.77,0.33,否,0.82,0.79,0.58,中级,无,无,7.92,14.37,0.3,是,是,0.57,高支模,29.51,0.52,0.43,0.87,0.8,1,0.72,中风险
0.63,0.2,否,0.63,0.9,1.93,无证,无,无,25.58,19.75,0.42,是,是,0.89,车辆,1.17,0.06,0.51,0.72,0.47,6,0.69,高风险
0.54,0.55,否,0.58,0.84,2.43,中级,无,1次,23.33,22.88,0.32,是,是,0.51,塔吊,0.21,0.79,0.72,0.79,0.75,1,0.41,高风险
0.62,0.68,否,0.66,0.74,16.21,中级,无,1次,22.1,41.89,0.15,是,是,0.5,车辆,1.23,1,0.24,0.92,0.33,3,0.35,中风险
0.75,0.28,否,0.72,0.76,10.6,高级,无,1次,28.43,82.96,0.17,是,是,0.54,车辆,23.73,0.37,0.17,0.85,0.9,1,0.86,中风险
0.37,0.25,否,0.74,0.85,25.4,高级,无,无,16.88,107.27,0.2,是,是,0.39,塔吊,19.74,0.73,0.3,0.73,0.61,1,0.79,低风险
0.89,0.22,否,0.63,0.69,1.87,中级,无,无,12.19,43.72,0.01,是,是,0.31,车辆,26.19,0.65,0.18,0.98,0.97,2,0.62,低风险
0.54,0.32,否,0.65,0.62,7.36,高级,无,无,20.53,23.32,0.07,是,是,0.8,深基坑,13.46,0.63,0.18,0.86,0.7,1,0.83,无风险
0.8,0.11,否,0.68,0.75,34.88,高级,1次,无,24.42,49.2,0.15,是,否,0.72,塔吊,1.2,0.67,0.07,0.93,0.86,3,0.4,高风险
0.69,0.2,否,0.77,0.77,9.45,高级,无,≥2次,17.28,19.95,0.15,是,是,0.6,塔吊,20.08,0.55,0.52,0.58,0.45,4,0.85,高风险
0.41,0.22,否,0.87,0.76,5.24,初级,无,1次,36.85,19.11,0.29,是,是,0.89,车辆,0.04,0.71,0.54,0.86,0.8,3,0.67,低风险
0.48,0.18,否,0.66,0.66,3.47,初级,无,1次,49.92,68.1,0.23,是,是,0.88,车辆,5.67,0.62,0.07,0.83,0.64,5,0.64,中风险
0.44,0.26,否,0.69,0.9,11.71,中级,无,1次,24.46,54.73,0.04,是,是,0.84,车辆,16.94,0.57,0.66,0.9,0.53,5,0.81,高风险
0.91,0.28,否,0.65,0.72,5.56,初级,1次,无,27.37,19.85,0.08,是,否,0.82,配电箱,98.95,0.7,0.12,0.92,0.84,1,0.55,高风险
0.78,0.28,否,0.81,0.89,1.99,中级,无,1次,4.46,14.06,0.09,是,是,0.89,深基坑,20.36,0.57,0,0.89,0.86,3,0.66,无风险
0.45,0.16,否,0.65,0.92,10.78,中级,1次,1次,17.75,34.1,0.38,是,是,0.31,高支模,1.16,1,0.42,0.84,0.58,2,0.42,高风险
0.68,0.34,否,0.7,0.83,3.02,中级,无,≥2次,40.22,16.9,0.06,是,是,0.86,塔吊,34.39,0.79,0.33,0.45,0.76,3,0.25,高风险
0.51,0.59,否,0.95,0.86,10.16,中级,无,≥2次,25.83,37.4,0.46,是,是,0.71,高支模,18.81,0.92,0.49,0.89,0.59,0,0.73,极高风险
0.23,0.35,否,0.64,0.85,0.35,中级,无,1次,27.91,26.24,0.35,否,是,0.75,深基坑,6.26,0.41,0.23,0.76,0.6,0,0.72,极高风险
0.74,0.15,否,0.68,0.72,0.14,中级,1次,无,16.61,31.44,0.82,否,是,0.48,配电箱,31.62,0.64,0.37,0.83,0.56,5,0.74,极高风险
0.56,0.46,否,0.68,0.97,0.65,高级,无,1次,23.2,21.95,0.51,是,是,0.49,配电箱,18.36,0.62,0.29,0.64,0.74,0,0.43,高风险
0.8,0.35,否,0.76,0.74,7.35,中级,无,无,25.32,58.17,0.27,是,否,0.3,塔吊,11.82,0.65,0.7,0.87,0.7,7,0.58,极高风险
0.54,0.11,否,0.75,0.67,11.52,中级,无,无,15.97,45.52,0.46,是,是,0.55,配电箱,47.27,0.15,0.44,0.83,0.86,3,0.62,高风险
0.73,0.12,否,0.63,0.69,0.78,中级,无,1次,18.73,34.32,0.17,是,是,0.68,车辆,1.52,0.81,0.47,0.57,0.65,2,0.48,低风险
0.65,0.39,否,0.63,0.88,30.34,高级,无,无,32.53,19.1,0.03,是,是,0.78,塔吊,1.22,1,0.09,0.82,0.49,5,0.4,无风险
0.32,0.11,否,0.65,0.71,33.94,中级,无,无,11.94,29.26,0.11,是,是,0.48,配电箱,12.51,1,0.1,0.85,0.75,3,0.53,无风险
0.85,0.83,否,0.7,0.77,16.85,高级,无,1次,29.37,81.97,0.95,是,是,0.27,深基坑,19.53,0.53,0.15,0.54,0.37,1,0.1,极高风险
0.32,0.14,否,0.71,0.59,18.68,中级,无,无,12.27,36.2,0.61,是,是,0.31,车辆,25.63,1,0,0.77,0.95,2,0.15,高风险
0.47,0.19,是,0.76,0.8,11.15,高级,无,无,22.91,17.72,0.43,是,是,0.65,塔吊,23.75,0.86,0.26,0.99,0.62,1,0.82,高风险
0.86,0.36,否,0.72,0.76,13.55,初级,≥2次,1次,14.45,31.56,0.01,是,是,0.37,塔吊,14.87,1,0.03,0.87,0.21,8,0.96,高风险
0.78,0.12,否,0.6,0.69,0.27,初级,无,无,34.91,19.44,0.13,是,是,0.71,配电箱,8.04,0.55,0,0.8,0.26,5,0.91,低风险
0.54,0.49,否,0.79,0.9,3.53,高级,无,无,56.69,18.74,0.08,是,是,0.58,塔吊,15.55,0.59,0.06,0.82,0.6,2,0.64,无风险
0.46,0.39,否,0.9,0.83,9.2,初级,≥2次,无,23.69,30.88,0.15,是,是,0.51,高支模,11.99,0.51,0.14,0.93,0.77,3,0.22,高风险
0.25,0.28,否,0.71,0.87,4.77,中级,无,1次,17.69,21.48,0.06,是,是,0.79,深基坑,16.32,0.56,0,0.81,0.23,1,0.74,低风险
0.82,0.35,否,0.58,0.99,4.27,高级,1次,无,31.18,49.61,0.45,是,是,0.6,塔吊,20.04,0.57,0.09,0.78,0.65,2,0.41,中风险
0.88,0.29,否,0.76,0.86,5.94,初级,无,≥2次,8.52,44.53,0.04,否,是,0.73,高支模,3.04,0.84,0.27,0.74,0.78,3,0.79,极高风险
0.57,0.96,否,0.71,0.79,5.8,高级,无,1次,19.94,32.49,0.1,是,是,0.79,深基坑,32.48,0.6,0.54,0.91,0.86,1,0.62,高风险
0.08,0.21,否,0.7,0.82,0.22,无证,无,无,19.64,36.62,0.4,是,否,0.66,深基坑,12.16,0.31,0.15,0.63,0.34,3,0.69,极高风险
0.37,0.27,否,0.66,0.76,10.15,中级,无,≥2次,5.85,7.73,0.51,是,是,0.89,深基坑,2.87,0.51,0.11,0.92,0.26,2,0.67,高风险
0.65,0.43,否,0.61,0.8,4.86,初级,无,1次,10.83,23.03,0.11,是,是,0.24,深基坑,32.44,0.43,0.28,0.6,0.34,1,0.43,极高风险
0.38,0.16,否,0.71,0.94,1.49,中级,无,无,16.36,16.99,0.51,是,是,0.3,车辆,7.38,0.68,0,0.86,0.55,1,0.29,低风险
0.14,0.16,否,0.76,0.51,17.29,中级,无,1次,61.39,32.91,0.19,是,是,0.92,深基坑,33.13,0.71,0.51,0.73,0.89,4,0.2,极高风险
0.47,0.18,否,0.8,0.78,1.66,初级,无,无,21.22,24.38,0.1,是,是,0.87,配电箱,2.91,0.42,0.54,0.76,0.5,3,0.19,中风险
0.4,0.18,否,0.76,0.79,20.96,初级,无,无,10.53,48.19,0.77,是,是,0.91,深基坑,2.85,0.92,0,0.86,0.63,1,0.62,无风险
0.59,0.18,否,0.65,0.74,6.1,中级,无,无,11.73,25.05,0.04,否,否,0.76,塔吊,8.67,0.19,0.29,0.94,0.49,3,0.42,极高风险
0.89,0.15,否,0.64,0.57,1,无证,无,无,18.12,21.66,0.37,是,是,0.9,塔吊,19.18,0.32,0,0.84,0.48,3,0.42,极高风险
0.56,0.22,否,0.49,0.84,10.1,中级,无,无,32.98,36.41,0.14,是,是,0.84,塔吊,21.66,1,0.43,0.96,0.52,1,0.36,低风险
0.8,0.2,否,0.72,0.78,2.88,初级,无,无,17.12,24,0.07,是,是,0.77,塔吊,4.89,0.74,0.31,0.91,0.45,2,0.91,无风险
0.81,0.45,否,0.55,0.87,3.22,中级,无,≥2次,28.22,26.53,0.48,是,是,0.68,配电箱,4.52,0.96,0.09,0.35,0.8,5,0.68,极高风险
0.92,0.51,否,0.48,0.68,1.84,中级,无,1次,19.99,29.76,0.44,是,是,0.71,配电箱,67.16,0.67,0,0.94,0.79,6,0.35,高风险
0.45,0.14,否,0.54,0.79,4.37,无证,无,≥2次,7.68,30.01,0.06,否,是,0.9,塔吊,2.26,0.44,0.42,0.71,0.57,7,0.74,极高风险
0.79,0.55,否,0.59,0.84,6.89,初级,1次,1次,10.33,31.15,0.13,是,是,0.94,深基坑,4.69,0.49,0.29,0.7,0.97,4,0.96,低风险
0.64,0.32,否,0.62,0.91,14.4,初级,无,无,15.4,15.56,0.67,是,是,0.62,车辆,20.77,0.91,0,0.9,0.92,3,0.63,低风险
0.75,0.5,否,0.68,0.78,4.65,中级,无,无,22.58,82.6,0.01,是,否,0.81,配电箱,32.84,0.63,0.52,0.83,0.74,3,0.53,极高风险
0.71,0.44,否,0.72,0.94,3.22,高级,无,无,32.99,117.97,0.15,否,是,0.61,深基坑,49.72,0.52,0.17,0.59,0.46,4,0.78,极高风险
0.75,0.41,否,0.77,0.76,4.04,无证,无,无,38.37,17.32,0.11,是,是,0.86,车辆,48.62,1,0.35,0.94,0.78,6,0.51,高风险
0.82,0.15,否,0.83,0.75,7.19,中级,无,无,30.81,13.5,0.48,是,是,0.69,塔吊,16.45,0.27,0.16,0.83,0.94,3,0.6,无风险
0.37,0.26,否,0.73,0.69,5.78,中级,无,无,26.04,17.32,0.36,是,是,0.56,配电箱,28.76,1,0.29,0.73,0.69,2,0.48,中风险
0.92,0.27,否,0.62,0.76,2.77,高级,无,无,22.58,60.54,0.34,是,是,0.39,深基坑,0.34,0.11,0,0.91,0.11,1,0.7,中风险
0.77,0.23,否,0.79,0.76,6.35,中级,无,1次,14.4,13.5,0.55,是,是,0.56,塔吊,4.6,0.71,0.11,0.6,0.58,1,0.49,低风险
0.78,0.78,否,0.69,0.68,2.35,初级,无,无,17.45,7.74,0.01,是,是,0.74,高支模,51.1,1,0,0.67,0.64,2,0.29,低风险
0.71,0.25,否,0.61,0.83,5.17,初级,无,无,9.4,40.84,0.08,是,是,0.89,深基坑,29.54,0.56,0.12,0.71,0.28,0,0.77,中风险
0.88,0.25,否,0.79,0.87,8.43,高级,无,≥2次,23.47,46.1,0.28,是,是,0.53,塔吊,25.18,0.75,0.49,0.82,0.21,4,0.58,高风险
0.56,0.07,否,0.48,0.74,19.29,初级,无,≥2次,15,41.84,0.54,是,是,0.76,塔吊,4.72,0.04,0.01,0.92,0.8,1,0.81,高风险
0.7,0.17,否,0.51,0.7,3.44,高级,1次,≥2次,29.82,28.42,0.13,是,是,0.7,深基坑,18.04,1,0.52,0.86,0.63,2,0.64,高风险
0.53,0.7,是,0.66,0.61,0.08,初级,无,无,29.29,78.84,0.01,是,是,0.73,车辆,4.85,0.91,0.34,0.73,0.19,6,0.65,极高风险
0.73,0.41,否,0.67,0.81,37.78,高级,无,无,14.67,91.01,0.23,是,是,0.74,高支模,12.96,0.81,0,0.72,0.25,3,0.78,无风险
0.58,0.46,否,0.69,0.79,1.75,中级,无,无,24.93,31.73,0.14,是,否,0.24,深基坑,5.47,0.56,0.13,0.88,0.89,1,0.37,高风险
0.82,0.55,否,0.64,0.75,2.68,高级,无,1次,16.75,31.48,0.31,是,是,0.67,塔吊,24.3,0.41,0.8,0.82,0.56,4,0.88,高风险
0.31,0.39,否,0.75,0.81,1.79,中级,无,无,9.4,17.15,0.19,是,是,0.43,高支模,0.83,1,0.38,0.93,0.71,0,0.68,低风险
0.81,0.14,否,0.68,0.66,4.44,初级,无,1次,14.57,19.61,0.28,是,是,0.14,配电箱,0.4,0.41,0.18,0.75,0.38,4,0.71,高风险
0.75,0.14,否,0.59,0.86,12.47,中级,无,无,19.18,40.93,0.71,是,是,0.82,车辆,54.33,0.58,0,0.8,0.17,3,0.54,中风险
0.5,0.19,否,0.68,0.86,12.34,中级,无,1次,27.01,37.76,0.08,是,是,0.48,高支模,2.31,0.83,0.22,0.88,0.5,2,0.82,低风险
0.48,0.4,否,0.51,0.81,5.67,初级,≥2次,1次,30.11,18.62,0.15,是,是,0.89,塔吊,12.31,0.37,0,0.88,0.47,0,0.57,高风险
0.49,0.07,否,0.9,0.67,5.26,初级,无,无,6.62,66.86,0.08,是,是,0.29,高支模,4.86,0.55,0.59,0.66,0.86,1,0.66,高风险
0.69,0.18,否,0.79,0.78,1.84,中级,无,无,24.95,17.86,0.09,是,是,0.8,高支模,0.67,0.87,0.63,0.88,0.62,1,0.6,无风险
0.85,0.36,否,0.78,0.87,4.86,中级,无,1次,24.27,31.07,0.69,是,是,0.41,车辆,9.51,0.44,0.07,0.88,0.8,4,0.45,高风险
0.37,0.31,否,0.62,0.78,20.41,初级,无,≥2次,14.53,35.61,0.01,是,是,0.87,塔吊,38.83,0.66,0.09,0.96,0.85,2,0.7,低风险
0.63,0.32,否,0.83,0.78,8.7,高级,无,无,18.22,33.93,0.33,是,是,0.78,高支模,2.4,0.47,0.72,0.95,0.77,4,0.49,低风险
0.54,0.11,否,0.64,0.69,4.01,中级,无,1次,24.48,41.53,0.56,是,是,0.48,车辆,3.1,0.86,0.03,0.88,0.62,1,0.5,低风险
0.56,0.15,否,0.64,0.74,2.95,初级,无,1次,15.23,38.62,0.3,是,是,0.66,车辆,3.5,0.72,0.14,0.79,0.91,4,0.31,中风险
0.91,0.21,否,0.8,0.76,2.63,初级,无,1次,36.45,40.46,0.16,是,是,0.21,深基坑,26.73,0.48,0.32,0.91,0.78,1,0.35,高风险
0.76,0.75,否,0.8,0.94,13.23,高级,1次,1次,13.16,24.65,0.06,是,是,0.82,塔吊,12.53,0.91,0.6,0.86,0.18,3,0.64,中风险
0.92,0.23,否,0.64,0.83,25.11,中级,无,无,16.94,19.35,0.59,是,是,0.6,配电箱,12.44,0.46,0.04,0.77,0.53,3,0.41,低风险
0.82,0.36,否,0.77,0.99,3.68,高级,无,1次,22.33,43.74,0.53,是,是,0.85,配电箱,43.38,1,0,0.81,0.53,3,0.3,低风险
0.3,0.64,否,0.58,0.93,16.35,中级,1次,无,45.98,29.45,0.1,是,是,0.65,车辆,1.4,0.79,0.38,0.9,0.68,1,0.42,低风险
0.61,0.49,否,0.72,0.85,4.67,中级,≥2次,无,21.01,75.29,0.28,否,是,0.42,高支模,21.62,0.2,0.4,0.67,0.51,2,0.5,极高风险
0.79,0.69,否,0.75,0.97,10.08,中级,1次,无,15.92,22.11,0.11,是,是,0.89,高支模,3.62,0.5,0,0.67,0.51,11,0.67,高风险
0.84,0.56,否,0.88,0.72,1.29,中级,无,1次,16.97,53.55,0.38,是,是,0.05,深基坑,2.22,0.73,0,0.88,0.59,2,0.38,高风险
0.67,0.34,否,0.66,0.71,0.26,高级,无,无,34.27,39.72,0.23,是,是,0.36,配电箱,12.02,0.53,0,0.91,0.4,1,0.7,中风险
0.77,0.26,否,0.83,0.7,13.06,初级,无,1次,23.66,26.31,0.3,是,是,0.33,高支模,7.22,0.46,0,0.93,0.83,7,0.84,低风险
0.57,0.26,否,0.72,0.76,29.66,初级,无,无,21.35,79.38,0.53,是,是,0.44,高支模,26.56,0.71,0.03,0.95,0.81,2,0.5,中风险
0.69,0.12,否,0.6,0.77,4.1,中级,无,无,23.65,52.66,0.14,是,否,0.5,深基坑,10.95,0.5,0.41,0.95,0.78,2,0.54,高风险
0.77,0.16,否,0.51,0.94,7.46,中级,无,无,15.85,23.01,0.9,是,是,0.59,车辆,2.36,1,0.54,0.55,0.4,1,0.88,中风险
0.56,0.34,否,0.7,0.74,4.4,中级,无,1次,23.41,52.94,0.01,是,是,0.9,深基坑,2.72,1,0.08,0.78,0.54,5,0.25,低风险
0.78,0.22,否,0.65,0.66,30.74,初级,1次,1次,26.41,19.18,0.52,是,是,0.3,配电箱,53.67,0.43,0.29,0.53,0.73,1,0.57,极高风险
0.85,0.11,否,0.68,0.91,17.83,中级,无,无,18.83,17.31,0.5,是,是,0.19,高支模,39.94,0.41,0.2,0.83,0.62,1,0.56,高风险
0.35,0.18,否,0.88,0.67,7.19,高级,≥2次,无,16.55,18.92,0.01,是,是,0.64,塔吊,13.42,0.54,0.48,0.71,0.83,5,0.94,低风险
0.73,0.39,否,0.74,0.84,18.54,初级,无,1次,8.23,46.8,0.25,是,是,0.48,塔吊,30.86,0.56,0.24,0.76,0.72,2,0.43,高风险
0.49,0.33,否,0.79,0.63,1.07,高级,无,1次,16.85,76.76,0.06,是,是,0.1,深基坑,1.13,1,0.28,0.9,0.49,2,0.36,高风险
0.39,0.5,否,0.79,0.86,1.38,中级,无,无,24.97,72.43,0.17,是,是,0.71,车辆,16.18,1,0,0.69,0.75,3,0.58,中风险
0.71,0.35,否,0.91,0.76,0.35,初级,无,≥2次,10.59,33.19,0,否,是,0.76,高支模,3.8,0.62,0.16,0.82,0.28,3,0.51,极高风险
0.24,0.31,否,0.68,0.68,12.25,高级,1次,1次,10.52,37.97,0.25,否,是,0.6,塔吊,31.86,1,0.23,0.75,0.87,4,0.59,极高风险
0.54,0.13,否,0.68,0.69,4.72,高级,无,无,62.67,11.1,0.15,是,是,0.58,高支模,38.59,0.52,0.07,0.68,0.84,4,0.94,无风险
0.76,0.81,否,0.54,0.9,2.49,中级,1次,无,14.76,39.94,0.48,是,是,0.72,高支模,25.36,0.67,0.11,0.78,0.33,2,0.33,极高风险
0.77,0.38,否,0.79,0.79,12.44,中级,无,无,27.56,59.11,0.02,是,是,0.25,车辆,7.15,0.96,0.44,0.74,0.71,2,0.34,低风险
0.93,0.32,否,0.57,0.82,10.06,中级,无,无,22.09,55.86,0.01,是,否,0.79,深基坑,4.66,0.59,0.41,0.93,0.37,3,0.68,高风险
0.49,0.34,否,0.79,0.73,13.55,中级,无,1次,38.7,50.71,0.53,是,是,0.53,塔吊,1.93,0.84,0.08,0.82,0.73,6,0.81,中风险
0.69,0.28,否,0.72,0.96,23.57,中级,无,1次,37.26,40.86,0.21,否,是,0.82,高支模,23.06,0.78,0,0.89,0.69,3,0.54,高风险
0.04,0.35,否,0.63,0.88,6.2,初级,无,≥2次,10.98,37.67,0.35,是,是,0.7,配电箱,16.31,1,0.46,0.85,0.21,1,0.39,极高风险
0.55,0.38,否,0.68,0.76,1.88,初级,无,1次,13.86,40.95,0.24,否,是,0.67,高支模,1.98,0.44,0,0.46,0.56,6,0.78,极高风险
0.54,0.09,否,0.7,0.75,31.11,中级,无,无,16.63,44.54,0.68,是,是,0.64,配电箱,22.24,0.51,0.58,0.73,0.77,6,0.73,中风险
0.06,0.3,否,0.8,0.98,2.56,高级,1次,1次,19.17,50.91,0.08,是,是,0.46,高支模,15.4,0.28,0.32,0.96,0.84,0,0.6,高风险
0.7,0.11,否,0.6,0.81,1.63,无证,无,无,7.99,32.81,0.28,是,是,0.78,车辆,27.03,0.36,0.42,0.51,0.8,3,0.45,极高风险
0.71,0.23,否,0.65,0.9,4.02,初级,无,无,53.04,12.58,0.21,是,是,0.79,配电箱,2.27,0.7,0.61,0.95,0.36,6,0.46,中风险
0.95,0.11,否,0.56,0.88,2.58,高级,1次,无,10.56,7.42,0.33,是,是,0.93,深基坑,27.33,0.45,0.48,0.94,0.69,2,0.75,无风险
0.26,0.36,否,0.69,0.7,0.03,中级,无,无,20.17,21.32,0.21,是,是,0.71,配电箱,11.35,0.35,0.29,0.95,0.77,3,0.47,高风险
0.73,0.23,否,0.81,0.87,5.36,中级,无,无,14.86,9.66,0.86,是,是,0.33,配电箱,0.87,0.49,0.87,0.69,0.6,0,0.46,中风险
0.75,0.14,否,0.75,0.89,13.39,初级,1次,无,17.89,5.47,0.47,是,是,0.75,配电箱,4.07,1,0.52,0.82,0.33,6,0.4,中风险
0.71,0.08,否,0.53,0.82,8.87,中级,1次,1次,32.48,36.41,0.32,是,是,0.87,深基坑,16.6,0.32,0.65,0.82,0.69,4,0.42,高风险
0.85,0.49,否,0.71,0.77,0.36,初级,无,1次,11.06,15.66,0.16,是,是,0.25,高支模,14.17,0.79,0.09,0.82,0.86,2,0.49,中风险
0.76,0.35,否,0.8,0.72,9.55,高级,无,≥2次,26.42,29.4,0.2,是,是,0.8,高支模,11.12,0.91,0.36,0.75,0.57,2,0.79,低风险
0.76,0.31,否,0.78,0.77,2.5,高级,无,无,76.54,20.38,0.23,是,是,0.74,深基坑,3.12,1,0.33,0.7,0.05,5,0.76,无风险
0.46,0.23,否,0.84,0.81,10.99,中级,无,1次,11.18,42.62,0.12,是,是,0.67,深基坑,31.76,1,0.55,0.54,0.52,2,0.64,高风险
0.42,0.31,否,0.62,0.98,19.68,中级,无,无,12.51,29.25,0.4,是,是,0.37,配电箱,14.89,1,0.43,0.6,0.3,6,0.18,极高风险
0.65,0.15,否,0.68,0.73,9.24,初级,无,无,16.53,47.33,0.02,是,是,0.72,高支模,0.05,0.49,0.31,0.81,0.35,2,0.28,低风险
0.79,0.84,否,0.68,0.77,10.68,中级,无,无,17.04,28.79,0.65,是,是,0.59,深基坑,17.65,0.62,0.07,0.8,0.76,2,0.82,高风险
0.43,0.7,否,0.77,0.92,6.82,高级,无,无,10.49,11.45,0.36,是,是,0.59,高支模,0.1,0.53,0.74,0.69,0.79,5,0.29,中风险
0.11,0.32,否,0.79,0.78,8.39,中级,无,≥2次,18.05,73.66,0.35,是,是,0.83,深基坑,3.79,0.44,0.17,0.9,0.97,5,0.72,高风险
0.66,0.52,否,0.72,0.69,0.65,初级,无,无,27.64,19.12,0.09,是,是,0.65,配电箱,0.42,0.89,0,0.66,0.87,2,0.77,无风险
0.82,0.21,否,0.71,0.8,22.38,高级,无,1次,16.39,19.55,0.56,是,是,0.15,高支模,13.93,1,0.18,0.73,0.43,0,0.7,高风险
0.25,0.18,否,0.56,0.86,2.15,中级,无,无,31.81,18.83,0.09,是,是,0.26,高支模,4.31,0.75,0,0.45,0.6,1,0.79,低风险
0.5,0.54,否,0.77,0.65,10.66,初级,1次,无,20.18,31.31,0.29,是,是,0.64,配电箱,15.21,0.25,0.35,0.56,0.14,3,0.57,极高风险
0.82,0.26,否,0.66,0.85,15.27,中级,无,1次,9.35,13.55,0.09,是,是,0.35,配电箱,1.45,0.48,0.18,0.72,0.82,1,0.81,无风险
0.42,0.56,否,0.59,0.86,5.25,中级,1次,≥2次,11.81,23.93,0.3,是,是,0.84,塔吊,1.36,0.61,0.52,0.74,0.9,0,0.09,极高风险
0.67,0.55,否,0.7,0.78,2.46,高级,无,无,23.91,16.43,0.09,否,是,0.81,车辆,11.11,0.66,0.23,0.95,0.65,4,0.23,高风险
0.7,0.36,否,0.74,0.7,2.95,初级,无,无,21.54,110.16,0.33,否,是,0.63,塔吊,18.62,0.71,0.04,0.89,0.72,1,0.56,极高风险
0.32,0.2,否,0.63,0.92,11.86,初级,无,1次,8.67,39.56,0.36,是,是,0.41,塔吊,16.49,0.32,0.07,0.7,0.69,2,0.68,高风险
0.79,0.32,否,0.75,0.85,13.69,中级,无,无,58.18,51.42,0.14,是,是,0.78,高支模,13.96,0.4,0.55,0.71,0.71,6,0.27,中风险
0.36,0.13,否,0.53,0.82,12.71,中级,无,1次,21.58,24.52,0.48,是,是,0.74,配电箱,16.58,0.88,0.51,0.91,0.62,2,0.82,中风险
0.84,0.49,否,0.62,0.82,0.4,高级,无,无,11.54,28.23,0.53,是,是,0.87,配电箱,59.86,1,0,0.85,0.94,1,0.93,无风险
0.88,0.16,否,0.56,0.9,21.37,中级,无,无,23.04,41.38,0.19,是,是,0.48,配电箱,0.41,1,0.22,0.82,0.35,1,0.9,无风险
0.36,0.2,否,0.57,0.86,2.86,高级,无,无,24.26,23.12,0.09,是,是,0.74,高支模,2.35,0.56,0.37,0.62,0.88,3,0.74,无风险
0.75,0.62,否,0.66,0.93,5.05,中级,无,1次,14.6,37.07,0.13,是,是,0.36,高支模,41.16,0.44,0.11,0.7,0.74,2,0.05,极高风险
0.43,0.78,否,0.79,0.95,16.34,初级,无,无,23.37,100.76,0.22,是,是,0.87,车辆,1.37,1,0.23,0.65,0.46,3,0.26,中风险
0.93,0.49,否,0.75,0.93,11.53,中级,无,无,32.46,65.43,0.16,否,是,0.92,塔吊,46.54,0.9,0.75,0.94,0.79,2,0.73,高风险
0.45,0.68,否,0.69,0.75,1.82,中级,无,无,19.34,26.17,0.36,是,是,0.72,高支模,22.08,1,0.16,0.81,0.46,4,0.39,高风险
0.82,0.72,否,0.59,0.66,3.18,中级,无,无,29.69,116.83,0.63,是,是,0.85,塔吊,20.26,0.44,0.9,0.74,0.21,1,0.37,极高风险
0.54,0.99,否,0.83,0.7,12.64,中级,无,≥2次,17.34,38.83,0.62,是,是,0.86,配电箱,50.02,0.71,0,0.84,0.27,2,0.93,极高风险
0.77,0.31,否,0.62,0.68,1.84,中级,无,无,34.97,23.5,0.69,是,是,0.61,车辆,22.86,0.61,0.13,0.45,0.58,3,0.9,高风险
0.73,0.18,否,0.58,0.87,22.61,高级,无,无,16.77,50,0.41,是,是,0.18,高支模,23.39,0.76,0.04,0.92,0.47,5,0.58,高风险
0.8,0.24,否,0.49,0.68,39.6,高级,无,无,22.59,46.17,0.1,是,是,0.11,高支模,37.28,1,0.26,0.7,0.48,1,0.74,高风险
0.61,0.28,否,0.62,0.77,0.43,初级,无,1次,37.41,83.16,0.01,是,是,0.5,塔吊,26.92,0.68,0.38,0.95,0.98,3,0.76,高风险
0.75,0.25,否,0.64,0.67,3.95,中级,无,无,8.39,41.82,0.08,是,是,0.96,塔吊,1.86,0.97,0.24,0.65,0.62,2,0.46,无风险
0.88,0.2,否,0.68,0.75,4.73,高级,1次,1次,21.04,35.1,0.06,是,是,0.34,深基坑,0.16,0.37,0.42,0.86,0.14,3,0.95,中风险
0.8,0.48,否,0.7,0.67,2.35,高级,无,1次,17.35,47.79,0.43,否,否,0.4,配电箱,2.57,0.44,0,0.9,0.77,1,0.89,极高风险
0.53,0.39,否,0.71,0.77,5.93,高级,无,无,26.67,19.18,0.11,是,是,0.42,深基坑,45.62,0.18,0.19,0.84,0.72,3,0.82,中风险
0.78,0.33,否,0.63,0.88,2.53,高级,无,无,35.13,35.62,0.45,是,是,0.29,高支模,4.25,0.41,0.18,0.88,0.81,1,0.84,低风险
0.72,0.5,否,0.77,0.65,1.61,高级,无,1次,9.95,23.17,0.12,是,是,0.32,塔吊,9.34,0.67,0,0.77,0.41,4,0.14,中风险
0.64,0.29,否,0.85,0.83,19.02,高级,无,1次,13.08,16.77,0.79,是,是,0.6,高支模,2.53,0.85,0.26,0.72,0.59,2,0.75,无风险
0.84,0.3,否,0.72,0.94,8.27,初级,无,1次,13.07,20.22,0.12,是,是,0.5,深基坑,6.96,1,0.86,0.6,0.62,3,0.69,中风险
0.66,0.45,否,0.58,0.7,15.15,高级,无,无,27.7,49.54,0.36,是,是,0.79,车辆,33.79,1,0.09,0.67,0.75,3,0.31,低风险
0.79,0.25,否,0.57,0.76,16.57,中级,无,1次,9.21,6.51,0.45,是,是,0.42,车辆,19.4,0.62,0.23,0.82,0.85,7,0.95,中风险
0.65,0.27,否,0.79,0.7,2.53,中级,无,1次,28.86,52.79,0.25,是,是,0.58,高支模,2.95,0.94,0,0.84,0.65,4,0.18,中风险
0.82,0.39,否,0.69,0.73,15.16,中级,无,1次,22.08,49.58,0.24,是,是,0.35,塔吊,12.03,0.47,0.73,0.88,0.57,2,0.8,高风险
0.9,0.34,否,0.72,0.87,9.79,无证,无,无,15.87,20.05,0.06,是,是,0.54,车辆,0.83,1,0.17,0.7,0.38,1,0.41,高风险
0.94,0.23,否,0.71,0.74,25.37,高级,无,≥2次,22.6,16.98,0.81,是,是,0.92,配电箱,6.59,0.7,0.43,0.86,0.21,1,0.93,中风险
0.3,0.13,否,0.53,0.73,5.12,初级,无,无,43.24,40.53,0.34,否,是,0.78,深基坑,5.56,1,0.28,0.73,0.28,3,0.8,极高风险
0.8,0.11,否,0.55,0.85,6.63,初级,1次,无,3.7,26.9,0.76,是,是,0.75,配电箱,4.2,0.55,0,0.79,0.54,4,0.7,高风险
0.82,0.29,否,0.7,0.87,5.6,中级,无,无,23.6,33.52,0.03,是,是,0.58,车辆,19.17,0.79,0.28,0.72,0.62,2,0.32,低风险
0.13,0.28,否,0.84,0.73,16.9,中级,无,无,28.88,34.99,0.08,否,否,0.95,配电箱,3.4,1,0.2,0.84,0.31,2,0.38,极高风险
0.66,0.38,否,0.85,0.74,9.32,中级,无,无,12.12,85.71,0.09,是,是,0.74,车辆,4.34,1,0.18,0.86,0.67,3,0.63,无风险
0.91,0.33,否,0.78,0.78,0.88,中级,无,无,12.37,8.8,0.51,是,是,0.61,配电箱,12.35,0.76,0,0.94,0.74,5,0.84,无风险
0.65,0.32,否,0.77,0.76,1.39,初级,1次,无,18.45,52.29,0,是,是,0.34,塔吊,14.54,0.44,0,0.67,0.32,3,0.25,极高风险
0.55,0.29,否,0.76,0.72,24.46,初级,无,1次,24.03,48.77,0.08,是,是,0.89,深基坑,8.17,0.44,0.45,0.79,0.92,2,0.77,低风险
0.62,0.58,否,0.56,0.8,9.34,中级,无,无,40.86,53.18,0.17,是,否,0.97,配电箱,11.49,0.45,0.67,0.66,0.45,1,0.8,极高风险
0.59,0.87,否,0.76,0.81,8.32,初级,无,无,12.43,18.32,0.04,是,是,0.91,配电箱,33.73,0.62,0.05,0.93,0.27,1,0.68,高风险
0.62,0.15,否,0.68,0.78,4.25,中级,无,无,21.42,32.69,0.07,是,是,0.65,配电箱,24.93,0.05,0.12,0.72,0.65,4,0.67,中风险
0.91,0.19,否,0.7,0.9,15.72,初级,无,无,17.85,21.91,0.1,否,是,0.62,深基坑,7.24,0.28,0.04,0.85,0.63,1,0.54,高风险
0.74,0.41,否,0.72,0.81,1.78,初级,无,无,31.2,57.07,0.28,是,是,0.59,塔吊,17.2,0.5,0.02,0.8,0.75,1,0.68,中风险
0.77,0.14,否,0.61,0.81,21.8,高级,无,≥2次,26.25,24.12,0.22,是,是,0.27,塔吊,9.84,0.56,0,0.65,0.2,1,0.63,低风险
0.74,0.6,否,0.75,0.62,3.2,高级,无,无,13.45,57.45,0.2,是,是,0.87,塔吊,51.42,1,0.18,0.87,0.57,5,0.69,中风险
0.38,0.19,否,0.66,0.85,5.56,初级,无,无,9.84,46.21,0.08,是,是,0.82,塔吊,4.32,0.54,0.11,0.69,0.59,5,0.38,中风险
0.86,0.13,否,0.67,0.72,5.94,高级,无,无,21.13,15.56,0.33,是,是,0.91,配电箱,30.32,0.35,0.47,0.65,0.47,2,0.89,低风险
0.31,0.62,否,0.72,0.88,12.82,初级,无,无,15.15,17.01,0.06,是,否,0.86,车辆,13.1,0.33,0.18,0.6,0.51,3,0.83,极高风险
0.82,0.21,否,0.71,0.98,10.67,中级,无,无,18.25,53.64,0.26,是,是,0.51,配电箱,3.04,0.85,0.62,0.62,0.79,2,0.38,低风险
0.65,0.73,否,0.82,0.85,10.14,初级,无,1次,13.91,11.08,0.27,是,是,0.29,深基坑,20.8,0.69,0.28,0.78,0.79,2,0.37,高风险
0.58,0.13,否,0.77,0.75,0.75,中级,无,无,55.8,26.29,0.15,是,是,0.8,深基坑,21.92,0.65,0,0.81,0.81,4,0.69,无风险
0.59,0.22,否,0.71,0.9,11.59,中级,无,1次,22.14,26.73,0.04,是,是,0.86,塔吊,0.9,0.93,0.1,0.78,0.6,0,0.49,无风险
0.81,0.25,否,0.74,0.78,16.04,高级,无,无,59.62,11.22,0.28,是,是,0.68,配电箱,3.53,0.38,0.46,0.84,0.46,2,0.9,无风险
0.81,0.12,否,0.57,0.71,1.05,中级,1次,无,22.15,10.45,0.06,是,是,0.52,塔吊,8.51,0.73,0,0.86,0.34,8,0.22,低风险
0.04,0.18,否,0.74,0.91,9.15,中级,无,无,14.55,31.54,0.17,是,是,0.32,塔吊,23.28,0.73,0.29,0.92,0.83,1,0.27,高风险
0.31,0.26,否,0.63,0.83,2.08,中级,无,无,24.66,34.96,0.14,是,是,0.9,塔吊,2.28,1,0.43,0.91,0.31,6,0.8,低风险
0.94,0.38,否,0.78,0.77,3.5,中级,无,1次,14.42,43.9,0.86,是,是,0.53,车辆,11.35,0.84,0.5,0.67,0.74,3,0.86,高风险
0.07,0.15,否,0.58,0.85,5.9,中级,无,1次,12.19,37.86,0.22,是,是,0.71,塔吊,12.75,0.54,0.56,0.64,0.77,1,0.76,高风险
0.87,0.51,否,0.6,0.89,17.58,中级,无,无,8.98,29.47,0.05,是,是,0.65,车辆,16.25,0.59,0.39,0.91,0.22,3,0.26,中风险
0.36,0.2,否,0.66,0.79,2.81,高级,无,无,16.09,27.45,0.09,是,是,0.7,配电箱,2.74,1,0.73,0.53,0.54,1,0.83,低风险
0.65,0.2,否,0.59,0.83,10.27,初级,无,无,10.98,59.2,0.43,是,是,0.19,高支模,2.47,0.31,0.73,0.82,0.38,0,0.69,极高风险
0.55,0.23,否,0.62,0.9,3.58,中级,无,无,10.11,66.77,0.22,是,是,0.84,高支模,19.17,0.73,0.14,0.94,0.6,2,0.86,低风险
0.93,0.24,否,0.82,0.73,8.17,中级,≥2次,1次,26.76,28.35,0.38,是,是,0.73,配电箱,30.33,0.7,0,0.81,0.8,6,0.36,高风险
0.67,0.21,否,0.58,0.87,4.35,中级,1次,无,31.99,52.34,0.11,是,是,0.37,深基坑,3.61,0.55,0,0.81,0.69,7,0.61,中风险
0.65,0.23,否,0.58,0.91,20.41,高级,无,无,19.44,31.36,0.06,是,是,0.68,高支模,0.44,0.64,0.05,0.95,0.67,2,0.45,无风险
0.16,0.23,否,0.56,0.81,1.78,初级,无,无,14.56,54.65,0.17,是,是,0.93,塔吊,0.62,0.83,0.74,0.8,0.31,1,0.73,高风险
0.56,0.64,否,0.71,0.87,12.78,无证,1次,无,14.73,27.78,0.14,是,是,0.87,高支模,11.83,0.46,0,0.89,0.62,0,0.68,高风险
0.48,0.17,否,0.74,0.82,24.71,中级,无,无,12.85,39.68,0.02,是,是,0.25,高支模,28.46,0.69,0.26,0.95,0.66,4,0.65,低风险
0.27,0.17,否,0.71,0.64,5.69,高级,无,无,8.57,46.1,0.06,是,是,0.88,塔吊,38.05,1,0.01,0.86,0.59,4,0.92,无风险
0.7,0.15,否,0.86,0.91,2.06,无证,1次,无,21.92,13.64,0.55,是,是,0.14,配电箱,5.76,0.62,0,0.87,0.86,5,0.43,极高风险
0.82,0.22,否,0.62,0.9,24.3,中级,1次,无,23.38,67.7,0.35,是,是,0.68,深基坑,11.21,0.79,0.12,0.88,0.39,0,0.49,低风险
0.15,0.12,否,0.52,0.81,20.37,初级,无,无,31.41,13.29,0.73,是,是,0.91,塔吊,33.55,0.9,0.37,0.88,0.75,0,0.75,高风险
0.74,0.51,否,0.72,0.61,13.25,中级,无,无,20.38,17.42,0.01,是,是,0.85,塔吊,1.23,0.72,0,0.87,0.46,5,0.66,无风险
0.7,0.26,否,0.8,0.72,8.05,初级,无,1次,17.7,16.23,0.24,是,是,0.36,塔吊,7.04,0.36,0.41,0.85,0.92,0,0.92,中风险
0.6,0.49,是,0.74,0.71,13.06,初级,无,1次,23.71,9.78,0.06,是,是,0.26,配电箱,1.53,0.59,0.18,0.85,0.9,2,0.63,高风险
0.52,0.4,否,0.7,0.83,5.35,中级,无,1次,35.29,27.14,0.14,是,是,0.48,深基坑,1.28,1,0.19,0.86,0.67,1,0.24,低风险
0.84,0.33,否,0.78,0.7,0.83,中级,无,1次,31.97,10.83,0.44,是,是,0.75,深基坑,0.65,0.59,0,0.67,0.4,1,0.57,无风险
0.33,0.97,否,0.73,0.93,6.18,高级,无,无,18.55,35.68,0.02,是,是,0.3,配电箱,22.65,0.74,0.11,0.9,0.82,3,0.92,高风险
0.39,0.53,否,0.75,0.79,0.69,初级,无,无,13.11,35.97,0.08,是,是,0.89,深基坑,28.33,0.34,0.32,0.76,0.25,1,0.65,极高风险
0.93,0.29,否,0.67,0.71,1.86,中级,无,无,23.69,57.61,0.27,是,是,0.47,塔吊,12.44,1,0,0.82,0.68,3,0.43,低风险
0.9,0.08,否,0.7,0.72,18.65,初级,无,1次,14.16,21.03,0.66,是,是,0.76,深基坑,19.35,0.59,0,0.93,0.41,6,0.7,低风险
0.68,0.34,否,0.79,0.77,26.06,中级,无,1次,9.87,12.72,0.14,是,是,0.82,深基坑,13.38,1,0,0.88,0.58,3,0.46,无风险
0.85,0.46,否,0.55,0.73,5.26,高级,1次,无,24.91,14.05,0.04,是,否,0.55,配电箱,3.81,0.88,0.23,0.85,0.22,4,0.92,高风险
0.55,0.18,否,0.65,0.78,17.8,初级,≥2次,无,40.39,17.96,0.21,是,是,0.75,车辆,1.17,0.42,0.59,0.38,0.77,4,0.37,高风险
0.31,0.12,否,0.74,0.64,23.53,初级,无,1次,7.62,15.81,0.03,是,是,0.95,塔吊,9.48,0.63,0.47,0.69,0.82,5,0.57,低风险
0.24,0.28,否,0.73,0.73,23.47,中级,无,无,46.53,39.4,0.2,是,是,0.77,配电箱,46.26,0.88,0,0.9,0.81,1,0.8,无风险
0.39,0.2,否,0.47,0.86,0.36,高级,无,1次,20.47,71.52,0.13,是,是,0.86,配电箱,18.34,0.77,0,0.68,0.55,0,0.74,低风险
0.58,0.22,否,0.79,0.81,19.21,高级,无,无,19.84,19.07,0.37,是,是,0.84,塔吊,5.53,0.7,0,0.71,0.26,5,0.35,无风险
0.73,0.49,否,0.73,0.96,21.16,中级,无,无,16.14,40.59,0.03,是,是,0.77,塔吊,7.08,0.87,0.1,0.89,0.57,5,0.88,无风险
0.43,0.41,否,0.55,0.63,3.13,初级,无,无,20.61,25.62,0.05,是,是,0.81,配电箱,3.79,1,0.54,0.77,0.72,3,0.56,中风险
0.29,0.17,否,0.76,0.71,11.47,初级,1次,无,22.15,14.24,0.06,是,是,0.47,车辆,37.15,1,0.29,0.78,0.24,4,0.82,高风险
0.89,0.45,否,0.54,0.89,1.15,中级,1次,无,18.81,51.8,0.07,是,是,0.92,深基坑,21.71,0.4,0.17,0.58,0.75,4,0.45,中风险
0.28,0.67,否,0.62,0.71,37.39,高级,无,1次,18.47,40.53,0.57,是,是,0.56,车辆,20.57,0.64,0.4,0.92,0.75,3,0.43,高风险
0.79,0.33,否,0.71,0.8,26.39,中级,无,无,39.76,75.9,0.06,是,是,0.88,配电箱,4.42,1,0.54,0.84,0.56,0,0.85,无风险
0.72,0.48,否,0.65,0.99,4.28,中级,无,1次,18.69,32.23,0.04,是,是,0.73,车辆,24.05,1,0.63,0.76,0.75,4,0.86,中风险
0.76,0.22,否,0.61,0.87,4.25,初级,无,1次,69.29,29.69,0.34,是,是,0.78,高支模,0.92,1,0.7,0.8,0.16,6,0.43,高风险
0.81,0.97,否,0.83,0.79,1.35,初级,无,1次,18.88,48.25,0.3,否,否,0.55,配电箱,21.83,0.73,0.59,0.8,0.4,3,0.58,极高风险
0.5,0.25,否,0.74,0.9,6.17,高级,1次,无,21.15,9.75,0.59,是,是,0.7,配电箱,2.91,1,0.42,0.58,0.13,3,0.51,中风险
0.73,0.49,否,0.71,0.61,2.06,高级,无,1次,8.07,46.34,0.24,是,是,0.87,车辆,70.04,1,0.45,0.76,0.43,3,0.14,极高风险
0.88,0.32,否,0.66,0.77,2.69,初级,无,无,24.74,31.46,0.44,是,否,0.89,塔吊,0.49,0.26,0.54,0.92,0.68,1,0.23,极高风险
0.61,0.18,否,0.55,0.8,9.64,中级,无,1次,16.04,47.67,0.14,是,是,0.86,塔吊,5.93,1,0.82,0.59,0.62,0,0.58,中风险
0.72,0.81,是,0.62,0.84,8.13,初级,无,1次,28.97,19.34,0.4,是,是,0.9,配电箱,13.04,0.36,0.02,0.74,0.89,3,0.81,极高风险
0.72,0.16,否,0.7,0.92,7.45,中级,无,无,10.94,52.33,0.47,是,是,0.38,塔吊,1.15,0.44,0.32,0.88,0.8,7,0.76,中风险
0.69,0.26,否,0.66,0.65,11.23,中级,无,无,6.42,34.13,0.21,是,是,0.57,深基坑,3.38,0.36,0.97,0.82,0.73,4,0.93,中风险
0.63,0.24,否,0.6,0.89,6.01,初级,无,无,12.78,13.07,0.27,是,是,0.59,车辆,3.07,0.76,0.91,0.91,0.49,2,0.49,中风险
0.82,0.28,否,0.73,0.77,15.89,初级,无,1次,12.33,31.72,0.38,是,是,0.85,塔吊,34.99,0.08,0.09,0.61,0.11,2,0.37,极高风险
0.82,0.41,否,0.86,0.75,5.49,中级,无,无,14.77,42.91,0.19,是,是,0.76,配电箱,20.76,0.56,0.04,0.87,0.77,1,0.76,无风险
0.62,0.48,否,0.59,0.83,35.21,中级,1次,无,7.94,49.79,0.09,是,否,0.2,高支模,4.54,0.75,0,0.88,0.59,2,0.65,高风险
0.73,0.33,否,0.59,0.77,4.3,初级,无,无,15.47,34.93,0.21,是,是,0.91,高支模,12.5,0.44,0.1,0.69,0.42,4,0.78,中风险
0.52,0.23,否,0.72,0.73,7.11,中级,1次,1次,21.19,44.65,0.02,是,否,0.91,塔吊,23.23,1,0.26,0.76,0.65,2,0.47,极高风险
0.83,0.35,否,0.76,0.78,6.81,高级,无,1次,17.33,31.57,0.03,是,是,0.2,配电箱,58.09,0.49,0.36,0.69,0.58,2,0.63,中风险
0.69,0.28,否,0.8,0.7,4.54,中级,无,≥2次,30.24,67.87,0.06,是,是,0.43,配电箱,63.08,0.42,0.19,0.67,0.32,4,0.73,极高风险
0.42,0.11,否,0.87,0.86,20.09,高级,无,无,16.21,20.97,0.31,是,是,0.74,配电箱,24.39,1,0.07,0.79,0.57,3,0.78,无风险
0.51,0.9,否,0.88,0.83,15.9,中级,无,1次,16.95,47.61,0.23,是,是,0.38,高支模,1.19,0.37,0.18,0.92,0.7,6,0.68,高风险
0.61,0.26,是,0.58,0.75,2.69,高级,1次,无,42.5,32.74,0.52,是,是,0.61,配电箱,22.75,1,0.14,0.65,0.2,2,0.53,极高风险
0.75,0.16,否,0.72,0.9,1.25,初级,无,1次,26.74,89.53,0.56,是,是,0.84,塔吊,17.26,0.44,0,0.9,0.44,6,0.63,高风险
0.57,0.4,否,0.59,0.85,0.01,中级,无,无,20.01,16.38,0.24,是,是,0.83,车辆,2.45,1,0.27,0.93,0.67,3,0.48,无风险
0.47,0.29,否,0.66,0.92,6.3,高级,1次,1次,16.47,39.86,0.2,是,是,0.89,配电箱,22.47,1,0.31,0.81,0.89,6,0.51,中风险
0.6,0.29,否,0.59,0.67,2.1,初级,无,1次,17.85,57.38,0.45,是,是,0.45,塔吊,24.36,0.83,0.14,0.78,0.82,0,0.73,高风险
0.26,0.29,否,0.67,0.75,3.71,中级,无,1次,6.71,9.05,0.21,是,是,0.54,配电箱,19.28,0.71,0.09,0.91,0.54,6,0.84,高风险
0.28,0.18,否,0.69,0.77,3.86,中级,无,无,5.26,24.5,0.88,是,是,0.83,高支模,1.27,0.52,0.35,0.79,0.26,4,0.55,高风险
0.76,0.34,否,0.79,0.76,2.01,中级,无,无,15.09,49.46,0.32,是,是,0.75,高支模,0.24,0.5,0,0.87,0.56,4,0.67,无风险
0.69,0.2,是,0.67,0.85,6.21,中级,无,无,13.67,44.04,0.23,是,是,0.65,塔吊,2.13,0.79,0.38,0.85,0.42,1,0.78,高风险
0.29,0.17,否,0.7,0.7,14.88,中级,1次,无,20.5,13.53,0.39,是,是,0.6,车辆,1.27,0.87,0.45,0.77,0.76,2,0.28,低风险
0.28,0.24,否,0.52,0.9,1.32,初级,无,无,16.16,30.81,0.27,是,是,0.62,配电箱,1.83,0.67,0.75,0.82,0.53,4,0.95,高风险
0.74,0.18,否,0.72,0.7,1.79,初级,1次,1次,9.41,56.08,0.2,是,是,0.62,高支模,64.31,0.32,0,0.76,0.6,4,0.56,极高风险
0.5,0.34,否,0.73,0.71,39.57,初级,1次,无,34.96,20.71,0.5,是,是,0.64,高支模,5.91,0.78,0.31,0.91,0.72,0,0.3,低风险
0.35,0.4,否,0.73,0.75,7.29,中级,无,无,17.89,26.71,0.1,是,是,0.64,配电箱,3.99,0.79,0.09,0.69,0.68,4,0.18,中风险
0.58,0.09,否,0.55,0.8,4.41,中级,无,1次,10.14,112.45,0.34,是,是,0.57,深基坑,14.73,1,0.29,0.75,0.74,0,0.95,中风险
0.84,0.2,否,0.63,0.97,7.49,中级,无,≥2次,18.13,18.2,0.91,是,是,0.95,高支模,5.01,0.81,0.82,0.72,0.93,2,0.95,中风险
0.9,0.41,否,0.64,0.93,4.38,中级,1次,≥2次,12.96,83.94,0.04,是,是,0.8,深基坑,35.6,0.25,0.36,0.74,0.85,1,0.57,极高风险
0.94,0.5,否,0.78,0.82,4.24,中级,无,无,5.14,27.59,0.23,是,是,0.9,配电箱,28.63,0.63,0.63,0.93,0.8,6,0.61,中风险
0.62,0.26,否,0.77,0.91,10.71,高级,无,1次,26.7,17.28,0.45,是,是,0.82,深基坑,1.43,0.25,0.38,0.89,0.82,1,0.67,无风险
0.26,0.21,否,0.72,0.93,12.67,初级,无,无,4.59,28.77,0.53,是,是,0.92,高支模,19.07,1,0.02,0.83,0.93,1,0.69,无风险
0.17,0.28,否,0.56,0.77,1.18,初级,无,无,21.17,10.61,0.02,是,是,0.66,塔吊,28.4,1,0.55,0.85,0.67,3,0.86,高风险
0.72,0.26,否,0.79,0.81,9.03,无证,无,1次,16.58,48.74,0.54,是,是,0.83,配电箱,4.24,0.66,0,0.83,0.53,3,0.62,高风险
0.86,0.28,否,0.63,0.82,14.71,初级,无,无,29.44,29.65,0.25,是,是,0.66,深基坑,18.4,0.85,0.04,0.69,0.09,1,0.43,低风险
0.44,0.23,否,0.82,0.87,6.57,高级,无,1次,23.2,26.36,0.54,是,是,0.27,车辆,23.62,0.62,0.06,0.87,0.76,1,0.61,中风险
0.55,0.33,否,0.74,0.89,7.54,初级,无,无,13.16,43.77,0.07,是,是,0.4,高支模,2.44,0.95,0.06,0.82,0.75,5,0.63,低风险
0.42,0.3,否,0.84,0.84,1.18,初级,无,无,29.81,10.95,0.3,是,是,0.7,高支模,0.43,0.47,0.12,0.88,0.71,4,0.44,低风险
0.62,0.43,否,0.64,0.92,12.82,中级,1次,无,24.92,71.44,0.02,是,是,0.76,高支模,32.48,0.01,0.4,0.56,0.65,5,0.4,极高风险
0.76,0.54,否,0.66,0.94,7.58,中级,无,无,41.6,5.86,0.24,是,是,0.63,深基坑,0.96,1,0.61,0.72,0.59,3,0.63,无风险
0.38,0.1,否,0.52,0.67,2.08,中级,≥2次,无,13.97,19.74,0.5,是,是,0.64,配电箱,0.93,0.23,0.28,0.85,0.44,1,0.41,高风险
0.21,0.46,否,0.64,0.75,4.9,高级,无,1次,11.76,13.14,0.11,是,是,0.85,塔吊,32.94,1,0.52,0.83,0.71,7,0.84,中风险
0.48,0.26,否,0.68,0.78,10.46,初级,无,无,23.45,9.05,0.14,是,是,0.46,高支模,34.42,0.87,0.18,0.83,0.82,2,0.4,中风险
0.42,0.23,否,0.61,0.86,2.64,中级,无,无,34.21,17.25,0.03,是,是,0.35,高支模,30.51,0.24,0.11,0.92,0.21,0,0.43,高风险
0.39,0.25,否,0.78,0.82,2.93,初级,无,无,38.79,40.85,0.08,是,是,0.9,配电箱,9.26,1,0.23,0.81,0.37,1,0.34,中风险
0.62,0.28,否,0.85,0.91,18.42,初级,1次,无,24.34,18.68,0.09,是,是,0.78,深基坑,0.53,1,0.81,0.67,0.11,1,0.59,低风险
0.64,0.32,否,0.86,0.71,14.14,初级,无,无,9.17,36.31,0.23,是,是,0.91,车辆,1.77,0.43,0.74,0.66,0.7,1,0.39,低风险
0.8,0.45,否,0.66,0.63,8.07,初级,无,无,20.21,37.18,0.18,否,是,0.99,塔吊,31.52,1,0.51,0.85,0.26,4,0.76,极高风险
0.7,0.52,否,0.7,0.68,0.23,初级,无,无,22.83,17.11,0.04,是,是,0.59,高支模,21.62,0.16,0.24,0.82,0.69,2,0.79,高风险
0.44,0.15,否,0.63,0.91,3.29,高级,无,无,24.28,42.57,0.04,是,是,0.38,配电箱,1.81,0.39,0.24,0.85,0.36,3,0.57,低风险
0.6,0.29,否,0.6,0.58,7.51,初级,无,无,7.1,34.53,0.19,是,是,0.76,高支模,16.78,0.08,0,0.66,0.5,2,0.5,高风险
0.7,0.32,否,0.85,0.72,30.04,初级,1次,无,19.18,31.63,0.53,是,是,0.5,车辆,0.1,0.63,0.2,0.58,0.43,1,0.65,低风险
0.28,0.14,否,0.68,0.82,4.78,中级,无,无,16.21,50.07,0.03,是,是,0.35,高支模,26.01,0.93,0.1,0.88,0.8,1,0.26,中风险
0.93,0.18,否,0.53,0.77,1.97,初级,无,≥2次,35.49,17.35,0.45,是,是,0.31,深基坑,13.08,0.36,0,0.88,0.8,4,0.49,高风险
0.81,0.51,否,0.64,0.79,28.45,初级,≥2次,1次,16.51,47.4,0.22,是,是,0.8,塔吊,94.31,1,0.37,0.88,0.73,2,0.81,高风险
0.81,0.86,否,0.76,0.8,9.42,中级,无,无,18.49,61.44,0.06,否,是,0.11,配电箱,31.47,0.8,0,0.85,0.45,3,0.14,极高风险
0.52,0.89,否,0.75,0.88,1.05,中级,无,1次,61.73,70.14,0.56,是,是,0.86,车辆,13.13,1,0.34,0.61,0.4,1,0.52,极高风险
0.48,0.2,否,0.85,0.63,14.47,中级,无,无,20.77,10.85,0.01,是,是,0.43,深基坑,0.68,0.68,0.01,0.86,0.76,3,0.79,无风险
0.73,0.65,否,0.63,0.85,7.88,中级,1次,1次,8.86,110.81,0.09,是,是,0.92,车辆,12.75,0.48,0.22,0.6,0.77,3,0.33,极高风险
0.52,0.74,否,0.72,0.86,15.61,初级,无,≥2次,15.58,47.39,0.01,是,是,0.29,塔吊,6.12,0.59,0.55,0.79,0.4,1,0.94,极高风险
0.89,0.41,否,0.7,0.65,14.37,高级,无,1次,33.29,27.92,0.53,是,是,0.93,车辆,24.01,1,0.14,0.76,0.33,7,0.64,中风险
0.88,0.24,否,0.75,0.87,25.01,高级,无,1次,40.85,33.3,0.28,否,是,0.48,配电箱,1.22,0.71,0.43,0.95,0.89,2,0.48,高风险
0.71,0.38,否,0.68,0.66,29.23,初级,1次,1次,19.42,52.78,0.31,是,是,0.43,深基坑,1.5,1,0.16,0.66,0.73,2,0.51,中风险
0.31,0.55,否,0.67,0.76,0.04,初级,无,无,25.58,92.17,0.01,是,是,0.42,塔吊,3.2,0.73,0,0.86,0.9,1,0.32,中风险
0.45,0.48,否,0.77,0.87,13.82,中级,无,无,20.3,31.46,0.63,是,是,0.79,高支模,26.17,0.78,0.15,0.66,0.55,1,0.88,中风险
0.28,0.29,否,0.67,0.62,7.39,初级,无,1次,39.03,25.2,0.23,是,是,0.39,配电箱,34.75,0.34,0.67,0.83,0.65,3,0.14,极高风险
0.77,0.17,否,0.63,0.83,1.06,中级,无,≥2次,16.26,10.16,0.37,是,是,0.74,高支模,7.72,0.48,0.41,0.88,0.76,3,0.17,高风险
0.78,0.18,否,0.61,0.76,19.24,初级,无,无,31.83,47.13,0.25,是,是,0.94,配电箱,5.07,1,0.64,0.84,0.49,4,0.43,中风险
0.44,0.17,否,0.69,0.83,4.04,无证,1次,无,21.6,12,0.1,是,是,0.52,车辆,15.42,0.54,0.04,0.8,0.6,4,0.41,高风险
0.69,0.19,否,0.71,0.63,2.14,初级,1次,无,38.28,43.9,0.12,是,是,0.49,深基坑,15.72,0.57,0.45,0.91,0.74,2,0.54,高风险
0.74,0.56,否,0.8,0.88,3.31,高级,无,无,10.9,23.47,0.21,是,是,0.88,车辆,25.76,0.53,0,0.87,0.85,6,0.66,无风险
0.57,0.25,否,0.71,0.69,32.65,中级,无,无,8.17,38.51,0.56,是,是,0.68,高支模,10.66,0.47,0.08,0.88,0.91,4,0.32,无风险
0.83,0.28,否,0.63,0.81,10.33,中级,无,无,15.53,44.84,0.27,是,是,0.78,塔吊,44.98,0.22,0.71,0.88,0.25,0,0.58,高风险
0.44,0.32,否,0.61,0.97,15.83,中级,无,1次,21.36,44.95,0.39,是,是,0.78,塔吊,3.32,1,0,0.92,0.44,2,0.59,无风险
0.79,0.15,否,0.74,0.78,18.5,初级,1次,无,20.56,18.07,0.01,是,是,0.56,配电箱,9.01,0.84,0.54,0.73,0.56,4,0.67,低风险
0.6,0.07,否,0.7,0.83,13.61,初级,无,1次,23.18,17.33,0.07,是,是,0.92,深基坑,67.03,0.83,0,0.84,0.37,6,0.49,低风险
0.64,0.18,否,0.78,0.83,10.03,中级,无,无,12.98,102.66,0,是,是,0.39,塔吊,22.23,0.57,0.37,0.95,0.75,0,0.29,低风险
0.19,0.27,否,0.72,0.62,35.74,中级,1次,≥2次,21.26,32.12,0.04,是,是,0.28,高支模,1.48,0.14,0,0.94,0.86,5,0.68,高风险
0.46,0.11,否,0.74,0.72,6.09,中级,无,1次,31.88,33.37,0,是,是,0.61,配电箱,0.84,0.95,0.2,0.91,0.38,2,0.1,低风险
0.43,0.58,否,0.77,0.85,2.69,高级,无,无,14.84,32.69,0.34,是,是,0.9,深基坑,26.48,0.26,0.42,0.87,0.62,1,0.46,高风险
0.65,0.25,否,0.74,0.89,3.92,中级,无,无,11.52,27.44,0.46,是,是,0.61,配电箱,16.76,0.71,0.28,0.68,0.45,3,0.45,高风险
0.68,0.2,否,0.75,0.86,2.43,高级,无,1次,41.62,4.54,0.45,是,是,0.42,车辆,26.81,0.62,0.1,0.76,0.33,0,0.48,中风险
0.6,0.74,否,0.76,0.83,1.8,初级,无,无,17.56,40.14,0.34,是,是,0.28,高支模,8.49,0.37,0.34,0.92,0.74,4,0.59,极高风险
0.79,0.59,否,0.63,0.75,5.6,初级,无,无,18.82,70.65,0.01,是,是,0.89,高支模,1.02,0.28,0.42,0.91,0.22,1,0.53,高风险
0.84,0.36,否,0.68,0.86,4.25,初级,1次,无,25.85,21.36,0.31,是,是,0.21,深基坑,1.43,0.48,0.2,0.88,0.91,0,0.57,低风险
0.56,0.92,否,0.82,0.76,4.57,中级,无,≥2次,10.74,56.06,0,是,是,0.61,高支模,11.31,0.69,0.5,0.68,0.92,3,0.55,极高风险
0.58,0.14,否,0.8,0.76,19.75,中级,无,无,13.1,48.51,0.03,是,是,0.63,塔吊,10.01,0.41,0.63,0.78,0.73,1,0.95,无风险
0.26,0.28,否,0.64,0.91,13.38,无证,无,1次,24.4,12.9,0.16,是,是,0.64,高支模,24.92,0.49,0,0.68,0.77,1,0.68,高风险
0.35,0.21,否,0.8,0.95,0.82,中级,1次,无,22.89,38.09,0.05,是,是,0.94,车辆,19.54,0.22,0,0.86,0.25,7,0.38,高风险
0.74,0.13,否,0.77,0.74,6.36,初级,无,无,27.62,17.52,0.25,是,是,0.92,车辆,43.92,0.6,0.37,0.85,0.73,5,0.31,低风险
0.54,0.35,否,0.69,0.73,3.74,初级,无,1次,8.28,92.9,0.58,是,是,0.28,高支模,29.09,0.86,0.15,0.88,0.88,0,0.45,极高风险
0.59,0.25,否,0.75,0.65,3.69,初级,无,1次,28.68,33.74,0.11,是,是,0.94,配电箱,21.58,0.87,0.53,0.84,0.88,2,0.55,中风险
0.71,0.32,否,0.69,0.86,11.89,高级,无,无,70.06,27.43,0.55,是,是,0.54,车辆,13.85,0.69,0.11,0.69,0.75,5,0.62,低风险
0.52,0.26,否,0.85,0.84,6.7,高级,无,无,33.39,45.36,0.08,是,是,0.83,高支模,4.9,0.87,0.44,0.77,0.64,4,0.36,无风险
0.38,0.4,否,0.66,0.86,4.25,中级,无,无,19.06,23.98,0.09,是,是,0.78,塔吊,24.71,0.72,0.32,0.83,0.87,3,0.93,无风险
0.48,0.28,否,0.78,0.88,10.73,中级,1次,无,17.01,39.34,0.61,是,是,0.49,高支模,66.87,0.75,0.51,0.67,0.53,2,0.75,极高风险
0.47,0.1,否,0.86,0.81,7.78,中级,1次,无,18.13,35.5,0.29,是,是,0.79,塔吊,17.43,0.75,0.29,0.89,0.73,1,0.59,低风险
0.72,0.39,否,0.66,1,6.54,高级,无,无,25.25,29.58,0.11,是,是,0.84,深基坑,18.66,1,0,0.92,0.16,2,0.6,无风险
0.39,0.08,否,0.69,0.65,2.86,初级,无,1次,49.51,28.67,0.26,是,是,0.47,塔吊,7.36,1,0,0.95,0.75,7,0.58,中风险
0.84,0.66,否,0.64,0.85,12.07,中级,1次,1次,8.01,45.88,0.41,是,是,0.56,深基坑,36.11,0.37,0.08,0.89,0.78,1,0.65,极高风险
0.84,0.8,否,0.51,0.95,10.41,中级,无,≥2次,29.01,37.26,0.34,是,是,0.72,配电箱,12.62,0.29,0.26,0.63,0.32,1,0.43,极高风险
0.8,0.22,否,0.67,0.92,6.86,中级,无,无,28.72,33.13,0.69,是,是,0.91,高支模,24.58,0.29,0.09,0.82,0.9,5,0.77,低风险
0.83,0.77,否,0.73,0.78,3.79,初级,无,1次,13.59,84.97,0.17,是,是,0.95,深基坑,28.14,0.42,0.02,0.92,0.67,1,0.31,高风险
0.76,0.17,否,0.55,0.79,20,中级,无,无,14.59,23.5,0.32,是,是,0.89,高支模,18.63,0.06,0.25,0.89,0.74,2,0.32,低风险
0.66,0.49,否,0.87,0.66,15.16,中级,无,1次,18.11,25.72,0.37,是,是,0.9,深基坑,56.56,0.67,0,0.66,0.3,3,0.7,中风险
0.64,0.42,否,0.51,0.77,25.31,初级,无,1次,30.37,27.57,0.04,是,是,0.93,深基坑,46.67,0.77,0,0.9,0.59,8,0.55,低风险
0.42,0.23,否,0.82,0.78,3.73,中级,无,无,31.15,13.12,0.13,是,是,0.88,深基坑,25.59,0.17,0,0.69,0.68,4,0.7,低风险
0.54,0.13,否,0.76,0.75,7.61,初级,1次,无,23.75,30.53,0.3,是,是,0.52,深基坑,20.92,1,0.4,0.92,0.85,1,0.58,中风险
0.44,0.22,否,0.62,0.74,16.13,初级,无,无,30.92,47.57,0.23,是,是,0.56,深基坑,3.42,0.73,0.03,0.77,0.55,2,0.26,低风险
0.9,0.34,否,0.58,0.7,14.32,中级,无,无,12.76,37.51,0.15,是,是,0.91,高支模,0.58,0.57,0.66,0.64,0.26,3,0.74,低风险
0.55,0.7,否,0.76,0.78,5.2,高级,无,1次,18.37,37.6,0.37,是,是,0.39,塔吊,2.12,1,0.27,0.97,0.57,3,0.71,中风险
0.89,0.25,否,0.82,0.74,2.25,初级,无,无,29.84,13.54,0.05,是,是,0.87,深基坑,0.33,0.39,0.18,0.67,0.79,3,0.87,无风险
0.51,0.25,否,0.71,0.76,4.83,中级,无,无,6.23,39.34,0.03,是,是,0.74,车辆,2.24,1,0.17,0.84,0.76,5,0.83,无风险
0.02,0.19,否,0.41,0.6,3.49,初级,无,1次,24.85,15.3,0.11,是,是,0.67,车辆,1.99,0.92,0.18,0.92,0.04,2,0.65,极高风险
0.46,0.17,否,0.61,0.65,31.34,初级,无,无,14.99,26.83,0.48,是,是,0.37,高支模,0.87,1,0,0.83,0.25,2,0.7,无风险
0.55,0.54,否,0.64,0.92,0.36,中级,1次,无,33.4,17.63,0.31,是,是,0.83,高支模,29.94,0.31,0.1,0.84,0.22,6,0.45,极高风险
0.69,0.32,否,0.73,0.95,0.22,初级,无,1次,13.62,15.05,0.15,是,是,0.5,车辆,3.29,0.7,0.22,0.89,0.79,4,0.52,低风险
0.84,0.22,否,0.59,0.69,2.41,初级,无,1次,20.97,5.71,0.08,是,是,0.61,配电箱,32.44,0.91,0,0.81,0.46,0,0.8,低风险
0.59,0.12,否,0.65,0.77,0.16,无证,无,无,9.93,78.84,0.34,是,是,0.63,深基坑,2.37,0.34,0.05,0.7,0.55,2,0.66,高风险
0.38,0.42,否,0.77,0.67,2.49,初级,无,1次,19.24,52.84,0.64,是,是,0.74,配电箱,4.34,0.51,0.44,0.96,0.52,3,0.52,极高风险
0.67,0.15,否,0.72,0.8,12.75,中级,无,1次,7.9,33.21,0.39,是,是,0.04,车辆,40.03,0.72,0,0.72,0.77,2,0.73,高风险
0.46,0.25,否,0.74,0.93,7.86,初级,无,1次,33.87,58,0.41,是,是,0.61,深基坑,30.12,0.93,0.88,0.65,0.3,3,0.85,极高风险
0.52,0.24,否,0.6,0.97,5.76,高级,无,1次,16.62,17.04,0.02,是,是,0.33,深基坑,1.74,0.13,0,0.8,0.54,1,0.5,无风险
0.5,0.37,否,0.64,0.97,8,初级,无,无,20.89,8.88,0.09,是,是,0.77,配电箱,8.55,0.31,0,0.58,0.15,2,0.81,中风险
0.81,0.21,否,0.64,0.7,5.91,初级,无,无,10.25,14.79,0.32,是,是,0.67,塔吊,13.76,1,0.89,0.65,0.52,1,0.63,中风险
0.75,0.42,否,0.8,0.88,7.51,中级,无,1次,17.14,70,0.23,是,是,0.94,高支模,22.67,0.46,0,0.47,0.38,2,0.67,中风险
0.34,0.3,否,0.55,0.79,0.21,中级,无,1次,19.82,13.36,0.36,是,是,0.57,塔吊,1.77,0.35,0.38,0.91,0.76,2,0.5,高风险
0.71,0.34,否,0.83,0.77,6.77,中级,无,无,12.19,49.96,0.13,是,是,0.77,塔吊,18.91,0.73,0,0.82,0.56,1,0.69,无风险
0.66,0.21,否,0.61,0.98,5.26,初级,无,1次,51.91,54.57,0.17,是,是,0.93,深基坑,8.71,0.48,0.25,0.51,0.29,2,0.81,高风险
0.72,0.49,否,0.78,0.72,10.63,中级,无,1次,31.93,14.24,0.6,是,是,0.97,塔吊,40.26,0.76,0.08,0.79,0.51,1,0.69,低风险
0.29,0.57,是,0.5,0.8,24.11,初级,无,无,24.15,47.1,0.03,是,是,0.67,高支模,1.92,0.72,0.74,0.86,0.67,3,0.22,极高风险
0.83,0.14,否,0.88,0.91,5.79,高级,无,无,30.37,45.64,0.27,是,是,0.3,深基坑,17.01,0.7,0.48,0.75,0.25,1,0.69,中风险
0.96,0.44,否,0.77,0.88,0.51,初级,无,无,26.67,27.39,0.15,是,是,0.76,配电箱,2.3,0.61,0.43,0.82,0.88,4,0.56,无风险
0.29,0.48,否,0.73,0.94,4.41,初级,无,无,18.82,39.51,0.09,是,是,0.86,高支模,14.92,0.57,0.46,0.63,0.32,1,0.63,高风险
0.66,0.48,否,0.8,0.84,1.72,中级,无,无,13.6,25.76,0.45,是,是,0.94,配电箱,78.73,0.61,0.29,0.93,0.83,2,0.79,低风险
0.84,0.52,否,0.63,0.82,3.96,无证,无,1次,18.49,56.22,0.16,是,是,0.88,配电箱,10.88,0.69,0.83,0.91,0.58,3,0.64,极高风险
0.82,0.53,否,0.61,0.8,26.47,中级,无,≥2次,7.27,20.71,0.49,否,是,0.71,深基坑,10.22,1,0.32,0.82,0.8,3,0.18,极高风险
0.64,0.38,否,0.67,0.89,13.6,高级,无,1次,57.23,43.35,0.04,是,是,0.92,车辆,74.86,0.92,0.15,0.92,0.59,4,0.46,低风险
0.72,0.06,否,0.66,0.74,4.73,中级,无,无,10.01,43.38,0.12,是,是,0.63,塔吊,2.25,0.56,0.32,0.77,0.54,1,0.37,低风险
0.21,0.28,否,0.6,0.68,1.57,中级,无,无,20.22,43.08,0.32,是,是,0.73,高支模,0.66,1,0.15,0.85,0.79,2,0.45,低风险
0.82,0.16,否,0.66,0.72,1.9,中级,1次,无,20.82,42.5,0.25,是,是,0.76,深基坑,3.33,0.72,0,0.88,0.76,1,0.78,无风险
0.25,0.24,否,0.79,0.63,3.85,无证,无,无,13.42,50.25,0.03,是,是,0.2,塔吊,2.14,0.38,0,0.44,0.56,1,0.81,高风险
0.67,0.1,否,0.67,0.62,0.38,中级,无,1次,28.44,39.86,0.3,是,是,0.65,车辆,17.09,1,0.16,0.71,0.35,3,0.51,高风险
0.47,0.56,否,0.7,0.89,14.26,中级,无,≥2次,22.39,10.4,0.49,是,是,0.12,深基坑,15.65,0.9,0.39,0.83,0.66,1,0.25,极高风险
0.83,0.16,否,0.74,0.75,0.93,中级,无,无,26.81,28.35,0.71,是,是,0.03,高支模,4.02,0.32,0,0.84,0.72,1,0.79,高风险
0.77,0.17,否,0.7,0.83,13.5,中级,无,无,20.25,28.33,0.38,是,是,0.62,车辆,3.68,1,0.5,0.85,0.95,6,0.69,无风险
0.28,0.84,否,0.76,0.85,11.16,初级,无,无,20.16,46.82,0.4,是,是,0.17,车辆,20.53,0.58,0.57,0.66,0.23,3,0.71,极高风险
0.78,0.34,否,0.87,0.82,3.23,中级,无,≥2次,24.16,43.43,0.12,是,是,0.87,塔吊,6.51,0.76,0.26,0.81,0.72,3,0.7,低风险
0.59,0.09,否,0.56,0.87,2.08,中级,无,≥2次,38.74,28.17,0.02,是,是,0.65,高支模,78.02,0.72,0.09,0.82,0.54,6,0.4,极高风险
0.81,0.12,否,0.59,0.81,8.35,中级,无,1次,28.07,9,0.51,是,是,0.41,配电箱,4.58,1,0.61,0.87,0.87,1,0.76,低风险
0.26,0.17,否,0.4,0.93,2.91,中级,无,无,19.62,32.7,0.1,是,是,0.77,深基坑,3.75,0.66,0,0.77,0.86,2,0.74,高风险
0.7,0.21,否,0.57,0.66,2.88,高级,无,1次,24.47,44.1,0.1,是,是,0.43,深基坑,17,0.85,0.18,0.62,0.79,1,0.59,低风险
0.58,0.27,否,0.61,0.87,34.48,高级,无,无,21.93,10.84,0.33,是,是,0.78,深基坑,17.68,0.46,0.1,0.79,0.54,1,0.66,无风险
0.53,0.27,否,0.53,0.77,10.21,中级,无,无,21.52,9.63,0.58,是,是,0.86,塔吊,0.5,0.88,0.65,0.91,0.83,3,0.66,无风险
0.64,0.65,否,0.74,0.78,21.53,中级,无,无,49.88,32.63,0.13,是,是,0.86,车辆,64.23,0.8,0.49,0.95,0.82,2,0.54,低风险
0.37,0.6,否,0.68,0.98,0.65,中级,1次,1次,31.42,48.59,0.21,是,是,0.77,深基坑,3.81,0.8,0.29,0.84,0.7,3,0.39,高风险
0.79,0.24,否,0.95,0.83,9.45,初级,无,无,9.38,29.17,0.09,是,是,0.63,塔吊,0.88,0.58,0,0.86,0.84,1,0.79,无风险
0.48,0.42,否,0.64,0.71,6.74,初级,无,无,20.63,47.3,0.22,否,是,0.5,配电箱,21.5,0.87,0.45,0.71,0.82,3,0.62,极高风险
0.15,0.82,否,0.77,0.84,0.52,中级,无,1次,18.54,26.31,0.39,是,否,0.9,高支模,6.62,0.3,0,0.86,0.32,3,0.56,极高风险
0.86,0.14,否,0.63,0.88,4.78,高级,1次,无,50.91,7.85,0.23,是,是,0.78,塔吊,24.27,0.6,0.33,0.75,0.23,2,0.32,低风险
0.73,0.22,否,0.73,0.69,0.95,无证,无,无,19.03,74.95,0.13,是,是,0.56,车辆,23.93,0.73,0.12,0.68,0.29,1,0.37,极高风险
0.54,0.52,否,0.69,0.83,8.3,初级,无,无,23.47,19.11,0.75,是,是,0.76,塔吊,31.99,0.66,0.24,0.67,0.38,4,0.45,极高风险
0.45,0.22,否,0.64,0.7,1.86,高级,≥2次,≥2次,7.08,26.94,0.1,是,是,0.52,车辆,1.66,0.58,0.11,0.7,0.12,9,0.77,极高风险
0.82,0.7,否,0.8,0.83,5.11,中级,无,1次,19.79,60.55,0,是,是,0.56,高支模,17.61,0.62,0,0.81,0.83,1,0.69,低风险
0.41,0.33,否,0.65,0.67,16.48,中级,1次,无,61.37,42.89,0.5,是,是,0.64,高支模,0.92,0.72,0.4,0.97,0.9,1,0.65,低风险
0.59,0.17,否,0.61,0.81,4.09,中级,无,无,19.37,15.67,0.02,是,是,0.46,塔吊,37.63,0.67,0,0.84,0.15,2,0.65,低风险
0.85,0.39,否,0.62,0.77,18.18,中级,1次,无,6.04,24.68,0.21,是,是,0.66,车辆,76.65,0.41,0.31,0.95,0.91,2,0.52,中风险
0.86,0.3,是,0.75,0.82,4.2,高级,无,1次,20.58,20.09,0.06,是,是,0.79,高支模,23.9,0.58,0.07,0.88,0.79,3,0.56,高风险
0.77,0.43,否,0.76,0.95,18.67,中级,1次,1次,16.06,33.2,0.53,是,是,0.47,深基坑,89.3,0.61,0.86,0.71,0.77,2,0.85,极高风险
0.95,0.16,否,0.83,0.94,18.27,初级,1次,无,16.51,23.12,0.1,是,是,0.56,高支模,4.07,0.4,0.04,0.92,0.84,4,0.95,无风险
0.29,0.53,否,0.74,0.61,10.1,中级,无,无,20.36,42.95,0.35,是,是,0.2,高支模,16.56,0.74,0.26,0.79,0.73,4,0.11,极高风险
0.33,0.43,否,0.63,0.72,5.11,无证,无,1次,13.39,38.98,0.29,是,是,0.38,深基坑,27.41,1,0.36,0.94,0.68,3,0.79,极高风险
0.63,0.26,否,0.81,0.82,9,初级,无,1次,62.69,14.52,0.33,是,是,0.37,塔吊,39.12,0.74,0.12,0.88,0.71,3,0.44,中风险
0.85,0.16,否,0.85,0.72,5.31,中级,无,1次,24.69,20.23,0.1,是,是,0.48,深基坑,9.13,1,0.1,0.69,0.63,2,0.43,无风险
0.51,0.15,否,0.65,0.8,6.86,高级,无,无,13.9,68.85,0.22,是,是,0.85,车辆,25,1,0.36,0.82,0.68,1,0.49,低风险
0.8,0.11,否,0.88,0.75,0.64,初级,1次,无,15.26,8.14,0.16,是,是,0.75,车辆,0.91,0.3,0.22,0.61,0.32,3,0.66,低风险
0.82,0.19,否,0.68,0.79,14.62,中级,无,1次,33.43,20.11,0.05,是,是,0.78,高支模,14.61,0.82,0.16,0.88,0.75,2,0.51,无风险
0.92,0.44,否,0.74,0.91,9.79,中级,无,无,18.42,12.66,0.39,是,是,0.85,深基坑,2.36,0.07,0,0.98,0.39,3,0.93,无风险
0.8,0.5,否,0.62,0.64,1.11,初级,无,无,9.59,20.74,0.01,是,是,0.17,高支模,1.23,0.52,0.15,0.79,0.59,5,0.54,高风险
0.2,0.28,否,0.73,0.74,8.63,初级,无,1次,14.6,21.4,0.58,是,是,0.4,塔吊,17.31,0.53,0.03,0.68,0.42,4,0.74,极高风险
0.44,0.69,否,0.6,0.85,9.18,初级,无,1次,12.22,92.39,0.02,是,是,0.68,车辆,23.3,0.25,0,0.93,0.47,4,0.15,极高风险
0.93,0.35,否,0.75,0.81,4.81,中级,无,无,10.22,56.98,0.38,是,是,0.21,塔吊,4.36,0.37,0,0.69,0.85,0,0.45,低风险
0.74,0.15,否,0.66,0.63,4.08,中级,无,1次,14.38,30.29,0.54,是,是,0.44,配电箱,12.61,0.57,0,0.73,0.79,2,0.44,中风险
0.12,0.39,否,0.66,0.86,3.31,高级,无,无,9.32,16.32,0.03,是,是,0.63,高支模,14.63,0.44,0.05,0.95,0.68,1,0.8,高风险
0.83,0.25,否,0.68,0.76,18.38,高级,无,1次,35.25,27.54,0.34,是,是,0.71,配电箱,20.09,0.37,0.25,0.86,0.23,1,0.59,中风险
0.56,0.32,否,0.63,0.78,7.21,中级,1次,无,41.84,47.2,0.33,否,是,0.74,塔吊,2.62,1,0,0.84,0.66,2,0.62,高风险
0.93,0.7,否,0.85,0.78,14.66,中级,无,无,27.5,46.68,0.11,是,是,0.87,车辆,3.23,1,0.33,0.8,0.35,2,0.58,无风险
0.71,0.44,否,0.8,0.67,17.33,高级,1次,1次,6.04,56.7,0.09,是,是,0.71,塔吊,17.3,0.45,0,0.81,0.86,0,0.72,低风险
0.7,0.21,否,0.6,0.75,13.19,中级,无,1次,82.62,13.63,0.32,是,是,0.59,车辆,1.83,1,0.33,0.84,0.79,5,0.82,无风险
0.26,0.27,否,0.79,0.84,9.1,中级,无,≥2次,10.39,13.51,0.1,是,是,0.89,高支模,17.96,0.62,0.52,0.9,0.67,3,0.81,中风险
0.69,0.98,否,0.77,0.87,13.49,中级,无,1次,8.46,85.18,0.48,是,是,0.61,高支模,4.69,0.48,0.12,0.85,0.48,4,0.51,极高风险
0.27,0.18,否,0.47,0.7,4.02,中级,无,≥2次,24.47,21.41,0.23,是,是,0.19,塔吊,7.33,0.39,0.26,0.92,0.77,2,0.93,极高风险
0.44,0.23,否,0.81,0.8,11.16,中级,无,无,24.71,41.67,0.21,是,是,0.99,车辆,10.91,0.88,0.14,0.87,0.56,1,0.75,无风险
0.71,0.59,否,0.77,0.82,1.85,初级,无,≥2次,12.18,38.46,0.28,是,是,0.25,深基坑,33.26,0.44,0.45,0.75,0.41,1,0.46,极高风险
0.19,0.16,否,0.65,0.77,14.7,高级,无,无,38.89,27.39,0.1,否,是,0.65,车辆,22.79,0.34,0.29,0.89,0.55,6,0.67,极高风险
0.87,0.47,否,0.7,0.73,9.27,中级,无,无,19.44,41.25,0.06,是,是,0.86,配电箱,0.94,0.64,0.19,0.59,0.77,2,0.73,无风险
0.67,0.22,否,0.69,0.93,4.18,初级,无,无,11.83,20.07,0.16,是,是,0.32,深基坑,12.96,0.34,0.36,0.94,0.31,1,0.45,高风险
0.92,0.22,否,0.85,0.78,0.62,初级,无,无,29.47,24.19,0.21,是,是,0.65,塔吊,28.38,1,0.19,0.53,0.55,1,0.83,无风险
0.49,0.61,否,0.63,0.63,7.82,无证,无,1次,26.91,23.64,0.17,是,是,0.95,车辆,0.98,0.59,0.13,0.9,0.54,0,0.77,高风险
0.58,0.39,否,0.53,0.96,4.5,初级,无,无,9.1,19.89,0.38,是,是,0.8,深基坑,1.14,1,0.05,0.76,0.46,2,0.83,无风险
0.71,0.42,否,0.61,0.94,3.13,初级,无,无,18.67,10.69,0.14,是,是,0.63,高支模,14,0.48,0.07,0.86,0.09,3,0.76,中风险
0.72,0.14,否,0.79,0.86,6.54,初级,无,无,23.05,63.34,0.36,是,是,0.86,车辆,19.57,0.43,0.16,0.63,0.16,3,0.38,高风险
0.77,0.21,否,0.56,0.6,0.1,中级,无,1次,15.14,7.73,0.22,是,是,0.68,塔吊,21.3,1,0.36,0.92,0.88,0,0.76,高风险
0.62,0.29,否,0.67,0.75,2.1,初级,无,无,16.5,44.43,0.4,是,是,0.6,配电箱,19.13,0.91,0.5,0.75,0.56,4,0.86,极高风险
0.83,0.52,否,0.63,0.79,6.93,中级,无,无,25.89,33.32,0.36,是,否,0.62,配电箱,38.26,0.79,0.13,0.72,0.33,5,0.77,极高风险
0.55,0.18,是,0.45,0.96,7.65,无证,无,无,10.74,16.17,0.13,是,是,0.41,塔吊,1.19,0.99,0.04,0.91,0.49,1,0.55,极高风险
0.76,0.25,否,0.77,0.73,24.17,高级,无,无,17.27,27.39,0.21,是,是,0.92,塔吊,9.48,0.57,0,0.78,0.91,4,0.93,无风险
0.78,0.21,否,0.62,0.77,5.02,中级,1次,无,20.37,24.8,0.33,是,是,0.75,深基坑,16.89,0.81,0.18,0.67,0.41,3,0.83,低风险
0.51,0.49,否,0.53,0.85,9.94,高级,无,无,21.71,47.55,0.47,是,是,0.54,深基坑,30.59,1,0.46,1,0.82,3,0.72,高风险
0.81,0.73,否,0.8,0.74,2.38,中级,1次,≥2次,25.68,45.7,0.17,是,是,0.51,深基坑,34.02,0.85,0.88,0.7,0.87,4,0.42,极高风险
0.46,0.1,否,0.7,0.8,5.1,高级,无,1次,15.06,34.07,0.01,是,否,0.83,深基坑,12.54,0.46,0.45,0.81,0.81,4,0.63,高风险
0.78,0.28,否,0.7,0.89,12.74,初级,无,无,11.65,34.31,0.04,是,是,0.45,高支模,4.22,0.68,0.1,0.9,0.82,3,0.72,无风险
0.65,0.28,否,0.76,0.98,15.83,高级,无,无,26.39,33.25,0.55,是,是,0.81,车辆,19.47,0.63,0.05,0.88,0.65,1,0.04,高风险
0.34,0.45,否,0.82,0.92,19.89,初级,1次,1次,19.62,43.38,0.35,是,是,0.75,高支模,13.38,0.7,0,0.75,0.4,3,0.66,高风险
0.59,0.36,否,0.76,0.83,25.47,中级,1次,无,7.64,67.21,0.27,是,是,0.73,深基坑,31.78,0.41,0.42,0.81,0.01,6,0.46,极高风险
0.47,0.19,否,0.59,0.73,0.9,初级,无,无,52.77,13.57,0.38,是,是,0.43,深基坑,1.17,1,0.48,0.87,0.84,4,0.44,中风险
0.89,0.41,是,0.72,0.69,2.31,高级,1次,1次,23.66,25.91,0.53,是,是,0.2,高支模,12.33,1,0.28,0.63,0.37,1,0.73,极高风险
0.91,0.32,否,0.64,0.6,7.45,中级,无,无,16.49,19.58,0.14,是,是,0.65,配电箱,0.5,0.5,0.13,0.85,0.56,1,0.44,高风险
0.54,0.17,否,0.75,0.76,13.11,初级,无,≥2次,13.98,52.76,0.33,否,是,0.87,塔吊,6.23,0.71,0.44,0.76,0.77,1,0.5,极高风险
0.23,0.23,否,0.77,0.77,0.76,初级,无,≥2次,42.75,24.54,0.09,是,是,0.9,高支模,9.78,0.63,0.63,0.76,0.81,2,0.23,高风险
0.81,0.35,否,0.75,0.71,2.12,初级,无,无,10.5,28.28,0.22,是,是,0.85,塔吊,4.94,1,0.27,0.86,0.53,1,0.52,无风险
0.72,0.61,否,0.81,0.68,2.28,中级,1次,无,13.34,92.48,0.27,是,否,0.23,高支模,12.46,0.64,0.11,0.68,0.56,1,0.79,极高风险
0.63,0.27,否,0.82,0.68,2.68,初级,无,1次,36.31,37.6,0.75,是,是,0.64,配电箱,18.09,0.39,0.35,0.97,0.85,4,0.35,极高风险
0.85,0.57,否,0.77,0.87,22.66,中级,无,无,26.23,92.95,0.5,是,否,0.85,配电箱,2.71,0.78,0.02,0.78,0.56,1,0.91,高风险
0.35,0.28,否,0.71,0.97,9.58,高级,无,无,19.48,15.34,0.06,是,是,0.92,配电箱,4.32,0.79,0.33,0.73,0.69,4,0.82,无风险
0.48,0.73,否,0.8,0.64,6.52,中级,无,1次,18.03,40.31,0.07,是,是,0.45,塔吊,10.63,0.6,0.86,0.93,0.98,0,0.73,高风险
0.69,0.32,否,0.72,0.8,8.53,高级,1次,无,17.45,19.84,0.08,是,是,0.29,车辆,2.3,0.86,0.39,0.72,0.79,0,0.42,无风险
0.59,0.26,否,0.85,0.76,6.98,高级,1次,无,39.96,10.02,0.24,是,是,0.29,车辆,35.96,0.9,0.03,0.57,0.35,2,0.69,中风险
0.62,0.5,否,0.61,0.75,0.89,高级,无,无,11.79,36.31,0.05,是,是,0.44,车辆,2.19,0.47,0.07,0.79,0.57,2,0.66,无风险
0.85,0.43,否,0.76,0.75,3.25,中级,≥2次,≥2次,37.27,63.97,0.01,是,是,0.78,塔吊,15.7,0.48,0.07,0.95,0.54,10,0.47,极高风险
0.84,0.22,否,0.65,0.92,3.77,中级,无,1次,17.45,22.83,0.06,是,是,0.33,高支模,20.41,0.67,0.21,0.59,0.84,1,0.88,低风险
0.93,0.48,否,0.75,0.96,13.53,中级,无,无,14.64,14.74,0.17,是,是,0.58,塔吊,7.34,0.83,0.81,0.86,0.67,5,0.43,低风险
0.28,0.13,否,0.61,0.84,6.88,初级,无,无,16.25,42.1,0.17,是,是,0.74,高支模,7.35,0.56,0.05,0.74,0.45,3,0.91,低风险
0.85,0.23,否,0.67,0.79,0.95,高级,1次,无,13.82,15.37,0.08,是,是,0.49,高支模,14.62,0.54,0.16,0.96,0.32,2,0.52,低风险
0.51,0.28,否,0.8,0.96,6.14,高级,无,1次,30.24,25.37,0.8,是,是,0.84,高支模,27.86,0.4,0.1,0.95,0.88,4,0.44,中风险
0.93,0.42,否,0.68,0.85,1.76,高级,1次,无,26.76,41.84,0.62,是,是,0.75,车辆,20.38,1,0.38,0.92,0.92,1,0.54,中风险
0.84,0.18,否,0.55,0.7,2.34,无证,无,无,19.78,20.08,0.01,是,是,0.79,车辆,49.49,0.68,0.32,0.94,0.26,4,0.73,高风险
0.7,0.83,否,0.78,0.98,33.13,中级,无,1次,13.13,24.23,0.21,是,是,0.54,配电箱,4.33,0.22,0.2,0.69,0.64,2,0.43,高风险
0.88,0.39,否,0.59,0.8,13.36,高级,无,无,30.92,47.61,0.15,是,是,0.75,车辆,25.69,0.82,0.12,0.87,0.3,3,0.57,低风险
0.88,0.15,否,0.88,0.78,1.54,中级,无,≥2次,17.74,19.26,0.28,是,是,0.92,塔吊,26.08,0.08,0.02,0.89,0.77,3,0.59,低风险
0.7,0.08,否,0.71,0.89,1.5,中级,无,无,20.05,12.54,0.15,是,是,0.76,深基坑,0.46,0.76,0,0.93,0.46,3,0.66,无风险
0.26,0.17,否,0.78,0.67,19.83,初级,≥2次,1次,16.75,23.49,0.33,是,是,0.79,车辆,0.07,0.31,0.68,0.9,0.8,4,0.45,高风险
0.68,0.38,否,0.65,0.85,2.29,高级,无,1次,26.57,17.37,0.15,是,是,0.9,配电箱,43.18,0.34,0.39,0.52,0.78,3,0.88,低风险
0.63,0.46,否,0.69,0.82,16.26,初级,无,1次,12.12,18.66,0.38,是,是,0.91,车辆,13.84,0.55,0.17,0.42,0.25,4,0.34,极高风险
0.65,0.24,否,0.75,0.86,1.39,高级,1次,无,14.93,22.02,0.05,是,是,0.34,车辆,19.27,1,0.88,0.61,0.74,2,0.8,中风险
0.58,0.18,否,0.67,0.74,6.99,中级,无,≥2次,43.44,16.63,0.07,是,是,0.95,配电箱,11.86,0.27,0.35,0.76,0.66,3,0.51,高风险
0.76,0.26,否,0.75,0.95,0.73,中级,无,无,17.57,16.64,0.27,是,是,0.7,车辆,28.91,0.54,0.62,0.8,0.79,3,0.67,低风险
0.83,0.45,否,0.82,0.66,14.93,高级,1次,1次,21.15,54.41,0.48,是,是,0.59,深基坑,19.73,1,0.03,0.79,0.65,2,0.81,中风险
0.25,0.65,否,0.64,0.69,1.06,高级,无,1次,7.46,46.75,0.74,是,是,0.7,车辆,12.37,0.75,0,0.66,0.62,2,0.72,极高风险
0.44,0.21,否,0.64,0.62,1.9,初级,无,1次,21.41,23.79,0.33,是,是,0.44,配电箱,6.72,0.56,0.01,0.85,0.89,5,0.33,高风险
0.09,0.15,否,0.63,0.79,1.48,中级,无,无,16.76,38.95,0.2,是,是,0.45,塔吊,2.99,0.51,0.1,0.8,0.56,1,0.55,高风险
0.28,0.13,否,0.76,0.66,37.34,高级,1次,无,31.49,17.12,0.16,是,是,0.67,塔吊,10.88,0.46,0.36,0.79,0.66,2,0.65,无风险
0.45,0.5,否,0.72,0.68,2.16,中级,无,1次,11.34,8.21,0.19,是,是,0.57,车辆,6.94,0.5,0.53,0.79,0.8,3,0.88,中风险
0.87,0.4,否,0.73,0.78,7.98,高级,无,无,5.7,15.26,0.16,是,是,0.17,配电箱,2.38,0.55,0.17,0.89,0.72,3,0.18,高风险
0.96,0.46,否,0.79,0.63,2.43,高级,无,无,13.69,57.36,0.02,否,是,0.46,深基坑,8.86,0.77,0.33,0.69,0.76,1,0.44,高风险
0.53,0.15,否,0.67,0.72,19.05,初级,无,1次,16.17,49.59,0.04,是,是,0.95,深基坑,25.67,0.23,0.35,0.68,0.79,0,0.4,高风险
0.72,0.57,否,0.74,0.79,7.12,初级,无,≥2次,24.69,45.86,0.27,是,是,0.87,配电箱,60.64,0.52,0.29,0.87,0.74,4,0.7,极高风险
0.61,0.36,否,0.55,0.67,11.15,中级,无,无,40.38,15.65,0.58,是,是,0.59,塔吊,2.63,0.83,0.52,0.69,0.26,3,0.58,高风险
0.48,0.61,否,0.86,0.71,0.75,初级,无,1次,24.47,68.67,0.2,是,是,0.61,塔吊,7.74,0.37,0.1,0.69,0.61,2,0.77,极高风险
0.76,0.56,是,0.68,0.87,30.65,高级,无,无,10.88,91.02,0.08,是,是,0.56,车辆,16.4,1,0.4,0.8,0.57,3,0.83,高风险
0.94,0.71,否,0.62,0.68,2.48,中级,无,无,22.45,17.15,0.39,是,是,0.53,深基坑,23.84,0.64,0.21,0.76,0.92,1,0.65,中风险
0.63,0.68,是,0.92,0.75,9.04,中级,无,1次,19.41,26.96,0.04,是,是,0.34,塔吊,3.49,1,0.97,0.82,0.63,2,0.63,极高风险
0.81,0.67,否,0.81,0.81,13.52,中级,无,无,23.66,47.79,0.38,是,是,0.31,深基坑,18.9,0.71,0,0.96,0.77,6,0.51,中风险
0.39,0.15,否,0.78,0.74,12.84,初级,1次,1次,16.11,14.02,0.05,是,是,0.28,塔吊,28.92,0.74,0,0.81,0.66,1,0.38,中风险
0.64,0.52,否,0.73,0.73,22.74,无证,无,无,34.92,21.05,0.21,是,是,0.95,车辆,2.02,0.67,0.49,0.94,0.69,0,0.77,高风险
0.93,0.19,否,0.77,0.81,8.82,高级,无,1次,17.29,22.16,0.09,是,是,0.86,深基坑,16.63,0.76,0.12,0.97,0.65,4,0.18,无风险
0.63,0.16,否,0.64,0.75,11.42,中级,无,无,20.22,62.54,0.17,是,是,0.6,高支模,41.4,0.68,0.15,0.81,0.66,2,0.75,中风险
0.19,0.28,否,0.75,0.91,11.33,初级,无,无,24.18,19.4,0.07,是,是,0.25,配电箱,8.37,1,0,0.96,0.36,0,0.47,高风险
0.52,0.15,否,0.56,0.81,2.62,中级,无,1次,27.69,57.33,0.41,是,是,0.84,深基坑,12.9,0.73,0.4,0.67,0.69,4,0.89,高风险
0.47,0.27,否,0.63,0.64,1.27,中级,无,无,21.28,5.19,0.07,是,是,0.4,塔吊,17.66,0.79,0.12,0.83,0.45,0,0.81,低风险
0.33,0.14,否,0.71,0.77,6.37,初级,无,1次,23.7,40.75,0.39,是,是,0.51,高支模,22.54,0.63,0.9,0.62,0.82,1,0.43,极高风险
0.56,0.57,否,0.56,0.84,5.33,初级,无,无,14.93,41.45,0.31,是,是,0.77,车辆,30.38,0.5,0.72,0.86,0.77,2,0.69,极高风险
0.46,0.51,否,0.84,0.75,3.41,初级,无,无,23.99,26.5,0.08,是,是,0.81,高支模,16.15,0.67,0.23,0.94,0.71,0,0.76,低风险
0.69,0.71,否,0.8,0.79,0.82,中级,无,≥2次,10.1,31.33,0.22,是,是,0.82,深基坑,3.87,0.73,0.32,0.94,0.2,4,0.76,高风险
0.46,0.23,否,0.93,0.76,2.94,初级,无,无,34.55,44.42,0.37,是,是,0.81,深基坑,1.05,1,0.56,0.81,0.7,2,0.55,低风险
0.44,0.1,否,0.64,0.85,30.01,中级,无,无,13.33,17.36,0.12,是,是,0.59,配电箱,10.24,0.85,0,0.74,0.07,1,0.29,无风险
0.83,0.22,否,0.83,0.84,20.36,中级,无,无,27.45,27.9,0.36,是,是,0.67,配电箱,44.17,1,0.19,0.71,0.73,4,0.34,无风险
0.21,0.2,否,0.68,0.88,6.87,中级,无,≥2次,24.95,50.01,0.5,是,是,0.85,塔吊,62.52,0.74,0.4,0.94,0.56,2,0.62,极高风险
0.65,0.25,否,0.67,0.82,0.3,中级,无,无,17.31,36.1,0.09,是,否,0.81,塔吊,3.79,1,0,0.86,0.76,6,0.57,高风险
0.81,0.45,是,0.67,0.96,4.56,高级,无,无,12.81,98.15,0.18,否,是,0.87,深基坑,15.06,0.8,0.03,0.8,0.66,3,0.72,极高风险
0.86,0.1,否,0.58,0.65,12.45,中级,无,无,12.32,26.46,0.12,是,是,0.56,高支模,1.84,0.4,0,0.77,0.64,2,0.32,无风险
0.97,0.4,否,0.82,0.95,3.85,中级,无,无,27.96,77.98,0.02,是,否,0.5,车辆,0.37,1,0,0.88,0.67,1,0.48,高风险
0.91,0.22,否,0.75,0.73,14.85,高级,无,无,21.81,13.6,0.18,是,是,0.86,配电箱,28.16,0.61,0.14,0.45,0.08,4,0.82,无风险
0.84,0.23,否,0.56,0.78,3.41,初级,无,≥2次,73.9,18.22,0.39,是,是,0.47,深基坑,98.88,0.58,0.25,0.92,0.58,3,0.82,极高风险
0.8,0.17,否,0.82,0.72,1.98,初级,无,1次,31.7,18.24,0.09,是,是,0.53,配电箱,9.52,1,0.43,0.84,0.55,0,0.56,中风险
0.67,0.21,否,0.72,0.62,7.32,中级,无,无,41.26,35.84,0.11,是,是,0.89,塔吊,25.15,1,0.17,0.62,0.65,8,0.46,低风险
0.46,0.6,否,0.65,0.87,0.24,中级,无,无,16.53,13.97,0.07,是,是,0.85,塔吊,2.43,0.46,0,0.68,0.69,0,0.5,无风险
0.86,0.47,否,0.81,0.94,3.06,高级,无,无,29.86,29.2,0.04,是,是,0.47,车辆,21.92,1,0.59,0.97,0.78,1,0.96,无风险
0.67,0.14,否,0.66,0.86,3.39,初级,无,无,21.33,31.72,0.08,是,是,0.58,配电箱,15.75,0.8,0,0.91,0.36,4,0.48,低风险
0.46,0.13,否,0.67,0.8,10.67,初级,无,无,22.24,24.29,0,是,是,0.7,深基坑,59.48,1,0,0.94,0.66,3,0.8,无风险
0.81,0.42,否,0.75,0.84,1.67,中级,无,无,42.68,30.77,0.42,是,是,0.18,高支模,27.89,0.62,0.14,0.89,0.75,3,0.73,高风险
0.32,0.5,否,0.65,0.87,0.78,初级,无,无,26.75,65.07,0.12,是,是,0.91,深基坑,37.45,0.77,0.09,0.61,0.46,2,0.5,高风险
0.29,0.4,否,0.66,0.87,22.86,中级,无,≥2次,30.52,30.1,0.02,是,是,0.9,高支模,2.81,0.63,0.24,0.52,0.56,1,0.76,低风险
0.45,0.37,否,0.66,0.7,14.45,初级,无,无,11.97,39.9,0.15,是,是,0.26,深基坑,37.18,0.28,0.36,0.83,0.45,3,0.65,极高风险
0.37,0.15,否,0.69,0.84,1.83,初级,1次,1次,14.96,27.3,0.24,是,是,0.8,塔吊,12.81,0.57,0.48,0.91,0.73,3,0.46,高风险
0.56,0.27,否,0.62,0.81,7.16,初级,无,无,15.85,22.25,0.03,是,是,0.69,塔吊,9.59,0.48,0.04,0.96,0.94,1,0.61,无风险
0.88,0.12,否,0.71,0.72,12.92,高级,≥2次,无,14.56,28.6,0.25,是,是,0.85,配电箱,14.6,0.64,0.01,0.91,0.89,4,0.46,无风险
0.68,0.09,否,0.51,0.82,7.28,中级,无,≥2次,16.95,31.81,0.06,是,是,0.58,高支模,16.3,0.68,0.05,0.8,0.41,5,0.56,高风险
0.84,0.14,否,0.79,0.85,9.03,中级,1次,无,25,9.73,0.34,是,是,0.08,深基坑,0.08,0.24,0.9,0.91,0.48,3,0.76,高风险
0.38,0.51,否,0.67,0.81,1.99,无证,1次,1次,20.67,55.24,0.18,是,是,0.88,塔吊,11.65,0.81,0.39,0.58,0.52,7,0.94,极高风险
0.59,0.53,否,0.67,0.91,0.04,初级,无,无,18.84,37.02,0.27,是,否,0.47,高支模,8.58,0.71,0.43,0.95,0.73,1,0.72,极高风险
0.7,0.38,否,0.79,0.8,11.93,中级,无,无,22.67,20.06,0.52,是,是,0.66,配电箱,28.14,1,0,0.92,0.71,2,0.27,无风险
0.84,0.21,否,0.64,0.64,3.22,中级,无,无,11.27,63.18,0.24,是,是,0.95,高支模,18.42,0.58,0.35,0.65,0.36,3,0.62,高风险
0.76,0.35,否,0.55,0.87,2.06,无证,无,无,18.79,14.24,0.1,否,是,0.81,深基坑,27.08,0.57,0.06,0.83,0.76,4,0.51,极高风险
0.87,0.29,否,0.73,0.81,13.86,高级,无,1次,15.87,18.65,0.36,是,是,0.83,深基坑,26.56,0.48,0.86,0.9,0.94,3,0.3,低风险
0.46,0.12,否,0.7,0.88,7.64,中级,无,无,21.85,71.53,0.42,是,否,0.71,高支模,4.17,0.48,0.62,0.66,0.16,4,0.5,极高风险
0.53,0.23,否,0.55,0.62,5.14,中级,无,无,13.21,21.97,0.21,是,是,0.35,车辆,28.97,0.45,0,0.55,0.29,4,0.7,高风险
0.65,0.35,否,0.77,0.94,14.4,中级,无,1次,14.28,22.53,0.28,是,是,0.39,高支模,0.38,0.94,0.01,0.88,0.53,1,0.55,无风险
0.4,0.26,否,0.53,0.75,24.01,高级,无,无,31.28,51.55,0.28,是,是,0.92,塔吊,27.15,0.84,0,0.74,0.63,3,0.64,无风险
0.84,0.37,否,0.66,0.89,22.67,中级,无,无,31.79,19.86,0.53,是,是,0.81,高支模,5.43,0.81,0.28,0.72,0.51,1,0.54,无风险
0.66,0.3,否,0.67,0.9,15.92,初级,1次,无,23.15,63.05,0.23,是,是,0.69,深基坑,77.88,0.39,0.14,0.93,0.57,5,0.48,极高风险
0.73,0.46,否,0.73,0.87,6.25,初级,1次,无,28.95,12.68,0.19,是,是,0.65,高支模,9.46,0.62,0,0.55,0.29,2,0.36,中风险
0.82,0.28,否,0.7,0.74,0.61,初级,无,无,20.38,14.36,0.49,是,是,0.86,车辆,26.31,0.33,0.31,0.93,0.23,3,0.68,高风险
0.92,0.22,否,0.72,0.69,13.41,初级,无,1次,17.59,40.63,0.38,是,是,0.18,高支模,23.25,0.5,0,0.68,0.77,3,0.71,高风险
0.26,0.19,否,0.72,0.93,18.59,中级,无,1次,35.33,63.85,0.29,是,是,0.57,配电箱,39.69,0.65,0.21,0.83,0.89,5,0.43,高风险
0.57,0.26,否,0.68,0.74,12.93,初级,无,无,9.86,11.46,0,是,是,0.57,塔吊,11.25,1,0.72,0.92,0.87,3,0.68,无风险
0.84,0.52,否,0.53,0.74,9.88,初级,无,无,37.52,44.82,0.62,是,是,0.13,深基坑,23.83,1,0.15,0.88,0.98,1,0.34,高风险
0.72,0.32,否,0.85,0.76,13.14,初级,无,无,28.92,41.83,0.02,是,是,0.49,塔吊,14.19,0.79,0.07,0.91,0.74,1,0.79,无风险
0.16,0.06,否,0.59,0.66,3.44,高级,无,无,13.36,15.41,0.44,是,是,0.57,高支模,20.16,1,0.11,0.9,0.74,1,0.33,高风险
0.55,0.23,否,0.7,0.79,2.74,初级,1次,无,87.15,41.23,0.32,是,是,0.81,高支模,2.68,0.65,0.28,0.6,0.4,3,0.47,高风险
0.7,0.19,否,0.85,0.87,1.07,初级,1次,无,21.68,9.53,0.19,是,是,0.83,配电箱,17.15,0.31,0.1,0.82,0.53,3,0.57,中风险
0.72,1,否,0.88,0.9,11.98,中级,无,无,29.63,114.97,0.35,是,是,0.81,车辆,17.53,0.58,0,0.87,0.66,4,0.25,高风险
0.66,0.39,否,0.76,0.89,11.8,高级,无,无,15.71,46.92,0.06,是,是,0.66,塔吊,21.79,0.85,0.35,0.76,0.86,1,0.4,无风险
0.77,0.23,否,0.77,0.56,4.67,初级,1次,≥2次,24.11,37.63,0.2,是,是,0.12,高支模,5.37,0.65,0.13,0.84,0.65,3,0.61,极高风险
0.61,0.19,否,0.77,0.87,16.35,初级,无,1次,10.33,11.48,0.24,是,是,0.64,深基坑,2.07,0.97,0,0.72,0.7,5,0.85,无风险
0.68,0.6,否,0.73,0.99,20.18,中级,无,无,17.33,31.64,0.47,是,否,0.31,车辆,26.8,0.35,0.08,0.63,0.8,1,0.48,极高风险
0.75,0.47,否,0.73,0.82,1.35,初级,无,1次,10.14,9.78,0.34,是,是,0.78,配电箱,0.72,0.79,0,0.86,0.69,2,0.54,无风险
0.36,0.25,否,0.71,0.75,0.35,中级,无,1次,28.12,17.98,0.14,是,是,0.24,配电箱,16.61,0.52,0.13,0.97,0.45,2,0.79,高风险
0.61,0.12,否,0.63,0.72,2.25,高级,1次,无,16.16,31.11,0.55,是,否,0.35,高支模,23.42,0.26,0.13,0.73,0.52,2,0.32,极高风险
0.72,0.28,否,0.83,0.7,6.75,高级,无,≥2次,22.44,35.1,0.01,是,是,0.44,深基坑,0.67,0.55,0.73,0.81,0.46,2,0.57,中风险
0.38,0.06,否,0.57,0.75,2.75,高级,无,1次,27.23,20.63,0.02,是,是,0.45,配电箱,27.67,0.65,0.9,0.73,0.62,2,0.33,高风险
0.1,0.22,否,0.65,0.76,1.29,高级,无,无,22.33,33.99,0.07,是,否,0.35,深基坑,13.4,0.25,0.1,0.65,0.43,2,0.51,极高风险
0.87,0.13,否,0.61,0.65,3.73,中级,无,无,11.49,22.19,0.76,是,是,0.62,塔吊,18.76,0.63,0.17,0.86,0.95,1,0.74,无风险
0.61,0.13,否,0.83,0.77,6.18,中级,无,无,17.68,10.37,0.02,是,是,0.78,深基坑,21.89,0.46,0.44,0.93,0.37,1,0.54,低风险
0.21,0.53,否,0.55,0.83,24.97,中级,无,无,31.76,32.92,0.31,是,否,0.65,塔吊,31.93,0.91,0,0.83,0.08,2,0.76,高风险
0.33,0.16,否,0.64,0.78,8.86,高级,1次,1次,15.86,20.3,0.41,是,是,0.52,深基坑,15.93,0.5,0.01,0.71,0.64,1,0.24,中风险
0.88,0.36,否,0.77,0.97,22.05,初级,无,无,34.29,84.06,0.31,是,是,0.77,车辆,1.4,0.81,0.06,0.95,0.52,1,0.42,无风险
0.31,0.16,否,0.68,0.82,1.42,初级,无,无,17.72,9.54,0.33,是,是,0.4,车辆,0.54,1,0.28,0.86,0.62,3,0.39,低风险
0.99,0.26,否,0.87,0.8,8.58,中级,无,1次,13.54,24.34,0.08,是,是,0.85,高支模,0.19,0.35,0.49,0.71,0.4,7,0.76,低风险
0.56,0.26,否,0.57,0.63,0.07,中级,1次,1次,18.52,16.27,0.22,是,否,0.35,深基坑,33.85,0.56,0,0.62,0.64,2,0.84,极高风险
0.42,0.16,否,0.54,0.88,11.78,中级,无,无,8.89,17.32,0.42,是,是,0.92,高支模,29.95,0.75,0.45,0.85,0.57,1,0.52,中风险
0.64,0.24,否,0.66,0.8,14.49,中级,无,1次,9.79,17.65,0.06,是,是,0.63,深基坑,8.64,0.51,0.06,0.88,0.91,1,0.49,无风险
0.66,0.05,否,0.68,0.81,7.23,高级,无,1次,10.01,26.18,0.16,是,是,0.52,塔吊,11.07,0.8,0.42,0.98,0.58,1,0.56,无风险
0.87,0.21,否,0.83,0.77,14.12,中级,1次,无,28.5,13.32,0.04,否,是,0.25,高支模,22.95,0.08,0,0.92,0.55,2,0.76,高风险
0.64,0.83,否,0.66,0.76,19.85,中级,无,1次,10.01,25.86,0.44,否,是,0.73,车辆,2.53,0.63,0.85,0.66,0.62,6,0.84,极高风险
0.58,0.4,否,0.68,0.8,12.88,初级,无,无,25,28.07,0.74,是,是,0.6,深基坑,62.95,0.81,0.35,0.91,0.52,6,0.73,极高风险
0.46,0.16,否,0.54,0.85,2.49,中级,无,无,21.46,36.36,0.06,是,是,0.7,车辆,56.24,1,0.08,0.52,0.94,2,0.46,低风险
0.4,0.26,否,0.64,0.83,0.98,中级,1次,1次,29.84,13.96,0.68,是,是,0.94,配电箱,18.35,0.13,0.14,0.9,0.89,4,0.79,高风险
0.92,0.63,否,0.66,0.84,5.46,无证,无,无,25.66,18.21,0.15,是,是,0.85,高支模,19.23,0.55,0.2,0.89,0.82,3,0.42,高风险
0.67,0.17,否,0.84,0.91,0.17,中级,无,无,24.1,21.15,0.25,是,是,0.48,车辆,25.02,0.66,0.09,0.64,0.62,7,0.8,中风险
0.9,0.39,否,0.78,0.71,1.6,中级,无,无,31.86,62.08,0.44,是,是,0.71,深基坑,22.54,0.26,0,0.65,0.39,6,0.5,极高风险
0.7,0.2,否,0.67,0.87,24.93,中级,1次,≥2次,15.77,27.3,0.09,是,否,0.9,深基坑,21.54,0.57,0.43,0.49,0.26,2,0.64,极高风险
0.66,0.08,否,0.54,0.71,16.07,初级,无,无,8.43,16.63,0.49,是,是,0.48,塔吊,7.18,0.79,0.16,0.56,0.42,2,0.72,低风险
0.71,0.21,否,0.73,0.87,12.35,高级,无,无,18.68,47.06,0.39,是,是,0.32,深基坑,10.91,0.52,0,0.88,0.92,5,0.23,无风险
0.74,0.3,否,0.6,0.97,6.87,中级,1次,无,15.04,11.85,0.38,是,是,0.97,配电箱,32.62,0.62,0,0.46,0.32,7,0.74,中风险
0.71,0.17,否,0.66,0.71,2.16,高级,无,1次,18.92,30.1,0.05,是,是,0.91,车辆,78.86,0.43,0.71,0.95,0.48,2,0.63,中风险
0.54,0.49,否,0.69,0.8,0.89,无证,无,无,21.91,36.08,0.45,是,是,0.35,塔吊,2.39,0.66,0,0.91,0.68,2,0.24,高风险
0.5,0.21,否,0.67,0.78,3.08,高级,无,无,37.66,77.69,0.08,是,是,0.73,深基坑,6.65,0.63,0.65,0.85,0.16,4,0.66,中风险
0.63,0.21,否,0.65,0.94,12.48,中级,无,无,12.34,18.67,0.24,是,是,0.57,高支模,16.41,0.56,0.2,0.49,0.39,3,0.5,中风险
0.07,0.54,否,0.78,0.65,7.7,中级,1次,无,32.32,54.58,0.31,是,是,0.1,车辆,9.61,0.83,0.15,0.82,0.82,3,0.63,极高风险
0.76,0.57,否,0.67,0.85,2.61,初级,无,无,25.85,28.18,0.09,是,是,0.77,高支模,27.47,1,0.38,0.88,0.76,0,0.37,中风险
0.79,0.09,否,0.61,0.75,2.19,中级,无,1次,23.38,33.99,0.01,是,是,0.32,车辆,8.72,0.82,0.04,0.82,0.92,1,0.17,无风险
0.93,0.28,否,0.72,0.72,0.44,无证,无,无,13.32,33.26,0.37,是,是,0.36,车辆,17.68,0.93,0.59,0.92,0.77,0,0.38,极高风险
0.59,0.15,否,0.72,0.87,11.52,中级,无,1次,17.42,36.38,0.04,是,是,0.81,车辆,12.63,0.76,0.03,0.95,0.93,4,0.33,无风险
0.27,0.14,否,0.75,0.86,7.53,中级,无,无,12.58,27.08,0.06,是,是,0.89,车辆,21.35,0.95,0.04,0.97,0.72,3,0.47,无风险
0.82,0.07,否,0.67,0.83,6.48,初级,1次,无,25.46,52.83,0.16,是,是,0.95,高支模,12.98,0.41,0.05,0.91,0.39,1,0.9,低风险
0.36,0.11,否,0.72,0.75,15.69,中级,无,无,23.27,20.95,0.17,否,是,0.64,配电箱,40.52,0.75,0,0.84,0.38,5,0.5,高风险
0.68,0.84,否,0.92,0.92,6.79,中级,1次,无,12.37,36.1,0.71,是,是,0.29,深基坑,0.1,0.67,0.07,0.75,0.22,2,0.8,高风险
0.34,0.35,否,0.73,0.73,0.56,初级,无,无,62.42,34.82,0.09,是,是,0.57,深基坑,8.13,0.46,0.19,0.98,0.47,3,0.27,高风险
0.12,0.12,否,0.61,0.78,1.8,初级,无,无,8.64,31.84,0.17,是,是,0.06,深基坑,2.91,0.79,0.03,0.88,0.83,6,0.27,极高风险
0.73,0.31,否,0.74,0.75,9.54,中级,无,1次,10.13,20.34,0.05,是,是,0.57,深基坑,6.72,0.64,0.2,0.9,0.69,4,0.9,无风险
0.54,0.35,否,0.82,0.92,18.94,无证,无,1次,28.34,56.85,0.2,是,是,0.4,塔吊,33.8,0.3,0.12,0.43,0.24,3,0.56,极高风险
0.93,0.31,否,0.68,0.84,2.27,初级,1次,无,11.14,23.71,0.12,是,是,0.89,塔吊,3.96,1,0.21,0.74,0.79,2,0.78,无风险
0.6,0.38,否,0.76,0.71,0.58,初级,无,无,15.49,32.18,0.09,是,是,0.13,塔吊,16.18,0.8,0.64,0.51,0.57,1,0.86,高风险
0.59,0.35,否,0.83,0.8,3.85,无证,无,无,47.55,61.2,0.21,是,是,0.21,深基坑,4.64,1,0,0.74,0.66,3,0.6,高风险
0.48,0.3,否,0.8,0.78,4.82,中级,无,无,10.67,19.69,0.26,是,是,0.51,高支模,36.03,0.57,0.16,0.93,0.5,3,0.85,中风险
0.77,0.24,否,0.78,0.73,15.73,中级,无,1次,80.61,18.38,0.07,是,是,0.07,塔吊,14.44,0.72,0.53,0.93,0.56,2,0.3,高风险
0.76,0.73,否,0.74,0.89,23.41,初级,无,1次,23.5,19.58,0.41,是,是,0.72,高支模,24.24,1,0.1,0.89,0.63,1,0.46,中风险
0.81,0.56,否,0.61,0.76,0.97,中级,无,无,14.45,35.01,0.14,是,是,0.21,深基坑,26.11,0.4,0,0.87,0.63,6,0.7,高风险
0.35,0.17,否,0.84,0.6,8.38,初级,无,1次,9.62,34.65,0.09,是,是,0.52,深基坑,1.26,0.18,0.59,0.7,0.3,1,0.45,极高风险
0.4,0.3,否,0.73,0.7,0.94,中级,无,无,8.46,25.45,0.31,是,是,0.5,高支模,17.98,0.8,0.92,0.76,0.77,7,0.6,极高风险
0.34,0.22,否,0.72,0.69,2.24,高级,无,无,41.98,22.06,0.14,是,是,0.94,深基坑,50.31,1,0.38,0.85,0.74,3,0.75,无风险
0.77,0.43,否,0.73,0.72,28.35,初级,无,无,26.9,27.49,0.18,是,是,0.82,车辆,37.12,0.46,0.01,0.86,0.36,5,0.63,低风险
0.32,0.15,否,0.71,0.74,1.65,无证,1次,1次,10.84,17.3,0.08,是,是,0.49,深基坑,4.28,0.77,0,0.73,0.33,5,0.75,高风险
0.35,0.14,否,0.59,0.81,7.18,无证,无,无,38.5,26.08,0.18,是,是,0.23,车辆,30.23,0.6,0,0.9,0.46,3,0.66,高风险
0.37,0.57,否,0.81,0.72,2.9,高级,1次,1次,14.46,57.58,0.13,是,是,0.95,高支模,15.67,0.26,0.51,0.84,0.47,1,0.77,极高风险
0.37,0.37,否,0.61,0.89,20.56,中级,无,1次,12.14,94.57,0.16,是,是,0.99,配电箱,39.34,0.46,0.28,0.83,0.9,2,0.57,中风险
0.65,0.17,否,0.5,0.83,6.76,初级,1次,无,32.54,17.24,0.15,是,是,0.63,车辆,19.48,0.08,0.33,0.66,0.47,3,0.84,极高风险
0.86,0.22,否,0.74,0.69,6.78,中级,无,无,16.59,29.61,0.19,是,否,0.47,高支模,27.6,0.2,0.37,0.71,0.7,3,0.73,极高风险
0.73,0.44,否,0.8,0.73,2.34,初级,无,无,22.93,37.63,0.02,是,是,0.62,车辆,13.14,0.6,0.3,0.84,0.71,1,0.59,中风险
0.83,0.46,是,0.57,0.84,3.46,中级,无,无,17.65,23.7,0.42,是,是,0.82,配电箱,40.99,0.7,0.17,0.87,0.61,3,0.7,高风险
0.68,0.76,否,0.69,0.71,6.72,中级,无,无,32,39.29,0.05,是,是,0.45,配电箱,39.34,0.95,0.15,0.69,0.79,1,0.78,中风险
0.39,0.18,否,0.73,0.66,6.24,高级,无,1次,17.93,12.92,0.6,是,是,0.88,配电箱,0.39,1,0.11,0.86,0.73,7,0.51,无风险
0.33,0.25,否,0.61,0.84,0.86,高级,无,无,27.83,30.45,0.37,是,是,0.4,高支模,15.77,0.47,0,0.85,0.87,7,0.41,中风险
0.29,0.32,否,0.73,0.78,6.16,高级,无,无,33.18,24.77,0.24,是,是,0.94,车辆,15.7,0.92,0,0.74,0.73,2,0.98,无风险
0.62,0.2,否,0.83,0.87,3.14,中级,无,无,13.05,31.29,0.06,是,否,0.91,配电箱,0.23,0.49,0.16,0.79,0.7,3,0.46,高风险
0.67,0.26,否,0.73,0.81,9.78,初级,无,≥2次,15.62,28.87,0.5,是,是,0.49,配电箱,2.25,0.62,0,0.86,0.77,3,0.31,高风险
0.36,0.37,否,0.64,0.96,20.19,初级,无,1次,10.82,40.78,0.5,是,否,0.25,车辆,20.4,0.44,0.37,0.96,0.51,2,0.32,极高风险
0.73,0.15,否,0.83,0.84,21.91,初级,无,无,28.55,57.07,0.49,否,是,0.58,配电箱,35.24,0.36,0.35,0.95,0.85,0,0.49,极高风险
0.35,0.32,否,0.82,0.64,5.7,高级,无,无,17.45,17.8,0.07,是,是,0.81,车辆,2.53,0.42,0.22,0.85,0.83,2,0.63,无风险
0.86,0.41,否,0.9,0.78,0.94,高级,无,≥2次,28.2,59.72,0.13,是,是,0.42,深基坑,1.83,0.39,0.74,0.87,0.83,1,0.33,高风险
0.65,0.42,否,0.67,0.86,8.92,初级,无,无,10.7,30.16,0.32,是,是,0.11,高支模,3.93,1,0.53,0.74,0.55,7,0.37,极高风险
0.8,0.18,否,0.56,0.85,4.75,初级,无,1次,19.83,29.16,0.26,是,是,0.73,高支模,12.25,0.82,0.04,0.67,0.77,1,0.82,低风险
0.47,0.56,否,0.76,0.65,5.86,中级,无,≥2次,28.2,40.73,0.51,是,是,0.13,深基坑,4.29,1,0.54,0.82,0.81,6,0.72,极高风险
0.24,0.46,否,0.65,0.84,4.78,中级,无,1次,9.08,10.87,0.28,是,是,0.86,车辆,32.32,0.86,0,0.86,0.88,3,0.49,低风险
0.59,0.52,否,0.73,0.91,19.75,高级,无,1次,26.7,90.06,0.38,是,是,0.45,高支模,1.66,1,0,0.77,0.79,1,0.55,无风险
0.74,0.62,是,0.78,0.9,13.34,初级,无,无,23.57,24.22,0.02,是,是,0.16,车辆,4.2,0.88,0.26,0.92,0.63,3,0.7,极高风险
0.6,0.3,否,0.63,0.93,1.29,初级,1次,无,25.79,65.63,0.21,是,是,0.38,配电箱,6.06,0.59,0.14,0.88,0.15,2,0.93,极高风险
0.56,0.27,否,0.87,0.96,22.84,中级,≥2次,无,14.21,40.19,0.11,是,是,0.81,车辆,20.47,0.58,0.26,0.86,0.68,1,0.68,低风险
0.69,0.23,否,0.83,0.8,2.22,中级,无,无,36.06,26.38,0.29,是,是,0.87,深基坑,15.34,0.26,0.3,0.74,0.53,3,0.57,低风险
0.42,0.7,否,0.44,0.93,0.51,高级,1次,无,13.52,18.03,0.6,是,是,0.89,配电箱,0.37,1,0,0.62,0.54,2,0.77,无风险
0.42,0.16,否,0.63,0.9,10.45,初级,无,无,35,42.55,0.32,是,是,0.86,塔吊,1.69,1,0.03,0.77,0.65,2,0.63,无风险
0.87,0.22,否,0.77,0.63,4.65,高级,无,无,21.54,11.5,0.38,是,是,0.77,塔吊,19.8,0.73,0,0.8,0.69,6,0.43,无风险
0.87,0.49,否,0.72,0.76,12.69,初级,无,无,18.18,24.67,0.06,是,是,0.77,深基坑,32.88,1,0.34,0.72,0.73,2,0.69,低风险
0.94,0.52,否,0.69,0.88,7.2,高级,无,1次,13.95,56.21,0.15,是,是,0.82,车辆,1.12,1,0,0.67,0.26,4,0.86,无风险
0.61,0.44,否,0.52,0.73,0.06,中级,无,1次,73.43,59.34,0.1,是,是,0.92,车辆,36.68,0.3,0.28,0.83,0.41,4,0.4,极高风险
0.61,0.16,否,0.59,0.68,6.17,高级,1次,无,18.61,45.15,0.01,是,是,0.59,车辆,22.98,0.35,0.23,0.95,0.62,7,0.56,高风险
0.75,0.83,否,0.76,0.85,7.41,高级,无,1次,19.21,36.13,0.21,是,是,0.75,车辆,53.47,0.87,0.18,0.76,0.7,3,0.82,高风险
0.46,0.16,否,0.88,0.67,1.81,中级,1次,无,15.86,26.53,0.11,否,是,0.18,配电箱,2.93,1,0.25,0.63,0.19,5,0.72,极高风险
0.85,0.61,否,0.6,0.9,3.08,高级,无,无,46.57,78.1,0.08,是,是,0.43,深基坑,0.97,0.37,0.31,0.61,0.41,1,0.58,中风险
0.8,0.88,否,0.73,0.87,1.96,中级,无,无,13.2,58.19,0.34,是,是,0.72,车辆,33.92,0.51,0.02,0.94,0.68,2,0.6,高风险
0.7,0.06,否,0.75,0.74,14.3,高级,无,无,15.22,73.97,0.25,是,是,0.82,高支模,3.8,0.12,0.41,0.78,0.33,2,0.87,低风险
0.33,0.37,否,0.64,0.63,2.86,中级,无,1次,11.34,22.79,0.04,是,是,0.53,高支模,2.48,0.38,0.35,0.91,0.87,3,0.58,中风险
0.85,0.29,否,0.71,0.64,7.51,中级,无,无,12.87,10.34,0.27,是,是,0.9,配电箱,4.77,0.46,0.19,0.74,0.38,3,0.74,低风险
0.85,0.24,否,0.73,0.75,2.62,无证,无,无,9.12,18.52,0.43,是,是,0.57,塔吊,78.64,0.59,0.59,0.75,0.77,3,0.79,极高风险
0.33,0.16,否,0.58,0.8,4.99,中级,无,无,17.7,37.47,0.41,是,是,0.79,配电箱,24.81,0.44,0.12,0.55,0.69,3,0.84,中风险
0.44,0.23,否,0.77,0.82,7.3,初级,1次,1次,15.62,24.42,0.47,是,是,0.91,塔吊,13.45,0.67,0.02,0.68,0.14,1,0.5,高风险
0.57,0.3,否,0.74,0.61,8.45,初级,≥2次,无,13.61,23.49,0.08,是,是,0.79,塔吊,4.72,0.6,0.06,0.76,0.49,5,0.35,高风险
0.58,0.29,否,0.65,0.69,4.33,中级,无,无,19.5,29.36,0.03,是,是,0.8,配电箱,24.71,0.76,0.03,0.89,0.59,0,0.45,无风险
0.16,0.22,否,0.79,0.82,9.76,初级,1次,≥2次,15.85,16.66,0.05,是,是,0.62,塔吊,67.37,0.72,0.17,0.84,0.84,0,0.5,极高风险
0.86,0.26,否,0.84,0.82,3.53,高级,无,无,28.61,16.02,0.11,是,是,0.88,车辆,34.34,1,0.62,0.71,0.76,2,0.6,无风险
0.73,0.33,否,0.73,0.72,26.8,中级,无,无,33.12,16.84,0.29,是,是,0.97,塔吊,24.64,1,0,0.95,0.87,6,0.62,无风险
0.44,0.33,否,0.61,0.62,6.58,中级,无,1次,25.69,31.63,0.28,是,是,0.79,车辆,25.68,0.52,0,0.93,0.61,3,0.63,中风险
0.39,0.61,否,0.71,0.78,21.19,初级,无,≥2次,25.16,23.58,0.1,是,是,0.82,车辆,8.42,1,0.63,0.82,0.59,1,0.69,高风险
0.46,0.32,否,0.55,0.96,11.6,初级,无,1次,18.15,34.64,0.12,是,是,0.92,高支模,2.98,0.81,0.5,0.8,0.53,3,0.7,中风险
0.83,0.78,否,0.58,0.73,7.83,中级,无,无,11.65,31.37,0.23,是,是,0.51,塔吊,24.88,0.63,0.4,0.56,0.3,2,0.58,高风险
0.53,0.14,否,0.86,0.74,25.3,中级,无,无,5.51,20.44,0.06,是,是,0.44,配电箱,2.9,0.77,0.25,0.61,0.82,4,0.77,无风险
0.86,0.39,否,0.66,0.78,5.48,初级,无,无,19.98,18.73,0.55,是,否,0.47,塔吊,16.03,0.91,0,0.87,0.39,1,0.78,高风险
0.6,0.28,否,0.57,0.62,22.01,初级,无,1次,34.73,12.91,0.26,是,是,0.46,深基坑,21.09,0.6,0.33,0.44,0.3,2,0.72,极高风险
0.76,0.24,否,0.74,0.89,6.94,中级,无,1次,17.62,12.56,0.33,是,是,0.71,塔吊,10.88,0.77,0.59,0.96,0.76,1,0.81,无风险
0.74,0.14,否,0.62,0.85,26.17,初级,无,1次,43.64,45.27,0.2,是,是,0.8,塔吊,23.05,1,0,0.73,0.7,9,0.75,高风险
0.22,0.23,否,0.6,0.75,23.49,中级,无,无,24.44,43.92,0.2,是,是,0.92,配电箱,1.83,0.66,0,0.89,0.47,3,0.56,无风险
0.79,0.24,否,0.64,0.67,29.32,中级,无,无,19.38,23.9,0.24,是,否,0.69,高支模,14.38,0.57,0.18,0.82,0.29,1,0.52,高风险
0.56,0.78,否,0.8,0.74,1.27,无证,无,无,17.31,41.05,0.4,是,是,0.74,车辆,1.97,0.51,0.38,0.85,0.58,4,0.44,极高风险
0.65,0.14,否,0.75,0.92,10.31,初级,无,无,28.21,8.08,0.22,否,是,0.7,高支模,62.95,1,0.17,0.87,0.54,7,0.73,高风险
0.5,0.18,否,0.76,0.64,5.44,中级,无,无,15.2,14.68,0.26,是,是,0.54,深基坑,9.19,0.76,0.19,0.78,0.57,3,0.29,低风险
0.54,0.25,否,0.81,0.87,5.83,初级,1次,无,58.1,65.52,0.12,是,是,0.8,高支模,29.13,0.43,0.24,0.73,0.5,2,0.57,极高风险
0.75,0.46,否,0.82,0.77,2.26,初级,无,无,16.9,10.76,0.02,是,是,0.9,车辆,4.37,0.45,0,0.83,0.48,2,0.72,无风险
0.47,0.46,否,0.6,0.7,2.61,中级,1次,1次,27.39,62.58,0.16,是,是,0.35,塔吊,0.92,0.5,0.45,0.93,0.61,4,0.63,极高风险
0.62,0.91,否,0.78,0.78,1.38,初级,1次,无,21.53,101.72,0.17,是,是,0.81,配电箱,17.17,1,0.87,0.33,0.52,3,0.23,极高风险
0.76,0.5,否,0.49,0.85,6.48,中级,无,无,43.63,15.97,0.19,是,是,0.78,配电箱,32.64,1,0.64,0.83,0.43,1,0.58,中风险
0.28,0.54,否,0.71,0.85,18.36,中级,无,1次,32.12,100.47,0.4,是,是,0.93,塔吊,19.36,0.52,0.04,0.9,0.59,5,0.52,高风险
0.58,0.26,否,0.79,0.77,30.13,中级,1次,无,8.16,22.56,0.34,是,是,0.89,高支模,16.65,0.67,0.38,0.83,0.24,2,0.8,低风险
0.58,0.11,否,0.74,0.73,10.25,无证,无,无,18.55,6.73,0.55,是,是,0.37,塔吊,1.65,0.19,0.15,0.88,0.84,4,0.6,高风险
0.25,0.14,否,0.62,0.98,7.6,高级,无,无,31.15,32.52,0.26,是,是,0.73,车辆,22.84,0.52,0,0.76,0.74,1,0.88,无风险
0.76,0.27,否,0.87,0.84,38.52,初级,1次,1次,22.37,39.06,0.41,是,是,0.77,高支模,3.47,0.28,0.6,0.79,0.51,1,0.88,中风险
0.43,0.25,否,0.71,0.83,13.16,中级,无,无,14.04,26.72,0.05,是,是,0.76,配电箱,21.87,0.96,0.75,0.84,0.69,1,0.24,低风险
0.92,0.19,否,0.7,0.91,1.73,中级,无,无,10.71,15.92,0.02,是,是,0.78,配电箱,14.14,0.91,0,0.8,0.54,3,0.92,无风险
0.49,0.45,否,0.69,0.82,16.98,中级,无,无,10.27,22.2,0.55,是,否,0.23,高支模,4.89,1,0.49,0.85,0.82,0,0.92,高风险
0.35,0.13,否,0.68,0.91,0.09,初级,无,无,10.99,25.18,0.52,是,是,0.36,深基坑,2.67,1,0.07,0.82,0.33,1,0.49,中风险
0.17,0.32,否,0.66,0.72,11.91,中级,1次,1次,45.78,26.64,0.58,是,是,0.92,配电箱,16.9,0.6,0,0.81,0.58,4,0.66,高风险
0.84,0.18,否,0.76,0.7,0.04,中级,无,无,18.73,22.51,0.83,是,是,0.64,配电箱,1.91,0.75,0.33,0.91,0.09,3,0.28,中风险
0.49,0.17,否,0.74,0.76,11.57,初级,无,无,8.39,40.16,0.75,是,是,0.74,高支模,26.02,0.37,0.14,0.75,0.38,2,0.66,极高风险
0.48,0.42,否,0.62,0.71,4.4,高级,无,1次,18.93,46.94,0.19,是,是,0.24,配电箱,40.1,0.71,0.73,0.81,0.9,2,0.89,极高风险
0.43,0.57,否,0.59,0.68,19.43,中级,1次,无,12.76,19.67,0.35,是,是,0.83,高支模,23.7,0.14,0,0.78,0.61,2,0.59,高风险
0.74,0.53,否,0.6,0.66,6.22,中级,无,无,11.35,37.31,0.55,是,是,0.89,高支模,0.93,0.42,0.31,0.81,0.93,3,0.76,低风险
0.74,0.07,否,0.63,0.83,12.33,初级,无,1次,16.77,52.18,0.22,是,否,0.28,配电箱,79.26,1,0.25,0.58,0.61,1,0.79,极高风险
0.12,0.15,否,0.59,0.98,9.25,高级,无,无,8.72,40.82,0.21,是,是,0.76,塔吊,4.24,1,0.26,0.89,0.24,2,0.48,高风险
0.64,0.79,否,0.61,0.73,0.78,初级,≥2次,无,37.01,23.14,0.26,是,是,0.44,深基坑,19.05,0.44,0.19,0.91,0.81,3,0.42,极高风险
0.57,0.25,否,0.6,0.67,26.17,高级,无,1次,14.2,11.19,0.05,否,是,0.68,高支模,19.3,0.65,0.24,0.75,0.83,4,0.83,高风险
0.69,0.44,否,0.75,0.8,2.25,高级,1次,≥2次,15.65,48.57,0.07,是,是,0.7,配电箱,3.03,0.38,0,0.89,0.32,4,0.68,高风险
0.38,0.36,否,0.78,0.69,0.61,中级,1次,无,20.48,65.75,0.54,是,是,0.53,塔吊,33.55,1,0.03,0.91,0.92,2,0.39,高风险
0.86,0.39,否,0.44,0.72,15.92,中级,1次,无,16.35,8.14,0.02,是,是,0.84,高支模,7.08,0.42,0,0.9,0.64,4,0.75,无风险
0.59,0.5,否,0.65,0.84,25.65,无证,1次,无,14.97,32.71,0.13,是,是,0.47,高支模,4.39,0.44,0.25,0.85,0.73,2,0.42,高风险
0.2,0.41,否,0.5,0.66,0.57,中级,无,1次,13.67,27.68,0.53,是,是,0.73,车辆,0.9,0.51,0.1,0.83,0.21,3,0.4,极高风险
0.61,0.54,否,0.71,0.78,1.1,初级,无,1次,6.48,56.3,0.04,是,是,0.81,深基坑,21.88,0.55,0.12,0.68,0.54,3,0.93,高风险
0.62,0.26,否,0.67,0.83,22.66,中级,无,无,17.89,52.21,0.14,是,是,0.9,塔吊,3.97,0.55,0,0.77,0.85,1,0.29,无风险
0.53,0.36,否,0.73,0.83,1.72,中级,无,1次,23.84,49.01,0.6,是,是,0.63,深基坑,22.07,1,0.3,0.74,0.25,2,0.67,极高风险
0.31,0.33,否,0.63,0.76,0.07,中级,无,无,13,57.03,0.41,是,是,0.72,深基坑,3.67,0.56,0.21,0.78,0.23,3,0.25,极高风险
0.78,0.42,否,0.57,0.92,6.78,中级,1次,无,20.74,26.73,0.12,是,是,0.82,塔吊,53.48,0.44,0.42,0.53,0.7,6,0.29,高风险
0.66,0.15,否,0.69,0.69,5.57,中级,1次,1次,21.47,7.78,0.19,是,是,0.63,塔吊,16.92,0.74,0,0.58,0.21,2,0.83,低风险
0.89,0.18,否,0.82,0.83,3.63,初级,无,1次,26.44,77.44,0.3,是,是,0.14,深基坑,6.49,0.54,0.39,0.86,0.42,3,0.31,极高风险
0.98,0.83,否,0.73,0.69,27.13,无证,1次,1次,26.64,20.58,0.01,是,是,0.51,高支模,24.17,1,0.19,0.84,0.49,2,0.72,极高风险
0.72,0.25,否,0.61,0.8,16.81,初级,无,无,43.32,26.53,0.05,是,是,0.81,深基坑,3.45,1,0.09,0.94,0.63,4,0.72,无风险
0.86,0.51,否,0.69,0.8,4.31,无证,无,无,15.16,41.2,0.23,是,是,0.36,塔吊,1.6,0.57,0.67,0.71,0.95,1,0.69,高风险
0.61,0.25,否,0.7,0.72,1.53,高级,无,无,17.07,48.61,0.08,是,是,0.55,车辆,21.15,1,0.07,0.93,0.58,4,0.51,低风险
0.69,0.11,否,0.52,0.78,16.3,中级,无,1次,12.74,42.39,0.43,是,是,0.4,高支模,1.26,0.53,0.46,0.77,0.91,5,0.59,中风险
0.57,0.1,否,0.67,0.9,2.14,中级,无,无,17.63,17.19,0.12,是,是,0.62,高支模,18.02,1,0.22,0.54,0.46,4,0.43,低风险
0.61,0.24,否,0.73,0.85,16.98,中级,1次,无,39.28,18.63,0.04,是,是,0.44,深基坑,4.24,0.15,0,0.73,0.85,5,0.21,无风险
0.83,0.21,否,0.73,0.86,8.72,中级,无,无,47.18,9.5,0.11,是,是,0.66,塔吊,10.71,0.29,0.72,0.93,0.86,3,0.29,无风险
0.29,0.08,否,0.52,0.59,8.17,中级,无,无,10.45,18.41,0.24,是,是,0.85,深基坑,2,0.51,0.57,0.6,0.73,1,0.34,高风险
0.16,0.1,否,0.71,0.67,13.75,高级,无,无,7.44,22.76,0.17,是,是,0.6,车辆,18.85,0.51,0.44,0.95,0.75,1,0.4,高风险
0.54,0.28,否,0.55,0.82,10.28,高级,无,无,21.72,52.13,0.06,是,是,0.74,深基坑,8.66,0.44,0.17,0.8,0.82,6,0.75,无风险
0.87,0.3,否,0.79,0.71,1.31,初级,1次,无,10.14,23.01,0.41,是,是,0.9,车辆,14.65,0.59,0.06,0.82,0.75,1,0.55,中风险
0.58,0.25,否,0.59,0.74,0.62,初级,无,1次,7.01,97,0.48,是,是,0.91,配电箱,3.73,0.42,0.47,0.72,0.48,2,0.66,极高风险
0.57,0.4,否,0.71,0.97,7.48,中级,无,无,40.98,45.75,0.35,是,是,0.97,配电箱,25.42,1,0.31,0.84,0.65,1,0.4,低风险
0.79,0.65,否,0.62,0.85,0.67,初级,无,无,30.34,34.93,0.07,是,是,0.75,塔吊,0.02,0.37,0.37,0.96,0.51,4,0.25,高风险
0.33,0.49,否,0.8,0.88,1.73,中级,无,无,12.96,52.74,0.19,是,是,0.55,深基坑,15.35,0.32,0,0.81,0.49,2,0.25,高风险
0.96,0.57,否,0.84,0.95,38.88,高级,无,1次,19.97,60.87,0.05,是,是,0.72,塔吊,62.85,0.12,0,0.72,0.74,5,0.17,低风险
0.83,0.62,否,0.77,0.79,9.33,初级,无,1次,10.95,38.97,0.47,是,是,0.55,塔吊,2.48,1,0,0.76,0.74,4,0.71,低风险
0.66,0.21,否,0.69,0.73,3.91,中级,无,无,35.93,19.26,0.3,是,是,0.83,高支模,2.97,0.87,0.16,0.95,0.64,2,0.83,无风险
0.39,0.3,否,0.67,0.77,0.43,中级,1次,无,14.13,67.79,0.28,是,是,0.94,塔吊,4.76,0.43,0,0.8,0.45,2,0.96,中风险
0.21,0.19,否,0.81,0.74,14,高级,无,无,17.87,56.78,0.5,是,是,0.88,高支模,2.85,0.63,0.91,0.78,0.3,3,0.61,高风险
0.63,0.22,否,0.59,0.77,4.79,初级,无,无,24.06,21.26,0.24,是,是,0.83,塔吊,14.43,0.47,0.12,0.96,0.75,3,0.4,低风险
0.41,0.43,否,0.78,0.95,30.76,初级,无,无,12.16,57.37,0.31,是,否,0.9,车辆,1.62,1,0,0.95,0.75,3,0.74,高风险
0.87,0.15,否,0.79,0.82,30.73,中级,1次,无,15.75,36,0.06,是,是,0.61,高支模,57.77,0.3,0.23,0.8,0.73,4,0.95,低风险
0.7,0.31,否,0.72,0.67,2.72,中级,无,≥2次,7.88,25.37,0.03,是,是,0.26,车辆,15.62,1,0,0.84,0.64,3,0.63,高风险
0.93,0.31,否,0.72,0.73,0.59,中级,1次,无,23.18,56.05,0.23,是,是,0.63,配电箱,4.86,0.28,0.31,0.53,0.79,2,0.46,高风险
0.39,0.15,否,0.71,0.79,18.87,中级,无,无,16.61,30.72,0.14,是,是,0.56,深基坑,4,1,0.34,0.92,0.69,3,0.72,无风险
0.7,0.23,否,0.84,0.81,7.3,初级,无,无,19.41,45.11,0,是,是,0.82,车辆,10.84,0.82,0.54,0.98,0.39,6,0.77,中风险
0.71,0.42,否,0.62,0.77,4.9,中级,无,无,44.69,44.38,0.51,是,是,0.89,车辆,1.83,0.77,0.07,0.88,0.82,4,0.76,无风险
0.73,0.16,否,0.67,0.72,13.34,中级,无,无,12.76,23.73,0.56,是,是,0.93,配电箱,5.36,1,0,0.85,0.33,3,0.36,无风险
0.39,0.34,否,0.74,0.81,18.26,中级,无,无,18.46,17.75,0.25,是,是,0.57,车辆,31.78,0.86,0,0.59,0.85,2,0.58,无风险
0.85,0.26,否,0.83,0.88,1.05,高级,无,无,33.57,9.93,0.15,是,是,0.8,车辆,2.78,0.39,0.12,0.93,0.41,4,0.5,无风险
0.64,0.22,否,0.8,0.78,8.86,高级,无,1次,32.83,49.5,0.04,是,是,0.99,深基坑,22.86,0.68,0.7,0.74,0.42,4,0.58,中风险
0.27,0.13,否,0.7,0.73,3.97,初级,无,≥2次,10.42,16.98,0.21,是,是,0.66,高支模,1.22,0.87,0.44,0.67,0.95,1,0.42,中风险
0.85,0.47,否,0.61,0.69,6.57,中级,无,1次,23.76,63.51,0.19,是,是,0.68,高支模,13.42,1,0.13,0.82,0.4,1,0.66,中风险
0.77,0.25,否,0.71,0.82,1.27,初级,无,≥2次,30.79,79.42,0.22,是,是,0.83,配电箱,32.32,0.48,0.15,0.8,0.7,2,0.65,极高风险
0.49,0.66,否,0.74,0.69,5.42,中级,无,无,30.6,6.57,0.61,是,是,0.74,高支模,17.5,1,0,0.95,0.03,2,0.87,中风险
0.87,0.93,否,0.76,0.8,8.84,初级,无,无,33.89,40.66,0.03,是,是,0.39,配电箱,0.01,0.42,0,0.91,0.65,4,0.76,高风险
0.57,0.57,否,0.73,0.83,5.27,无证,无,无,25.24,14.42,0.04,是,是,0.53,配电箱,1.59,0.58,0.26,0.8,0.25,8,0.51,极高风险
0.63,0.46,否,0.68,0.7,5.18,无证,无,无,22.28,24.45,0.07,是,是,0.74,塔吊,17.11,0.78,0.73,0.56,0.58,2,0.38,高风险
0.37,0.1,否,0.71,0.82,5.38,中级,无,1次,11.44,20.76,0.41,是,是,0.91,配电箱,3.86,0.54,0.58,0.74,0.57,2,0.77,中风险
0.35,0.33,否,0.84,0.84,10.15,中级,无,1次,27.28,28.43,0.41,是,是,0.82,深基坑,3.07,0.56,0.02,0.6,0.45,2,0.41,低风险
0.52,0.28,否,0.9,0.86,0.69,无证,无,无,13.8,21.2,0.5,是,是,0.89,配电箱,3.32,0.78,0.11,0.86,0.83,2,0.44,高风险
0.82,0.16,否,0.76,0.62,19.88,初级,1次,无,11.62,32.03,0.2,是,是,0.77,配电箱,29.63,1,0.27,0.87,0.81,2,0.51,低风险
0.31,0.4,否,0.67,0.65,0.54,中级,无,≥2次,18.65,16.89,0.09,是,是,0.61,深基坑,1.54,1,0.2,0.93,0.81,4,0.4,中风险
0.28,0.19,否,0.72,0.84,22.22,初级,无,无,14.34,31.6,0.21,是,是,0.87,车辆,3.27,0.86,0.32,0.81,0.64,2,0.7,无风险
0.27,0.33,否,0.72,0.76,1.6,无证,无,无,22.35,44.85,0.09,是,是,0.61,深基坑,15.07,0.2,0.36,0.84,0.25,1,0.68,极高风险
0.47,0.16,否,0.73,0.8,6.23,高级,无,无,27.33,31.5,0.36,是,是,0.48,深基坑,22.68,0.42,0.64,0.91,0.88,8,0.63,高风险
0.15,0.5,否,0.66,0.78,13.21,中级,1次,≥2次,34.2,34.06,0.49,是,是,0.49,车辆,3.91,0.61,0.27,0.72,0.26,0,0.82,极高风险
0.6,0.45,否,0.74,0.78,21.82,中级,1次,无,28.01,23.7,0.11,是,是,0.3,高支模,23.87,0.83,0.41,0.47,0.95,0,0.87,中风险
0.98,0.75,否,0.72,0.87,11.38,中级,无,无,19.64,51.36,0.24,是,是,0.7,深基坑,12.79,0.76,0.7,0.79,0.47,4,0.5,中风险
0.94,0.2,否,0.82,1,0.43,初级,无,≥2次,16.96,26.89,0.11,是,否,0.85,车辆,22.27,0.75,0.29,0.78,0.56,4,0.8,极高风险
0.39,0.4,否,0.56,0.9,3.81,初级,无,1次,19.48,32.29,0,是,是,0.84,深基坑,22.07,0.8,0.51,0.51,0.76,1,0.45,高风险
0.68,0.42,否,0.7,0.9,10.09,中级,无,无,31.46,24.04,0.23,否,是,0.93,配电箱,10.59,1,0.09,0.96,0.2,5,0.36,高风险
0.69,0.23,否,0.72,0.87,9.45,中级,无,1次,19,22.51,0.27,是,是,0.8,配电箱,3.31,0.7,0.52,0.54,0.74,2,0.67,低风险
0.46,0.12,否,0.49,0.86,14.51,高级,无,无,24.92,24.56,0.15,是,是,0.75,塔吊,1.64,1,0.32,0.96,0.16,3,0.26,无风险
0.97,0.36,否,0.76,0.62,6.77,中级,无,1次,13.47,48.19,0.39,是,是,0.91,深基坑,63.01,0.81,0,0.82,0.66,2,0.87,低风险
0.55,0.19,否,0.77,0.96,0.29,初级,无,1次,25.07,11.87,0.2,是,是,0.28,车辆,22.86,1,0.55,0.83,0.75,2,0.69,高风险
0.69,0.18,否,0.62,0.86,31.04,中级,无,无,16.2,32.19,0.08,是,是,0.89,车辆,21.43,1,0.2,0.71,0.31,0,0.62,无风险
0.47,0.52,否,0.75,0.95,1.33,初级,无,无,16.91,23.17,0.48,是,是,0.82,配电箱,1.56,0.97,0,0.93,0.8,5,0.66,无风险
0.44,0.52,否,0.62,0.94,15.23,中级,无,1次,12,9.19,0.25,是,是,0.49,高支模,0.39,0.04,0.42,0.83,0.48,1,0.63,高风险
0.87,0.24,否,0.77,0.81,2.63,初级,无,无,32.43,40.9,0.54,是,是,0.85,配电箱,17.92,0.67,0,0.69,0.75,2,0.35,低风险
0.88,0.28,否,0.91,0.89,6.75,中级,无,1次,48.37,32.26,0.22,是,是,0.83,高支模,26.9,0.58,0.19,0.72,0.35,5,0.86,中风险
0.81,0.78,否,0.61,0.74,2.55,高级,无,1次,38.68,31.92,0.09,是,是,0.43,车辆,48.2,0.71,0.29,0.99,0.89,3,0.37,高风险
0.95,0.4,否,0.92,0.92,19.96,初级,无,无,7.94,20.58,0.5,是,是,0.89,高支模,0.26,1,0,0.73,0.71,0,0.39,无风险
0.48,0.26,否,0.72,0.63,13.93,高级,无,无,19.92,28.73,0.19,是,是,0.64,塔吊,7.41,0.2,0.27,0.85,0.57,3,0.69,低风险
0.83,0.24,否,0.52,0.73,6.18,初级,无,无,35.66,28.12,0.11,是,是,0.85,深基坑,16.05,0.81,0,0.84,0.68,5,0.52,无风险
0.29,0.16,否,0.68,0.74,1.89,中级,无,≥2次,31.37,53.17,0.21,是,是,0.72,配电箱,1.98,0.52,0,0.79,0.96,1,0.68,中风险
0.74,0.69,否,0.68,0.78,3.1,中级,1次,无,26.93,35.26,0.25,是,是,0.64,配电箱,3.46,0.52,0.41,0.73,0.71,1,0.45,高风险
0.8,0.35,否,0.72,0.96,6.52,中级,无,无,13.35,28.18,0.18,否,是,0.57,塔吊,0.64,0.44,0.5,0.92,0.51,3,0.59,高风险
0.61,0.54,否,0.68,0.73,22.17,中级,无,≥2次,19.81,35.87,0.01,是,是,0.73,深基坑,18.81,0.8,0.09,0.77,0.16,3,0.7,高风险
0.73,0.12,否,0.62,0.62,4,中级,无,1次,30.1,42.51,0.31,是,是,0.76,车辆,17.63,1,0.14,0.81,0.48,6,0.61,高风险
0.23,0.4,否,0.64,0.74,5.15,高级,无,1次,14.06,37.12,0.17,是,是,0.73,配电箱,3.86,0.47,0,0.89,0.75,1,0.61,低风险
0.69,0.47,否,0.76,0.85,12.67,高级,无,无,6.97,65.01,0.13,是,是,0.67,高支模,9.71,0.93,0.28,0.71,0.51,9,0.33,高风险
0.86,0.25,是,0.72,0.79,2.26,初级,无,无,27.62,25.87,0.31,是,是,0.36,配电箱,15.74,0.41,0,0.78,0.27,6,0.73,极高风险
0.61,0.98,是,0.71,0.75,10.06,无证,无,1次,15.36,79.01,0.01,是,是,0.21,塔吊,17.61,0.7,0,0.9,0.64,2,0.6,极高风险
0.6,0.34,否,0.73,0.9,4.9,中级,无,无,12.59,25.61,0.09,是,是,0.82,车辆,21.92,0.45,0.09,0.8,0.27,1,0.51,低风险
0.59,0.45,否,0.68,0.88,0.69,高级,无,1次,15.31,117.83,0.84,是,是,0.93,车辆,10.61,0.8,0,0.73,0.59,6,0.72,高风险
0.74,0.3,是,0.76,0.82,4.3,中级,无,1次,33.48,58.98,0.67,是,是,0.27,车辆,0.26,0.25,0,0.95,0.63,2,0.22,极高风险
0.77,0.36,否,0.77,0.77,38.13,初级,无,无,28.54,62.8,0.02,是,是,0.68,高支模,87.29,0.74,0,0.79,0.82,1,0.75,无风险
0.69,0.14,是,0.6,0.76,8.22,中级,无,无,15.68,37.56,0.58,是,是,0.78,高支模,3.46,1,0.91,0.83,0.79,3,0.53,高风险
0.55,0.44,否,0.7,0.74,21.44,中级,无,无,21.31,47.16,0.24,是,是,0.84,配电箱,1.22,0.29,0.29,0.88,0.83,7,0.53,低风险
0.4,0.67,否,0.65,0.68,0.2,初级,1次,无,16.71,20.21,0.35,是,否,0.82,车辆,2.85,0.75,0.6,0.94,0.58,1,0.64,极高风险
0.83,0.56,否,0.82,0.77,1.54,中级,无,无,28.67,68.96,0.01,是,是,0.22,塔吊,15.38,0.93,0,0.94,0.36,4,0.69,低风险
0.92,0.33,否,0.82,0.72,11.65,初级,无,1次,5.86,26.75,0.38,是,是,0.82,配电箱,14.51,0.68,0.05,0.91,0.5,6,0.49,高风险
0.88,0.2,否,0.82,0.65,13.01,中级,无,无,20.75,40.88,0.05,是,是,0.51,深基坑,1.95,0.32,0.1,0.81,0.79,4,0.69,无风险
0.6,0.26,否,0.64,0.78,4.48,高级,无,≥2次,11.52,75.06,0.61,是,是,0.71,高支模,22.43,0.61,0.15,0.87,0.25,8,0.54,极高风险
0.83,0.27,否,0.77,0.72,3.27,中级,无,无,36.66,59.51,0.08,是,是,0.89,车辆,34.19,0.39,0.63,0.4,0.97,2,0.86,中风险
0.77,0.33,否,0.58,0.7,10.09,初级,无,无,26.87,33.29,0.6,是,否,0.55,车辆,3.88,0.74,0,0.76,0.81,3,0.73,高风险
0.6,0.49,否,0.77,0.97,16.36,中级,无,1次,25.55,12.52,0.21,是,是,0.75,车辆,23.8,1,0.03,0.84,0.75,2,0.88,无风险
0.44,0.23,否,0.7,0.7,2.73,无证,无,无,9.99,68.2,0.31,是,否,0.64,配电箱,50,1,0.02,0.88,0.8,0,0.31,极高风险
0.48,0.3,否,0.74,0.66,1.68,初级,无,1次,13.71,14.56,0.05,是,是,0.09,塔吊,14.02,0.65,0.16,0.81,0.59,6,0.83,高风险
0.52,0.19,否,0.73,0.96,7.93,中级,无,无,31.94,64.1,0.71,是,是,0.91,配电箱,22.89,0.33,0,0.79,0.33,3,0.33,高风险
0.6,0.32,否,0.6,0.84,9.64,中级,无,无,13.49,20.51,0.47,是,是,0.81,深基坑,14.47,0.6,0.17,0.78,0.41,1,0.77,低风险
0.79,0.27,否,0.74,0.84,3.54,高级,1次,无,20.72,47.68,0.3,是,是,0.72,配电箱,0.75,0.58,0,0.78,0.64,1,0.92,无风险
0.89,0.48,否,0.7,0.85,17.01,初级,无,1次,16.94,50.48,0.03,是,是,0.3,配电箱,0.79,1,0,0.79,0.42,1,0.59,无风险
0.74,0.98,否,0.84,0.9,5.17,中级,无,≥2次,22.24,26.08,0.34,是,是,0.89,车辆,30.31,1,0.22,0.74,0.23,3,0.63,极高风险
0.62,0.15,否,0.67,0.76,1.44,初级,无,1次,40.16,21.29,0.03,否,是,0.91,车辆,13.39,0.83,0.47,0.92,0.85,3,0.62,高风险
0.42,0.24,否,0.56,0.8,9.11,高级,无,无,20.89,25.83,0.09,是,是,0.76,塔吊,11.06,0.52,0.05,0.96,0.76,3,0.62,无风险
0.4,0.43,否,0.64,0.69,0.51,中级,无,无,28.65,29.34,0.24,是,是,0.28,配电箱,19.14,0.83,0.1,0.92,0.6,2,0.7,高风险
0.66,0.34,否,0.7,0.74,13.17,初级,无,无,14.5,8.39,0.04,是,是,0.84,深基坑,1.2,1,0.37,0.9,0.53,2,0.79,无风险
0.91,0.87,否,0.79,0.8,6.15,高级,无,无,32.28,25.97,0.42,是,否,0.4,深基坑,18.88,1,0.31,0.72,0.59,2,0.75,极高风险
0.58,0.15,否,0.75,0.74,13.03,高级,无,无,51.41,22.22,0.08,否,是,0.46,配电箱,29.35,0.23,0,0.68,0.1,0,0.69,高风险
0.69,0.37,否,0.68,0.7,7.49,高级,无,无,14.35,17.7,0.18,是,是,0.93,配电箱,8.45,1,0.42,0.86,0.71,2,0.3,无风险
0.88,0.29,否,0.46,0.98,13.26,初级,无,≥2次,18.1,44.83,0.35,是,否,0.83,配电箱,3.28,0.27,0.47,0.78,0.48,1,0.52,极高风险
0.8,0.35,否,0.74,0.65,5.03,中级,1次,1次,26.3,55.82,0.43,是,是,0.41,塔吊,17.55,0.76,0.12,0.69,0.84,6,0.88,高风险
0.52,0.3,否,0.72,0.95,9.84,中级,1次,无,15.89,52.28,0.01,是,是,0.73,配电箱,29.36,0.55,0.26,0.58,0.75,1,0.52,中风险
0.45,0.46,否,0.82,0.81,25.35,中级,无,无,36.13,81.12,0.31,是,是,0.63,车辆,14.04,0.77,0.49,0.82,0.45,1,0.77,高风险
0.77,0.24,否,0.77,0.95,4.69,高级,无,≥2次,10.37,22.89,0.03,是,否,0.86,高支模,0.87,0.43,0,0.58,0.24,2,0.44,高风险
0.61,0.41,否,0.62,0.65,9.4,中级,无,1次,12.9,11.29,0.21,是,是,0.48,塔吊,18.92,0.63,0.43,0.93,0.73,2,0.53,中风险
0.83,0.08,否,0.8,0.65,4.35,中级,无,1次,19.41,47.48,0.37,是,是,0.84,高支模,16.1,0.39,0.03,0.87,0.43,2,0.51,中风险
0.79,0.87,否,0.74,0.76,0.42,初级,无,无,42.96,106.69,0.29,是,是,0.89,深基坑,9.69,1,0.49,0.76,0.52,5,0.56,高风险
0.58,0.8,否,0.73,0.59,8.9,高级,1次,1次,23.18,33.99,0.49,是,是,0.6,配电箱,16.29,1,0.37,0.92,0.49,5,0.57,极高风险
0.72,0.14,否,0.61,0.81,4.09,高级,无,无,11.53,65.02,0.02,是,是,0.62,配电箱,3.25,0.2,0.39,0.88,0.46,1,0.59,中风险
0.68,0.15,否,0.78,0.89,19.07,高级,无,无,7.96,13.4,0.52,是,是,0.52,塔吊,18.52,0.48,0.31,0.95,0.83,5,0.52,无风险
0.67,0.21,否,0.81,0.82,3.62,高级,1次,无,6.61,27.98,0.19,是,是,0.99,车辆,20.07,0.74,0.39,0.72,0.75,2,0.79,低风险
0.46,0.22,否,0.56,0.66,21.21,中级,1次,无,10.17,23.39,0.01,是,是,0.57,配电箱,3.24,1,0,0.78,0.64,2,0.6,无风险
0.23,0.15,否,0.7,0.7,14.38,初级,无,无,22.37,14.82,0.19,是,是,0.65,塔吊,0.74,0.82,0.41,0.91,0.64,1,0.76,无风险
0.58,0.28,否,0.68,0.95,23.43,初级,无,无,30.17,35.49,0.08,是,是,0.96,车辆,42.48,0.63,0.2,0.84,0.37,1,0.8,无风险
0.7,0.38,否,0.73,0.83,11.91,中级,无,1次,12.92,15.48,0.19,是,是,0.58,车辆,20.91,0.82,0.2,0.72,0.39,5,0.25,高风险
0.71,0.54,否,0.83,0.68,4.01,中级,1次,无,13.36,45.75,0.2,是,是,0.89,深基坑,1.38,0.9,0.05,0.54,0.08,5,0.59,中风险
0.04,0.17,否,0.66,0.83,18,中级,无,1次,10.61,11.97,0.6,是,是,0.82,高支模,23.27,0.48,0,0.79,0.21,1,0.87,高风险
0.09,0.18,否,0.54,0.77,14.41,初级,无,1次,8.02,26.13,0.55,是,是,0.91,配电箱,4.27,1,0.07,0.62,0.67,3,0.21,高风险
0.89,0.61,否,0.81,0.63,2.79,无证,无,1次,9.47,45.35,0.19,是,是,0.8,高支模,22.07,0.7,0,0.96,0.4,2,0.87,高风险
0.45,0.41,否,0.66,0.62,0.97,初级,无,无,12.96,19.99,0.03,是,是,0.94,配电箱,10.78,0.44,0.61,0.88,0.72,7,0.53,高风险
0.01,0.44,否,0.8,0.78,5.96,初级,无,1次,22.29,13.86,0.16,是,是,0.71,深基坑,33.58,1,0.09,0.76,0.4,2,0.46,高风险
0.63,0.41,否,0.77,0.84,1.43,中级,无,无,14.17,11.63,0.09,是,是,0.85,塔吊,2.1,1,0.18,0.76,0.72,4,0.79,无风险
0.29,0.1,否,0.63,0.73,6.89,中级,无,1次,10.49,32.63,0.15,是,是,0.7,车辆,18.5,0.29,0,0.54,0.86,8,0.82,高风险
0.16,0.5,否,0.66,0.69,2.31,中级,无,1次,17.48,14.76,0.03,是,是,0.55,配电箱,3.43,1,0.35,0.92,0.87,1,0.8,高风险
0.77,0.39,否,0.68,0.62,17.24,高级,无,无,9.29,36.78,0.04,是,是,0.84,高支模,16.32,1,0.15,0.57,0.86,1,0.35,无风险
0.72,0.32,否,0.86,0.49,1.34,无证,无,无,21.73,10.06,0.01,是,是,0.66,配电箱,71.02,0.55,0.16,0.7,0.66,1,0.19,极高风险
0.64,0.39,否,0.77,0.82,0.64,中级,无,1次,15.65,17.14,0.27,是,是,0.33,深基坑,10.01,0.85,0.11,0.84,0.79,1,0.76,低风险
0.6,0.38,否,0.59,0.85,4.95,中级,无,1次,12.92,25.2,0.01,是,是,0.88,配电箱,7.73,0.58,0.01,0.93,0.84,0,0.84,无风险
0.88,0.31,否,0.74,0.82,3.05,初级,无,无,26.05,33.08,0.3,是,是,0.91,车辆,24.59,0.79,0.17,0.74,0.36,3,0.74,中风险
0.85,0.35,否,0.68,0.8,33.71,中级,无,1次,15.56,56.96,0.87,是,是,0.51,车辆,7.91,0.57,0.27,0.9,0.85,1,0.32,中风险
0.02,0.36,否,0.54,0.89,18.21,初级,无,1次,16.17,38.34,0.17,是,是,0.77,配电箱,2.5,0.52,0.55,0.7,0.85,1,0.79,高风险
0.9,0.75,否,0.76,0.78,21.72,初级,1次,无,22.35,79.16,0.08,是,是,0.6,车辆,0.9,0.79,0,0.57,0.18,3,0.42,中风险
0.28,0.31,否,0.75,0.57,0.04,中级,无,无,17.99,23.27,0.1,是,是,0.58,车辆,70.67,0.42,0.41,0.56,0.59,0,0.57,高风险
0.72,0.36,是,0.64,0.96,14.71,中级,无,无,95.66,21.7,0.5,是,否,0.64,深基坑,16.77,1,0.08,0.93,0.35,6,0.49,极高风险
0.41,0.15,否,0.62,0.74,12.87,高级,无,≥2次,17.6,26.83,0.09,是,是,0.53,塔吊,23.84,0.36,0.16,0.77,0.42,2,0.63,高风险
0.93,0.7,否,0.65,0.89,9.9,高级,无,1次,6.45,47.12,0.3,是,是,0.63,高支模,11.36,1,0.07,0.96,0.88,2,0.51,无风险
0.45,0.61,否,0.81,0.58,6.08,初级,1次,1次,21.16,46.79,0.18,是,是,0.88,配电箱,24.46,0.4,0.5,0.89,0.6,1,0.55,极高风险
0.52,0.31,否,0.76,0.7,0.61,初级,无,无,19.33,87.78,0.06,是,是,0.63,车辆,24.76,1,0.39,0.91,0.59,5,0.3,极高风险
0.86,0.34,否,0.74,0.81,22.44,中级,无,≥2次,37,13.84,0.1,是,是,0.87,车辆,15.49,1,0,0.45,0.61,2,0.53,无风险
0.85,0.55,否,0.65,0.58,11.86,高级,无,无,30.84,20.3,0.61,是,是,0.73,深基坑,9.13,0.66,0,0.89,0.68,6,0.63,高风险
0.21,0.46,否,0.65,0.66,1.64,高级,无,1次,20.42,21.72,0.14,是,是,0.82,高支模,22.76,0.73,0.43,0.83,0.8,2,0.42,中风险
0.74,0.27,否,0.68,0.83,23.7,高级,无,1次,17.41,34.01,0.17,是,否,0.71,配电箱,1.91,0.17,0.52,0.75,0.18,2,0.42,极高风险
0.64,0.37,否,0.59,0.61,1.61,高级,无,无,23.44,48.63,0.14,是,是,0.47,塔吊,2.79,0.46,0,0.73,0.65,3,0.92,低风险
0.96,0.52,否,0.76,0.77,1.96,无证,无,1次,25.62,20.42,0.47,是,是,0.74,高支模,97.07,0.74,0.19,0.89,0.52,2,0.65,极高风险
0.29,0.21,否,0.79,0.8,16.63,初级,无,无,12.44,47.18,0,是,是,0.93,塔吊,18.9,1,0,0.81,0.81,1,0.85,无风险
0.75,0.92,否,0.66,0.52,19.39,中级,1次,≥2次,32.13,30.46,0.3,否,是,0.53,高支模,21.26,0.67,0.3,0.84,0.8,1,0.86,极高风险
0.62,0.27,否,0.79,0.77,3.48,高级,无,1次,19.26,33.48,0.13,是,是,0.83,塔吊,19.9,0.55,0.06,0.89,0.36,1,0.73,无风险
0.86,0.43,否,0.85,0.82,0.09,中级,无,1次,17.45,19,0.09,是,是,0.7,深基坑,35.24,0.94,0.17,0.97,0.69,3,0.38,低风险
0.87,0.61,否,0.75,0.73,12.89,中级,1次,无,30.88,61.93,0.32,是,是,0.39,深基坑,3.43,0.66,0.16,0.85,0.52,0,0.42,高风险
0.81,0.34,否,0.62,0.6,3.18,初级,1次,无,19.24,38.33,0.32,是,是,0.85,配电箱,3.45,0.71,0.18,0.86,0.69,2,0.41,高风险
0.8,0.8,否,0.71,0.87,2.05,中级,无,1次,36.65,20.21,0.28,是,是,0.9,深基坑,45.87,1,0.8,0.53,0.65,2,0.87,高风险
0.36,0.23,否,0.46,0.84,6.9,中级,无,1次,18.53,19.8,0.28,是,否,0.8,车辆,27.98,0.44,0.46,0.8,0.61,6,0.63,极高风险
0.58,0.31,否,0.66,0.94,2.49,初级,无,无,28.98,54.02,0.16,是,是,0.76,车辆,31.48,0.79,0.03,0.75,0.78,1,0.67,低风险
0.77,0.41,否,0.72,0.79,4.09,初级,无,无,20.16,54.19,0.71,是,是,0.47,深基坑,2.72,0.39,0.53,0.93,0.59,4,0.5,极高风险
0.89,0.42,否,0.72,0.95,4.98,中级,1次,1次,15.98,21.32,0.69,是,是,0.71,塔吊,3.54,0.7,0,0.66,0.58,5,0.88,中风险
0.48,0.2,否,0.63,0.88,12.39,中级,1次,无,52.8,15.02,0.07,是,是,0.56,塔吊,1.7,0.32,0,0.76,0.66,1,0.77,无风险
0.57,0.46,否,0.7,0.84,10.14,无证,无,无,19.75,31.7,0.55,是,是,0.3,塔吊,1.59,0.69,0.11,0.88,0.95,3,0.38,高风险
0.18,0.1,否,0.7,0.92,6.9,中级,≥2次,无,22.23,34.29,0.04,是,是,0.96,深基坑,12.22,1,0,0.82,0.85,1,0.62,高风险
0.55,0.27,是,0.75,0.9,3.97,无证,无,无,19.89,76.29,0.3,是,是,0.82,塔吊,88.63,0.61,0,0.59,0.48,3,0.56,极高风险
0.37,0.29,否,0.52,0.77,9.82,无证,无,无,19.78,47.91,0.04,是,是,0.75,配电箱,17.9,0.75,0.17,0.8,0.74,0,0.54,高风险
0.5,0.24,否,0.43,0.91,2.24,中级,无,无,11.23,95.36,0.29,是,是,0.75,配电箱,13.45,0.81,0,0.78,0.68,2,0.29,中风险
0.3,0.24,否,0.66,0.78,14.5,中级,无,无,30.23,27.03,0.04,是,是,0.11,深基坑,28.77,1,0.32,0.91,0.55,1,0.93,高风险
0.52,0.29,否,0.56,0.66,4.03,初级,无,≥2次,18.39,55.77,0.25,是,是,0.51,高支模,16.69,1,0.06,0.84,0.31,0,0.39,极高风险
0.77,0.22,否,0.8,0.71,7.86,中级,无,1次,15.21,21.15,0.37,是,是,0.88,配电箱,12.92,0.87,0.32,0.7,0.86,0,0.76,低风险
0.24,0.48,否,0.66,0.91,14.34,中级,无,无,23.08,31.4,0.18,是,是,0.69,塔吊,10.69,1,0,0.82,0.54,1,0.3,无风险
0.78,0.16,否,0.76,0.7,3.72,高级,无,1次,7.9,15.4,0.6,是,是,0.18,车辆,8.43,0.58,0.58,0.67,0.68,3,0.89,高风险
0.42,0.28,否,0.78,0.89,1.49,初级,1次,无,13.09,23.13,0.86,是,是,0.54,塔吊,15.57,0.95,0.2,0.97,0.36,4,0.49,极高风险
0.34,0.1,否,0.72,0.72,11.53,中级,无,无,28.16,19.57,0.36,是,是,0.92,车辆,19.15,0.58,0.01,0.8,0.6,2,0.31,低风险
0.3,0.33,否,0.71,0.83,6.99,初级,无,无,12.03,54.05,0.15,是,是,0.33,配电箱,0.98,1,0.51,0.95,0.74,5,0.5,高风险
0.45,0.21,否,0.71,0.75,1.16,中级,无,1次,46.03,41.38,0.41,是,是,0.8,配电箱,0.86,0.74,0.52,0.95,0.39,1,0.53,中风险
0.74,0.36,否,0.6,0.66,2.23,高级,无,无,8.57,22.02,0.21,是,是,0.46,塔吊,3.06,0.43,0,0.71,0.5,1,0.64,无风险
0.61,0.26,否,0.56,0.8,37.33,中级,1次,无,17.82,59.08,0.19,是,是,0.15,高支模,16.92,0.66,0.3,0.77,0.58,3,0.92,高风险
0.62,0.29,否,0.76,0.82,17.32,无证,≥2次,1次,36.74,20.96,0.3,是,是,0.87,深基坑,34.94,1,0.7,0.78,0.62,5,0.77,极高风险
0.71,0.37,否,0.79,0.67,1.85,中级,无,无,9.79,17.78,0.19,是,是,0.72,高支模,0.59,0.66,0.16,0.88,0.67,1,0.22,无风险
0.54,0.73,否,0.57,0.8,11.89,初级,无,无,16.57,52.94,0.36,是,是,0.28,塔吊,10.25,0.72,0,0.49,0.54,4,0.85,高风险
0.86,0.57,否,0.56,0.6,13.76,初级,无,无,19.26,32.96,0.1,是,是,0.27,高支模,25.2,0.61,0.34,0.78,0.78,1,0.56,高风险
0.65,0.4,否,0.66,0.92,24.42,中级,无,无,10.45,66.61,0.21,是,是,0.79,深基坑,60.1,1,0.01,0.75,0.88,3,0.28,无风险
0.76,0.25,否,0.8,0.93,14.98,高级,无,1次,28.84,29.04,0.04,是,是,0.86,塔吊,54.03,0.36,0.42,0.59,0.93,3,0.64,无风险
0.77,0.63,否,0.68,0.78,24.13,高级,无,无,15.04,41.04,0.06,是,是,0.9,高支模,38.58,0.69,0,0.77,0.45,1,0.54,无风险
0.29,0.24,否,0.64,0.88,6.94,中级,无,无,31.61,22.58,0.09,是,是,0.75,塔吊,4.01,0.5,0.22,0.89,0.66,3,0.83,无风险
0.36,0.43,否,0.68,0.75,11.55,中级,无,无,27.52,23.61,0.14,是,是,0.57,深基坑,14.65,0.6,0.12,0.87,0.44,1,0.8,低风险
0.69,0.27,否,0.55,0.83,12.01,初级,无,无,67.99,26.11,0.23,是,是,0.57,塔吊,0.22,0.46,0,0.87,0.82,4,0.63,无风险
0.86,0.45,否,0.68,0.95,4.09,无证,无,无,9.24,25.98,0.03,是,是,0.12,深基坑,15.59,0.66,0.5,0.82,0.41,1,0.38,极高风险
0.71,0.83,否,0.65,0.72,1.78,无证,无,无,19.79,30.34,0.21,是,是,0.23,配电箱,4.88,0.28,0.46,0.8,0.32,3,0.46,极高风险
0.82,0.48,否,0.96,0.71,4.4,高级,无,无,34.16,15.17,0.69,否,是,0.63,深基坑,46.43,0.73,0.26,0.64,0.44,1,0.81,极高风险
0.77,0.58,否,0.73,0.73,12.98,初级,无,无,8.37,15,0.08,是,是,0.5,塔吊,86.77,1,0.22,0.88,0.81,7,0.5,高风险
0.38,0.14,否,0.66,0.77,1.6,中级,1次,1次,27.77,39.98,0.46,是,否,0.45,高支模,16.87,1,0.2,0.63,0.16,4,0.62,极高风险
0.7,0.21,否,0.62,0.76,23.4,无证,无,无,39.33,11.85,0.61,是,是,0.79,深基坑,6.01,0.52,0,0.8,0.92,2,0.59,高风险
0.8,0.28,否,0.57,0.71,23.49,中级,无,无,30.68,31.47,0.48,是,是,0.86,高支模,2.86,0.63,0.13,0.93,0.9,0,0.89,无风险
0.86,0.35,否,0.89,0.69,12.87,中级,无,≥2次,19.76,46.18,0.33,是,是,0.81,高支模,19.87,0.53,0.18,0.87,0.76,3,0.71,高风险
0.71,0.32,是,0.77,0.89,22.14,中级,无,≥2次,45.07,20.18,0.07,是,是,0.48,高支模,15.21,0.61,0.62,0.8,0.8,1,0.81,极高风险
0.12,0.17,否,0.74,0.76,3.48,中级,无,1次,33.62,53.03,0.1,是,是,0.57,高支模,24.14,0.63,0.18,0.64,0.56,3,0.52,极高风险
0.15,0.18,否,0.61,0.7,4.38,中级,无,无,16.54,25.38,0.05,否,是,0.9,塔吊,1.41,0.78,0.64,0.88,0.69,7,0.87,极高风险
0.65,0.31,否,0.67,0.89,24.04,中级,无,无,18.17,27.69,0.05,是,是,0.62,配电箱,13.84,0.44,0.04,0.89,0.58,2,0.65,无风险
0.72,0.58,否,0.84,0.99,17.31,高级,1次,1次,2.66,26.19,0.48,是,是,0.85,高支模,27.37,0.74,0.23,0.87,0.92,1,0.63,中风险
0.77,0.49,否,0.84,0.85,11.24,高级,无,无,31.78,46.27,0.51,是,是,0.91,车辆,10.96,0.81,0.1,0.95,0.71,3,0.66,无风险
0.16,0.32,否,0.79,0.87,2.46,初级,无,1次,14.54,45.98,0.61,是,是,0.53,高支模,0.71,1,0.29,0.76,0.45,1,0.63,极高风险
0.76,0.14,否,0.89,0.49,1.79,无证,无,无,34.35,43.2,0.31,是,是,0.25,配电箱,32.01,1,0.54,0.94,0.85,1,0.75,极高风险
0.71,0.15,否,0.67,0.77,4,中级,无,1次,40.31,16.29,0.21,是,是,0.88,车辆,22.18,0.91,0,0.95,0.3,5,0.51,低风险
0.14,0.31,否,0.69,0.87,6.8,中级,1次,无,15.99,21.32,0.22,是,是,0.79,高支模,1.94,1,0.17,0.55,0.53,5,0.9,高风险
0.87,0.28,否,0.82,0.84,6.48,中级,无,无,10.87,11,0.15,是,是,0.78,高支模,7.73,1,0.07,0.77,0.75,1,0.21,无风险
0.57,0.39,否,0.66,0.74,5.74,高级,1次,无,11.13,74.02,0.26,是,是,0.72,塔吊,8.86,0.73,0,0.65,0.31,2,0.57,中风险
0.98,0.18,否,0.78,0.84,4.99,高级,无,无,18.19,41.88,0.04,是,是,0.68,配电箱,15.49,0.68,0,0.86,0.77,2,0.42,无风险
0.67,0.32,否,0.67,0.79,14.85,无证,1次,1次,39.82,47.21,0.41,是,是,0.22,深基坑,6.4,0.49,0.19,0.82,0.67,3,0.55,极高风险
0.1,0.34,否,0.76,0.77,10.96,高级,无,无,18.18,21.25,0.06,是,是,0.53,深基坑,6.08,0.69,0.55,0.81,0.33,3,0.27,高风险
0.7,0.49,否,0.72,0.8,6.12,高级,无,1次,8.13,21.23,0.43,是,是,0.9,配电箱,1.3,0.82,0.16,0.78,0.77,1,0.6,无风险
0.43,0.17,否,0.62,0.83,18.91,中级,无,无,11.34,46.76,0.06,是,是,0.73,塔吊,0.63,0.66,0.25,0.89,0.31,1,0.43,低风险
0.61,0.26,否,0.78,0.93,10.54,无证,无,1次,26.17,27.55,0.46,是,是,0.85,配电箱,26.76,0.79,0.02,0.92,0.53,1,0.61,高风险
0.33,0.51,否,0.74,0.8,12.69,高级,无,无,34.95,18.68,0.23,是,是,0.72,塔吊,14.65,0.78,0.27,0.74,0.35,2,0.29,低风险
0.54,0.29,否,0.48,0.82,35.45,高级,无,无,18.65,29.05,0.1,是,是,0.82,高支模,0.47,0.36,0.33,0.6,0.37,2,0.58,无风险
0.61,0.88,否,0.75,0.93,8.69,高级,1次,1次,9.77,41.89,0.06,是,是,0.58,深基坑,1.82,0.04,0.24,0.7,0.18,1,0.48,极高风险
0.63,0.3,否,0.62,0.82,30.99,初级,无,无,24.73,11.78,0.32,是,是,0.28,深基坑,29.31,0.66,0.07,0.8,0.36,1,0.32,中风险
0.32,0.11,否,0.79,0.8,2.82,中级,无,无,15.6,38.68,0.05,是,是,0.68,车辆,30.65,0.54,0.17,0.66,0.76,2,0.75,低风险
0.49,0.21,否,0.61,0.91,15.51,初级,无,1次,90.88,39.53,0.46,是,是,0.63,车辆,42.15,0.2,0.46,0.93,0.36,1,0.68,极高风险
0.79,0.63,否,0.75,0.85,6.29,无证,无,无,22.68,20.84,0.18,是,是,0.72,车辆,2.22,0.49,0,0.71,0.8,3,0.61,高风险
0.8,0.52,否,0.79,0.78,24.61,高级,无,无,10.63,58.71,0.42,是,是,0.56,塔吊,30.72,0.82,0.51,0.79,0.71,1,0.96,低风险
0.55,0.65,否,0.79,0.82,5.43,高级,1次,1次,23.16,50.32,0.25,是,是,0.89,车辆,23.4,0.58,0.31,0.73,0.5,3,0.57,极高风险
0.71,0.17,否,0.62,0.89,3.65,高级,无,1次,16.19,60.71,0.02,是,是,0.31,塔吊,22.4,1,0,0.94,0.07,3,0.56,中风险
0.5,0.18,否,0.69,0.97,14.86,中级,无,≥2次,8.44,19.25,0.75,是,是,0.35,高支模,1.43,0.42,0,0.59,0.37,2,0.83,高风险
0.54,0.19,否,0.78,0.64,21.53,高级,1次,无,12.23,12.28,0.03,是,是,0.25,深基坑,25.63,1,0.31,0.82,0.26,2,0.41,低风险
0.73,0.37,否,0.76,0.63,0.03,初级,无,无,28.57,45.72,0.23,是,是,0.4,深基坑,32.88,0.33,0.05,0.95,0.83,3,0.45,高风险
0.78,0.37,否,0.65,0.91,3.96,中级,无,1次,14.88,23.43,0.15,是,是,0.78,塔吊,17.8,1,0.5,0.69,0.38,2,0.33,中风险
0.11,0.13,否,0.6,0.68,19.9,初级,无,1次,20.1,18.16,0.39,是,是,0.82,配电箱,43.31,0.79,0.4,0.67,0.67,5,0.5,高风险
0.51,0.26,是,0.56,0.86,6.9,中级,无,1次,19.25,29.3,0.2,否,是,0.22,高支模,68.3,0.79,0.67,0.7,0.39,2,0.56,极高风险
0.59,0.17,否,0.66,0.81,8.66,中级,无,无,69.84,58.79,0.01,是,是,0.69,塔吊,33.68,1,0.44,0.61,0.56,7,0.9,中风险
0.71,0.3,否,0.74,0.75,5.16,中级,1次,≥2次,20.64,83.85,0.07,是,是,0.53,车辆,2.24,0.64,0.58,0.66,0.55,1,0.86,极高风险
0.5,0.34,否,0.69,0.92,2.72,中级,无,1次,17.79,34.5,0.01,是,是,0.74,配电箱,17.54,1,0.56,0.81,0.66,1,0.79,中风险
0.6,0.53,否,0.57,0.91,9.57,中级,无,1次,34.53,15.12,0.04,否,是,0.43,深基坑,4.36,0.71,0.01,0.77,0.47,1,0.85,高风险
0.5,0.17,否,0.58,0.86,3.11,初级,无,1次,20.35,25.64,0.23,是,是,0.6,高支模,16.51,0.62,0.25,0.74,0.34,3,0.41,极高风险
0.88,0.24,否,0.65,0.83,0.92,高级,无,无,14.74,26.48,0.31,否,是,0.45,配电箱,18.08,0.46,0,0.73,0.41,2,0.42,高风险
0.77,0.14,否,0.61,0.87,18.14,初级,1次,≥2次,14.82,38.35,0.21,是,是,0.93,车辆,2.96,0.54,0.22,0.88,0.79,1,0.51,低风险
0.83,0.27,否,0.64,0.75,12.47,无证,无,无,50.32,27.64,0.29,是,是,0.27,高支模,24.81,0.54,0.32,0.8,0.5,2,0.53,极高风险
0.67,0.35,否,0.54,0.83,5.93,高级,无,1次,11.78,30.38,0.15,是,否,0.61,深基坑,0.16,0.42,0.47,0.91,0.76,1,0.86,高风险
0.74,0.37,否,0.81,0.63,1.93,高级,无,≥2次,34.01,52.82,0.19,是,是,0.64,车辆,22.3,1,0.57,0.58,0.98,1,0.78,高风险
0.7,0.38,否,0.57,0.7,24.87,初级,1次,无,12.19,23.88,0.38,是,否,0.43,高支模,19.18,0.53,0.09,0.94,0.2,4,0.85,极高风险
0.87,0.73,否,0.87,0.79,2.79,中级,无,无,15.6,25.03,0.25,是,是,0.64,塔吊,2.7,0.54,0.3,0.87,0.89,2,0.14,低风险
0.85,0.14,否,0.69,0.99,10.66,中级,无,无,31.49,16.41,0.1,是,是,0.82,车辆,1.99,0.25,0.38,0.79,0.91,3,0.6,无风险
0.65,0.56,否,0.66,0.73,17.65,初级,无,1次,25.35,67.56,0.2,是,是,0.92,深基坑,26.95,0.75,0.38,0.95,0.62,3,0.69,高风险
0.79,0.63,否,0.78,0.84,21.09,中级,无,无,16.47,13.98,0.14,否,是,0.8,高支模,4.99,0.82,0,0.66,0.72,5,0.77,高风险
0.83,0.28,否,0.59,0.77,18.84,高级,无,无,19.96,27.17,0.08,是,是,0.77,高支模,21.54,1,0.27,0.78,0.79,5,0.32,无风险
0.35,0.2,否,0.68,0.8,7.97,中级,无,1次,26.99,32.6,0.1,是,是,0.86,配电箱,19.81,1,0.16,0.88,0.85,4,0.36,低风险
0.59,0.56,否,0.69,0.71,4.15,初级,1次,无,27.12,8.23,0.08,是,是,0.82,配电箱,30.74,0.57,0.42,0.83,0.78,2,0.68,中风险
0.64,0.2,否,0.82,0.8,3.02,中级,无,1次,37.45,16.66,0.02,是,是,0.15,高支模,0.02,0.53,0.93,0.83,0.78,4,0.39,高风险
0.89,0.3,否,0.72,0.84,4.32,初级,1次,无,8.57,23.28,0.54,是,是,0.15,塔吊,2.55,0.8,0.4,0.64,0.62,5,0.56,极高风险
0.87,0.15,否,0.64,0.88,20.56,初级,无,1次,9.98,39.46,0.51,是,是,0.52,配电箱,1.53,0.9,0,0.98,0.73,2,0.82,无风险
0.71,0.27,否,0.64,0.86,4.81,初级,无,1次,14.91,38.17,0.24,是,是,0.6,深基坑,29.23,1,0,0.89,0.64,3,0.89,中风险
0.71,0.32,否,0.64,0.66,9.07,初级,1次,无,16.14,30.75,0.26,是,是,0.13,高支模,10.38,0.56,0.24,0.42,0.55,1,0.61,极高风险
0.63,0.42,是,0.82,0.85,8.66,中级,无,无,6.44,39.32,0.42,是,是,0.56,高支模,22.08,1,0.53,0.9,0.61,2,0.33,极高风险
0.09,0.31,否,0.85,0.7,6.11,高级,无,无,24.9,65.98,0.42,是,是,0.31,高支模,12.61,0.36,0,0.68,0.82,2,0.39,高风险
0.76,0.38,否,0.65,0.73,2.74,中级,1次,1次,17,33.92,0.43,是,是,0.88,配电箱,13.48,1,0.65,0.86,0.79,3,0.71,高风险
0.45,0.31,否,0.46,0.92,4.64,高级,无,无,9.86,43.86,0.12,是,是,0.93,高支模,15.47,0.85,0.26,0.46,0.84,2,0.48,低风险
0.45,0.61,否,0.71,0.87,9.88,中级,1次,1次,10.27,24.42,0.5,是,是,0.96,配电箱,1.56,1,0.07,0.9,0.65,2,0.94,低风险
0.16,0.1,否,0.55,0.86,18.64,中级,无,无,28.99,25.73,0.04,是,是,0.15,配电箱,17.04,0.66,0.56,0.96,0.39,1,0.54,极高风险
0.43,0.08,否,0.73,0.84,13.4,中级,无,无,25.33,22.4,0.18,是,是,0.84,塔吊,18.01,0.39,0.21,0.8,0.38,6,0.39,低风险
0.27,0.11,否,0.98,0.92,39.72,高级,无,≥2次,9.16,10.34,0.16,是,是,0.66,配电箱,1.63,1,0,0.71,0.48,6,0.45,无风险
0.83,0.26,否,0.64,0.83,12.65,中级,无,1次,28.36,45.64,0.07,是,是,0.51,配电箱,80.03,0.69,0.33,0.82,0.5,2,0.74,中风险
0.58,0.66,否,0.73,0.76,28.65,初级,无,无,20.88,70.84,0.42,是,是,0.71,深基坑,29.67,0.46,0.16,0.96,0.76,5,0.66,高风险
0.34,0.52,否,0.75,0.69,0.61,中级,1次,无,38.44,30.1,0.62,是,是,0.89,车辆,23.06,1,0.29,0.76,0.35,1,0.56,极高风险
0.7,0.28,否,0.62,0.83,13.79,中级,1次,无,25.66,29.16,0.66,是,是,0.76,配电箱,21.41,0.74,0.41,0.57,0.22,0,0.71,高风险
0.45,0.17,否,0.72,0.71,3.71,高级,无,≥2次,8.7,28.4,0.41,是,是,0.15,高支模,0.98,0.67,0.1,0.87,0.23,0,0.57,高风险
0.51,0.15,否,0.73,0.86,16.89,初级,无,无,37.54,21.17,0.51,是,是,0.18,配电箱,3.11,0.78,0.27,0.86,0.95,5,0.34,高风险
0.81,0.28,否,0.6,0.78,7.83,高级,无,1次,22.36,72.04,0.03,是,是,0.9,深基坑,20.69,1,0.07,0.51,0.75,1,0.61,无风险
0.23,0.2,否,0.74,0.94,11.89,中级,无,1次,24,27.37,0.1,是,是,0.9,车辆,24.51,0.83,0.2,0.6,0.46,2,0.42,中风险
0.55,0.16,否,0.8,0.64,2.07,中级,无,无,24.4,21.42,0.11,是,是,0.58,塔吊,25.84,0.71,0.59,0.96,0.84,5,0.72,低风险
0.54,0.82,否,0.8,0.75,8.68,初级,无,1次,22.8,50.41,0.25,是,是,0.73,高支模,18.33,0.75,0.23,0.78,0.25,3,0.48,极高风险
0.57,0.25,否,0.65,0.69,3.17,初级,无,无,18.02,66.52,0.02,是,是,0.57,配电箱,2.1,0.69,0.44,0.94,0.36,2,0.85,中风险
0.24,0.2,否,0.74,0.94,18.09,高级,无,1次,20.6,25.1,0.67,是,是,0.49,高支模,4.26,0.58,0.8,0.83,0.29,3,0.87,高风险
0.5,0.11,否,0.75,0.66,1.9,高级,无,无,29.49,56.41,0.16,是,是,0.18,深基坑,19.37,1,0.24,0.76,0.73,3,0.91,高风险
0.41,0.26,否,0.66,0.87,2.61,高级,无,1次,14.08,32.86,0.35,是,是,0.86,深基坑,0.63,0.71,0.08,0.96,0.35,6,0.69,低风险
0.22,0.47,否,0.62,0.91,4.09,高级,无,1次,10.93,36.22,0.17,是,是,0.92,高支模,56.63,0.89,0.13,0.9,0.64,3,0.6,中风险
0.76,0.2,否,0.64,0.72,26.25,高级,无,无,13.05,48.06,0.12,是,是,0.09,高支模,3.73,0.55,0.76,0.85,0.94,4,0.51,高风险
0.44,0.39,否,0.7,0.86,8.78,初级,无,无,19.55,46.52,0.36,是,是,0.85,配电箱,8.32,0.35,0.37,0.48,0.44,2,0.75,极高风险
0.47,0.28,否,0.3,0.68,4.81,中级,无,无,5.83,38.63,0.09,是,是,0.36,配电箱,14.57,0.66,0.2,0.72,0.36,0,0.46,极高风险
0.86,0.09,否,0.67,0.82,7.5,中级,无,无,10.64,29.08,0.32,是,是,0.3,配电箱,4.21,1,0.07,0.93,0.41,5,0.6,低风险
0.38,0.15,否,0.65,0.8,1.95,初级,无,1次,35.91,16.53,0.26,是,是,0.7,车辆,2.58,1,0.63,0.87,0.1,2,0.34,高风险
0.27,0.38,否,0.72,0.82,0.66,初级,无,无,19.54,74.11,0.08,否,是,0.74,深基坑,17.7,1,0,0.9,0.77,0,0.6,高风险
0.41,0.23,否,0.82,0.88,0.29,初级,无,无,15.56,30.55,0.18,是,是,0.35,配电箱,3.18,0.61,0,0.86,0.34,0,0.93,低风险
0.29,0.23,否,0.62,0.59,32.44,初级,无,无,9.73,14.1,0.11,是,是,0.82,车辆,11.39,0.58,0.37,0.77,0.96,1,0.32,高风险
0.66,0.05,否,0.79,0.64,6.36,高级,无,无,14.97,36.04,0.39,是,是,0.6,配电箱,3.05,0.72,0.21,0.77,0.78,3,0.52,无风险
0.67,0.46,否,0.79,0.75,0.66,中级,无,1次,18.25,19.03,0.19,是,是,0.15,高支模,5,1,0.21,0.87,0.8,1,0.86,高风险
0.54,0.74,否,0.68,0.92,19.93,中级,无,无,22.34,32.73,0.22,是,否,0.96,配电箱,98.82,0.81,0,0.85,0.86,3,0.66,高风险
0.46,0.17,否,0.79,0.8,1.53,中级,无,1次,16.64,34.59,0.32,是,是,0.56,塔吊,3.73,0.72,0,0.9,0.65,2,0.51,低风险
0.64,0.44,否,0.73,0.67,8.11,初级,无,1次,14.3,28.48,0.43,是,是,0.67,深基坑,11.77,1,0.16,0.83,0.67,2,0.33,中风险
0.82,0.45,否,0.83,0.98,6.69,中级,无,无,4.6,46.06,0.16,是,是,0.72,配电箱,4.95,1,0.23,0.79,0.63,1,0.32,低风险
0.08,0.1,否,0.72,0.77,9.6,初级,无,无,17.09,16.43,0.05,是,是,0.33,深基坑,22.8,0.58,0.26,0.78,0.49,1,0.37,高风险
0.37,0.36,否,0.71,0.85,8.27,中级,无,无,39.28,26.66,0,是,是,0.58,深基坑,10.12,0.42,0.18,0.9,0.89,3,0.62,无风险
0.81,0.32,否,0.67,0.73,8.04,中级,无,1次,29.95,18.18,0.26,是,是,0.71,车辆,20.34,0.42,0.02,0.85,0.82,2,0.82,低风险
0.64,0.18,否,0.71,0.67,22.58,初级,无,1次,35.17,22.06,0.08,是,是,0.52,深基坑,26.4,0.72,0,0.81,0.79,2,0.79,无风险
0.77,0.53,否,0.7,0.8,34.52,高级,1次,1次,26.52,24.57,0.13,是,是,0.93,深基坑,26.21,0.84,0.03,0.79,0.47,1,0.7,无风险
0.2,0.2,是,0.54,0.92,9.7,高级,无,无,9.05,43.53,0.51,是,是,0.74,高支模,15.42,0.78,0.39,0.8,0.32,6,0.54,极高风险
0.62,0.25,否,0.72,0.83,0.66,高级,无,无,11.59,19.95,0.41,是,是,0.35,配电箱,25.24,0.57,0.02,0.76,0.82,2,0.67,低风险
0.47,0.2,否,0.46,0.8,2.58,中级,1次,无,15.87,27.99,0.48,是,是,0.74,塔吊,14.91,0.73,0.46,0.5,0.35,5,0.61,极高风险
0.68,0.62,否,0.73,0.66,7.9,中级,无,1次,40.46,36.42,0.19,是,是,0.71,高支模,4.64,0.56,0.71,0.73,0.86,2,0.49,中风险
0.34,0.33,否,0.77,0.88,11.34,初级,1次,无,43.48,33.78,0.05,是,是,0.65,高支模,0.93,0.32,0.08,0.72,0.66,2,0.78,低风险
0.38,0.17,否,0.82,0.9,11.59,无证,无,1次,17.61,37.51,0.2,是,是,0.58,配电箱,7.33,0.78,0.06,0.69,0.44,3,0.51,高风险
0.56,0.22,否,0.8,0.93,5.28,高级,无,1次,23.77,31.81,0.83,是,是,0.6,深基坑,6.41,0.38,0.03,0.94,0.77,5,0.54,低风险
0.62,0.22,否,0.69,0.83,26.29,高级,无,无,11.01,22.74,0.45,否,是,0.67,配电箱,7.02,0.66,0.66,0.85,0.61,3,0.29,高风险
0.74,0.17,否,0.6,0.57,5.79,中级,无,无,37.94,27.22,0.31,是,是,0.65,配电箱,0.13,0.4,0,0.99,0.84,2,0.42,高风险
0.42,0.22,否,0.78,0.79,15.09,中级,无,1次,40.33,40.4,0.22,是,是,0.35,配电箱,25.28,1,0.47,0.5,0.63,1,0.62,高风险
0.71,0.66,否,0.57,0.85,2.28,高级,1次,1次,15.19,60.31,0.1,是,是,0.88,深基坑,17.25,1,0.24,0.83,0.68,5,0.87,中风险
0.48,0.29,否,0.53,0.71,1.46,无证,1次,≥2次,10.92,45.51,0.05,是,是,0.82,深基坑,14.95,0.74,0.11,0.83,0.69,4,0.6,极高风险
0.73,0.28,否,0.71,0.69,3.8,中级,1次,无,18.37,22.97,0.37,是,是,0.94,车辆,16.38,1,0.3,0.72,0.79,1,0.45,低风险
0.79,0.16,否,0.67,0.94,16.74,中级,无,1次,18.06,32.91,0.33,是,是,0.72,车辆,63.4,0.56,0.09,0.9,0.2,4,0.53,中风险
0.5,0.15,否,0.63,0.69,11.71,中级,无,1次,18,49.61,0.62,是,是,0.83,高支模,34.63,0.49,0,0.88,0.56,1,0.8,高风险
0.85,0.85,否,0.86,0.83,39.12,中级,无,1次,33.68,30.3,0.42,是,是,0.75,塔吊,1.44,0.66,0,0.81,0.47,1,0.57,高风险
0.68,0.16,否,0.86,0.81,22.66,高级,无,无,26.06,112.49,0.1,是,是,0.35,塔吊,4.51,0.58,0.31,0.51,0.77,4,0.16,低风险
0.38,0.32,否,0.66,0.73,1.03,初级,无,1次,40.89,33.62,0.1,是,是,0.18,车辆,3.63,0.44,0.36,0.94,0.67,5,0.47,极高风险
0.5,0.73,否,0.66,0.88,10.86,中级,无,≥2次,12.24,22.24,0.48,是,是,0.32,塔吊,0.46,0.71,0,0.71,0.39,4,0.29,极高风险
0.57,0.15,否,0.76,0.69,0.17,中级,无,无,12.46,79.61,0.14,是,是,0.94,深基坑,4,0.28,0,0.89,0.28,2,0.71,无风险
0.47,0.14,否,0.59,0.64,3.96,初级,无,无,23.24,6.12,0.4,是,是,0.74,塔吊,16.18,0.66,0.2,0.73,0.75,3,0.62,低风险
0.77,0.35,否,0.8,0.73,0.84,初级,1次,无,8.57,4.04,0.17,是,是,0.28,深基坑,15.71,0.76,0.17,0.92,0.9,1,0.7,低风险
0.93,0.33,否,0.6,0.83,10.55,初级,无,1次,20.87,17.48,0.44,是,是,0.92,塔吊,21.38,1,0,0.94,0.96,3,0.22,无风险
0.25,0.26,否,0.45,0.79,12.19,高级,无,1次,6.04,18.11,0.16,是,是,0.83,塔吊,30.36,0.33,0,0.77,0.6,3,0.5,低风险
0.59,0.86,否,0.74,0.68,3.45,中级,1次,无,38.46,30.45,0.24,是,是,0.68,车辆,24.08,0.81,0.49,0.84,0.34,2,0.29,极高风险
0.3,0.37,否,0.64,0.86,13.99,中级,无,无,13.24,7.22,0.07,是,是,0.43,配电箱,27.75,0.84,0,0.76,0.74,0,0.37,无风险
0.24,0.15,否,0.58,0.69,4.18,中级,无,≥2次,15.31,18.98,0.22,是,是,0.72,车辆,18.7,1,0.66,0.74,0.9,3,0.31,极高风险
0.44,0.14,否,0.74,0.89,5.13,初级,无,无,17.83,10.45,0.03,是,是,0.68,高支模,3.95,0.59,0.03,0.86,0.46,1,0.47,无风险
0.24,0.4,否,0.77,0.81,3.03,中级,无,1次,29.07,17.18,0.8,是,是,0.71,深基坑,7.37,0.75,0.06,0.86,0.53,3,0.66,中风险
0.59,0.15,否,0.89,0.78,12.97,初级,无,1次,15.02,17.31,0.33,是,是,0.75,高支模,11.15,0.59,0.14,0.81,0.63,5,0.63,低风险
0.53,0.24,否,0.68,0.75,2.2,中级,1次,无,13.68,38.87,0.02,是,是,0.37,车辆,34.11,0.41,0,0.61,0.16,5,0.73,极高风险
0.73,0.33,否,0.89,0.8,28.24,高级,无,无,13.01,87.62,0.42,是,是,0.71,高支模,1.33,0.71,0.22,0.75,0.45,2,0.35,无风险
0.64,0.29,否,0.7,0.86,9.46,初级,无,1次,17.93,14.49,0.08,是,是,0.43,塔吊,21.37,1,0.13,0.95,0.58,7,0.13,高风险
0.96,0.37,否,0.77,0.57,0.99,中级,无,无,12.42,18.4,0.21,是,是,0.73,高支模,37.42,0.66,0.77,0.85,0.87,2,0.36,高风险
0.88,0.17,是,0.79,0.98,1.61,高级,无,无,44.89,41.95,0.08,是,是,0.64,深基坑,4.18,0.64,0.34,0.65,0.83,1,0.62,高风险
0.58,0.33,否,0.76,0.8,12.1,中级,无,1次,9.61,17.84,0.01,是,是,0.89,高支模,2.75,0.78,0.57,0.98,0.37,2,0.82,无风险
0.48,0.12,否,0.56,0.88,8.44,初级,无,1次,12.11,21.19,0.37,是,是,0.41,配电箱,19.06,1,0.05,0.94,0.77,1,0.56,中风险
0.37,0.26,否,0.47,0.74,0.09,中级,无,无,16.78,13.3,0.19,是,是,0.47,高支模,43.07,0.64,0,0.83,0.9,2,0.4,中风险
0.59,0.18,否,0.7,0.75,3.82,高级,无,无,15.11,28.77,0.24,是,是,0.92,深基坑,35.59,0.6,0.82,0.77,0.28,1,0.68,中风险
0.49,0.34,否,0.62,0.83,7.15,中级,无,无,12.18,35.62,0.02,是,是,0.96,配电箱,19.48,0.83,0.38,0.64,0.37,4,0.32,中风险
0.55,0.22,否,0.84,0.62,0.31,中级,无,1次,26.95,26.4,0.02,是,是,0.5,塔吊,13.3,0.44,0.59,0.76,0.39,2,0.38,高风险
0.61,0.34,否,0.74,0.76,18.97,中级,≥2次,1次,24.73,13.11,0.07,是,否,0.64,配电箱,21.26,0.74,0.7,0.9,0.28,2,0.54,极高风险
0.44,0.23,否,0.63,0.71,1.19,中级,无,无,14.66,34.08,0.47,是,是,0.31,高支模,22.72,0.77,0.08,0.75,0.76,0,0.74,高风险
0.63,0.29,否,0.84,0.79,2.78,初级,无,≥2次,12.93,49.17,0.13,是,是,0.72,配电箱,11.95,0.69,0.21,0.91,0.85,4,0.52,极高风险
0.68,0.42,否,0.61,0.91,8.13,高级,无,无,37.95,42.2,0.42,是,是,0.68,车辆,12.16,0.44,0.67,0.85,0.26,4,0.8,高风险
0.62,0.34,否,0.72,0.69,4.91,初级,无,无,66.75,22.57,0.45,是,是,0.73,高支模,18.71,0.61,0.23,0.98,0.75,1,0.22,中风险
0.23,0.09,否,0.58,0.67,3.92,初级,1次,无,21.63,17.99,0.16,是,是,0.1,深基坑,13.02,0.68,0.17,0.76,0.59,1,0.7,高风险
0.59,0.65,否,0.71,0.88,3.63,高级,无,无,21.19,11.58,0.17,是,否,0.18,塔吊,19.05,0.28,0.1,0.8,0.69,2,0.35,极高风险
0.91,0.5,否,0.82,0.88,35.77,中级,无,无,23.9,73.96,0.31,是,是,0.62,塔吊,60.47,0.56,0.33,0.92,0.35,2,0.74,中风险
0.91,0.99,否,0.9,0.83,2.32,初级,无,≥2次,19.16,10.09,0.14,是,是,0.46,配电箱,11.78,0.83,0.5,0.73,0.78,2,0.34,极高风险
0.76,0.15,否,0.62,0.86,24.5,高级,无,1次,36.62,36.06,0.48,是,是,0.77,车辆,4.57,1,0.52,0.78,0.61,1,0.74,无风险
0.65,0.42,否,0.61,0.9,25.17,中级,无,无,25.79,25.91,0.05,是,是,0.31,车辆,1.93,0.39,0.5,0.87,0.53,2,0.85,无风险
0.5,0.4,否,0.55,0.79,1.43,高级,无,≥2次,18.76,77.71,0.61,是,是,0.65,塔吊,22.12,0.18,0.75,0.78,0.47,1,0.46,极高风险
0.82,0.23,否,0.71,0.75,10.88,高级,无,1次,16.5,43.07,0.24,是,否,0.94,配电箱,11.88,0.73,0.97,0.86,0.43,3,0.35,极高风险
0.29,0.2,否,0.56,0.62,17.46,中级,无,1次,18.49,16.68,0.06,是,是,0.55,高支模,8.44,0.7,0.21,0.85,0.62,1,0.68,低风险
0.66,0.31,否,0.72,0.66,1.83,初级,无,1次,33.81,26.35,0.01,是,是,0.66,深基坑,60.24,0.58,0.2,0.74,0.69,2,0.93,中风险
0.24,0.32,否,0.73,0.87,0.29,高级,无,无,17.25,27.21,0.2,是,是,0.87,深基坑,7.13,0.52,0.23,0.6,0.75,1,0.83,无风险
0.6,0.2,否,0.58,0.64,0.36,初级,无,无,17.01,14.56,0.27,是,是,0.86,深基坑,1.16,0.67,0.32,0.78,0.46,2,0.11,低风险
0.76,0.65,否,0.68,0.8,7.99,中级,1次,无,12.67,89.06,0.16,否,是,0.58,配电箱,3.95,0.9,0,0.96,0.72,1,0.31,极高风险
0.47,0.36,否,0.61,0.59,8.02,初级,无,1次,11.12,26.11,0.4,是,是,0.83,塔吊,9.05,0.69,0.32,0.82,0.85,1,0.86,高风险
0.91,0.27,否,0.79,0.67,2.49,中级,1次,无,29.88,26.9,0.63,是,是,0.75,配电箱,1.36,0.78,0.05,0.79,0.31,2,0.79,低风险
0.81,0.27,否,0.71,0.87,15.42,中级,无,1次,16.5,12.62,0.13,是,是,0.87,配电箱,20.84,1,0,0.86,0.61,2,0.95,无风险
0.61,0.58,否,0.65,0.74,29.81,无证,无,≥2次,18.62,34.88,0.25,是,是,0.94,深基坑,47.08,0.76,0.64,0.72,0.73,4,0.49,极高风险
0.64,0.29,是,0.72,1,12.5,中级,无,无,31.8,14.51,0.23,否,是,0.88,深基坑,9.36,0.45,0,0.79,0.5,1,0.53,极高风险
0.65,0.29,否,0.58,0.86,2.79,中级,1次,1次,23.32,33.24,0.04,是,是,0.71,深基坑,3.66,0.65,0.13,0.78,0.44,2,0.51,低风险
0.48,0.39,否,0.46,0.86,9.55,高级,无,无,54.25,31.56,0.33,是,是,0.84,高支模,37.54,0.22,0.51,0.82,0.62,3,0.6,高风险
0.44,0.27,否,0.64,0.79,25.44,中级,1次,无,14.94,10.77,0.51,是,是,0.9,车辆,11.8,0.78,0.11,0.96,0.68,2,0.75,无风险
0.87,0.61,否,0.59,0.78,1.51,中级,无,无,6.61,16.06,0.71,是,否,0.88,深基坑,1.06,1,0.16,0.87,0.19,5,0.5,极高风险
0.7,0.58,否,0.55,0.68,1.31,中级,1次,无,8.12,26.72,0,否,是,0.39,高支模,18.14,0.48,0.02,0.89,0.73,6,0.74,极高风险
0.71,0.74,否,0.61,0.81,4.12,初级,无,无,31.66,22.33,0.06,否,是,0.91,塔吊,13.42,0.64,0.24,0.97,0.34,3,0.93,高风险
0.78,0.35,否,0.68,0.79,8.75,中级,无,无,28.2,22.04,0.13,是,是,0.61,深基坑,16.57,0.78,0.24,0.89,0.19,2,0.33,低风险
0.33,0.17,否,0.81,0.77,5.45,中级,1次,1次,10.76,13.43,0.05,是,是,0.68,塔吊,15.75,0.82,0.5,0.95,0.75,2,0.42,低风险
0.13,0.09,否,0.69,0.49,13.37,中级,1次,1次,37.87,34.74,0.01,是,是,0.83,高支模,1.77,0.37,0.06,0.61,0.37,2,0.79,极高风险
0.59,0.66,否,0.58,0.56,0.75,初级,无,1次,17.23,51.44,0.5,是,是,0.12,车辆,16.8,0.6,0.21,0.78,0.72,2,0.88,极高风险
0.31,0.26,否,0.64,0.72,14.91,中级,无,无,10.8,51.5,0.02,是,是,0.72,配电箱,13.83,1,0,0.91,0.86,0,0.44,无风险
0.48,0.18,否,0.58,0.84,2.01,中级,1次,≥2次,10.92,66.12,0.09,是,是,0.96,配电箱,4.63,1,0.02,0.94,0.38,3,0.76,高风险
0.85,0.11,否,0.82,0.77,3.19,中级,无,无,24.86,40.52,0.36,是,是,0.52,深基坑,5.34,0.89,0.72,0.8,0.5,5,0.48,中风险
0.72,0.5,否,0.62,0.88,8.64,中级,无,1次,9.31,77.6,0.22,是,否,0.68,车辆,1.67,0.68,0.35,0.66,0.69,0,0.76,极高风险
0.62,0.2,否,0.8,0.81,15.14,高级,1次,无,29.13,25.03,0.2,是,是,0.75,车辆,28.09,0.99,0.06,0.58,0.67,1,0.47,无风险
0.96,0.77,否,0.88,0.81,10.31,无证,无,无,33.72,23.82,0.24,是,是,0.95,塔吊,21.9,0.74,0,0.86,0.79,4,0.38,高风险
0.87,0.53,否,0.84,0.75,13.66,中级,无,无,18.95,61.45,0.16,是,是,0.81,车辆,27.7,1,0,0.8,0.56,3,0.69,无风险
0.79,0.32,否,0.8,0.78,17.25,中级,1次,无,18.19,77.49,0.04,是,是,0.48,塔吊,2.73,0.83,0.11,0.88,0.78,5,0.53,无风险
0.67,0.26,否,0.66,0.67,1.37,无证,无,无,22.93,28.1,0.31,是,是,0.96,车辆,87.47,0.71,0.43,0.69,0.13,0,0.72,极高风险
0.56,0.33,否,0.84,0.75,1.58,中级,≥2次,无,33.79,40.4,0,是,是,0.87,配电箱,1.1,0.53,0.44,0.92,0.71,5,0.63,中风险
0.63,0.2,否,0.57,0.79,7.45,中级,1次,1次,16.82,17.6,0.02,是,是,0.43,车辆,5.16,0.62,0.11,0.84,0.87,5,0.47,低风险
0.87,0.74,否,0.83,0.7,21.32,高级,1次,无,13.05,27.34,0.05,是,是,0.53,深基坑,1.78,0.63,0.87,0.95,0.95,1,0.87,无风险
0.74,0.52,否,0.61,0.52,11.73,无证,无,无,7.69,10.98,0.25,是,否,0.56,高支模,42.35,0.52,0.11,0.9,0.89,2,0.52,极高风险
0.43,0.17,否,0.69,0.74,0.94,中级,无,无,15.09,23.99,0.3,是,是,0.22,深基坑,31.2,0.44,0.46,0.72,0.8,3,0.4,极高风险
0.85,0.3,否,0.71,0.92,8.46,高级,无,无,25.75,22.34,0.38,是,是,0.5,深基坑,11.57,0.67,0.11,0.77,0.83,3,0.63,无风险
0.23,0.34,否,0.72,0.71,0.29,初级,无,无,22.22,36.29,0.48,是,是,0.83,车辆,44.24,0.79,0.28,0.84,0.36,0,0.4,极高风险
0.48,0.35,否,0.67,0.73,15.35,中级,无,≥2次,16.18,31.21,0.11,是,否,0.78,深基坑,19.17,0.56,0.29,0.69,0.36,5,0.23,极高风险
0.47,0.27,否,0.7,0.75,12.2,初级,无,≥2次,23.43,45.18,0.47,是,是,0.53,配电箱,34.83,0.5,0.17,0.9,0.89,4,0.64,极高风险
0.55,0.11,否,0.8,0.94,8.12,中级,无,无,22.52,24.6,0.25,是,是,0.77,车辆,3.32,1,0.13,0.96,0.76,1,0.68,无风险
0.84,0.38,否,0.75,0.65,1.35,中级,≥2次,1次,16.55,65.44,0.21,是,否,0.62,车辆,35.64,0.63,0.38,0.76,0.8,3,0.46,极高风险
0.72,0.54,否,0.7,0.62,3.08,中级,无,1次,15.37,18.44,0.6,是,是,0.54,深基坑,15.83,0.48,0.11,0.95,0.35,0,0.36,极高风险
0.79,0.39,否,0.74,0.86,0.45,中级,无,1次,26.48,72.88,0.39,是,是,0.52,深基坑,17.54,0.73,0.36,0.78,0.55,4,0.69,极高风险
0.36,0.19,否,0.67,0.77,16.82,中级,无,无,13.55,12.43,0.69,是,是,0.89,配电箱,4.3,0.8,0.39,0.93,0.82,2,0.65,无风险
0.37,0.21,否,0.76,0.8,9.02,初级,无,1次,14.48,12.89,0.67,是,是,0.45,配电箱,5.2,0.87,0.47,0.72,0.15,5,0.71,极高风险
0.72,0.37,否,0.78,1,23.29,中级,无,无,62,14.6,0.15,是,是,0.7,配电箱,17.01,1,0.47,0.88,0.64,3,0.56,无风险
0.29,0.23,否,0.8,0.68,31.07,中级,1次,1次,13.25,40.92,0.74,是,是,0.88,配电箱,6.3,0.78,0.24,0.69,0.93,7,0.58,高风险
0.6,0.35,否,0.77,0.93,2.23,中级,1次,无,11.94,17.35,0.01,是,是,0.24,高支模,10.62,0.59,0.57,0.7,0.99,1,0.29,中风险
0.49,0.3,否,0.67,0.91,9.63,中级,无,无,15.5,40.81,0.06,是,是,0.7,高支模,19.07,1,0,0.8,0.53,1,0.69,无风险
0.15,0.46,否,0.54,0.71,9.7,中级,1次,≥2次,13,34.09,0.53,是,是,0.45,塔吊,32.43,0.46,0.19,0.97,0.77,2,0.83,极高风险
0.4,0.19,否,0.87,0.74,5.34,初级,无,≥2次,9.82,49.96,0.85,是,是,0.63,塔吊,18.06,1,0.46,0.81,0.82,2,0.67,极高风险
0.53,0.09,否,0.79,0.73,34.12,初级,无,≥2次,13.25,30.84,0.01,是,是,0.76,车辆,0.42,0.59,0.14,0.79,0.23,1,0.39,低风险
0.75,0.26,否,0.65,0.84,18.46,初级,无,无,8.83,34.8,0.31,是,是,0.55,配电箱,26.8,0.79,0.13,0.62,0.41,1,0.47,中风险
0.2,0.46,否,0.6,0.9,8.61,中级,无,1次,37.36,31.02,0.43,是,是,0.69,塔吊,23.95,0.79,0.27,0.89,0.33,2,0.79,高风险
0.8,0.55,是,0.87,0.84,6.56,中级,1次,1次,9.36,44.12,0.32,是,否,0.6,高支模,12.32,0.65,0.26,0.61,0.89,6,0.66,极高风险
0.71,0.57,否,0.79,0.81,5.33,初级,无,无,7.47,41.22,0.22,是,是,0.78,车辆,1.16,0.71,0,0.99,0.53,3,0.6,无风险
0.45,0.22,否,0.76,0.79,1.57,初级,无,无,17.94,23.89,0.03,是,是,0.92,配电箱,91.79,0.69,0.3,0.61,0.85,7,0.61,中风险
0.72,0.32,否,0.73,0.81,9.31,中级,无,无,17.22,42.77,0.03,是,否,0.9,塔吊,17.21,1,0.32,0.94,0.81,2,0.42,高风险
0.47,0.15,是,0.64,0.82,23.24,初级,无,无,18.88,26.8,0,否,是,0.5,塔吊,16.41,0.84,0.28,0.91,0.86,4,0.27,极高风险
0.65,0.28,否,0.78,0.72,8.18,初级,无,无,9.45,38.43,0.23,是,是,0.89,深基坑,14.54,0.74,0.19,0.69,0.32,2,0.76,低风险
0.4,0.55,否,0.55,0.77,8.22,初级,无,无,8.09,24.23,0.55,是,是,0.75,塔吊,2,0.74,0.54,0.8,0.16,3,0.59,极高风险
0.57,0.3,否,0.75,0.96,8.9,中级,1次,无,6.84,30.54,0.16,是,是,0.86,车辆,0.95,0.51,0,0.74,0.8,2,0.91,无风险
0.51,0.24,否,0.79,0.74,5.58,中级,无,无,17.68,26.3,0.48,是,是,0.38,塔吊,28.16,1,0.65,0.92,0.72,1,0.31,高风险
0.75,0.4,否,0.64,0.53,34.81,初级,无,无,11.76,16.58,0.19,是,是,0.89,高支模,17.42,0.56,0.14,0.87,0.59,0,0.4,高风险
0.61,0.36,否,0.6,0.6,29.18,中级,无,无,20.01,18.17,0.28,是,是,0.39,车辆,55.2,0.48,0.75,0.95,0.76,3,0.37,高风险
0.03,0.3,否,0.62,0.74,22.74,初级,无,无,17.63,40.44,0.22,是,是,0.8,深基坑,1.27,1,0.03,0.8,0.33,1,0.15,高风险
0.44,0.13,否,0.66,0.81,0.78,中级,无,1次,42.48,10.65,0.46,是,否,0.79,塔吊,8.74,0.69,0.31,0.83,0.81,2,0.89,高风险
0.74,0.7,否,0.82,0.69,5.44,无证,1次,无,9.9,24.56,0.04,是,是,0.87,车辆,2.48,1,0.24,0.79,0.98,4,0.21,高风险
0.4,0.31,否,0.76,0.77,2.99,中级,1次,1次,22.12,33.23,0.08,是,否,0.81,配电箱,21.64,0.64,0.33,0.73,0.29,0,0.66,极高风险
0.18,0.26,否,0.68,0.77,27.68,初级,无,无,6.03,12.74,0.43,是,是,0.86,车辆,18.22,0.73,0.22,0.73,0.72,3,0.78,高风险
0.73,0.25,否,0.68,0.71,4.37,中级,无,无,11.1,89.33,0.55,是,是,0.49,车辆,0.34,0.56,0.12,0.7,0.78,1,0.51,低风险
0.92,0.14,否,0.65,0.88,10.88,中级,1次,无,25.82,27.08,0.25,是,是,0.36,塔吊,4.73,1,0.15,0.83,0.73,0,0.28,无风险
0.64,0.6,否,0.85,0.76,8.89,无证,无,无,13.99,20.37,0.23,是,否,0.56,配电箱,3.69,0.42,0.23,0.96,0.58,4,0.45,极高风险
0.49,0.28,否,0.67,0.69,25.22,中级,无,≥2次,18.41,12.23,0.09,是,是,0.9,高支模,27.96,0.83,0.23,0.94,0.55,1,0.87,低风险
0.88,0.58,否,0.7,0.85,7.53,初级,1次,1次,35.16,27.49,0.16,是,是,0.89,塔吊,30.08,0.83,0,0.9,0.38,1,0.74,低风险
0.68,0.19,否,0.97,0.77,2.45,初级,1次,无,9.25,30.79,0.27,是,是,0.66,配电箱,10.85,1,0.22,0.68,0.71,4,0.64,中风险
0.91,0.36,否,0.76,0.79,25.79,中级,无,无,26.21,106.43,0.26,是,是,0.69,配电箱,2.35,0.9,0.49,0.77,0.81,1,0.39,无风险
0.46,0.12,否,0.58,0.93,14.76,初级,1次,1次,6.32,13.21,0.12,是,是,0.55,车辆,13.98,0.66,0,0.95,0.43,0,0.57,中风险
0.7,0.49,否,0.6,0.74,21.08,无证,无,无,18.26,22.99,0.42,是,是,0.82,塔吊,3.08,0.45,0.36,0.94,0.69,1,0.56,高风险
0.85,0.26,否,0.59,0.89,1.99,中级,无,无,41.01,44.87,0.03,是,是,0.92,车辆,6.81,0.75,0.26,0.95,0.73,3,0.4,无风险
0.62,0.2,否,0.83,0.79,1.98,高级,无,无,26.26,20.21,0.03,是,是,0.7,车辆,8.45,1,0.19,0.69,0.44,2,0.66,无风险
0.74,0.17,否,0.82,0.79,3.02,中级,无,无,17.4,37.94,0.5,是,是,0.72,配电箱,43.08,1,0.08,0.68,0.37,4,0.72,低风险
0.63,0.25,否,0.72,0.88,8.59,初级,无,无,16.05,70.9,0.45,否,是,0.91,车辆,30.14,1,0.56,0.66,0.73,2,0.58,极高风险
0.83,0.23,否,0.71,0.83,4.42,中级,1次,无,19.77,38.12,0.04,是,是,0.9,车辆,11.54,0.3,0.46,0.68,0.78,6,0.81,中风险
0.25,0.38,否,0.82,0.87,15.21,高级,1次,无,38.4,15.03,0.3,是,是,0.69,配电箱,38.11,0.77,0,0.75,0.92,2,0.72,无风险
0.52,0.38,否,0.63,0.61,4.2,初级,1次,无,16.47,17.42,0.45,是,是,0.81,深基坑,21.7,0.8,0.85,0.59,0.56,5,0.72,极高风险
0.66,0.31,否,0.69,0.86,9,中级,无,无,26.42,47.85,0.55,是,是,0.76,配电箱,18.73,0.87,0.79,0.71,0.19,2,0.87,高风险
0.65,0.34,否,0.75,0.76,11.47,中级,无,1次,29.12,22.53,0.22,是,是,0.77,车辆,20.38,0.34,0.17,0.86,0.38,4,0.67,高风险
0.27,0.24,否,0.62,0.49,2.82,初级,1次,无,26.66,39.9,0.18,是,是,0.66,高支模,3.75,0.2,0.57,0.96,0.49,3,0.7,极高风险
0.74,0.24,否,0.69,0.74,5.6,中级,1次,无,15.86,65.15,0.35,是,是,0.77,配电箱,20.24,0.94,0,0.89,0.78,1,0.59,低风险
0.44,0.23,否,0.71,0.99,17.39,高级,无,无,33.82,10.5,0.46,是,是,0.84,高支模,7.32,0.81,0.4,0.66,0.47,2,0.7,无风险
0.3,0.54,否,0.69,0.65,2.27,中级,无,无,10.2,26.99,0.03,否,是,0.61,配电箱,22.37,0.3,0,0.84,0.64,5,0.85,极高风险
0.8,0.22,否,0.91,0.78,16.91,中级,无,无,23.63,35.21,0.42,是,是,0.37,塔吊,14.06,1,0.07,0.77,0.49,3,0.78,无风险
0.86,0.28,否,0.75,0.89,2.54,高级,无,无,38.84,46.64,0.02,是,是,0.63,塔吊,35.96,0.69,0.32,0.82,0.14,1,0.52,低风险
0.91,0.53,否,0.71,0.62,20.34,中级,无,无,14.61,23.83,0.51,是,是,0.87,深基坑,2.25,1,0.99,0.73,0.76,3,0.98,无风险
0.62,0.4,否,0.66,0.91,14.88,无证,1次,无,20.23,18.33,0.12,是,是,0.68,车辆,45.58,0.85,0.13,0.91,0.88,6,0.9,高风险
0.04,0.27,否,0.86,0.76,18.51,初级,无,1次,25.79,17.95,0.54,是,是,0.67,塔吊,1.53,1,0,0.66,0.5,3,0.65,高风险
0.55,0.21,否,0.74,0.69,7.21,初级,无,无,15.39,15.48,0.37,是,是,0.8,高支模,12.99,0.56,0.27,0.91,0.42,2,0.5,中风险
0.83,0.3,否,0.7,0.72,3.34,初级,无,1次,12.07,69.13,0.2,是,是,0.46,高支模,2.88,0.28,0.23,0.66,0.76,2,0.6,高风险
0.21,0.58,否,0.56,0.8,1.99,中级,无,1次,20.35,11.14,0.25,是,是,0.81,深基坑,45.58,0.61,0.16,0.58,0.49,1,0.32,极高风险
0.3,0.36,否,0.75,0.69,6.48,中级,无,无,19.61,34.7,0.37,是,是,0.6,车辆,14.81,1,0.06,0.92,0.79,2,0.23,中风险
0.53,0.32,是,0.83,0.63,9.13,初级,无,≥2次,25.87,37.66,0.49,是,是,0.36,深基坑,2.58,0.77,0.44,0.91,0.31,1,0.65,极高风险
0.53,0.43,否,0.64,0.8,5.6,中级,无,1次,25.13,36.51,0.26,是,是,0.93,配电箱,25.52,0.87,0.26,0.91,0.88,3,0.6,中风险
0.63,0.45,否,0.8,0.74,0.46,中级,无,无,47.41,23.5,0.31,是,是,0.92,深基坑,20.31,0.5,0.28,0.92,0.36,2,0.69,中风险
0.72,0.29,是,0.64,0.81,3.27,高级,无,无,10.59,6.22,0.87,是,是,0.91,配电箱,0.77,0.8,0.03,0.79,0.36,2,0.37,高风险
0.79,0.48,否,0.62,0.91,19.55,高级,无,无,23.03,16.1,0.51,是,是,0.38,车辆,8.3,0.75,0.07,0.85,0.47,0,0.92,无风险
0.77,0.31,否,0.86,0.76,1.27,无证,无,1次,13.48,51.62,0.23,是,是,0.29,塔吊,36.48,0.5,0.53,0.85,0.55,5,0.42,极高风险
0.24,0.25,否,0.6,0.89,13.59,中级,无,无,68.48,39.52,0.35,是,是,0.76,车辆,22.62,1,0.54,0.7,0.61,1,0.31,高风险
0.78,0.26,否,0.82,0.8,7.34,中级,无,1次,11.93,17.55,0.16,是,是,0.57,深基坑,20.28,0.48,0.42,0.45,0.43,7,0.49,高风险
0.59,0.44,否,0.64,0.76,10.29,无证,无,无,72.02,33.41,0.07,是,否,0.33,深基坑,2.07,0.4,0.3,0.9,0.64,4,0.68,极高风险
0.97,0.58,否,0.55,0.78,2.66,中级,无,无,25.67,54.72,0.03,是,是,0.54,深基坑,19.03,0.74,0.02,0.85,0.6,2,0.41,低风险
0.6,0.36,否,0.79,0.82,3.19,中级,无,1次,10.02,13.49,0.01,是,是,0.86,车辆,0.88,0.66,0,0.89,0.33,2,0.3,无风险
0.19,0.09,否,0.78,0.86,12.53,中级,1次,1次,35.77,19.99,0.36,是,是,0.79,配电箱,81.07,0.75,0.09,0.8,0.42,2,0.6,高风险
0.83,0.83,否,0.69,0.88,2.38,中级,无,1次,33.63,17.54,0.06,是,是,0.85,深基坑,1.13,0.62,0,0.78,0.63,3,0.58,高风险
0.66,0.3,否,0.76,0.88,1.03,高级,无,1次,11.75,20.5,0.32,是,是,0.79,配电箱,2.53,0.78,0.85,0.93,0.08,1,0.86,中风险
0.69,0.11,否,0.65,0.85,1.48,初级,无,1次,63.08,76.12,0.24,是,是,0.84,高支模,23.91,0.63,0.22,0.43,0.89,4,0.24,高风险
0.41,0.16,否,0.73,0.8,16.72,高级,1次,无,20.45,23.56,0.46,否,是,0.86,深基坑,19.44,1,0.2,0.83,0.62,0,0.72,高风险
0.77,0.4,否,0.64,0.84,18.01,中级,1次,无,29.64,32.08,0.27,是,是,0.75,深基坑,12.59,0.61,0,0.69,0.54,7,0.36,低风险
0.65,0.29,否,0.68,0.65,11.18,中级,1次,1次,19.09,34.82,0.08,是,是,0.91,车辆,26.26,0.66,0,0.68,0.57,2,0.86,低风险
0.14,0.2,否,0.64,0.71,10.08,中级,无,1次,11.39,78.29,0.14,是,是,0.65,配电箱,33.76,0.54,0.21,0.74,0.67,2,0.55,高风险
0.51,0.46,否,0.7,0.61,24.31,初级,无,1次,19.17,16.64,0.8,是,是,0.92,配电箱,23.12,0.57,0.62,0.9,0.67,1,0.32,极高风险
0.22,0.77,否,0.79,0.83,19.15,中级,无,无,37.52,26.63,0.36,是,是,0.47,塔吊,21.96,0.7,0.45,0.92,0.4,0,0.75,高风险
0.41,0.45,否,0.71,0.89,8.12,初级,1次,无,52.62,59.39,0.02,否,否,0.21,配电箱,1.98,1,0,0.8,0.71,3,0.92,极高风险
0.51,0.52,否,0.74,0.77,11.32,高级,无,无,19.58,30.74,0.03,是,是,0.73,高支模,30.06,0.4,0,0.85,0.31,4,0.44,中风险
0.41,0.42,否,0.69,0.63,9.15,高级,无,无,24.57,19.8,0.43,是,是,0.17,深基坑,13.42,0.15,0.3,0.82,0.81,3,0.67,高风险
0.24,0.17,否,0.53,0.82,25.6,高级,无,无,37.47,22.2,0.18,是,是,0.81,配电箱,19.74,0.45,0.19,0.81,0.15,1,0.45,低风险
0.82,0.3,否,0.72,0.8,4.39,中级,无,无,10.08,9.42,0.02,是,是,0.24,深基坑,4.07,0.3,0.48,0.86,0.75,1,0.78,无风险
0.61,0.44,否,0.69,0.8,1.8,中级,无,无,16.4,39.51,0.32,是,是,0.86,塔吊,3.06,1,0.43,0.7,0.64,1,0.64,低风险
0.57,0.21,否,0.69,0.86,2.94,初级,无,无,15.23,13.05,0.4,是,是,0.74,高支模,97.26,0.79,0.21,0.75,0.59,1,0.71,中风险
0.75,0.39,否,0.74,0.74,3.41,中级,无,无,33.6,62.35,0.79,是,是,0.78,塔吊,47.95,0.88,0,0.83,0.5,1,0.6,中风险
0.22,0.2,否,0.63,0.85,12.42,中级,无,无,12.59,11.86,0.02,是,是,0.88,深基坑,9.38,0.82,0.34,0.94,0.56,4,0.42,无风险
0.59,0.29,否,0.75,0.72,12.14,中级,无,1次,33.09,43.89,0.22,是,是,0.43,车辆,11.37,0.36,0.06,0.72,0.12,5,0.34,极高风险
0.51,0.42,否,0.66,0.81,14.62,中级,无,1次,13.96,48.74,0.25,是,是,0.75,塔吊,10.77,0.78,0,0.93,0.54,2,0.86,低风险
0.66,0.14,否,0.78,0.77,9,中级,无,无,32.8,34.19,0.21,是,是,0.52,高支模,3.72,0.31,0.38,0.48,0.72,3,0.91,低风险
0.69,0.36,否,0.64,0.87,2.87,无证,无,1次,11.72,10.89,0.3,是,是,0.25,车辆,3.86,0.5,0.24,0.96,0.78,1,0.4,高风险
0.31,0.3,否,0.69,0.74,26.06,中级,1次,1次,21.87,51.58,0.23,是,是,0.81,车辆,9.1,0.56,0,0.93,0.65,0,0.53,低风险
0.78,0.28,否,0.64,0.71,22.86,高级,无,无,18.22,35.28,0.3,是,是,0.42,塔吊,2.18,0.63,0.45,0.83,0.79,1,0.38,无风险
0.8,0.17,否,0.71,0.66,20.47,中级,1次,无,26.92,36.65,0.08,是,是,0.33,塔吊,3.47,1,0.08,0.83,0.6,1,0.8,无风险
0.58,0.22,否,0.79,0.93,11.1,无证,无,≥2次,23.53,24.38,0.31,是,是,0.86,高支模,4.75,0.41,0.01,0.96,0.91,1,0.71,高风险
0.71,0.1,否,0.73,0.66,1.93,中级,1次,无,11.4,11.08,0.46,是,是,0.2,车辆,0.65,0.54,0.42,0.58,0.44,1,0.46,高风险
0.83,0.23,否,0.82,0.72,0.91,无证,1次,≥2次,15.3,44.93,0.43,是,是,0.33,车辆,12.6,1,0.26,0.97,0.33,5,0.31,极高风险
0.55,0.04,否,0.65,0.85,2.17,中级,无,无,18.16,33.73,0.27,是,是,0.95,配电箱,13.53,0.78,0.32,0.91,0.59,0,0.39,低风险
0.4,0.35,否,0.73,0.84,0.21,初级,1次,1次,14.98,24.46,0.2,是,是,0.66,塔吊,18.62,0.76,0.3,0.73,0.65,0,0.5,高风险
0.86,0.57,否,0.51,0.82,14.06,中级,无,1次,22.84,38.22,0.08,是,是,0.95,深基坑,29.82,0.71,0.14,0.53,0.62,6,0.84,中风险
0.74,0.68,否,0.6,0.81,26.93,初级,无,无,24.81,17.06,0.04,是,是,0.67,深基坑,0.15,1,0,0.94,0.93,3,0.82,无风险
0.84,0.35,否,0.61,0.68,1.36,初级,无,1次,8.78,37.48,0.32,是,是,0.9,塔吊,12.99,0.61,0,0.78,0.64,0,0.47,低风险
0.44,0.59,否,0.71,0.8,8.19,高级,无,无,16.22,30.42,0.43,是,是,0.83,车辆,40.5,0.29,0.19,0.71,0.86,0,0.47,中风险
0.37,0.43,否,0.64,0.78,26.97,中级,无,无,12.07,8.19,0.33,是,是,0.59,配电箱,24.77,0.77,0.03,0.9,0.69,2,0.57,无风险
0.95,0.38,否,0.8,0.92,4.75,无证,无,1次,9.88,50.66,0.22,是,是,0.55,高支模,4.35,0.47,0,0.72,0.67,5,0.62,高风险
0.64,0.14,否,0.71,0.9,13.2,中级,1次,1次,11.23,32.6,0.08,是,是,0.7,高支模,11.91,0.66,0.14,0.76,0.34,1,0.3,中风险
0.46,0.41,否,0.83,0.75,2.87,初级,无,1次,27.56,24.26,0,是,是,0.54,高支模,3,0.26,0.56,0.75,0.61,2,0.86,高风险
0.86,0.49,否,0.79,0.73,5.03,中级,无,1次,20.8,35.18,0.11,是,是,0.62,车辆,1.07,0.54,0.83,0.88,0.07,2,0.44,高风险
0.44,0.49,否,0.61,0.52,2.68,中级,1次,无,14.45,11.1,0.48,是,是,0.9,塔吊,13.18,0.65,0.17,0.83,0.82,1,0.9,高风险
0.82,0.8,否,0.68,0.88,14.97,无证,无,无,26.32,34.96,0.08,是,是,0.45,塔吊,9.01,0.96,0.45,0.78,0.64,0,0.54,高风险
0.63,0.22,是,0.55,0.73,1.16,中级,1次,无,13.3,22.1,0.29,是,是,0.52,车辆,15.34,0.75,0.08,0.6,0.77,5,0.61,极高风险
0.55,0.18,否,0.71,0.86,14.47,初级,无,无,9.06,58.51,0.05,是,是,0.85,配电箱,0.4,0.78,0.37,0.84,0.17,0,0.89,无风险
0.59,0.75,否,0.8,0.75,2.69,中级,无,无,12.67,61.86,0.06,是,是,0.16,塔吊,10.64,0.39,0.29,0.82,0.36,1,0.74,极高风险
0.56,0.2,否,0.67,0.95,33.74,中级,无,1次,45.9,16.73,0.09,是,是,0.47,深基坑,17.26,0.5,0.29,0.88,0.33,3,0.61,低风险
0.8,0.4,否,0.79,0.88,1.77,无证,无,1次,37.14,10.4,0.12,是,是,0.51,深基坑,16.32,0.82,0.72,0.65,0.22,4,0.52,极高风险
0.53,0.91,否,0.78,0.73,1.87,中级,1次,无,12.85,19.25,0.27,是,是,0.9,配电箱,28.48,0.72,0.53,0.95,0.71,2,0.81,高风险
0.82,0.16,否,0.66,0.95,0.02,中级,无,无,20.55,18.39,0.18,是,是,0.55,塔吊,17.1,1,0.43,0.87,0.56,3,0.4,无风险
0.35,0.37,否,0.67,0.86,0.12,高级,无,无,19.66,43.52,0.78,否,是,0.13,车辆,13.3,0.38,0.91,0.49,0.6,1,0.87,极高风险
0.83,0.31,否,0.83,0.79,4.56,中级,无,无,36.59,22.97,0.47,是,是,0.62,深基坑,15.36,0.61,0.07,0.93,0.48,2,0.25,低风险
0.85,0.31,否,0.47,0.99,24.85,高级,无,无,27,42.91,0.45,是,是,0.7,配电箱,12.91,1,0,0.67,0.24,2,0.89,无风险
0.63,0.55,否,0.5,0.84,3.91,高级,无,无,38.82,43.22,0.33,是,是,0.94,高支模,24.79,1,0.07,0.84,0.72,4,0.73,低风险
0.77,0.23,否,0.64,0.66,23.96,中级,无,1次,17.08,31.5,0.23,是,是,0.64,深基坑,17.06,0.32,0.2,0.68,0.6,5,0.42,中风险
0.3,0.31,否,0.65,0.8,3.47,中级,无,无,26.41,10.62,0,否,是,0.46,塔吊,3.39,0.52,0.38,0.79,0.72,4,0.86,高风险
0.66,0.69,否,0.58,0.81,12.43,中级,无,无,26.25,26.92,0.3,是,是,0.88,深基坑,13.4,0.82,0.33,0.7,0.09,6,0.74,高风险
0.64,0.27,否,0.71,0.53,10.64,中级,1次,≥2次,24.38,38.14,0.03,是,是,0.65,高支模,12.3,0.62,0,0.9,0.21,3,0.7,高风险
0.16,0.09,否,0.7,0.84,5.82,中级,无,无,25.43,8.6,0.08,是,是,0.84,高支模,3.27,1,0,0.58,0.29,4,0.33,高风险
0.73,0.13,否,0.67,0.77,2.61,中级,无,1次,16.99,18.14,0.03,是,是,0.89,深基坑,3.71,0.95,0.28,0.94,0.42,2,0.34,无风险
0.67,0.14,否,0.7,0.9,2.84,高级,无,无,7.74,9.96,0.24,是,是,0.76,塔吊,2.32,0.43,0.1,0.84,0.82,1,0.59,无风险
0.36,0.13,否,0.58,0.83,5.72,中级,≥2次,无,18.66,14.53,0.4,是,是,0.7,配电箱,14.52,1,0.06,0.72,0.37,4,0.14,高风险
0.49,0.43,否,0.6,0.75,0.23,初级,无,无,13.4,82.99,0,是,是,0.1,配电箱,27.97,0.73,0.18,0.69,0.44,3,0.87,极高风险
0.41,0.26,否,0.61,0.97,1.06,中级,无,无,19.06,38.72,0.04,否,是,0.57,塔吊,13.45,0.1,0,0.8,0.5,0,0.79,高风险
0.47,0.21,否,0.8,0.8,6.76,中级,无,无,19.31,32.56,0.2,是,是,0.26,车辆,17.7,0.63,0.85,0.88,0.68,4,0.74,高风险
0.82,0.25,否,0.86,0.72,24.28,初级,无,无,12.24,28,0.31,是,是,0.97,车辆,14.35,0.85,0.67,0.83,0.86,2,0.8,无风险
0.77,0.72,否,0.49,0.78,7.41,高级,无,无,13.26,18.78,0.37,是,是,0.34,车辆,28.32,0.69,0.33,0.91,0.9,1,0.85,中风险
0.63,0.27,否,0.7,0.6,6.32,中级,无,1次,18.43,30.35,0.24,是,是,0.21,高支模,2.86,0.49,0.41,0.8,0.85,2,0.84,高风险
0.52,0.38,否,0.61,0.65,6.1,中级,无,≥2次,15.97,18.67,0.4,是,是,0.62,高支模,9.96,0.79,0.73,0.65,0.89,2,0.35,极高风险
0.3,0.24,否,0.79,0.87,17.8,中级,无,≥2次,26.27,58.06,0.14,是,是,0.72,深基坑,9.87,1,0,0.83,0.97,2,0.35,低风险
0.65,0.12,否,0.81,0.67,3.13,高级,无,≥2次,24.57,18.91,0.62,是,是,0.72,高支模,16.76,0.66,0.41,0.79,0.47,1,0.66,高风险
0.9,0.48,否,0.53,0.74,1.72,初级,无,无,29.67,82.14,0.6,是,否,0.4,高支模,30.91,0.87,0,0.94,0.4,1,0.74,极高风险
0.63,0.39,否,0.72,0.69,0.28,高级,无,1次,18.52,28.58,0.12,是,是,0.42,配电箱,20.59,0.83,0.28,0.79,0.4,0,0.75,高风险
0.31,0.22,否,0.52,0.64,7.05,中级,无,1次,20.9,12.73,0.56,是,是,0.48,高支模,33.75,0.62,0.38,0.98,0.66,2,0.34,极高风险
0.45,0.28,否,0.87,0.74,4.72,中级,无,≥2次,17.8,56.28,0.33,是,是,0.34,高支模,26.36,0.4,0.46,0.82,0.38,3,0.84,极高风险
0.73,0.43,否,0.61,0.82,2.55,中级,无,无,13.26,78.12,0.04,是,是,0.92,深基坑,22.77,0.96,0.08,0.83,0.35,0,0.45,低风险
0.44,0.24,否,0.69,0.77,8.94,中级,无,无,18.81,48.55,0.16,是,是,0.49,深基坑,2.26,1,0.24,0.83,0.68,3,0.9,无风险
0.56,0.65,否,0.81,0.86,10.28,中级,无,无,17.24,64.75,0.23,是,是,0.5,深基坑,15.49,0.16,0.08,0.98,0.42,1,0.86,高风险
0.23,0.16,否,0.74,0.73,3.06,中级,无,1次,52.9,33.52,0.02,是,是,0.79,车辆,33.23,0.75,0.49,0.66,0.84,3,0.45,中风险
0.75,0.15,否,0.71,0.91,4.94,中级,无,无,16.37,29.69,0.05,是,是,0.57,高支模,14.85,0.33,0.52,0.88,0.75,3,0.77,低风险
0.7,0.35,否,0.58,0.79,3.6,高级,无,无,9.71,45.07,0.06,是,否,0.69,高支模,12.01,1,0.05,0.87,0.17,1,0.94,高风险
0.69,0.25,否,0.67,0.82,3.88,中级,1次,无,16.15,12.57,0.51,是,是,0.49,高支模,15.74,0.71,0.12,0.82,0.52,0,0.74,中风险
0.45,0.12,否,0.62,0.73,4.67,中级,无,无,11.58,24.28,0.05,是,是,0.82,深基坑,42.51,0.69,0.96,0.83,0.94,1,0.82,低风险
0.26,0.29,否,0.56,0.98,0.76,中级,无,无,13.59,33.56,0.28,是,是,0.65,配电箱,5.59,0.63,0.03,0.71,0.64,0,0.79,中风险
0.15,0.24,否,0.76,0.81,32.35,初级,无,1次,15.72,19.05,0.35,是,是,0.58,深基坑,3.57,0.31,0,0.92,0.42,2,0.99,高风险
0.62,0.25,否,0.56,0.64,11.99,初级,无,1次,13.17,6.8,0.22,是,是,0.31,配电箱,0.24,0.75,0.12,0.73,0.55,1,0.3,低风险
0.86,0.47,否,0.57,0.88,5.38,高级,无,无,11.52,37.27,0.3,是,是,0.85,深基坑,3.74,0.6,0.58,0.68,0.83,1,0.27,无风险
0.3,0.18,否,0.63,0.82,0.74,初级,无,无,11.17,51.1,0.32,是,是,0.62,配电箱,1.66,0.66,0.44,0.79,0.93,1,0.5,中风险
0.84,0.2,否,0.67,0.96,2.91,中级,无,1次,22.05,16.88,0.09,是,是,0.81,深基坑,4.92,1,0.62,0.93,0.48,4,0.79,无风险
0.32,0.3,否,0.72,0.63,4.57,初级,无,无,18.06,11.53,0.07,是,是,0.19,深基坑,20.12,0.71,0.29,0.64,0.75,3,0.59,高风险
0.16,0.12,否,0.69,0.9,19.69,初级,无,1次,36,43.73,0.6,是,是,0.61,配电箱,12.36,1,0,0.73,0.53,0,0.83,高风险
0.41,0.45,否,0.8,0.8,3.48,中级,1次,无,19.81,17.66,0.21,是,是,0.11,深基坑,25.68,1,0,0.9,0.94,1,0.67,高风险
0.67,0.15,否,0.49,0.73,4.89,中级,无,无,15.81,39.27,0.2,是,是,0.24,深基坑,3.55,1,0.62,0.73,0.39,1,0.55,中风险
0.81,0.26,否,0.55,0.73,0.13,中级,无,无,29.04,48.84,0.09,是,是,0.31,深基坑,17.82,0.74,0,0.89,0.68,2,0.74,低风险
0.12,0.15,否,0.44,0.76,4.76,初级,无,无,62.82,63.82,0.45,是,是,0.76,车辆,0.55,1,0.3,0.96,0.81,3,0.69,高风险
0.76,0.05,否,0.7,0.75,4.32,中级,无,无,15.46,15.3,0.08,是,是,0.85,高支模,5.87,0.3,0,0.75,0.37,1,0.31,无风险
0.2,0.42,否,0.74,0.91,21.29,初级,无,1次,31.81,21.22,0.49,是,是,0.45,塔吊,22.04,0.75,0.12,0.58,0.41,4,0.55,高风险
0.61,0.27,否,0.66,0.85,0.16,初级,无,≥2次,19.76,10.88,0.38,是,是,0.34,高支模,0.17,0.47,0.33,0.69,0.43,1,0.42,极高风险
0.42,0.26,否,0.68,0.79,29.31,中级,1次,1次,27.8,40.72,0.44,是,是,0.9,车辆,3,0.63,0.42,0.73,0.34,2,0.96,中风险
0.11,0.1,否,0.68,0.88,17.24,中级,无,无,18.55,20.09,0.18,是,是,0.93,配电箱,21.44,0.81,0,0.62,0.44,5,0.85,高风险
0.44,0.38,否,0.73,0.65,13.66,高级,无,无,14.26,53.46,0.25,是,是,0.88,配电箱,3.56,1,0.46,0.73,0.95,2,0.39,无风险
0.76,0.97,否,0.59,0.74,25.81,初级,1次,无,17.97,64.06,0.47,否,是,0.44,深基坑,12.3,0.67,0,0.79,0.8,1,0.73,极高风险
0.5,0.22,否,0.78,0.74,13.68,中级,1次,无,29.68,29.01,0.05,是,否,0.96,车辆,47.95,0.9,0.44,0.95,0.77,3,0.75,高风险
0.82,0.08,否,0.66,0.83,1.08,中级,无,1次,29.84,34.47,0.15,是,是,0.73,深基坑,15.37,0.8,0.16,0.92,0.76,5,0.79,无风险
0.98,0.29,否,0.79,0.7,2.12,中级,无,无,14.79,53.55,0.06,是,是,0.62,高支模,0.32,0.59,0,0.96,0.41,2,0.63,无风险
0.34,0.08,否,0.64,0.86,1.92,中级,无,无,18.97,3.68,0.1,是,是,0.18,高支模,28.05,1,0.61,0.69,0.34,1,0.26,高风险
0.96,0.13,否,0.72,0.73,21.12,初级,无,≥2次,40.75,30.29,0.11,是,是,0.83,配电箱,4.28,0.79,0,0.86,0.77,1,0.81,无风险
0.33,0.29,否,0.84,0.92,28.62,高级,无,无,13.92,22.28,0.18,是,是,0.88,塔吊,4.15,0.49,0,0.92,0.78,5,0.38,无风险
0.31,0.34,否,0.76,0.73,7.39,初级,1次,≥2次,26.08,31.73,0.41,是,是,0.46,高支模,3.68,0.84,0.18,0.65,0.86,0,0.3,极高风险
0.32,0.25,否,0.85,0.81,0.64,中级,无,1次,12.63,28.6,0.16,否,是,0.65,配电箱,2.46,0.36,0.34,0.99,0.57,6,0.17,极高风险
0.82,0.17,否,0.77,0.81,11.43,初级,无,无,9.35,8.1,0.29,是,是,0.37,高支模,23.86,1,0.93,0.7,0.64,3,0.86,中风险
0.41,0.22,否,0.62,0.78,11.73,中级,无,1次,18.11,44.9,0.25,是,是,0.46,深基坑,16.31,0.77,0.32,0.83,0.65,3,0.63,高风险
0.44,0.26,否,0.75,0.82,5.02,初级,无,≥2次,6.67,45.61,0.09,是,是,0.86,配电箱,21.2,0.42,0.05,0.65,0.7,2,0.75,极高风险
0.68,0.99,否,0.71,0.8,4.62,初级,无,无,13.16,41.66,0.16,是,是,0.65,深基坑,3.73,0.85,0.6,0.87,0.63,1,0.41,高风险
0.9,0.42,否,0.83,0.64,4.26,中级,无,无,37.78,22.24,0.58,是,是,0.74,车辆,22.5,0.9,0.13,0.76,0.58,2,0.42,中风险
0.74,0.41,否,0.72,0.86,27,高级,1次,无,15.35,11.34,0.21,是,是,0.55,高支模,19.22,0.6,0.53,0.7,0.33,2,0.36,中风险
0.61,0.47,否,0.73,0.71,11.11,中级,无,无,27.04,22.97,0.45,是,是,0.81,深基坑,26.44,0.4,0.43,0.79,0.5,3,0.81,高风险
0.49,0.34,否,0.78,0.81,3.22,初级,无,1次,11.55,32.46,0.22,是,是,0.66,车辆,18.97,0.63,0.12,0.88,0.25,2,0.44,极高风险
0.81,0.44,否,0.62,0.89,15.6,无证,无,1次,13.59,38.94,0.14,是,是,0.88,配电箱,4.93,0.61,0.15,0.93,0.74,6,0.9,高风险
0.78,0.49,否,0.72,0.87,4.76,中级,无,≥2次,19.44,25.58,0.51,是,是,0.1,高支模,12.83,0.68,0.03,0.81,0.42,0,0.56,极高风险
0.85,0.16,否,0.65,0.7,9.02,初级,无,1次,20.43,50.81,0.69,是,是,0.51,深基坑,74.95,0.59,0.75,0.77,0.81,3,0.77,极高风险
0.89,0.79,否,0.82,0.73,6.75,中级,1次,无,28.4,12.65,0.13,否,是,0.48,配电箱,16.59,1,0.17,0.82,0.59,1,0.76,高风险
0.73,0.29,否,0.84,0.61,2.63,中级,无,无,10.22,17.94,0.12,是,是,0.82,塔吊,1.44,0.73,0.5,0.86,0.37,3,0.62,低风险
0.83,0.19,否,0.77,0.67,1.28,中级,无,无,8.2,11.7,0.02,是,是,0.76,深基坑,25.77,1,0.11,0.59,0.25,1,0.58,无风险
0.65,0.49,否,0.69,0.82,7.83,初级,无,无,23.41,31.23,0.08,是,否,0.44,深基坑,40.98,0.6,0,0.84,0.55,2,0.25,极高风险
0.89,0.43,否,0.84,0.62,5.49,中级,1次,无,10,9.37,0.67,是,是,0.53,高支模,18.33,0.33,0,0.76,0.89,3,0.58,中风险
0.68,0.19,否,0.73,0.8,2.53,中级,无,无,42.12,73.42,0.37,是,是,0.59,塔吊,5.03,0.68,0,0.83,0.71,4,0.42,低风险
0.81,0.28,否,0.61,0.61,7.66,初级,无,无,28,24.27,0.09,是,是,0.89,车辆,23.81,0.49,0.37,0.72,0.81,4,0.44,中风险
0.87,0.99,否,0.92,0.61,9.05,高级,无,无,35.08,33.51,0.77,是,是,0.79,塔吊,24.69,0.32,0.38,0.67,0.8,4,0.82,高风险
0.93,0.11,否,0.71,0.75,6.2,中级,无,无,33.79,24.81,0.01,是,是,0.59,车辆,4.68,0.73,0.36,0.9,0.64,11,0.78,高风险
0.48,0.29,否,0.73,0.73,4.12,初级,无,1次,10.66,30.21,0.06,是,是,0.96,高支模,26.41,0.38,0,0.83,0.88,5,0.85,中风险
0.3,0.42,否,0.61,0.7,6.48,中级,无,无,28.11,45.18,0.52,否,是,0.29,配电箱,30.84,0.48,0.52,0.94,0.71,4,0.48,极高风险
0.93,0.51,否,0.88,0.83,20.07,无证,无,≥2次,27.27,24.5,0.15,否,是,0.48,深基坑,26.81,0.16,0.05,0.89,0.82,4,0.64,极高风险
0.77,0.37,否,0.91,1,8.99,初级,无,无,22.78,33.17,0.56,是,是,0.68,塔吊,22.02,0.78,0,0.97,0.66,1,0.39,无风险
0.62,0.39,否,0.7,0.99,8.98,高级,无,无,14.8,21.78,0.72,是,是,0.86,配电箱,3.96,0.66,0.09,0.87,0.35,3,0.77,低风险
0.23,0.08,否,0.64,0.78,0.3,中级,无,无,16.09,16.7,0.01,是,是,0.5,塔吊,20.66,1,0.53,0.6,0.48,1,0.26,中风险
0.83,0.77,否,0.65,0.81,14.6,中级,无,1次,9.96,60.78,0.23,是,是,0.41,高支模,22.16,0.84,0,0.42,0.25,3,0.78,极高风险
0.82,0.25,否,0.7,0.69,0.46,中级,无,无,33.61,59.03,0.18,是,是,0.6,塔吊,4.23,0.91,0.11,0.87,0.9,4,0.68,无风险
0.29,0.08,否,0.64,0.62,5.47,高级,无,1次,10.94,38.29,0.19,否,是,0.84,车辆,15.89,0.62,0.2,0.81,0.65,5,0.73,极高风险
0.37,0.21,否,0.73,0.81,5.84,初级,无,无,22.35,16.05,0.18,是,是,0.92,塔吊,0.77,0.72,0.07,0.79,0.79,4,0.62,无风险
0.36,0.18,否,0.57,0.93,31.19,初级,无,无,20.93,51.66,0.12,是,是,0.76,高支模,0.95,0.65,0.27,0.97,0.75,2,0.84,无风险
0.68,0.74,否,0.74,0.85,15.58,高级,1次,1次,13.83,35.76,0.33,是,是,0.45,高支模,1.03,0.74,0.5,0.91,0.73,1,0.8,中风险
0.51,0.61,否,0.81,0.79,28.47,初级,无,无,22.49,20.97,0.24,是,是,0.59,高支模,0.98,0.01,0.08,0.77,0.53,3,0.31,中风险
0.6,0.13,否,0.68,0.57,4.86,无证,无,1次,27.34,33.78,0.41,是,否,0.44,高支模,18.56,0.77,0.7,0.68,0.16,1,0.73,极高风险
0.79,0.24,否,0.78,0.67,2.02,中级,1次,无,25.15,18.37,0.52,是,是,0.83,配电箱,14.01,1,0.44,0.67,0.47,5,0.21,高风险
0.67,0.28,否,0.74,0.74,1.04,中级,无,无,15.53,18.44,0.34,是,是,0.43,配电箱,17.51,0.86,0.67,0.95,0.81,4,0.97,中风险
0.51,0.35,否,0.57,0.78,24.14,高级,无,无,12.85,45.7,0.09,是,是,0.87,高支模,2.12,0.24,0,0.69,0.96,0,0.72,无风险
0.77,0.17,否,0.69,0.89,10.63,初级,1次,无,26.57,8.58,0.89,是,是,0.74,高支模,69.61,0.65,0.03,0.82,0.83,3,0.51,中风险
0.39,0.39,否,0.7,0.89,0.29,无证,无,无,41.52,57.2,0.53,是,是,0.68,塔吊,2.88,0.77,0.01,0.75,0.24,2,0.63,高风险
0.84,0.88,否,0.73,0.74,1.89,初级,1次,无,18.25,27.05,0.38,是,是,0.7,车辆,14.54,1,0.31,0.67,0.32,1,0.61,极高风险
0.49,0.1,否,0.42,0.77,4.15,初级,无,无,12.46,25.14,0.6,是,是,0.57,深基坑,12.05,0.39,0.03,0.88,0.35,5,0.56,高风险
0.78,0.52,否,0.79,0.95,32.22,高级,无,无,19.64,40.55,0.07,是,是,0.73,高支模,2.7,0.62,0.49,0.8,0.77,1,0.76,无风险
0.68,0.45,否,0.73,0.96,23.54,中级,1次,无,23.3,86.57,0.24,是,是,0.85,车辆,8.66,0.7,0.74,0.79,0.63,2,0.63,中风险
0.56,0.48,否,0.69,0.82,14.74,中级,无,无,17.65,13.3,0.36,是,是,0.47,塔吊,28.06,0.91,0,0.83,0.56,0,0.76,无风险
0.78,0.62,否,0.67,0.74,14.71,初级,1次,1次,14.52,13.77,0.15,是,是,0.56,配电箱,20.04,1,0,0.96,0.57,4,0.53,中风险
0.48,0.27,否,0.72,0.86,35.94,中级,无,无,25.95,58.66,0.48,是,是,0.81,配电箱,1.07,0.74,0.01,0.65,0.76,7,0.59,无风险
0.08,0.19,否,0.82,0.99,2.12,初级,无,无,13.53,40.55,0.16,是,是,0.61,车辆,18.33,0.49,0,0.79,0.8,4,0.78,高风险
0.47,0.17,否,0.67,0.89,24.47,初级,1次,≥2次,8.67,28.27,0.19,是,是,0.87,塔吊,10,0.22,0.38,0.8,0.6,1,0.3,高风险
0.47,0.47,否,0.71,0.77,3.08,高级,无,1次,15.07,33.77,0.04,是,是,0.41,深基坑,1.46,0.31,0.62,0.67,0.69,1,0.55,高风险
0.54,0.34,否,0.85,0.82,0.02,初级,无,1次,17.1,29.81,0.13,是,否,0.85,深基坑,23.53,0.76,0,0.83,0.88,4,0.36,高风险
0.04,0.16,否,0.63,0.76,5.96,中级,无,无,22.62,12.43,0.26,是,是,0.94,配电箱,4.48,1,0.21,0.57,0.48,4,0.25,高风险
0.49,0.19,否,0.83,1,9.02,高级,无,无,19.37,51.72,0.12,是,是,0.61,配电箱,1.37,0.69,0.32,0.91,0.84,3,0.48,无风险
0.66,0.34,否,0.67,0.81,0.29,中级,1次,无,19.02,34.57,0.35,是,是,0.89,车辆,20.76,0.88,0,0.79,0.23,1,0.76,中风险
0.87,0.31,否,0.73,0.71,14.04,初级,无,1次,32.73,25.55,0.46,是,是,0.87,配电箱,15.25,0.66,0.17,0.72,0.91,2,0.43,低风险
0.75,0.32,否,0.7,0.71,5.45,初级,无,1次,15.04,29.14,0.24,是,是,0.71,高支模,2.12,0.74,0.15,0.86,0.15,3,0.33,高风险
0.69,0.39,否,0.72,0.54,0.95,初级,无,无,27.32,41.86,0.09,是,是,0.33,车辆,0.01,0.72,0.01,0.89,0.48,1,0.39,高风险
0.44,0.48,否,0.69,0.78,30.24,高级,无,无,27.91,17.28,0.4,是,是,0.88,车辆,2.87,0.74,0.42,0.76,0.95,1,0.57,无风险
0.45,0.84,否,0.77,0.78,2.1,中级,无,无,14.68,87.27,0.45,是,是,0.73,车辆,31.03,0.92,0.07,0.75,0.42,0,0.24,极高风险
0.5,0.49,否,0.61,0.95,24.07,中级,1次,无,34.64,31.89,0.05,是,是,0.26,高支模,36,1,0.43,0.69,0.31,6,0.69,极高风险
0.78,0.33,是,0.64,0.96,6.43,初级,无,1次,17.14,34.06,0.09,是,是,0.59,车辆,17.65,0.4,0.14,0.74,0.21,1,0.84,极高风险
0.71,0.39,否,0.59,0.76,0.13,初级,无,1次,26.64,68.86,0.35,是,否,0.63,高支模,21.09,0.28,0.38,0.86,0.66,2,0.8,极高风险
0.8,0.2,否,0.71,0.72,2.95,高级,无,无,13.66,13.85,0.02,否,是,0.76,塔吊,15.28,0.45,0.34,0.77,0.8,2,0.57,高风险
0.78,0.29,否,0.82,0.74,6.48,初级,无,1次,13.82,63.16,0.52,是,是,0.6,深基坑,13.83,0.94,0.5,0.75,0.46,2,0.71,极高风险
0.6,0.17,否,0.63,0.68,10.2,高级,无,1次,29.51,55.86,0.23,是,否,0.9,塔吊,13.42,0.63,0.11,0.81,0.54,2,0.53,高风险
0.61,0.17,否,0.67,0.93,35.39,初级,≥2次,1次,34.25,38.15,0.14,是,是,0.6,塔吊,7.87,1,0.33,0.78,0.37,1,0.71,中风险
0.71,0.3,否,0.67,0.98,11.87,初级,1次,无,18.28,74.95,0,是,是,0.9,深基坑,13.92,0.62,0.16,0.79,0.92,2,0.68,无风险
0.92,0.57,否,0.77,0.92,18.99,初级,1次,无,38.7,51.97,0.06,是,是,0.94,深基坑,12.24,0.26,0.37,0.6,0.61,1,0.78,低风险
0.76,0.61,否,0.59,0.87,3.1,初级,无,≥2次,7.01,12.58,0.31,是,是,0.81,高支模,0.16,0.81,0.25,0.9,0.49,1,0.94,中风险
0.37,0.27,否,0.52,0.78,16.62,初级,无,无,30.67,19.34,0.56,是,是,0.82,车辆,4.94,0.62,0,0.62,0.98,2,0.46,无风险
0.55,0.31,否,0.57,0.78,8.07,中级,无,无,10.99,20.7,0.02,是,是,0.36,高支模,11.83,0.42,0.14,0.71,0.43,6,0.87,中风险
0.66,0.21,否,0.71,0.85,18.62,高级,无,无,31.47,20.69,0.07,是,是,0.58,车辆,11.58,0.43,0.07,0.92,0.77,3,0.87,无风险
0.67,0.1,否,0.56,0.86,28.54,中级,1次,无,28.08,77.86,0.13,是,是,0.44,高支模,11.42,0.74,0.08,0.88,0.7,2,0.46,无风险
0.24,0.27,否,0.7,0.84,13.21,初级,1次,1次,19.71,31.57,0.3,是,是,0.76,塔吊,17.27,1,0,0.84,0.7,5,0.55,中风险
0.92,0.25,否,0.68,0.64,0.22,初级,1次,1次,24.96,22.87,0,是,是,0.39,深基坑,34.5,1,0.34,0.86,0.2,1,0.45,极高风险
0.37,0.23,否,0.83,0.89,16.73,高级,1次,无,34.28,47.6,0.08,是,是,0.32,高支模,8.95,0.63,0.04,0.88,0.78,5,0.44,低风险
0.94,0.84,否,0.87,0.99,6.41,高级,无,无,18.34,17.61,0.26,是,是,0.74,高支模,17.12,0.59,0.06,0.65,0.71,3,0.8,高风险
0.63,0.24,否,0.83,0.69,18.81,中级,无,无,10.42,21.28,0.09,是,是,0.61,深基坑,11.27,0.84,0.09,0.87,0.48,2,0.38,无风险
0.79,0.27,否,0.73,0.94,0.31,初级,无,1次,13.65,42.27,0.03,是,是,0.67,深基坑,21,0.54,0,0.78,0.74,5,0.73,低风险
0.78,0.45,否,0.81,0.79,27.66,初级,无,无,23.51,32.3,0.33,是,是,0.17,高支模,16.14,0.45,0.05,0.61,0.8,0,0.55,高风险
0.63,0.37,否,0.7,0.88,34.62,中级,无,无,20.11,14.34,0.04,是,是,0.64,车辆,16.91,0.79,0.24,0.81,0.38,4,0.68,无风险
0.71,0.22,否,0.88,0.85,18.75,初级,无,1次,49.16,59.81,0.26,是,是,0.9,配电箱,3.09,1,0.23,0.83,0.03,1,0.56,中风险
0.12,0.36,否,0.8,0.88,25.85,高级,无,1次,43.67,11.73,0.58,是,是,0.94,深基坑,5.53,0.78,0,0.83,0.69,2,0.46,高风险
0.88,0.59,否,0.7,0.59,10.79,初级,无,无,7.95,32.43,0.16,是,是,0.95,深基坑,1.26,1,0.27,0.91,0.49,5,0.87,高风险
0.83,0.84,否,0.62,0.75,7.23,中级,无,无,23.89,17.27,0.6,是,是,0.74,高支模,20.73,0.71,0.43,0.96,0.43,1,0.64,高风险
0.6,0.35,否,0.77,0.87,0.74,初级,1次,无,12.53,35.56,0.09,是,是,0.45,配电箱,17.53,0.83,0.34,0.72,0.46,6,0.6,极高风险
0.36,0.25,否,0.67,0.87,24.49,无证,无,无,22.21,47.68,0.11,是,是,0.5,高支模,12.42,0.73,0.72,0.81,0.82,3,0.49,高风险
0.84,0.43,否,0.64,0.81,29.62,中级,1次,无,23.7,32.27,0,否,是,0.94,车辆,24.05,1,0.12,0.9,0.02,1,0.89,高风险
0.25,0.42,否,0.69,0.89,13.8,高级,无,1次,16.39,31.84,0.2,是,是,0.51,配电箱,20.93,0.79,0.73,0.85,0.81,3,0.6,高风险
0.27,0.2,否,0.74,0.8,19.94,中级,无,1次,17.77,63.97,0.4,否,否,0.58,深基坑,1.59,0.59,0.04,0.73,0.59,5,0.53,极高风险
0.9,0.38,否,0.68,0.87,2.51,无证,无,无,37.89,15.93,0.26,是,是,0.75,深基坑,33.2,0.92,0.3,0.76,0.5,2,0.79,高风险
0.51,0.23,否,0.46,0.74,4.3,高级,无,无,19.93,15.42,0.17,是,是,0.33,深基坑,48.1,0.21,0.45,0.66,0.31,1,0.46,极高风险
0.76,0.32,否,0.77,0.99,5.19,中级,无,≥2次,31.78,19.58,0.46,是,是,0.82,深基坑,2.02,1,0.58,0.81,0.69,5,0.49,中风险
0.58,0.26,否,0.74,0.64,21.88,高级,无,无,33.55,29.6,0.91,是,是,0.61,配电箱,24.64,0.95,0.16,0.92,0.2,3,0.3,中风险
0.56,0.41,否,0.72,0.92,5.87,高级,≥2次,无,23.26,61.42,0.21,是,是,1,配电箱,2.19,0.72,0.59,0.83,0.57,1,0.49,中风险
0.3,0.4,否,0.65,0.89,3.2,中级,无,无,19.53,43.52,0.03,是,是,0.87,深基坑,2.59,1,0.6,0.96,0.79,0,0.55,无风险
0.74,0.73,是,0.69,0.9,21.1,中级,无,无,12.18,50.76,0.06,是,是,0.94,深基坑,1.22,0.06,0,0.78,0.66,1,0.6,高风险
0.82,0.26,否,0.74,0.84,2.63,中级,无,1次,40.77,35.82,0.24,是,是,0.76,配电箱,1.39,1,0.38,0.98,0.35,3,0.58,低风险
0.82,0.44,否,0.72,0.72,9.65,中级,无,1次,18.27,72.98,0.54,是,是,0.34,深基坑,25.77,0.69,0.86,0.96,0.75,2,0.55,极高风险
0.4,0.28,否,0.83,0.82,2.12,高级,无,1次,23.42,18.29,0.12,是,是,0.69,深基坑,15.3,1,0,0.62,0.29,2,0.54,无风险
0.69,0.41,否,0.75,0.77,18.57,中级,无,无,13.35,22.48,0.32,是,是,0.83,塔吊,4.34,0.73,0,0.72,0.1,2,0.85,无风险
0.86,0.15,否,0.75,0.71,7.39,初级,无,无,18.3,12.44,0.43,是,否,0.57,配电箱,14.63,0.39,0.14,0.66,0.66,1,0.81,高风险
0.41,0.19,否,0.62,0.84,6.09,中级,无,≥2次,11.92,31.17,0.39,是,是,0.11,高支模,1.23,0.88,0.18,0.84,0.94,2,0.6,高风险
0.78,0.42,否,0.71,0.68,7.09,高级,无,1次,9.66,20.48,0.35,是,是,0.87,深基坑,44.05,0.54,0,0.64,0.85,3,0.44,低风险
0.47,0.28,否,0.9,0.85,9.92,中级,无,无,20.32,20.58,0.57,是,是,0.84,车辆,13.61,0.7,0,0.7,0.8,2,0.66,无风险
0.73,0.12,否,0.71,0.62,1.29,中级,无,1次,15.87,22.56,0.32,是,是,0.93,高支模,12.61,0.73,0.17,0.78,0.18,0,0.87,低风险
0.73,0.22,否,0.72,0.68,1.75,初级,1次,无,33.55,18.29,0.47,是,是,0.49,车辆,4.01,1,0.04,0.68,0.66,0,0.63,低风险
0.07,0.2,否,0.82,0.82,4.54,中级,无,无,41.6,80.27,0.03,是,是,0.55,配电箱,8.6,1,0.53,0.79,0.77,2,0.95,高风险
0.59,0.33,是,0.75,0.89,11.11,中级,无,1次,15.54,17.9,0.15,是,是,0.95,高支模,1.34,0.78,0.18,0.78,0.67,2,0.92,高风险
0.48,0.14,否,0.6,0.9,31.43,中级,无,无,25.31,24.02,0.65,是,是,0.8,车辆,26.98,1,0.24,0.68,0.66,4,0.72,无风险
0.68,0.32,否,0.71,0.68,11.25,中级,无,无,25.25,27.33,0.48,是,是,0.9,深基坑,93.42,0.06,0,0.84,0.71,2,0.87,低风险
0.78,0.3,否,0.73,0.98,15.19,中级,无,无,19.01,38.75,0.63,是,否,0.71,深基坑,16.69,0.5,0.04,0.93,0.41,1,0.31,高风险
0.23,0.19,否,0.76,0.92,15.11,无证,1次,无,16.05,35.48,0.51,是,是,0.59,配电箱,2.19,1,0.33,0.91,0.78,0,0.76,高风险
0.71,0.36,否,0.67,0.96,1.88,中级,无,≥2次,22.32,28.71,0.41,是,是,0.91,塔吊,22.95,1,0.69,0.98,0.65,2,0.65,高风险
0.73,0.2,否,0.81,0.64,6.63,中级,无,无,38.07,25.78,0.66,否,是,0.91,塔吊,21.69,1,0.6,0.92,0.77,4,0.49,高风险
0.9,0.23,否,0.83,0.84,37.95,高级,无,无,21.96,87.05,0.48,否,是,0.93,高支模,14.05,0.78,0.16,0.87,0.37,2,0.63,高风险
0.93,0.52,否,0.86,0.76,22.22,高级,1次,1次,20.16,27.97,0.02,否,是,0.74,高支模,4.06,0.63,0.49,0.92,0.76,7,0.55,高风险
0.91,0.41,否,0.69,0.78,7.34,初级,无,1次,24.43,52.76,0.1,是,是,0.87,高支模,44.63,1,0.3,0.92,0.84,3,0.78,中风险
0.75,0.17,否,0.66,0.91,4.46,初级,无,无,34.1,20.57,0.1,是,是,0.82,深基坑,18.23,0.31,0.23,0.9,0.26,1,0.64,低风险
0.06,0.16,否,0.64,0.73,3.44,初级,无,无,8.46,27.57,0.33,是,是,0.73,塔吊,1.03,0.69,0.22,0.87,0.78,4,0.59,高风险
0.64,0.1,否,0.58,0.97,9.96,初级,无,1次,51.78,17.6,0.37,是,是,0.75,深基坑,1.52,0.86,0.38,0.97,0.71,2,0.91,无风险
0.4,0.49,否,0.69,0.83,3.32,初级,无,无,15.05,24.62,0.17,是,是,0.85,塔吊,4.63,0.51,0,0.81,0.47,5,0.63,低风险
0.49,0.54,否,0.74,0.66,17.08,高级,无,无,27.32,22.13,0.09,是,是,0.64,高支模,38.99,0.68,0,0.83,0.38,1,0.32,低风险
0.57,0.31,否,0.85,0.63,18.92,高级,1次,1次,17.53,25.62,0.13,是,是,0.11,高支模,5.47,0.66,0.43,0.95,0.2,0,0.7,高风险
0.88,0.17,否,0.76,0.78,17.62,中级,无,无,6.61,45.68,0.24,是,是,0.18,高支模,4.32,1,0.44,0.74,0.73,0,0.55,高风险
0.41,0.16,否,0.61,0.84,12.01,高级,无,无,42.49,14.39,0.13,是,是,0.88,车辆,0.75,0.73,0.21,0.91,0.7,0,0.45,无风险
0.56,0.19,否,0.73,0.81,18.14,初级,无,1次,12.83,50.49,0.02,是,是,0.47,车辆,5.7,0.43,0,0.77,0.32,1,0.43,中风险
0.52,0.4,否,0.62,0.81,8.22,中级,无,1次,24.23,26.73,0.4,否,是,0.35,车辆,17.31,1,0,0.78,0.7,2,0.47,极高风险
0.47,0.31,否,0.71,0.73,3.3,中级,无,无,30.44,48.51,0.35,是,是,0.73,高支模,15.57,0.29,0,0.62,0.57,4,0.6,高风险
0.56,0.24,否,0.62,0.77,17.92,初级,无,无,19.46,55.76,0.36,是,否,0.84,深基坑,27,0.8,0.05,0.92,0.34,3,0.71,极高风险
0.4,0.21,否,0.87,0.69,4.2,中级,无,无,20.98,38,0.12,是,是,0.29,深基坑,28.88,1,0,0.73,0.83,3,0.94,低风险
0.5,0.44,否,0.58,0.62,1.23,中级,无,无,10.83,44.71,0.15,是,是,0.96,深基坑,1.56,0.34,0.36,0.95,0.18,1,0.76,中风险
0.81,0.16,否,0.65,0.69,4.36,高级,无,无,17.84,29.5,0.22,是,是,0.24,深基坑,28.66,1,0,0.95,0.86,0,0.56,无风险
0.85,0.35,否,0.6,0.88,12.79,无证,1次,1次,21.95,45.23,0.18,是,是,0.15,深基坑,2.4,0.12,0,0.7,0.81,2,0.66,极高风险
0.79,0.11,否,0.8,0.67,14.83,中级,无,1次,28.68,27.45,0.66,是,是,0.43,车辆,20.36,1,0.09,0.87,0.58,0,0.54,中风险
0.52,0.23,否,0.64,0.64,4.21,中级,1次,1次,11.16,20.67,0.14,是,是,0.94,配电箱,30.34,0.54,0.68,0.6,0.31,3,0.53,极高风险
0.96,0.18,否,0.71,0.77,14.74,高级,无,无,17.97,31.06,0.11,是,是,0.31,配电箱,26.35,0.6,0.08,0.69,0.85,4,0.7,无风险
0.32,0.07,否,0.49,0.88,8.25,中级,无,无,8.42,17.06,0.53,是,是,0.91,配电箱,0.05,0.88,0.06,0.86,0.48,3,0.26,无风险
0.42,0.11,否,0.59,0.82,6.98,高级,无,无,8.05,62.63,0.42,否,是,0.35,车辆,4.17,1,0.22,0.8,0.69,1,0.9,高风险
0.64,0.33,否,0.57,0.65,0.72,中级,1次,1次,18.99,43.12,0.27,是,是,0.76,深基坑,2.05,0.36,0,0.94,0.3,1,0.77,中风险
0.42,0.13,否,0.63,0.86,4.66,中级,无,无,46.81,11.9,0.71,是,是,0.92,车辆,26.04,0.86,0.66,0.79,0.78,5,0.95,中风险
0.69,0.22,否,0.77,0.75,17.83,中级,无,1次,9.14,16.98,0.01,是,是,0.55,深基坑,30.03,0.3,0,0.8,0.83,2,0.74,无风险
0.78,0.49,否,0.86,0.9,10.28,中级,≥2次,无,11.65,42.11,0.08,是,是,0.62,高支模,18.6,0.47,0.31,0.79,0.77,2,0.98,中风险
0.82,0.21,否,0.64,0.79,5.15,中级,无,无,34.38,6.24,0.12,是,是,0.92,深基坑,13.44,0.65,0.05,0.53,0.37,1,0.74,无风险
0.61,0.29,否,0.84,0.72,39.68,中级,无,无,22.96,27.43,0.06,是,是,0.43,配电箱,25.88,0.83,0.23,0.8,0.25,2,0.65,无风险
0.36,0.14,否,0.73,0.95,19.74,中级,无,≥2次,13.83,31.29,0.22,是,是,0.83,高支模,15.37,0.58,0,0.99,0.03,2,0.8,中风险
0.64,0.4,否,0.73,0.84,5.43,中级,无,无,13.84,23.97,0.08,是,是,0.54,塔吊,42.53,0.59,0.22,0.97,0.77,6,0.63,低风险
0.47,0.25,否,0.8,0.87,2.17,中级,无,无,36.52,112.08,0.08,是,是,0.78,深基坑,11.6,0.35,0.09,0.75,0.75,4,0.4,低风险
0.79,0.18,否,0.72,0.79,3.55,高级,无,无,44.41,27.96,0.66,是,是,0.54,塔吊,10.55,0.69,0.25,0.73,0.23,2,0.62,低风险
0.53,0.39,否,0.65,0.6,3.22,中级,1次,1次,32.1,15.23,0.04,是,是,0.6,车辆,16.85,0.32,0.64,0.77,0.23,4,0.88,极高风险
0.79,0.52,否,0.76,0.71,13.45,高级,无,1次,13.01,31.29,0.46,否,是,0.92,塔吊,10.85,0.79,0.55,0.69,0.88,3,0.6,高风险
0.33,0.08,否,0.75,0.57,1.32,初级,无,1次,22.82,29.93,0.38,是,是,0.75,塔吊,3.11,0.84,0,0.79,0.51,2,0.46,高风险
0.72,0.07,否,0.59,0.8,0.07,中级,无,无,9.51,39.64,0.18,是,是,0.76,塔吊,8.24,0.7,0.41,0.92,0.53,3,0.85,低风险
0.52,0.58,否,0.61,0.93,12.46,无证,无,无,20.02,21.83,0.48,是,是,0.2,塔吊,20.39,0.56,0.36,0.99,0.42,1,0.75,极高风险
0.29,0.42,否,0.67,0.8,6.24,高级,1次,1次,22.11,35.37,0.02,是,是,0.35,塔吊,21.94,0.13,0.24,0.94,0.69,3,0.83,高风险
0.4,0.28,否,0.69,0.69,14.84,初级,无,1次,16.91,27.26,0.26,是,是,0.68,高支模,23.41,1,0.17,0.87,0.68,2,0.55,中风险
0.57,0.22,否,0.62,0.75,11.12,中级,1次,无,23.21,24.81,0.05,否,是,0.57,塔吊,22.53,0.83,0.27,0.8,0.17,1,0.78,极高风险
0.82,0.39,是,0.51,0.94,1.47,中级,无,无,17.99,12.52,0.24,是,是,0.71,高支模,24.81,0.62,0.11,0.96,0.01,3,0.75,极高风险
0.69,0.43,否,0.77,0.97,8.23,高级,无,无,24.76,20.37,0.12,是,是,0.89,车辆,12.86,0.65,0.01,0.91,0.72,7,0.42,无风险
0.67,0.18,否,0.61,0.59,6.15,高级,无,1次,18.04,23.03,0.28,是,是,0.66,配电箱,14.64,0.57,0,0.81,0.74,3,0.72,高风险
0.38,0.39,否,0.47,0.72,9.83,中级,无,无,9.71,25.1,0.12,是,是,0.45,高支模,16.17,0.4,0,0.63,0.76,1,0.94,低风险
0.87,0.13,否,0.54,0.89,1.86,初级,无,无,13.35,23.62,0.05,是,是,0.89,深基坑,16.43,0.62,0.36,0.93,0.52,5,0.66,低风险
0.72,0.22,否,0.78,0.68,3.57,中级,无,无,21.93,22.7,0.11,是,是,0.56,配电箱,0.63,0.06,0.19,0.84,0.36,3,0.74,低风险
0.56,0.81,否,0.61,0.9,5.07,初级,1次,无,50.69,79.05,0.46,是,是,0.3,配电箱,0.62,0.42,0.23,0.9,0.42,0,0.87,极高风险
0.81,0.19,否,0.59,0.79,0.3,高级,无,无,18.69,37.94,0.09,是,是,0.58,深基坑,32.58,0.45,0.2,0.68,0.79,2,0.28,低风险
0.77,0.7,否,0.67,0.68,17.01,初级,无,无,24.05,27.28,0.4,是,是,0.88,配电箱,30.27,0.44,0.68,0.68,0.48,8,0.62,极高风险
0.39,0.19,否,0.72,0.69,2.85,高级,无,无,11.72,29.28,0.22,是,是,0.78,塔吊,21.66,0.63,0.17,0.89,0.84,1,0.59,无风险
0.53,0.14,否,0.65,0.78,2.01,中级,无,1次,19.15,32.63,0.44,是,是,0.85,车辆,0.06,1,0.41,0.5,0.91,1,0.49,无风险
0.24,0.35,否,0.79,0.81,3.32,无证,1次,无,23.57,47.66,0.22,是,是,0.53,高支模,0.07,0.91,0.06,0.87,0.14,1,0.67,高风险
0.88,0.12,否,0.9,0.88,2.77,初级,无,无,15.92,52.41,0.54,是,是,0.28,深基坑,2.69,0.34,0.57,0.89,0.33,2,0.09,极高风险
0.59,0.13,否,0.63,0.6,7.22,初级,无,无,10.76,13.02,0.26,是,是,0.51,塔吊,1.34,1,0.06,0.91,0.51,0,0.76,高风险
0.31,0.17,否,0.77,0.78,12.97,初级,无,1次,14.15,46.95,0.57,是,是,0.77,车辆,22.92,0.56,0.5,0.72,0.39,3,0.25,极高风险
0.86,0.35,否,0.62,0.89,14.02,中级,无,无,8.7,18.22,0.3,是,是,0.88,塔吊,17.35,0.52,0.39,0.85,0.3,1,0.79,无风险
0.26,0.48,是,0.58,0.92,1.35,中级,无,无,26.62,28.61,0.8,是,是,0.69,车辆,18.32,0.44,0.27,0.55,0.15,4,0.55,极高风险
0.89,0.2,否,0.7,0.92,2.97,高级,无,无,13.41,45.68,0.49,是,是,0.7,车辆,1.88,1,0.15,0.96,0.79,0,0.16,无风险
0.67,0.37,否,0.59,0.45,18.82,高级,无,1次,15.09,102.39,0.34,是,否,0.18,高支模,50.17,0.77,0,0.85,0.41,2,0.74,极高风险
0.04,0.05,否,0.79,0.87,37.58,中级,无,无,14.62,50.53,0.48,是,是,0.55,高支模,1.06,0.72,0,0.95,0.84,6,0.75,高风险
0.81,0.14,否,0.67,0.86,8.7,中级,无,1次,33.71,35.85,0.26,是,是,0.79,配电箱,22.54,1,0.83,0.68,0.92,4,0.21,中风险
0.69,0.25,否,0.67,0.82,7.02,初级,无,无,30.51,24.15,0.14,是,是,0.54,塔吊,2.46,0.55,0,0.8,0.68,6,0.53,低风险
0.6,0.17,否,0.76,0.78,1.01,初级,1次,无,17.19,29.72,0.1,是,是,0.66,塔吊,38.26,0.77,0.39,0.91,0.93,0,0.88,低风险
0.81,0.76,否,0.7,0.78,5,无证,无,1次,22.64,14.69,0.14,是,是,0.34,深基坑,9.48,1,0.67,0.82,0.6,1,0.69,高风险
0.54,0.32,否,0.36,0.62,23.81,初级,1次,无,33.71,30.94,0.44,是,是,0.65,高支模,7.58,0.33,0.41,0.69,0.8,3,0.4,极高风险
0.29,0.18,否,0.7,0.78,2,高级,无,1次,9.36,12.99,0.37,是,是,0.52,深基坑,7.07,0.6,0.74,0.88,0.58,3,0.65,中风险
0.86,0.74,否,0.66,0.68,3.68,初级,无,无,30.95,16.85,0.18,是,是,0.84,配电箱,8.75,0.65,0.14,0.62,0.88,1,0.48,低风险
0.77,0.19,否,0.92,0.79,7.95,初级,无,≥2次,11.09,31.93,0.39,否,是,0.69,深基坑,5.71,1,0,0.97,0.6,2,0.71,高风险
0.6,0.36,否,0.7,0.87,13.23,高级,无,无,35.34,27.94,0.62,是,是,0.73,车辆,7.31,0.14,0,0.56,0.21,4,0.81,中风险
0.69,0.31,否,0.65,0.82,15.46,高级,无,无,68.11,21.56,0.35,是,是,0.32,高支模,43.89,0.43,0,0.38,0.88,3,0.82,低风险
0.9,0.34,否,0.7,0.69,13.09,高级,无,无,25.46,16.42,0.49,是,是,0.63,塔吊,32.16,0.89,0.42,0.92,0.95,3,0.93,无风险
0.38,0.24,否,0.65,0.96,3.74,无证,≥2次,无,18.87,14.79,0.05,是,是,0.86,深基坑,13.58,0.81,0.69,0.84,0.49,4,0.52,高风险
0.73,0.42,否,0.82,0.78,14.97,中级,无,1次,12.51,58.87,0.33,是,是,0.92,深基坑,24.07,0.73,0.4,0.75,0.82,2,0.39,中风险
0.86,0.12,否,0.56,0.86,4.19,高级,无,无,19.76,5.42,0.44,是,是,0.9,车辆,23.89,0.56,0.08,0.57,0.6,3,0.51,无风险
0.11,0.31,否,0.61,0.7,3.25,初级,无,无,9.11,56.66,0.13,是,是,0.29,深基坑,1.88,1,0.79,0.94,0.74,0,0.7,高风险
0.46,0.12,否,0.55,0.76,15.49,中级,1次,无,9,40.57,0.01,是,是,0.16,高支模,8.6,0.49,0.27,0.71,0.49,2,0.73,高风险
0.41,0.16,否,0.64,0.99,22.59,高级,≥2次,1次,22.34,13.81,0.93,是,是,0.82,深基坑,3.37,0.63,0.2,0.77,0.27,5,0.14,高风险
0.83,0.35,否,0.75,0.74,1.28,初级,无,1次,32.11,22.09,0.37,否,是,0.36,车辆,28.44,1,0.52,0.62,0.59,0,0.63,极高风险
0.32,0.24,否,0.74,0.89,4.4,中级,无,无,15.39,18.09,0.44,是,是,0.75,塔吊,2.89,0.52,0.88,0.79,0.61,1,0.64,中风险
0.7,0.46,否,0.68,0.97,3.15,高级,无,1次,18.4,56.19,0.04,是,是,0.45,塔吊,27.36,0.73,0,0.7,0.75,2,0.43,低风险
0.28,0.1,否,0.71,0.96,23.44,中级,无,无,22.1,55.84,0.1,否,是,0.68,车辆,2.53,0.42,0.23,0.63,0.61,1,0.5,高风险
0.22,0.29,否,0.67,0.88,2.56,高级,无,1次,94.85,31,0.63,否,是,0.4,深基坑,2.53,0.25,0.2,0.66,0.58,2,0.38,极高风险
0.37,0.55,否,0.86,0.57,4.62,初级,1次,无,18.74,48.64,0.17,是,是,0.51,深基坑,19.64,0.76,0.12,0.63,0.39,5,0.48,极高风险
0.21,0.23,否,0.66,0.51,12.72,高级,无,无,37.26,46.69,0.26,是,是,0.55,塔吊,23.47,0.57,0.41,0.89,0.29,1,0.56,高风险
0.31,0.51,否,0.88,0.88,10.38,中级,无,1次,9.59,25.78,0.11,是,是,0.8,配电箱,0.52,0.48,0.21,0.76,0.09,5,0.32,中风险
0.48,0.15,否,0.72,0.78,7.01,中级,无,无,52.27,29.31,0.47,是,是,0.73,深基坑,1.2,0.14,0,0.68,0.82,3,0.86,无风险
0.84,0.39,否,0.69,0.64,28.3,初级,无,1次,25.22,24.52,0.03,是,是,0.19,塔吊,5.75,0.61,0,0.91,0.93,4,0.51,高风险
0.35,0.4,否,0.55,0.95,19.6,高级,无,无,21.96,22.24,0.32,是,是,0.94,配电箱,0.99,0.67,0.18,0.81,0.48,4,0.3,无风险
0.45,0.27,否,0.63,0.65,5.95,中级,无,无,13.57,19.43,0.08,是,是,0.36,高支模,4.49,0.81,0,0.54,0.77,2,0.8,无风险
0.69,0.31,否,0.89,0.65,7.58,中级,无,无,19.76,43.3,0.08,是,是,0.78,塔吊,75.62,1,0,0.92,0.79,5,0.71,无风险
0.58,0.2,否,0.72,0.75,7.74,无证,无,无,17.71,26.11,0.08,是,是,0.53,塔吊,22.41,1,0.06,0.96,0.54,5,0.6,高风险
0.55,0.41,否,0.83,0.94,1.24,高级,无,无,15.43,22.03,0.11,是,是,0.49,塔吊,4.48,0.55,0.52,0.67,0.76,3,0.79,低风险
0.73,0.37,否,0.55,0.58,6.03,中级,无,无,47.98,38.54,0.14,是,是,0.66,配电箱,20.64,0.56,0.27,0.82,0.71,6,0.61,高风险
0.78,0.91,否,0.69,0.62,23.53,中级,1次,1次,19.13,16.78,0.39,是,是,0.9,配电箱,3.28,0.44,0.47,0.8,0.66,3,0.6,高风险
0.48,0.25,否,0.59,0.82,1.46,中级,1次,无,24.04,67.74,0.05,是,是,0.82,塔吊,1.32,0.72,0.09,0.68,0.88,6,0.83,低风险
0.38,0.57,否,0.76,0.95,2.41,高级,无,1次,29.13,113.69,0.39,是,是,0.86,深基坑,26.76,0.16,0.42,0.88,0.79,3,0.81,极高风险
0.53,0.28,否,0.69,0.71,10.31,中级,无,无,20.27,31.52,0.07,是,是,0.74,深基坑,1.54,0.28,0,0.76,0.76,4,0.9,无风险
0.55,0.55,否,0.76,0.85,31,初级,≥2次,1次,51.1,69.9,0.57,是,是,0.91,高支模,12.08,0.36,0,0.68,0.79,7,0.65,极高风险
0.69,0.44,否,0.65,0.7,8.18,初级,无,无,24.24,21.43,0.12,是,是,0.69,高支模,15.59,0.83,0.05,0.57,0.4,2,0.81,低风险
0.53,0.35,否,0.62,0.89,2.4,中级,无,1次,13.1,25.32,0.19,是,是,0.92,高支模,11.87,0.45,0.38,0.76,0.47,3,0.64,中风险
0.4,0.29,否,0.67,0.8,6.79,中级,无,无,27.79,17.1,0.14,是,是,0.83,塔吊,21.36,1,0.33,0.97,0.71,3,0.68,无风险
0.79,0.53,否,0.74,0.92,1.42,中级,无,无,35.62,12.97,0.47,是,是,0.68,配电箱,7.6,0.3,0,0.99,0.55,2,0.29,中风险
0.68,0.94,否,0.6,0.77,12.04,中级,无,1次,10.26,34.44,0.29,是,是,0.47,高支模,9.28,0.6,0.3,0.88,0.56,2,0.31,极高风险
0.53,0.14,否,0.57,0.66,14.32,高级,无,无,16.83,19.08,0.1,是,是,0.8,配电箱,11.53,0.33,0,0.81,0.69,4,0.6,无风险
0.86,0.12,否,0.75,0.85,7.36,中级,无,1次,18.45,35.87,0.03,是,是,0.48,塔吊,7.89,0.21,0.18,0.86,0.8,3,0.59,低风险
0.6,0.14,否,0.65,0.83,2.44,中级,无,无,9.26,33.56,0.1,是,是,0.85,配电箱,9.52,0.9,0.14,0.66,0.08,1,0.71,低风险
0.8,0.16,否,0.66,0.64,13.29,中级,无,无,23.08,24.87,0,是,是,0.64,高支模,4.35,0.7,0.8,0.89,0.78,3,0.65,无风险
0.51,0.4,否,0.89,0.84,2.93,中级,无,1次,22.18,29.31,0.12,是,是,0.68,深基坑,14.53,0.91,0,0.51,0.28,3,0.73,低风险
0.47,0.29,否,0.49,0.79,12.49,无证,无,无,28.64,38.92,0.38,是,是,0.61,配电箱,2.98,0.33,0.06,0.82,0.74,3,0.38,高风险
0.1,0.04,否,0.6,0.69,2.85,高级,1次,≥2次,39.03,55.35,0.11,是,是,0.52,车辆,37.35,0.95,0.68,0.88,0.88,2,0.78,极高风险
0.25,0.25,否,0.69,0.78,3.26,无证,无,无,16.36,29,0,是,是,0.82,高支模,4.48,0.43,0.07,0.83,0.37,5,0.39,高风险
0.47,0.27,否,0.56,0.97,7.71,无证,1次,无,9.73,10.48,0.02,是,是,0.64,塔吊,15.36,0.49,0.07,0.94,0.83,3,0.74,高风险
0.64,0.46,否,0.82,0.84,10.64,初级,无,无,12.17,45.82,0.18,是,是,0.98,配电箱,22.97,0.78,0.25,0.85,0.95,2,0.87,无风险
0.41,0.55,否,0.71,0.74,4.64,初级,无,无,36,42.45,0.1,是,是,0.58,配电箱,18.52,0.86,0.52,0.65,0.51,4,0.3,极高风险
0.73,0.21,否,0.82,0.87,1.98,高级,无,无,17.24,25.62,0.23,是,是,0.93,高支模,2.23,1,0,0.66,0.21,3,0.46,无风险
0.2,0.13,否,0.73,0.85,15.96,高级,无,无,29.34,6.56,0.27,是,否,0.92,配电箱,19.48,0.85,0,0.74,0.8,5,0.57,高风险
0.74,0.29,否,0.68,0.98,14.56,中级,无,无,10.73,68.36,0.14,是,是,0.08,配电箱,18.08,0.2,0.14,0.65,0.84,2,0.2,高风险
0.43,0.16,否,0.62,0.83,0.68,高级,无,1次,22.33,10.02,0.56,是,是,0.82,塔吊,5.04,0.75,0.3,0.69,0.81,2,0.66,无风险
0.41,0.44,否,0.75,0.94,1.47,中级,无,≥2次,44.05,55.82,0.08,是,是,0.84,车辆,17.66,1,0.2,0.8,0.54,1,0.27,极高风险
0.48,0.27,否,0.76,0.95,20.05,中级,无,无,15.82,26.01,0.14,是,是,0.86,车辆,43.33,0.32,0.31,0.67,0.78,4,0.36,低风险
0.5,0.32,否,0.61,0.97,6.56,初级,无,无,18.64,18.44,0.06,是,是,0.44,车辆,8.61,0.83,0,0.83,0.41,2,0.55,低风险
0.65,0.55,否,0.71,0.95,0.43,初级,无,1次,26.31,35.56,0.36,是,是,0.82,塔吊,19.21,0.16,0,0.85,0.97,1,0.89,低风险
0.88,0.15,否,0.71,0.62,6.8,初级,无,无,23.55,41.92,0.49,是,是,0.58,车辆,19.68,0.3,0.13,0.97,0.77,2,0.44,高风险
0.42,0.14,否,0.6,0.88,2.74,中级,1次,无,58.21,45.89,0.34,是,是,0.9,配电箱,27.02,0.67,0.29,0.96,0.37,1,0.39,高风险
0.23,0.2,否,0.65,0.89,29.21,初级,无,无,15.33,9.41,0.03,是,是,0.83,车辆,11.83,0.61,0.92,0.63,0.66,3,0.42,低风险
0.17,0.21,否,0.74,0.54,8.6,无证,1次,无,23.7,24.18,0.17,是,是,0.81,车辆,19.6,0.47,0.28,0.88,0.48,1,0.51,极高风险
0.7,0.32,否,0.7,0.69,32.85,初级,无,1次,24.94,42.12,0.6,是,是,0.75,高支模,21.46,0.71,0.4,0.82,0.57,4,0.43,高风险
0.07,0.29,否,0.64,0.63,4.12,高级,无,无,6.71,33.69,0.47,是,是,0.74,配电箱,6.04,0.65,0.3,0.73,0.28,1,0.55,极高风险
0.9,0.22,否,0.76,0.74,12.29,初级,无,1次,23.42,100.72,0.15,否,是,0.67,高支模,43.4,0.47,0.1,0.64,0.32,4,0.37,极高风险
0.88,0.33,否,0.79,0.89,12.08,初级,1次,≥2次,34.1,50.98,0.04,是,是,0.81,深基坑,2.34,0.58,0,0.86,0.54,1,0.94,低风险
0.65,0.29,否,0.57,0.79,1.77,中级,无,无,9.93,88.09,0.31,是,是,0.43,塔吊,12.72,1,0.6,0.96,0.8,6,0.53,高风险
0.37,0.22,否,0.7,0.89,5.69,中级,无,无,22.48,25.01,0.07,是,是,0.82,塔吊,2.14,0.64,0.11,0.9,0.73,1,0.43,无风险
0.78,0.31,否,0.64,0.99,0.19,初级,无,无,49.88,48.85,0.06,是,是,0.87,配电箱,9.37,0.3,0.23,0.86,0.85,2,0.7,低风险
0.89,0.55,否,0.76,0.83,14.29,中级,无,1次,30.04,28.89,0.18,是,是,0.85,配电箱,17.26,0.82,0.3,0.92,0.47,4,0.74,低风险
0.57,0.21,否,0.46,0.79,7.93,初级,无,无,17.32,13.89,0.12,是,是,0.46,车辆,4.2,0.96,0.41,0.67,0.92,1,0.82,无风险
0.67,0.26,否,0.82,0.78,5.76,初级,无,1次,18.94,19.55,0.36,是,是,0.86,车辆,1.11,0.75,0.3,0.7,0.96,1,0.77,无风险
0.68,0.23,否,0.7,0.73,3.86,初级,无,无,29.47,13.79,0.09,是,是,0.67,车辆,48.1,0.42,0.39,0.94,0.87,0,0.97,低风险
0.34,0.46,否,0.53,0.95,4.13,中级,无,无,22.39,38,0.19,是,是,0.94,车辆,1.89,0.15,0.45,0.83,0.89,6,0.7,中风险
0.61,0.36,否,0.46,0.74,15.68,中级,无,无,34.77,50.69,0.12,是,是,0.64,车辆,27.95,0.63,0.3,0.73,0.15,2,0.5,高风险
0.63,0.13,否,0.85,0.87,11.09,中级,1次,无,22.43,19.91,0.31,是,是,0.49,深基坑,71.66,0.42,0.59,0.82,0.77,4,0.4,高风险
0.27,0.23,否,0.77,0.83,10.06,中级,无,无,12.45,40.54,0.02,是,是,0.41,高支模,2.73,1,0.43,0.84,0.45,10,0.62,高风险
0.99,0.42,否,0.7,0.85,4.58,初级,无,1次,9.04,65.42,0.04,是,是,0.71,深基坑,20.77,1,0.2,0.75,0.84,1,0.87,低风险
0.13,0.3,否,0.59,0.97,5.15,中级,无,1次,18.66,18.61,0.31,是,是,0.67,塔吊,61.57,0.72,0.15,0.72,0.39,2,0.69,高风险
0.82,0.17,否,0.55,0.72,6.05,高级,无,1次,49.01,16.41,0.36,是,是,0.55,配电箱,46.3,0.74,0.32,0.92,0.83,4,0.66,低风险
0.71,0.17,否,0.52,0.83,0.2,初级,1次,1次,13.55,42.84,0.21,否,是,0.64,塔吊,0.44,0.31,0.35,0.84,0.73,2,0.83,极高风险
0.45,0.22,否,0.65,0.82,24.8,高级,无,无,10.04,28.32,0.36,是,是,0.48,高支模,58.45,0.8,0.32,0.97,0.44,1,0.96,低风险
0.49,0.36,否,0.61,0.75,4.06,高级,1次,无,17.75,34.22,0.08,是,是,0.78,深基坑,7.05,0.88,0.25,0.79,0.27,0,0.65,低风险
0.83,0.31,否,0.77,0.81,0.01,高级,无,无,40.32,30.13,0.16,是,否,0.85,深基坑,0.14,0.47,0.31,0.93,0.72,7,0.46,高风险
0.38,0.58,否,0.56,0.68,6.78,初级,≥2次,1次,10.19,83.54,0.03,是,是,0.74,深基坑,0.37,0.58,0.16,0.86,0.74,2,0.28,极高风险
0.9,0.25,否,0.78,0.88,4.53,初级,无,无,57.39,45.42,0.02,是,是,0.36,塔吊,22.46,0.44,0.44,0.88,0.69,2,0.73,中风险
0.75,0.35,否,0.79,0.78,6.02,初级,无,无,6.8,21.13,0.32,是,是,0.64,深基坑,1.75,0.3,0.66,0.77,0.48,2,0.74,中风险
0.6,0.09,否,0.59,0.79,17.22,中级,无,无,9.99,29.88,0.36,是,是,0.75,配电箱,21.65,0.64,0.01,0.89,0.37,2,0.51,低风险
0.49,0.18,否,0.46,0.78,12.86,中级,无,无,23.93,26.67,0.41,是,是,0.92,深基坑,11.56,0.52,0.46,0.44,0.81,3,0.83,低风险
0.58,0.51,否,0.88,0.74,15.59,初级,无,无,35.65,14.8,0.24,是,是,0.93,深基坑,19.08,1,0.29,0.87,0.43,4,0.57,低风险
0.91,0.33,否,0.65,0.84,23.82,中级,无,无,42.4,18.51,0.01,是,是,0.87,高支模,19.27,1,0.39,0.72,0.15,3,0.64,无风险
0.86,0.33,否,0.8,0.81,4.24,中级,无,无,7.65,23.08,0.1,是,是,0.87,深基坑,27.55,0.67,0.22,0.83,0.54,3,0.92,无风险
0.6,0.31,否,0.75,0.82,16.75,中级,无,无,11.25,34.87,0.6,是,是,0.95,高支模,20.48,0.35,0.33,0.96,0.6,3,0.51,中风险
0.44,0.5,否,0.69,0.9,10.79,中级,1次,1次,8.32,26.63,0.15,是,是,0.83,高支模,55.73,0.92,0.06,0.84,0.51,4,0.48,高风险
0.82,0.46,否,0.56,0.74,21.15,中级,无,无,40.46,56.13,0.03,是,是,0.32,配电箱,4.34,1,0.25,0.94,0.79,0,0.64,低风险
0.77,0.33,否,0.71,0.66,4.55,中级,无,无,28.14,40.91,0.37,是,是,0.8,深基坑,2.86,0.94,0.35,0.71,0.31,4,0.9,低风险
0.38,0.37,否,0.34,0.75,6.83,中级,无,1次,47.57,98.8,0.22,是,是,0.53,塔吊,4.19,1,0.51,0.8,0.33,2,0.58,极高风险
0.98,0.3,否,0.55,0.72,8.83,高级,无,无,11.22,11.17,0.46,是,是,0.83,车辆,1.59,0.39,0.44,0.89,0.6,3,0.49,无风险
0.59,0.22,否,0.8,0.77,10.11,高级,无,无,14.1,23.73,0.15,是,是,0.34,配电箱,8.18,0.63,0,0.89,0.7,4,0.41,无风险
0.69,0.15,否,0.72,0.77,4.49,中级,1次,1次,17.81,27.74,0.5,是,是,0.84,塔吊,50,0.83,0,0.62,0.26,2,0.92,中风险
0.55,0.48,否,0.66,0.84,8.7,中级,无,1次,13.92,114.09,0.02,是,是,0.29,配电箱,29.08,1,0,0.58,0.51,3,0.54,高风险
0.67,0.35,否,0.68,0.74,2.1,中级,无,1次,11.81,31.41,0.33,否,是,0.62,高支模,2.95,1,0.37,0.87,0.62,1,0.51,极高风险
0.7,0.29,否,0.75,0.8,5.02,初级,1次,无,24.05,51.85,0.15,是,是,0.82,车辆,0.18,0.26,0,0.96,0.81,4,0.56,低风险
0.46,0.21,否,0.67,0.95,3.9,中级,无,无,21.46,39.72,0.36,是,是,0.86,配电箱,4.6,0.38,0.29,0.87,0.95,1,0.89,低风险
0.39,0.13,否,0.77,0.77,1.77,中级,1次,无,11.65,15.43,0.25,是,否,0.15,高支模,2.27,0.45,0.3,0.67,0.77,2,0.33,极高风险
0.72,0.44,否,0.67,0.86,4.49,初级,1次,无,21.51,25.25,0.31,是,是,0.97,塔吊,3.85,0.51,0.06,0.64,0.74,5,0.48,中风险
0.57,0.81,否,0.6,0.76,2.01,中级,无,无,10.69,50.05,0.04,是,是,0.57,车辆,11.4,0.52,0.11,0.91,0.78,2,0.18,高风险
0.76,0.17,否,0.62,0.84,0.44,初级,无,无,28.49,39.05,0.09,是,是,0.88,车辆,10.01,1,0.35,0.7,0.19,2,0.65,低风险
0.89,0.2,否,0.61,0.85,11.9,初级,1次,无,19.64,39.25,0.11,是,是,0.37,塔吊,21.23,0.93,0,0.83,0.23,4,0.25,中风险
0.7,0.75,否,0.52,0.74,0.15,初级,无,无,13.82,15.85,0.6,是,是,0.29,深基坑,27.71,0.7,0.05,0.68,0.65,3,0.23,极高风险
0.61,0.09,否,0.7,0.66,2.97,中级,无,无,8.92,11.12,0.28,是,是,0.59,塔吊,31.39,0.32,0.07,0.82,0.4,3,0.61,低风险
0.6,0.36,否,0.78,0.79,10.67,初级,无,无,25.99,44.65,0.81,是,是,0.9,配电箱,14.9,0.82,0.44,0.88,0.75,4,0.2,高风险
0.8,0.84,否,0.72,0.85,1.68,中级,无,无,27.78,42.88,0.06,是,是,0.59,配电箱,2.27,0.62,0.45,0.95,0.36,1,0.69,高风险
0.41,0.08,否,0.64,0.53,1.67,高级,无,无,34.72,17.55,0.21,是,是,0.75,塔吊,9.43,1,0,0.92,0.23,5,0.58,高风险
0.71,0.71,否,0.69,0.94,7.02,高级,1次,无,20.9,52.87,0.45,否,是,0.89,塔吊,19.28,0.76,0.4,0.89,0.78,6,0.41,极高风险
0.92,0.65,否,0.58,0.67,37.96,中级,无,1次,26.73,9.61,0.1,是,是,0.77,车辆,19.17,0.57,0.27,0.76,0.6,1,0.39,低风险
0.74,0.18,否,0.83,0.75,13,中级,无,无,15.36,15.18,0.07,是,是,0.82,车辆,29.93,0.52,0.23,0.89,0.73,3,0.26,无风险
0.51,0.1,否,0.61,0.88,3.8,高级,无,无,7.05,12.25,0.05,是,是,0.75,高支模,9.91,0.35,0.25,0.68,0.43,1,0.38,无风险
0.49,0.27,否,0.78,0.69,9.82,中级,无,1次,16.23,24.02,0.24,是,是,0.58,塔吊,17.86,0.94,0,0.82,0.58,2,0.6,无风险
0.58,0.65,否,0.64,0.86,3.9,高级,无,无,10.23,66.37,0.37,是,是,0.15,深基坑,1.55,1,0.11,0.89,0.11,5,0.34,高风险
0.25,0.24,否,0.77,0.81,0.41,中级,1次,1次,20.36,21.97,0.25,是,是,0.8,车辆,0.47,0.53,0,0.56,0.38,7,0.4,中风险
0.57,0.34,否,0.81,0.85,11.81,中级,无,无,13.08,55.23,0.22,是,是,0.9,车辆,8.69,0.65,0.47,0.96,0.77,1,0.78,无风险
0.52,0.21,否,0.63,0.96,1.22,高级,无,无,27.27,77.16,0.09,是,是,0.47,高支模,1.58,0.67,0.41,0.97,0.55,0,0.81,低风险
0.28,0.11,否,0.58,1,5.85,初级,无,1次,40.12,43.82,0.02,是,是,0.89,车辆,21.86,1,0.21,0.78,0.58,2,0.51,中风险
0.74,0.36,否,0.7,0.87,20.3,中级,无,无,6.71,14.67,0.11,是,否,0.79,深基坑,7.97,0.4,0,0.74,0.49,1,0.66,高风险
0.66,0.37,否,0.53,0.64,14.1,初级,无,无,24.67,38.89,0.24,是,是,0.52,塔吊,28.6,0.39,0.11,0.95,0.17,7,0.29,极高风险
0.59,0.17,否,0.74,0.68,22.07,高级,1次,无,32.32,32.69,0.03,是,否,0.35,塔吊,0.29,0.85,0.18,0.96,0.82,1,0.87,高风险
0.94,0.43,否,0.76,0.77,16.07,中级,无,1次,19.21,17.58,0.69,是,是,0.84,车辆,16.37,0.28,0.07,0.98,0.48,2,0.6,中风险
0.55,0.26,否,0.63,0.92,24.94,高级,无,无,21.4,22.57,0.38,是,是,0.8,车辆,20.16,0.69,0.09,0.88,0.91,1,0.62,无风险
0.52,0.49,否,0.81,0.84,5.55,中级,无,无,16.94,37.93,0.66,是,是,0.53,深基坑,17.06,0.78,0.04,0.95,0.5,2,0.81,中风险
0.56,0.14,否,0.9,0.83,5.83,中级,无,无,17.05,19.24,0.67,是,是,0.78,塔吊,22.55,0.83,0.22,0.94,0.67,4,0.85,无风险
0.45,0.47,否,0.84,0.82,16.78,中级,无,无,20.31,47.82,0.25,是,是,0.42,高支模,2.49,1,0,0.74,0.86,2,0.56,无风险
0.56,0.25,否,0.77,0.85,5.4,初级,无,1次,13.63,56.14,0.16,否,是,0.53,深基坑,16.32,1,0.29,0.72,0.36,3,0.52,极高风险
0.4,0.22,否,0.58,0.77,9.33,中级,1次,无,17.52,18.47,0.32,是,是,0.89,配电箱,20.07,0.55,0.82,0.91,0.5,2,0.79,高风险
0.31,0.17,否,0.62,0.79,13.3,高级,无,无,44.88,21.11,0.29,是,是,0.7,塔吊,1.18,1,0.38,0.98,0.64,3,0.53,无风险
0.91,0.56,否,0.75,0.72,7.26,中级,1次,无,25.75,42.43,0.51,是,是,0.08,深基坑,1.74,0.91,0.42,0.64,0.58,3,0.75,高风险
0.58,0.3,否,0.83,0.88,4.81,中级,1次,1次,13.5,14.02,0.25,是,是,0.33,车辆,25.4,0.74,0.61,0.96,0.85,2,0.26,高风险
0.4,0.18,否,0.72,0.9,10.6,中级,无,1次,21.1,26.47,0.1,是,是,0.7,高支模,12.82,1,0.29,0.88,0.78,2,0.62,无风险
0.36,0.48,否,0.75,0.8,17.14,中级,无,无,14.01,48.9,0.22,是,是,0.84,深基坑,13.92,0.91,0.11,0.82,0.3,0,0.83,低风险
0.69,0.25,否,0.67,0.93,5.46,中级,无,无,17.95,36.46,0,是,是,0.21,深基坑,0.97,0.79,0.24,0.85,0.65,3,0.96,无风险
0.67,0.18,否,0.7,0.83,10.91,中级,无,1次,18.46,19.22,0.04,是,是,0.49,深基坑,9.28,1,0,0.74,0.3,2,0.5,无风险
0.14,0.31,否,0.82,0.73,5.03,中级,无,无,21.91,20.75,0.19,是,是,0.37,高支模,15.08,0.21,0.11,0.99,0.47,5,0.79,高风险
0.78,0.21,否,0.55,0.75,21.92,中级,无,1次,17.11,42.61,0.02,是,是,0.73,车辆,52.67,0.59,0.68,0.83,0.25,3,0.45,高风险
0.62,0.2,否,0.63,0.85,24.97,初级,无,1次,20.26,43.08,0.02,是,是,0.84,塔吊,1.24,0.64,0.72,0.99,0.82,7,0.21,中风险
0.38,0.28,否,0.6,0.85,7.04,中级,≥2次,1次,47.74,51.06,0.29,是,是,0.93,车辆,8.66,0.51,0.78,0.62,0.42,3,0.9,极高风险
0.7,0.48,否,0.66,0.72,19.61,高级,无,无,36.32,65.92,0.3,是,是,0.68,深基坑,12.7,0.4,0,0.98,0.75,3,0.64,无风险
0.93,0.49,否,0.77,0.74,4.54,初级,无,无,17.1,80.98,0.02,是,否,0.93,配电箱,26.09,0.7,0.74,0.78,0.93,2,0.5,极高风险
0.47,0.49,否,0.83,0.77,1.01,中级,无,无,21.95,18.66,0.13,是,是,0.62,配电箱,4.14,0.64,0.31,0.95,0.92,4,0.48,低风险
0.92,0.27,否,0.74,0.92,12.71,高级,无,无,13.55,21.73,0.4,是,是,0.89,深基坑,1.72,1,0.21,0.76,0.53,2,0.93,无风险
0.7,0.23,否,0.63,0.84,1.35,初级,无,无,18.22,18.88,0.57,是,是,0.75,车辆,10.73,0.84,0.45,0.58,0.55,5,0.88,高风险
0.78,0.33,否,0.67,0.95,22.13,初级,无,无,45.78,19.84,0.35,是,是,0.82,深基坑,18.77,0.57,0.38,0.74,0.31,4,0.8,低风险
0.87,0.28,否,0.73,0.84,2.08,中级,1次,无,4.97,12.1,0.6,是,是,0.76,高支模,2.46,0.51,0.05,0.92,0.41,1,0.64,低风险
0.7,0.66,否,0.77,0.93,1.48,中级,无,无,38.55,30.21,0.01,是,是,0.1,高支模,8.96,1,0.31,0.64,0.67,2,0.76,高风险
0.09,0.13,否,0.83,0.78,11.54,中级,无,无,11.53,12.46,0.44,是,是,0.77,高支模,3.16,1,0,0.58,0.61,6,0.61,高风险
0.34,0.28,否,0.55,0.85,8.91,无证,无,1次,12.83,22.67,0.28,是,是,0.91,车辆,29.12,0.68,0.15,0.83,0.65,5,0.42,极高风险
0.72,0.96,否,0.76,0.81,32.61,高级,无,无,23.29,28.9,0.04,是,是,0.26,深基坑,21.27,0.79,0.19,0.57,0.69,2,0.34,高风险
0.38,0.64,否,0.88,0.49,1.6,初级,无,1次,26.75,54.02,0.52,是,是,0.56,车辆,2.95,0.74,0,0.88,0.68,3,0.29,高风险
0.38,0.29,否,0.67,0.83,16.25,中级,1次,无,14.13,31.25,0.28,是,是,0.84,配电箱,20.07,0.7,0.12,0.87,0.51,1,0.9,低风险
0.77,0.42,否,0.56,0.78,5.81,高级,无,无,17.18,52.34,0.46,是,是,0.3,车辆,43.01,0.14,0.07,0.91,0.82,2,0.48,高风险
0.77,0.22,否,0.79,0.85,0.32,高级,无,1次,22.96,68.21,0.02,是,是,0.91,配电箱,42,1,0.03,0.62,0.29,3,0.24,低风险
0.8,0.74,否,0.62,0.86,2.74,初级,无,无,14.55,28.54,0.28,是,是,0.66,配电箱,14.9,0.88,0.02,0.77,0.28,2,0.72,中风险
0.75,0.33,否,0.65,0.95,7.67,高级,无,无,10.71,3.95,0.09,是,是,0.92,高支模,1.13,1,0.35,0.71,0.06,6,0.41,无风险
0.82,0.39,否,0.85,0.61,6.84,初级,无,无,18.95,46.42,0.73,是,是,0.79,塔吊,16.37,0.86,0.27,0.74,0.56,1,0.77,中风险
0.57,0.12,否,0.66,0.72,7.46,中级,≥2次,无,29.82,30.68,0.01,是,是,0.77,配电箱,17.82,0.76,0.39,0.77,0.42,6,0.6,高风险
0.41,0.15,否,0.73,0.85,13.09,初级,1次,1次,13.05,116.13,0.05,是,是,0.9,车辆,17.24,0.88,0.33,0.95,0.35,1,0.35,高风险
0.31,0.47,否,0.69,0.73,9.63,中级,无,无,9.61,11.66,0.34,是,是,0.65,配电箱,26.35,0.64,0.6,0.88,0.73,1,0.47,高风险
0.79,0.29,否,0.83,0.72,20.86,高级,无,无,15.84,56.93,0.2,是,是,0.85,深基坑,22.21,0.55,0,0.91,0.42,2,0.69,无风险
0.8,0.22,否,0.63,0.57,6.71,中级,无,无,23.01,38.33,0.6,是,是,0.49,车辆,2.32,0.42,0.47,0.7,0.53,2,0.73,高风险
0.85,0.28,否,0.75,0.54,9.76,中级,无,无,17.57,15.95,0.64,是,否,0.16,高支模,23.14,1,0.2,0.31,0.85,3,0.82,极高风险
0.12,0.18,否,0.55,0.77,8.23,中级,无,无,22.71,56.77,0.68,是,是,0.9,塔吊,24.88,0.7,0.25,0.6,0.33,2,0.48,极高风险
0.32,0.49,是,0.66,0.71,22.8,高级,1次,1次,36.68,25.36,0.37,是,是,0.77,车辆,50.97,0.72,0.09,0.53,0.29,2,0.58,极高风险
0.53,0.33,否,0.74,0.68,8.13,高级,无,≥2次,47.31,47.69,0.34,是,是,0.6,塔吊,19.48,0.44,0.23,0.35,0.55,2,0.52,极高风险
0.22,0.69,否,0.78,0.78,9.15,初级,无,无,26.72,31.61,0.1,否,是,0.84,配电箱,2.34,0.2,0,0.66,0.47,5,0.29,极高风险
0.77,0.69,是,0.82,0.76,13.09,高级,无,无,22.1,29.49,0.19,是,是,0.86,塔吊,3.77,0.42,0.25,0.71,0.83,0,0.53,高风险
0.22,0.17,否,0.58,0.8,29,初级,1次,无,14.78,23.1,0.14,是,是,0.8,车辆,19.81,0.46,0,0.57,0.71,4,0.62,低风险
0.81,0.46,否,0.52,0.85,17.68,中级,1次,无,26.14,29.92,0.15,是,是,0.85,车辆,14.96,0.73,0.47,0.48,0.53,2,0.58,中风险
0.65,0.19,否,0.61,0.83,5.97,中级,无,无,17.33,29.48,0.46,是,是,0.7,深基坑,13.18,0.84,0.33,0.94,0.78,2,0.65,无风险
0.2,0.45,否,0.61,0.66,17.2,高级,无,无,14.87,39.43,0.36,是,是,0.79,深基坑,22.92,0.62,0.49,0.96,0.69,2,0.48,中风险
0.68,0.07,否,0.66,0.98,8.87,初级,无,无,13.67,17.45,0.21,是,是,0.55,高支模,19.78,0.8,0.3,0.69,0.51,5,0.69,中风险
0.67,0.19,否,0.66,0.67,0.9,初级,无,1次,22.68,17.5,0.11,是,是,0.24,塔吊,0.23,0.8,0.46,0.81,0.31,1,0.82,高风险
0.84,0.29,否,0.74,0.84,8.81,初级,1次,无,24.44,50.43,0.03,是,是,0.74,配电箱,27.53,0.63,0.28,0.65,0.7,1,0.63,中风险
0.12,0.2,否,0.39,0.64,4.1,中级,无,≥2次,16.98,22.11,0.12,是,是,0.75,高支模,16.92,0.64,0.72,0.73,0.85,3,0.81,极高风险
0.76,0.57,否,0.84,0.91,3.91,初级,无,1次,11.83,93.69,0.01,是,是,0.17,高支模,4.75,0.79,0.15,0.95,0.83,2,0.51,高风险
0.84,0.67,否,0.67,0.61,7.79,高级,无,无,13.44,101.41,0.5,是,是,0.55,塔吊,20.9,0.4,0.72,0.64,0.23,1,0.79,极高风险
0.74,0.39,否,0.75,0.83,7.39,中级,无,无,11.73,23.33,0.22,是,是,0.57,车辆,12.8,1,0,0.73,0.1,2,0.65,低风险
0.58,0.55,否,0.7,0.75,7.14,中级,1次,无,11.2,21.45,0.29,是,是,0.64,车辆,1.7,0.29,0.04,0.96,0.73,3,0.43,低风险
0.48,0.08,否,0.71,0.79,7.54,中级,无,无,10.01,32.99,0.44,是,是,0.34,塔吊,9.67,0.59,0.4,0.74,0.41,2,0.65,高风险
0.83,0.63,否,0.64,0.71,3.8,中级,1次,≥2次,10.55,17.93,0.1,是,是,0.28,塔吊,1.03,0.58,0.09,0.92,0.49,4,0.34,极高风险
0.42,0.16,否,0.69,0.59,12.17,初级,1次,≥2次,28.53,78.86,0.01,是,是,0.71,配电箱,18.69,0.54,0,0.71,0.48,2,0.49,极高风险
0.36,0.25,否,0.76,0.77,7.67,中级,无,≥2次,35.68,22.86,0.3,否,是,0.87,塔吊,2.64,0.8,0.2,0.6,0.4,3,0.45,极高风险
0.37,0.4,否,0.74,0.7,1.96,高级,无,1次,26.6,41.66,0.78,是,是,0.7,深基坑,12.16,0.76,0,0.8,0.25,5,0.83,高风险
0.6,0.22,否,0.68,0.7,4.76,中级,无,1次,46.32,41.77,0.02,是,是,0.57,车辆,9.19,0.52,0.19,0.87,0.56,5,0.51,高风险
0.73,0.28,是,0.63,0.82,3.73,中级,无,无,20.72,21.56,0.01,是,是,0.8,车辆,33.91,0.71,0.07,0.85,0.46,4,0.26,高风险
0.74,0.17,否,0.67,0.8,12.44,中级,无,无,7.12,7.55,0.04,是,是,0.37,塔吊,22.56,0.38,0.58,0.54,0.45,2,0.5,中风险
0.59,0.1,否,0.7,0.76,21.25,中级,无,≥2次,33.21,18.52,0.18,是,是,0.52,塔吊,2.8,0.12,0,0.83,0.88,1,0.67,无风险
0.74,0.35,否,0.8,0.76,15.46,中级,无,无,23.28,15.32,0.2,是,是,0.18,配电箱,14,1,0.16,0.78,0.59,2,0.43,高风险
0.87,0.45,否,0.82,0.84,12.06,中级,无,≥2次,53.61,78.44,0.21,是,是,0.78,车辆,16.96,0.61,0.11,0.9,0.52,2,0.9,高风险
0.13,0.29,否,0.6,0.81,17.19,初级,无,≥2次,11.26,11.43,0.04,是,是,0.73,高支模,4.72,0.36,0.3,0.71,0.5,5,0.8,高风险
0.84,0.27,否,0.76,0.73,6.21,初级,无,无,24.15,35.87,0.04,是,是,0.36,配电箱,82.53,0.76,0.58,0.74,0.72,4,0.3,高风险
0.65,0.54,否,0.76,0.7,4.81,高级,1次,无,6.77,31.95,0.53,是,是,0.85,车辆,3.52,1,0.31,0.78,0.47,0,0.56,低风险
0.81,0.49,否,0.72,0.79,0.45,中级,无,无,9.17,43.43,0.82,否,是,0.94,车辆,0.56,0.6,0.13,0.79,0.85,4,0.81,高风险
0.45,0.39,否,0.81,0.64,14.39,初级,无,无,41.92,12.31,0.07,是,是,0.78,高支模,1.47,0.66,0,0.78,0.69,6,0.33,无风险
0.74,0.67,否,0.84,0.79,4.21,无证,无,无,17.02,35.47,0.18,是,是,0.4,高支模,11.12,0.73,0.37,0.91,0.77,0,0.77,高风险
0.92,0.28,否,0.76,0.87,0.68,高级,无,无,35.92,19.98,0.35,是,是,0.94,配电箱,13.01,0.68,0.07,0.94,0.27,2,0.34,无风险
0.87,0.3,否,0.74,0.86,9.02,高级,无,1次,14.39,31.92,0.09,是,是,0.33,高支模,23.39,0.6,0,0.88,0.98,1,0.59,无风险
0.31,0.32,否,0.64,0.7,4.32,高级,无,无,9.1,10.86,0.25,是,是,0.89,深基坑,24.52,0.38,0.27,0.85,0.76,4,0.77,低风险
0.52,0.42,否,0.81,0.84,36.06,高级,无,无,18.08,35.45,0.34,是,是,0.68,车辆,13.95,0.75,0.74,0.87,0.2,3,0.84,中风险
0.78,0.41,否,0.63,0.73,0.07,中级,无,1次,28.52,72.38,0.03,否,否,0.29,塔吊,24.46,1,0.19,0.82,0.83,0,0.28,极高风险
0.86,0.13,否,0.71,0.78,1.46,中级,无,无,29.85,12.68,0.72,是,是,0.99,车辆,10.73,0.49,0.35,0.91,0.75,4,0.48,低风险
0.77,0.25,否,0.69,0.67,17.84,初级,无,1次,38.4,16.06,0.43,是,是,0.32,车辆,3.54,1,0.05,0.85,0.76,1,0.86,无风险
0.75,0.59,否,0.68,0.86,5.73,初级,无,无,52.6,44.95,0.07,是,是,0.91,配电箱,28.49,0.65,0.41,0.72,0.73,2,0.69,中风险
0.72,0.16,否,0.75,0.78,15.5,高级,无,1次,27.11,14.84,0.62,是,是,0.92,高支模,4.02,0.72,0,0.8,0.74,1,0.93,无风险
0.26,0.39,否,0.62,0.75,2.92,中级,无,无,11.66,10.09,0.32,是,是,0.87,配电箱,32.06,1,0.62,0.83,0.75,3,0.72,中风险
0.59,0.39,否,0.67,0.72,3.5,高级,1次,无,12.11,20.8,0.05,是,否,0.34,塔吊,19.05,0.41,0,0.74,0.97,1,0.68,高风险
0.52,0.31,否,0.64,0.84,33.89,中级,1次,≥2次,12.66,34.99,0.09,是,是,0.95,高支模,3.26,0.85,0.35,0.81,0.74,1,0.46,低风险
0.63,0.32,否,0.66,0.89,1.93,中级,无,≥2次,35.08,96.89,0.33,是,是,0.4,配电箱,1.16,0.82,0.03,0.94,0.53,3,0.1,高风险
0.65,0.5,否,0.82,0.85,5.3,中级,无,无,20.19,54.24,0.17,是,是,0.7,高支模,0.14,0.61,0.13,0.79,0.53,3,0.55,低风险
0.29,0.25,否,0.65,0.84,34.25,高级,无,1次,19.09,25.54,0.09,是,是,0.46,车辆,11.54,0.37,0.29,0.86,0.79,1,0.72,无风险
0.55,0.18,否,0.87,0.78,3.14,无证,1次,无,32.76,39.06,0.04,是,是,0.56,深基坑,0.68,0.7,0.04,0.96,0.64,1,0.96,高风险
0.96,0.22,否,0.68,0.76,16.56,中级,无,≥2次,14.45,25.93,0.39,是,是,0.68,高支模,1.89,0.44,0.23,0.97,0.19,2,0.62,中风险
0.44,0.39,是,0.76,0.92,5.71,中级,无,1次,25.89,28.77,0.23,否,是,0.46,车辆,1.07,0.28,0.08,0.84,0.74,1,0.54,极高风险
0.54,0.43,否,0.52,0.73,30.17,中级,无,1次,42.48,17.69,0.05,是,是,0.7,深基坑,4.96,1,0.37,0.94,0.77,3,0.7,无风险
0.5,0.95,否,0.66,0.66,1.42,中级,无,无,14.86,25.94,0.22,是,是,0.74,配电箱,13.39,0.55,0.41,0.93,0.93,1,0.76,高风险
0.67,0.33,否,0.7,0.77,4.62,中级,无,无,21.53,22.92,0.31,是,是,0.89,高支模,13.53,0.77,0.46,0.84,0.42,3,0.67,低风险
0.52,0.21,否,0.86,0.7,16.62,中级,无,1次,9.94,10.11,0.45,是,是,0.26,高支模,9.89,1,0.48,0.8,0.65,3,0.49,中风险
0.53,0.17,否,0.67,0.75,13.74,初级,无,无,43.2,59.21,0.1,是,是,0.71,高支模,32.01,0.54,0.61,0.99,0.61,7,0.71,极高风险
0.7,0.29,否,0.8,0.77,0.43,初级,无,1次,33.84,29.75,0.12,是,是,0.52,车辆,3.21,1,0.28,0.77,0.86,1,0.57,低风险
0.04,0.6,否,0.56,0.95,14.33,中级,无,无,7.32,15.75,0.49,是,是,0.4,塔吊,1.15,0.5,0.53,0.84,0.3,3,0.33,极高风险
0.52,0.26,否,0.76,0.72,9.46,初级,无,无,57.06,43.16,0.07,是,是,0.82,塔吊,30.4,0.75,0.37,0.9,0.86,1,0.96,无风险
0.68,0.45,否,0.76,0.86,5.09,中级,无,1次,45.33,20.5,0.03,是,是,0.35,深基坑,24.29,1,0.03,0.74,0.55,3,0.9,低风险
0.51,0.57,否,0.71,0.74,13.94,初级,无,无,46.06,16.79,0,是,是,0.91,深基坑,2.42,1,0.11,0.89,0.78,5,0.46,无风险
0.45,0.17,否,0.66,0.79,4.77,中级,无,1次,7.76,13.8,0.35,是,是,0.88,高支模,2.51,0.5,0.26,0.77,0.47,2,0.41,低风险
0.54,0.35,否,0.74,0.72,33.94,初级,1次,无,12.99,34.85,0.46,是,是,0.77,配电箱,15.67,1,0.33,0.73,0.52,3,0.79,中风险
0.8,0.18,否,0.75,0.86,0.33,无证,1次,无,38.17,20.79,0.54,是,是,0.73,塔吊,26.64,0.29,0,0.79,0.8,1,0.75,高风险
0.85,0.4,否,0.67,0.67,10.28,中级,无,无,46.95,39.6,0.46,是,是,0.69,塔吊,15.73,0.5,0.14,0.83,0.71,1,0.19,低风险
0.56,0.62,否,0.84,0.81,2.18,初级,1次,1次,43.52,41.93,0.32,是,是,0.78,塔吊,6.63,0.7,0.28,0.92,0.32,2,0.57,极高风险
0.56,0.1,否,0.69,0.98,10.23,高级,无,无,12.06,27.55,0.1,是,是,0.62,配电箱,17.78,1,0.13,0.95,0.54,4,0.69,无风险
0.79,0.32,否,0.6,0.83,6.86,高级,无,1次,17.36,34.51,0.06,是,是,0.42,塔吊,1.61,0.57,0,0.85,0.3,3,0.71,无风险
0.57,0.24,否,0.45,0.97,17.29,中级,无,≥2次,20.83,11.58,0.55,是,是,0.73,深基坑,1.4,0.42,0.13,0.81,0.45,0,0.32,中风险
0.89,0.14,否,0.7,0.89,13.04,中级,1次,无,31.82,10.52,0.12,是,是,0.8,深基坑,11.75,0.63,0.34,0.71,0.23,4,0.37,低风险
0.35,0.29,否,0.71,0.83,6.29,高级,1次,1次,10.11,35.66,0.52,是,是,0.42,深基坑,10.14,0.37,0.16,0.71,0.35,6,0.86,极高风险
0.82,0.36,否,0.72,0.59,8.37,中级,无,1次,19.29,66.4,0.47,是,是,0.57,车辆,22.8,1,0.33,0.68,0.72,1,0.7,高风险
0.47,0.23,否,0.59,0.84,1.05,中级,无,1次,35.08,33.18,0.61,是,是,0.78,高支模,11.56,0.99,0,0.74,0.69,0,0.88,低风险
0.39,0.62,否,0.69,0.77,22.76,初级,无,1次,15.13,18.48,0.17,是,是,0.8,车辆,1.04,0.77,0.5,0.8,0.75,0,0.92,低风险
0.88,0.64,否,0.69,0.88,3.95,中级,无,无,41.14,88.46,0.34,是,是,0.66,车辆,3.68,0.71,0.2,0.72,0.46,0,0.96,低风险
0.14,0.26,否,0.55,0.69,6.87,中级,无,无,14.5,19.33,0.21,否,是,0.8,高支模,11.03,0.59,0,0.85,0.76,1,0.7,极高风险
0.67,0.21,否,0.75,0.68,5.42,高级,无,1次,8.07,26.66,0.25,否,是,0.3,高支模,0.19,0.81,0.03,0.83,0.57,2,0.25,高风险
0.41,0.13,否,0.6,0.81,6.4,高级,无,1次,32.03,60.25,0.37,是,是,0.42,高支模,2.97,1,0.17,0.82,0.79,3,0.61,低风险
0.8,0.33,否,0.59,0.77,13.83,无证,无,1次,18.39,93.18,0.14,是,是,0.17,高支模,25.06,0.25,0.17,0.87,0.57,7,0.43,极高风险
0.09,0.17,否,0.58,0.66,4.64,初级,1次,1次,16.59,36.45,0.56,是,是,0.91,配电箱,4.37,0.6,0,0.65,0.69,2,0.34,极高风险
0.86,0.36,否,0.74,0.84,3.7,初级,1次,无,31.99,35.35,0.33,是,是,0.63,配电箱,22.22,0.75,0.06,0.8,0.55,3,0.35,高风险
0.47,0.37,否,0.71,0.85,19.79,中级,无,无,27.49,13.83,0.46,是,是,0.64,配电箱,40.88,1,0.19,0.87,0.76,3,0.7,无风险
0.48,0.71,否,0.7,0.88,9.1,初级,无,1次,17.8,51.32,0.56,是,是,0.79,塔吊,1.53,0.65,0.03,0.78,0.76,1,0.52,高风险
0.31,0.28,否,0.65,0.83,5.76,高级,无,无,17.21,20.2,0.03,是,是,0.93,高支模,13.52,0.44,0.34,0.72,0.76,3,0.92,无风险
0.56,0.18,否,0.68,0.87,2.92,高级,无,1次,16.89,13.44,0.07,是,是,0.65,高支模,10,0.47,0.24,0.58,0.22,1,0.77,低风险
0.64,0.68,否,0.75,0.9,10.59,中级,无,无,12.74,23.17,0.15,是,是,0.78,车辆,1.31,1,0.2,0.79,0.95,1,0.88,无风险
0.8,0.2,否,0.53,0.91,7.65,高级,无,无,17.72,21.78,0.13,是,是,0.37,车辆,15.28,1,0.29,0.85,0.68,2,0.84,无风险
0.86,0.49,否,0.78,0.69,25.61,初级,无,无,17.7,49.61,0.16,是,是,0.47,车辆,4.9,0.79,0.13,0.8,0.19,4,0.52,中风险
0.46,0.34,否,0.68,0.69,7.83,中级,无,无,10.4,16.61,0.11,是,是,0.6,配电箱,64.94,1,0.36,0.9,0.36,3,0.57,中风险
0.83,0.14,否,0.59,0.87,0.54,初级,无,无,21.62,20.9,0.11,否,是,0.62,车辆,3.5,0.74,0.48,0.62,0.43,1,0.79,高风险
0.62,0.36,否,0.63,0.93,5.89,高级,≥2次,≥2次,43.08,30.42,0.39,是,是,0.58,配电箱,25.37,0.89,0.36,0.65,0.83,3,0.65,极高风险
0.8,0.39,否,0.83,0.56,30.18,初级,无,无,27.18,17.67,0.41,是,是,0.85,配电箱,1.68,0.57,0.35,0.96,0.48,1,0.48,高风险
0.67,0.27,否,0.8,0.79,2.08,高级,无,无,22.36,13.85,0.41,是,是,0.77,配电箱,3.29,0.39,0.49,0.9,0.7,0,0.37,低风险
0.7,0.16,否,0.73,0.79,12.96,初级,无,无,13.43,21.58,0.35,是,是,0.99,深基坑,26.72,0.42,0.56,0.87,0.88,4,0.76,低风险
0.75,0.14,否,0.87,0.83,2.1,无证,无,1次,18.01,12.66,0.19,是,是,0.71,塔吊,2.61,0.71,0.1,0.84,0.26,8,0.85,高风险
0.68,0.3,是,0.76,0.58,27.57,中级,无,无,10.52,29.62,0.2,是,是,0.83,高支模,35.19,0.71,0.41,0.94,0.52,1,0.85,极高风险
0.8,0.31,否,0.7,0.73,10.21,中级,无,无,29.2,22.89,0.05,是,是,0.27,深基坑,11.09,0.56,0.17,0.84,0.74,2,0.85,无风险
0.67,0.87,否,0.68,0.68,19.1,中级,无,无,23.26,10.71,0.2,是,是,0.71,深基坑,4.14,0.45,0.37,0.85,0.72,2,0.74,高风险
0.81,0.55,否,0.79,0.75,31.63,高级,无,无,29.17,78.89,0.45,是,是,0.83,深基坑,30.69,0.83,0.54,0.94,0.67,6,0.62,中风险
0.78,0.14,否,0.64,0.76,7.44,高级,无,无,25.97,8.54,0.55,是,是,0.34,配电箱,23.79,0.88,0,0.89,0.57,0,0.45,无风险
0.45,0.34,否,0.64,0.93,8.25,高级,无,无,12.48,68.65,0.2,是,是,0.4,塔吊,11.45,0.36,0,0.8,0.81,2,0.99,无风险
0.36,0.37,否,0.65,0.86,17.54,初级,无,无,15.16,63.06,0.35,是,是,0.3,车辆,25.56,0.92,0.29,0.82,0.59,4,0.49,极高风险
0.69,0.2,否,0.74,0.76,3.37,高级,无,无,31.15,70.94,0.29,是,是,0.45,车辆,36.24,0.88,0.44,0.92,0.32,6,0.97,高风险
0.49,0.48,否,0.7,0.9,18.81,中级,无,1次,12.81,81.95,0.61,是,是,0.29,高支模,12.91,0.49,0.12,0.85,0.48,1,0.53,极高风险
0.7,0.28,否,0.83,0.78,9.83,中级,无,≥2次,14.77,69.16,0.09,否,是,0.23,塔吊,15.05,0.58,0.21,0.86,0.51,1,0.95,极高风险
0.43,0.46,否,0.76,0.93,34.43,初级,无,1次,13.98,24.39,0.34,是,是,0.92,车辆,3.61,0.47,0,0.54,0.75,2,0.83,无风险
0.35,0.31,否,0.77,0.74,7.48,中级,无,1次,16.87,77.05,0.73,是,否,0.82,深基坑,0.03,1,0.03,0.7,0.21,6,0.79,极高风险
0.72,0.15,否,0.6,0.94,0.03,中级,无,≥2次,7.84,28.73,0.3,是,是,0.67,配电箱,17.85,0.35,0,0.85,0.15,2,0.78,高风险
0.65,0.28,否,0.88,0.73,9.19,中级,无,无,9.69,28.55,0.29,是,是,0.77,车辆,14.9,0.7,0.47,0.72,0.73,3,0.63,中风险
0.51,0.31,否,0.68,0.9,29.16,中级,无,无,21.45,21.9,0.4,否,是,0.62,配电箱,9.93,0.25,0.37,0.85,0.24,1,0.27,极高风险
0.46,0.42,否,0.67,0.72,2.66,初级,无,≥2次,42.63,13.8,0.04,是,是,0.95,车辆,10.64,1,0.39,0.81,0.63,3,0.9,高风险
0.55,0.39,否,0.8,0.95,3.89,中级,无,≥2次,37,23.43,0.09,是,是,0.73,塔吊,9.68,0.9,0.19,0.88,0.46,4,0.78,中风险
0.73,0.2,否,0.8,0.71,2.18,初级,无,1次,25.35,27.69,0.18,是,是,0.75,配电箱,20.25,0.21,0.45,0.76,0.69,0,0.35,高风险
0.07,0.45,否,0.67,0.73,3.56,高级,无,无,22.92,13.16,0.05,是,是,0.64,深基坑,39.98,0.75,0.11,0.55,0.35,1,0.37,高风险
0.74,0.2,否,0.68,0.72,2.18,初级,无,无,15.48,39.55,0.51,是,是,0.36,配电箱,26.81,0.66,0.5,0.74,0.18,3,0.56,极高风险
0.7,0.47,否,0.48,0.91,27.35,初级,无,1次,23.09,23.57,0.18,是,是,0.88,深基坑,65.36,0.67,0.36,0.9,0.62,4,0.64,中风险
0.53,0.16,否,0.62,0.92,0.7,高级,1次,无,12.48,13,0.19,否,是,0.42,车辆,16.48,0.15,0.1,0.87,0.23,4,0.62,极高风险
0.69,0.47,否,0.82,0.83,3.19,中级,1次,1次,25.33,19.35,0.08,否,是,0.62,塔吊,12.2,1,0.22,0.64,0.55,5,0.92,极高风险
0.16,0.36,否,0.67,0.66,0.64,中级,无,无,26.65,38.63,0.24,是,是,0.23,配电箱,16.24,0.3,0.26,0.92,0.64,2,0.88,极高风险
0.32,0.36,否,0.74,0.79,11.81,初级,无,无,17.3,25.67,0.02,是,否,0.56,配电箱,3.98,1,0.64,0.87,0.87,2,0.57,高风险
0.8,0.15,否,0.63,0.77,13.35,中级,无,无,22.95,12.13,0.22,是,是,0.91,深基坑,4.36,0.63,0.49,0.8,0.74,5,0.2,无风险
0.76,0.82,是,0.69,0.99,6.79,中级,≥2次,≥2次,15.01,18.28,0.04,是,是,0.6,深基坑,23.11,0.78,0.66,0.8,0.79,2,0.81,极高风险
0.8,0.13,否,0.6,0.91,30.48,初级,无,无,15.95,54.47,0.18,是,是,0.69,塔吊,30.23,1,0.62,0.85,0.93,3,0.82,无风险
0.37,0.09,否,0.64,0.73,1.45,高级,1次,无,18.89,23.87,0.26,是,是,0.62,塔吊,6.75,0.81,0,0.92,0.77,2,0.99,无风险
0.28,0.26,否,0.59,0.82,5.61,中级,无,1次,51.43,25.11,0.13,是,是,0.97,深基坑,4.16,1,0,0.7,0.82,2,0.76,无风险
0.76,0.56,否,0.78,0.77,2.49,无证,无,无,21.46,25.58,0.31,是,是,0.94,车辆,0.92,1,0.58,0.78,0.45,6,0.72,高风险
0.63,0.45,是,0.7,0.91,10.1,中级,1次,无,20.78,7.8,0.22,是,是,0.53,配电箱,14.98,0.52,0.37,0.8,0.48,0,0.59,极高风险
0.82,0.22,否,0.55,0.79,0.6,初级,无,1次,8.3,20.42,0.09,是,是,0.85,配电箱,15.59,1,0,0.86,0.75,4,0.67,无风险
0.79,0.13,否,0.72,0.81,0.44,高级,无,无,9.83,20.2,0.53,是,是,0.74,高支模,11.19,0.57,0,0.83,0.7,3,0.41,无风险
0.7,0.74,否,0.66,0.83,15.41,初级,1次,无,17.55,35.72,0.27,是,否,0.91,配电箱,23.81,0.85,0.35,0.89,0.38,3,0.47,极高风险
0.61,0.17,否,0.74,0.89,5.54,初级,无,1次,23.78,57.37,0.59,是,是,0.91,配电箱,0.53,1,0.39,0.75,0.89,1,0.4,低风险
0.77,0.33,否,0.75,0.74,17.09,中级,无,无,19.97,15.71,0.22,是,是,0.29,高支模,27.61,1,0.14,0.56,0.47,1,0.73,低风险
0.92,0.67,否,0.75,0.77,3.01,高级,无,无,11.3,37.53,0.05,是,是,0.9,高支模,13.09,1,0,0.88,0.22,2,0.85,无风险
0.33,0.16,否,0.68,0.84,3.91,初级,无,无,19.15,59.14,0.06,是,是,0.58,深基坑,10.2,0.69,0.21,0.87,0.68,2,0.74,低风险
0.69,0.37,否,0.86,0.81,9.34,初级,无,无,27.5,51.06,0.09,是,是,0.84,高支模,19.68,1,0,0.94,0.85,6,0.9,无风险
0.78,0.8,否,0.64,0.76,17.76,高级,1次,无,7.67,24.9,0.47,是,是,0.56,高支模,33.2,0.54,0.08,0.9,0.28,3,0.96,高风险
0.76,0.2,否,0.64,0.95,28.82,中级,无,无,21.99,19.11,0.25,是,是,0.74,塔吊,4.65,0.43,0,0.77,0.54,6,0.89,无风险
0.7,0.88,否,0.67,0.81,0.49,中级,无,无,26.48,26.73,0,是,是,0.52,深基坑,5.65,0.67,0.19,0.83,0.16,1,0.75,高风险
0.76,0.48,否,0.71,0.77,9.74,中级,无,无,10,23.65,0.01,是,是,0.52,塔吊,12.5,0.61,0.87,0.93,0.68,0,0.32,低风险
0.3,0.32,否,0.63,0.75,1.21,高级,1次,≥2次,10.51,35.32,0.68,是,是,0.6,车辆,82.52,1,0,0.84,0.85,3,0.12,极高风险
0.21,0.57,否,0.65,0.84,2.2,初级,无,无,29.51,61.85,0.37,是,是,0.59,车辆,23.21,0.67,0.38,0.82,0.6,3,0.45,极高风险
0.44,0.2,否,0.61,0.9,14.8,高级,无,无,20.97,24.93,0.01,是,是,0.59,塔吊,41.18,1,0.9,0.58,0.28,6,0.93,中风险
0.77,0.32,否,0.63,0.8,15.13,中级,无,无,22.62,16.87,0.28,是,是,0.62,深基坑,11.65,0.25,0.28,0.86,0.75,1,0.54,低风险
0.39,0.29,否,0.67,0.78,0.29,无证,无,无,11.47,40.35,0.16,是,是,0.59,深基坑,37.23,0.68,0,0.43,0.74,4,0.76,高风险
0.85,0.29,否,0.74,0.7,27.11,无证,1次,无,40.83,18.03,0.21,否,是,0.88,高支模,22.88,0.22,0.03,0.94,0.47,1,0.75,极高风险
0.96,0.4,否,0.84,0.78,11.14,中级,1次,无,21.41,17.66,0.2,是,是,0.47,深基坑,5.3,1,0,0.91,0.66,2,0.78,无风险
0.62,0.61,否,0.81,0.85,36.14,中级,无,无,14.25,21.06,0.5,是,是,0.27,配电箱,31.94,0.74,0.49,0.8,0.21,6,0.89,高风险
0.65,0.19,否,0.64,0.9,2.72,高级,无,1次,18.02,21.38,0.42,是,是,0.86,车辆,16.69,0.42,0.43,0.64,0.59,5,0.67,高风险
0.11,0.18,否,0.75,0.63,3.63,初级,无,≥2次,58.96,43.37,0.45,是,是,0.51,塔吊,47.36,0.53,0.12,0.68,0.56,1,0.37,极高风险
0.35,0.61,否,0.46,0.77,6.53,中级,1次,无,27.05,57.23,0.38,是,是,0.84,高支模,3.17,0.76,0,0.75,0.53,5,0.43,高风险
0.68,0.16,否,0.57,0.92,20.84,高级,1次,1次,13.46,24.47,0.3,是,是,0.95,高支模,8.44,0.64,0.31,0.48,0.94,1,0.6,无风险
0.38,0.14,否,0.62,0.9,16.23,中级,无,≥2次,9.28,9.46,0.61,是,是,0.74,深基坑,23.19,0.81,0.48,0.84,0.68,2,0.66,高风险
0.74,0.75,否,0.67,0.79,2.13,中级,无,1次,26.47,13.99,0.34,是,是,0.91,深基坑,21.45,0.64,0.06,0.79,0.75,3,0.88,低风险
0.85,0.28,否,0.85,0.69,1.88,高级,无,1次,8.92,25.94,0.47,是,是,0.84,深基坑,25.9,0.83,0.17,0.93,0.97,1,0.68,无风险
0.75,0.27,否,0.62,0.68,8.28,高级,无,1次,26.7,48.66,0.9,是,是,0.79,深基坑,1.88,0.28,0.3,0.83,0.39,1,0.42,高风险
0.63,0.31,否,0.61,0.67,6.95,中级,1次,1次,22.63,31.47,0.09,是,是,0.96,车辆,16.18,1,0.23,0.76,0.44,2,0.83,中风险
0.7,0.49,否,0.76,0.73,12.13,初级,无,1次,11.18,63.19,0.31,是,是,0.24,高支模,10,1,0,0.59,0.7,1,0.51,高风险
0.58,0.44,是,0.68,0.77,2.35,中级,≥2次,无,10.23,41.62,0.34,是,是,0.88,车辆,0.76,0.68,0.08,0.71,0.81,4,0.51,极高风险
0.52,0.43,否,0.6,0.79,9.38,初级,无,≥2次,31.41,35.23,0.32,是,是,0.68,深基坑,7.3,0.54,0.6,0.56,0.86,1,0.69,极高风险
0.63,0.19,否,0.51,0.82,5.05,高级,无,1次,40.3,47.53,0.1,是,是,0.95,配电箱,1.98,1,0.1,0.49,0.61,3,0.38,无风险
0.86,0.51,否,0.57,0.88,2.53,高级,无,无,22.62,83.49,0.02,是,是,0.96,配电箱,14.38,0.86,0.72,0.98,0.86,1,0.14,低风险
0.29,0.18,否,0.86,0.8,0.62,中级,无,无,26.32,19.06,0.14,是,是,0.24,深基坑,14.57,1,0.1,0.95,0.85,1,0.86,无风险
0.78,0.75,否,0.66,0.73,0.79,中级,无,无,50.47,41.96,0.39,是,是,0.77,深基坑,22.28,0.76,0.29,0.76,0.55,1,0.15,高风险
0.64,0.19,否,0.83,0.91,31.13,高级,无,无,12.1,50.37,0.43,是,是,0.97,车辆,1.8,0.45,0.14,0.71,0.68,5,0.35,无风险
0.79,0.17,否,0.61,0.91,1.91,中级,无,1次,45.6,13.59,0.16,是,是,0.33,塔吊,12.76,0.79,0.34,0.91,0.76,1,0.53,低风险
0.79,0.14,否,0.89,0.91,2.76,中级,无,无,41.03,39.16,0.16,是,是,0.56,配电箱,3.63,1,0,0.56,0.07,3,0.3,低风险
0.92,0.77,是,0.7,0.86,3.1,初级,无,1次,9.6,17.22,0.47,是,是,0.76,塔吊,3.92,1,0.04,0.69,0.64,4,0.64,极高风险
0.43,0.37,否,0.77,0.6,5.8,初级,无,无,32.84,18.46,0.4,是,是,0.84,配电箱,23.84,0.86,0.44,0.89,0.77,5,0.87,高风险
0.82,0.71,否,0.75,0.79,6.14,中级,无,1次,70.65,35.59,0.03,是,是,0.78,配电箱,0.01,0.38,0.17,0.67,0.75,2,0.63,无风险
0.67,0.81,否,0.6,0.77,2.36,中级,无,无,25.67,46.78,0.3,是,是,0.54,高支模,35.27,0.77,0.24,0.92,0.64,7,0.4,极高风险
0.79,0.43,否,0.93,0.93,8.5,初级,无,无,27.65,14.38,0.64,是,是,0.86,塔吊,15.76,0.61,0.51,0.73,0.44,3,0.49,中风险
0.51,0.24,否,0.64,0.87,2.73,中级,无,≥2次,15.16,49.17,0.05,是,是,0.49,深基坑,15.7,0.85,0.06,0.92,0.69,4,0.34,高风险
0.4,0.47,否,0.72,0.96,1.13,中级,无,无,14.79,18.15,0.67,是,否,0.69,高支模,2.84,1,0.3,0.79,0.79,1,0.71,高风险
0.62,0.46,否,0.72,0.55,1.03,无证,无,无,13.92,9.93,0.3,是,是,0.48,深基坑,0.48,1,0,0.61,0.47,1,0.08,极高风险
0.64,0.14,否,0.87,0.89,8.09,初级,1次,无,11.04,9.27,0.1,是,是,0.36,深基坑,2.22,0.83,0.72,0.77,0.36,2,0.36,中风险
0.81,0.2,否,0.69,0.77,16.89,中级,1次,无,13.42,15.53,0.28,是,是,0.78,配电箱,3.47,0.9,0.81,0.81,0.28,1,0.66,低风险
0.64,0.54,否,0.64,0.89,0.43,初级,无,1次,18.31,12.04,0.1,是,是,0.78,配电箱,9.31,0.33,0.76,0.73,0.11,2,0.48,极高风险
0.63,0.29,否,0.75,0.7,3.25,高级,无,无,12.79,31.58,0.19,是,是,0.34,高支模,77.87,0.78,0.06,0.78,0.81,3,0.39,中风险
0.78,0.7,否,0.75,0.78,3.7,中级,无,1次,12.27,13.1,0.2,否,是,0.89,高支模,0.27,0.74,0,0.77,0.74,3,0.65,高风险
0.38,0.22,否,0.6,0.73,2.31,中级,无,无,16.73,18.95,0.28,是,否,0.65,高支模,23.3,1,0,0.83,0.64,1,0.84,高风险
0.91,0.82,否,0.77,0.77,33.58,初级,无,1次,8.69,28.89,0,是,是,0.81,车辆,53.59,0.85,0.21,0.73,0.82,9,0.33,极高风险
0.37,0.22,否,0.62,0.78,7.88,中级,无,1次,23.08,42.35,0.31,是,是,0.17,塔吊,26.23,0.62,0.14,0.7,0.36,1,0.15,极高风险
0.73,0.56,否,0.62,0.68,2.06,高级,无,无,14.45,43.96,0.02,是,是,0.31,高支模,0.78,0.72,0.3,0.91,0.82,3,0.57,低风险
0.77,0.13,否,0.74,0.68,7.46,初级,无,无,15.83,12.03,0.58,是,是,0.06,塔吊,10.9,0.41,0.27,0.72,0.3,1,0.68,高风险
0.18,0.39,否,0.58,0.76,19.12,中级,无,1次,8.08,64.28,0.24,是,是,0.5,深基坑,1.51,0.25,0.24,0.83,0.29,1,0.58,极高风险
0.78,0.37,否,0.78,0.9,11.79,中级,无,无,52.44,28.38,0.08,是,是,0.75,配电箱,7.48,1,0.73,0.91,0.39,2,0.37,低风险
0.46,0.12,否,0.7,0.8,1.17,中级,无,1次,16.58,15.46,0.69,是,是,0.53,塔吊,14.44,1,0.18,0.74,0.33,3,0.82,中风险
0.86,0.29,否,0.68,0.76,14.14,初级,1次,无,19.2,44.84,0.07,是,是,0.37,车辆,15.71,0.42,0.45,0.75,0.79,0,0.84,高风险
0.61,0.13,否,0.76,0.61,1.27,中级,无,无,25.65,41.22,0.04,是,是,0.22,深基坑,3.08,0.52,0.55,0.83,0.3,3,0.83,中风险
0.83,0.76,否,0.8,0.7,16.28,中级,无,≥2次,30.06,19.7,0.03,是,是,0.44,高支模,18.93,0.69,0,0.84,0.81,9,0.73,高风险
0.88,0.22,否,0.74,0.87,12.67,中级,1次,1次,15.03,11.26,0.19,否,是,0.85,高支模,13.04,1,0.2,0.87,0.97,4,0.92,高风险
0.88,0.33,否,0.59,0.7,0.84,高级,无,无,47.5,75.93,0.65,是,是,0.56,塔吊,4.44,0.69,0.19,0.93,0.52,2,0.6,中风险
0.52,0.1,否,0.6,0.77,14.93,高级,1次,无,22.65,7.51,0.28,是,是,0.53,高支模,21.52,0.52,0.18,0.75,0.91,5,0.7,低风险
0.18,0.19,否,0.7,0.77,3.02,高级,无,无,39.39,36.41,0.53,是,是,0.58,高支模,4.11,0.63,0,0.77,0.83,3,0.46,高风险
0.58,0.32,否,0.66,0.81,6.77,中级,无,无,10.14,10.71,0.3,是,是,0.35,配电箱,18.17,1,0.54,0.87,0.64,1,0.68,中风险
0.41,0.79,否,0.79,0.69,2.14,初级,≥2次,无,10.48,40.37,0.3,是,是,0.6,塔吊,14.18,0.87,0.43,0.9,0.36,1,0.51,极高风险
0.92,0.85,否,0.71,0.93,36.86,中级,1次,无,18.72,46.15,0.23,是,是,0.25,高支模,27.34,0.64,0.35,0.53,0.22,2,0.81,极高风险
0.42,0.2,否,0.73,0.68,1.94,高级,无,无,13.13,66.29,0.06,是,是,0.55,塔吊,21.03,0.57,0,0.86,0.7,1,0.69,无风险
0.6,0.41,否,0.76,0.7,2.18,高级,无,无,32.96,27.66,0.11,是,是,0.51,深基坑,18.08,1,0.55,0.69,0.61,2,0.59,低风险
0.87,0.45,否,0.66,0.66,2.17,初级,无,1次,12.38,35.9,0.32,是,是,0.18,高支模,28.28,0.54,0.17,0.99,0.9,0,0.31,极高风险
0.28,0.19,否,0.82,0.74,8.29,高级,1次,无,31.22,15.51,0.4,是,是,0.88,塔吊,24.07,0.69,0.26,0.89,0.1,2,0.96,低风险
0.77,0.25,否,0.7,0.72,8.57,中级,无,无,46.18,32.88,0.43,是,是,0.86,车辆,27.45,0.93,0.26,0.74,0.42,3,0.67,中风险
0.81,0.31,否,0.59,0.88,4.49,中级,1次,无,33.8,17.9,0.1,是,是,0.82,高支模,15.81,0.94,0,0.7,0.4,3,0.91,无风险
0.36,0.37,否,0.72,0.82,4.87,高级,无,无,12.74,44.56,0.01,是,否,0.41,塔吊,14.69,0.58,0,0.99,0.42,4,0.48,高风险
0.77,0.41,否,0.73,0.9,15.43,中级,1次,≥2次,12.13,9.78,0.15,是,是,0.14,塔吊,1.6,0.48,0.39,0.89,0.66,2,0.86,高风险
0.2,0.11,否,0.59,0.69,0.27,初级,无,1次,14.88,63.21,0.3,是,是,0.75,深基坑,4.87,1,0.53,0.82,0.67,4,0.56,高风险
0.33,0.23,否,0.79,0.98,2.66,高级,无,无,20.08,53.61,0.44,是,是,0.43,配电箱,5.16,0.43,0.05,0.9,0.72,8,0.32,高风险
0.84,0.22,否,0.74,0.73,16.25,高级,无,1次,14.62,51.03,0.1,是,是,0.9,车辆,23.81,0.23,0.14,0.93,0.13,2,0.86,低风险
0.04,0.38,否,0.66,0.83,11.01,初级,无,无,38.97,16.77,0.15,是,是,0.86,深基坑,0.36,0.54,0.26,0.97,0.7,7,0.49,高风险
0.78,0.18,否,0.5,0.51,4.95,中级,无,无,22.92,68.84,0.07,是,是,0.69,高支模,2.92,1,0,0.94,0.83,1,0.84,高风险
0.4,0.2,否,0.6,0.87,7.61,初级,无,无,32.36,60.63,0.08,是,是,0.42,塔吊,40.27,1,0.5,0.79,0.53,1,0.43,高风险
0.9,0.53,否,0.68,0.96,31.48,中级,1次,无,47.21,12.9,0.04,是,是,0.89,车辆,23.47,1,0.06,0.9,0.48,4,0.88,无风险
0.9,0.3,否,0.69,0.79,0.18,无证,无,1次,13.61,32.95,0.54,是,是,0.56,塔吊,47.26,0.39,0,0.71,0.9,2,0.43,高风险
0.56,0.89,否,0.86,0.9,0.38,中级,无,1次,19.29,37.98,0.07,是,是,0.77,塔吊,10.19,0.5,0.27,0.85,0.82,2,0.55,高风险
0.73,0.43,否,0.68,0.69,20.55,初级,1次,无,17.61,20.03,0.84,是,是,0.46,高支模,54.65,0.33,0.23,0.86,0.49,3,0.26,极高风险
0.44,0.07,否,0.57,0.83,0.66,高级,无,无,31.37,37.89,0.55,是,是,0.27,高支模,0.27,0.72,0.08,0.81,0.69,1,0.57,低风险
0.29,0.15,否,0.72,0.85,2.77,高级,1次,1次,10.68,66.48,0.12,是,是,0.65,塔吊,40.32,1,0.11,0.68,0.73,6,0.64,高风险
0.38,0.27,否,0.56,0.6,2.55,无证,无,无,10.96,43.4,0.34,是,是,0.71,车辆,15.59,1,0.38,0.79,0.84,3,0.62,极高风险
0.48,0.48,否,0.8,0.77,3.62,初级,无,无,39.41,26.42,0.15,是,是,0.86,配电箱,16.1,0.55,0.25,0.85,0.67,4,0.44,中风险
0.84,0.23,否,0.59,0.87,3.43,初级,无,无,40.5,38.03,0.69,是,是,0.99,车辆,22.62,0.91,0.31,0.81,0.17,1,0.43,高风险
0.62,0.14,否,0.9,0.76,2.2,高级,无,≥2次,6.41,47.81,0.36,是,是,0.84,车辆,27.09,0.04,0,0.97,0.61,2,0.68,高风险
0.75,0.59,否,0.6,0.96,13.87,中级,1次,无,20.18,29.65,0.59,是,是,0.77,塔吊,14.69,0.47,0.06,0.82,0.45,1,0.09,高风险
0.72,0.23,否,0.7,0.9,13.03,中级,无,无,19.03,19.26,0.17,是,是,0.86,配电箱,25.63,1,0.16,0.91,0.56,3,0.28,无风险
0.25,0.53,否,0.69,0.71,13.98,中级,无,无,16.75,21.99,0.49,是,是,0.68,高支模,10.45,0.93,0.22,0.95,0.67,1,0.54,低风险
0.61,0.15,否,0.57,0.77,5.36,高级,1次,无,7.05,35.29,0.34,是,是,0.84,配电箱,13.66,0.65,0.42,0.83,0.71,4,0.79,中风险
0.66,0.12,否,0.79,0.84,9.86,初级,1次,无,9.52,21.74,0.04,是,是,0.65,高支模,1.96,1,0,0.89,0.41,4,0.45,无风险
0.31,0.37,否,0.82,0.93,4.96,中级,无,1次,21.61,18.04,0.12,是,是,0.88,深基坑,12.31,0.66,0.05,0.97,0.82,5,0.44,无风险
0.89,0.53,否,0.61,0.79,10.77,中级,无,无,38.88,19.6,0.33,是,是,0.93,塔吊,2.99,0.71,0.41,0.88,0.78,0,0.09,高风险
0.15,0.13,否,0.61,0.82,6.59,高级,无,无,22.58,43.19,0.19,是,是,0.71,配电箱,20.39,0.61,0.56,0.81,0.6,3,0.52,高风险
0.73,0.34,否,0.63,0.52,5.82,初级,无,1次,16.67,31.78,0.35,是,是,0.56,高支模,3.22,0.69,0.33,0.89,0.82,1,0.3,高风险
0.68,0.47,否,0.66,0.63,3.01,中级,无,无,16.85,38.59,0.15,是,是,0.74,高支模,4.01,0.73,0.32,0.9,0.69,3,0.81,低风险
0.71,0.37,否,0.63,0.78,9.49,初级,无,1次,11.93,19.14,0.29,是,是,0.61,高支模,13.09,0.64,0,0.54,0.65,3,0.91,中风险
0.67,0.22,否,0.73,0.94,14.18,中级,无,无,17.48,31.77,0.33,是,是,0.82,深基坑,31.81,1,0.44,0.94,0.55,2,0.92,低风险
0.67,0.33,否,0.6,0.85,2.16,中级,无,无,22.84,57.54,0.08,是,是,0.72,配电箱,15.37,0.97,0.2,0.79,0.61,4,0.63,中风险
0.17,0.41,否,0.75,0.77,6.04,初级,无,≥2次,23.01,52.26,0.17,是,是,0.5,车辆,1.73,0.54,0.37,0.96,0.89,3,0.65,极高风险
0.63,0.17,否,0.7,0.87,0.01,无证,无,无,19.6,27.73,0.31,否,是,0.86,深基坑,20.01,0.8,0.35,0.73,0.63,1,0.07,极高风险
0.45,0.07,否,0.77,0.75,1.85,中级,无,≥2次,18.59,28.52,0.22,是,是,0.2,塔吊,16.51,0.44,0.5,0.92,0.76,2,0.92,高风险
0.36,0.5,否,0.6,0.59,7.47,无证,无,1次,21.47,54.56,0.19,是,是,0.53,深基坑,0.99,0.96,0.54,0.43,0.14,2,0.78,极高风险
0.73,0.27,否,0.58,0.86,11.83,中级,无,无,36.56,31.3,0.38,是,是,0.9,车辆,0.55,0.69,0.4,0.81,0.57,1,0.58,无风险
0.85,0.37,否,0.77,0.58,35.14,中级,1次,无,20,58.91,0.1,是,是,0.27,深基坑,61.98,0.46,0.14,0.52,0.89,1,0.87,高风险
0.78,0.25,否,0.75,0.77,7.19,中级,无,1次,14.21,23.55,0.54,是,是,0.15,配电箱,11.97,1,0.49,0.51,0.5,2,0.58,极高风险
0.17,0.29,否,0.63,0.74,2.49,高级,1次,1次,16.92,64.92,0.41,是,是,0.47,配电箱,19.9,1,0.25,0.8,0.42,4,0.63,极高风险
0.72,0.23,否,0.71,0.85,7.81,中级,无,无,13,71.24,0.01,是,是,0.55,高支模,4,0.38,0,0.56,0.34,1,0.89,低风险
0.9,0.22,否,0.53,0.71,30.61,中级,无,无,28.58,46.37,0.25,是,是,0.7,塔吊,41.85,0.25,0,0.86,0.69,0,0.71,无风险
0.27,0.26,否,0.61,0.82,3.37,中级,1次,无,21.85,11.47,0.59,是,是,0.24,配电箱,5.58,0.91,0,0.86,0.53,1,0.53,高风险
0.93,0.21,否,0.72,0.82,7.08,高级,无,无,37.29,48.5,0.08,是,是,0.24,高支模,1.64,1,0.33,0.7,0.32,2,0.53,无风险
0.91,0.19,否,0.75,0.85,0.32,初级,无,1次,27.88,45.74,0.37,是,是,0.72,配电箱,47.36,0.64,0.02,0.8,0.39,1,0.47,高风险
0.49,0.31,否,0.72,0.81,12.03,初级,无,≥2次,12.95,10.18,0.09,是,是,0.04,车辆,6.76,0.48,0,0.95,0.73,7,0.47,高风险
0.67,0.15,否,0.75,0.72,17.63,高级,无,≥2次,14.69,13.37,0.27,是,否,0.05,高支模,1.72,0.48,0.29,0.81,0.8,0,0.6,极高风险
0.66,0.2,否,0.69,0.86,12.88,中级,无,无,16.41,23.58,0.48,是,是,0.9,高支模,18.98,0.69,0.36,0.62,0.27,1,0.49,中风险
0.52,0.09,否,0.64,0.89,2.31,高级,无,无,18.71,8.11,0.25,是,是,0.73,高支模,11.7,0.7,0.38,0.84,0.42,2,0.54,无风险
0.57,0.19,否,0.65,0.87,15.69,中级,无,无,8.34,37.96,0.53,是,是,0.91,塔吊,20.84,1,0,0.91,0.37,1,0.68,无风险
0.37,0.31,否,0.74,0.92,11.85,中级,无,1次,24.56,35.09,0.36,是,是,0.83,配电箱,20.26,0.7,0,0.51,0.46,1,0.52,中风险
0.78,0.25,否,0.8,0.71,8.41,初级,无,无,24.69,26.22,0.01,是,否,0.54,深基坑,13.22,0.45,0.2,0.62,0.69,4,0.53,高风险
0.75,0.06,否,0.7,0.66,5.74,高级,无,无,8.29,51.46,0.08,是,是,0.47,塔吊,1.04,0.82,0.22,0.78,0.58,3,0.63,无风险
0.51,0.12,否,0.8,0.7,28.58,中级,1次,1次,22.51,50.55,0.12,是,是,0.71,车辆,15.37,0.69,0,0.85,0.8,2,0.27,低风险
0.65,0.32,否,0.87,0.84,5.1,初级,1次,1次,26.43,11.37,0.32,是,否,0.67,塔吊,29.54,0.64,0.28,0.88,0.83,1,0.64,极高风险
0.32,0.08,否,0.56,0.88,2.47,中级,无,无,14.15,22.75,0.1,是,是,0.76,车辆,24.22,0.89,0.79,0.82,0.59,1,0.7,中风险
0.59,0.64,否,0.7,0.82,7.05,无证,无,无,26.05,66.14,0.05,是,是,0.92,配电箱,61.77,1,0,0.96,0.35,1,0.87,高风险
0.66,0.27,否,0.8,0.94,26.1,高级,1次,无,19.02,13.42,0.05,是,是,0.88,塔吊,3.24,0.37,0.09,0.79,0.75,1,0.64,无风险
0.31,0.08,否,0.76,0.85,0.08,初级,无,1次,11.55,24.94,0.09,是,是,0.9,深基坑,15.53,0.82,0,0.85,0.58,5,0.57,低风险
0.89,0.23,否,0.74,0.87,6.71,初级,无,无,17.73,80.05,0.34,是,是,0.06,配电箱,27.76,0.8,0.2,0.82,0.82,3,0.58,高风险
0.31,0.18,否,0.78,0.77,0.77,中级,无,无,41.46,11.31,0.09,是,是,0.91,高支模,17.42,0.71,0,0.9,0.73,1,0.45,无风险
0.44,0.22,否,0.74,0.84,1.72,中级,无,1次,17.95,8.79,0.5,是,是,0.6,深基坑,59.8,0.53,0.21,0.92,0.86,2,0.7,中风险
0.69,0.95,否,0.75,0.83,4.65,初级,1次,无,17.23,27.09,0.08,是,是,0.6,车辆,16.83,1,0.19,0.81,0.59,6,0.53,极高风险
0.57,0.81,否,0.84,0.89,5.12,中级,无,无,5.55,29.27,0.06,是,是,0.85,车辆,20.41,1,0.2,0.95,0.56,2,0.17,高风险
0.53,0.24,否,0.6,0.95,13.14,中级,无,1次,11.63,17.88,0.3,是,是,0.89,深基坑,20.47,0.88,0.34,0.89,0.76,1,0.8,无风险
0.62,0.2,否,0.77,0.99,5.49,初级,无,无,14.9,13.9,0.21,是,是,0.54,高支模,49.46,0.48,0.59,0.89,0.3,1,0.37,高风险
0.8,0.1,否,0.65,0.99,26.27,中级,无,无,27.6,25.02,0.01,是,是,0.17,深基坑,17.12,0.63,0.47,0.94,0.45,1,0.7,高风险
0.38,0.61,否,0.55,0.98,9.44,中级,无,≥2次,3.48,25.34,0.12,是,是,0.56,配电箱,7.37,0.79,0,0.82,0.46,3,0.88,极高风险
0.26,0.08,否,0.61,0.68,7.9,无证,无,无,20.83,71.91,0.32,否,是,0.59,配电箱,15.37,0.88,0.63,0.91,0.62,1,0.3,极高风险
0.78,0.6,否,0.7,0.95,0.66,高级,无,1次,28.22,40.86,0.26,是,是,0.45,塔吊,55.74,0.56,0.08,0.79,0.37,4,0.73,高风险
0.56,0.36,否,0.63,0.81,11.4,中级,无,无,79.9,85.63,0.03,是,是,0.78,塔吊,44.71,1,0,0.73,0.68,3,0.49,无风险
0.8,0.27,否,0.74,0.83,1.69,中级,无,≥2次,13.99,14.92,0.29,是,是,0.72,深基坑,0.7,1,0.61,0.91,0.68,1,0.54,低风险
0.9,0.34,否,0.83,0.77,5.81,初级,无,无,14.67,14.01,0.08,是,是,0.87,配电箱,17.95,1,0.4,0.75,0.63,3,0.49,无风险
0.45,0.3,否,0.61,0.78,5.21,高级,无,1次,19.32,55.03,0.33,是,是,0.53,塔吊,3.87,0.41,0.15,0.97,0.71,6,0.51,高风险
0.38,0.33,否,0.69,0.73,5.17,中级,无,无,36.11,34.66,0.24,是,是,0.67,车辆,4.47,0.71,0.21,0.87,0.93,5,0.84,低风险
0.8,0.18,否,0.76,0.77,36.1,高级,无,1次,28.15,18.59,0.5,是,是,0.92,高支模,26.92,0.16,0.69,0.86,0.72,1,0.52,低风险
0.81,0.29,否,0.76,0.83,6.92,初级,1次,无,36.71,12.61,0.59,是,是,0.82,车辆,20.63,0.95,0.18,0.89,0.64,4,0.78,中风险
0.6,0.17,否,0.7,0.67,16.65,初级,无,1次,21.67,34.95,0.07,是,是,0.59,深基坑,72.95,0.94,0.5,0.85,0.54,4,0.85,高风险
0.89,0.16,否,0.65,0.78,13.25,中级,无,无,27.27,32.61,0.42,是,是,0.88,塔吊,1.47,0.23,0.33,0.59,0.69,1,0.77,无风险
0.86,0.25,是,0.63,0.65,12.45,中级,无,1次,24.72,40.02,0.62,是,是,0.8,深基坑,18.58,0.82,0.38,0.71,0.29,5,0.32,极高风险
0.69,0.19,否,0.65,0.93,11.38,中级,无,无,8.36,51.72,0.11,是,是,0.78,塔吊,7.72,0.46,0.04,0.93,0.84,1,0.85,无风险
0.49,0.11,否,0.8,0.71,1.13,初级,无,无,14.54,12.34,0.13,是,是,0.25,车辆,12.57,0.43,0,0.84,0.43,2,0.84,中风险
0.66,0.22,否,0.73,0.67,11.17,高级,无,1次,12.82,21.94,0.2,是,是,0.71,高支模,25.58,0.65,0.34,0.81,0.48,2,0.87,低风险
0.7,0.23,否,0.66,0.91,0.44,中级,无,1次,7.46,61.28,0.05,是,是,0.85,高支模,0.74,0.54,0.04,0.88,0.8,3,0.59,无风险
0.94,0.98,否,0.64,0.84,19.1,中级,无,无,42.94,40.53,0.43,是,是,0.79,配电箱,7.16,0.74,0.18,0.78,0.57,1,0.62,高风险
0.67,0.41,是,0.72,0.53,27.57,中级,无,无,14.32,11.48,0.37,是,是,0.8,高支模,1.51,1,0.68,0.92,0.5,2,0.85,极高风险
0.25,0.21,否,0.68,0.88,26.38,中级,1次,1次,15.92,25.34,0.15,是,是,0.55,配电箱,14.56,0.73,0.45,0.96,0.18,5,0.89,高风险
0.37,0.18,否,0.67,0.77,17.67,高级,1次,无,11.71,13.17,0.03,是,是,0.38,高支模,14.08,1,0.3,0.74,0.45,2,0.84,无风险
0.82,0.54,否,0.75,0.91,7.25,高级,无,1次,20.05,41.94,0.29,是,是,0.95,高支模,1.37,0.02,0.21,0.67,0.58,1,0.74,低风险
0.43,0.18,否,0.7,0.78,6.91,初级,1次,1次,14.5,33.79,0.26,是,是,0.4,配电箱,21.31,0.55,0.14,0.83,0.92,4,0.56,极高风险
0.76,0.29,否,0.81,0.84,29.87,无证,无,无,39.48,20.96,0.04,是,是,0.82,高支模,25.08,0.96,0.29,0.9,0.15,5,0.64,高风险
0.72,0.54,否,0.65,0.92,6.91,中级,无,无,21.57,50.14,0.16,是,是,0.71,塔吊,14.45,0.83,0.67,0.79,0.4,3,0.59,中风险
0.82,0.12,否,0.7,0.84,11.35,高级,无,无,18.8,30.36,0.22,是,是,0.81,配电箱,14.16,1,0.2,0.85,0.7,1,0.49,无风险
0.47,0.83,否,0.63,0.69,3.12,初级,无,1次,21.94,35.63,0.36,否,是,0.64,配电箱,30.25,0.65,0,0.55,0.49,0,0.64,极高风险
0.76,0.09,否,0.77,0.81,7.32,中级,1次,无,35.22,11.11,0.07,是,否,0.87,配电箱,15.79,1,0.42,0.91,0.71,7,0.68,高风险
0.61,0.17,否,0.72,0.87,21.29,初级,无,无,27.25,20.14,0.14,否,是,0.64,塔吊,11.48,1,0.4,0.82,0.3,2,0.84,高风险
0.79,0.38,否,0.75,0.77,2.11,中级,无,无,24.49,21.5,0.08,是,是,0.79,深基坑,23.67,0.53,0.14,0.86,0.74,3,0.77,无风险
0.71,0.13,否,0.71,0.78,27.97,初级,无,无,36.4,42.61,0.35,是,是,0.9,配电箱,10.11,0.31,0.22,0.83,0.6,3,0.64,低风险
0.7,0.39,否,0.58,0.88,6.3,中级,无,无,13.67,24.61,0.07,是,是,0.92,配电箱,37.44,0.86,0,0.89,0.64,1,0.87,无风险
0.86,0.21,否,0.68,0.83,1.92,中级,无,1次,21.55,10.3,0.44,是,是,0.26,车辆,85.34,0.56,0.29,0.56,0.61,2,0.68,高风险
0.23,0.47,否,0.54,0.92,0.04,中级,无,无,12.42,14.75,0.33,是,是,0.08,配电箱,0.05,0.84,0.28,0.57,0.39,3,0.38,高风险
0.58,0.27,否,0.74,0.73,7.42,中级,无,无,11.68,27.69,0.23,是,是,0.19,深基坑,17.2,0.7,0,0.85,0.58,1,0.9,高风险
0.68,0.31,否,0.53,0.62,7.95,初级,无,1次,30.68,35.59,0.03,是,是,0.91,塔吊,4.37,0.97,0.22,0.6,0.6,2,0.51,低风险
0.62,0.47,否,0.71,0.71,8.99,高级,无,无,16.26,20.53,0.68,是,否,0.85,配电箱,15.62,1,0.47,0.86,0.7,0,0.73,高风险
0.5,0.3,否,0.58,0.51,7.38,高级,无,无,31.7,23.96,0.01,是,是,0.95,车辆,21.09,0.95,0,0.78,0.31,2,0.65,高风险
0.86,0.4,否,0.65,0.72,4.97,初级,无,1次,35.46,26.28,0.45,是,是,0.27,塔吊,18.76,0.34,0.13,0.71,0.48,1,0.64,极高风险
0.75,0.19,否,0.8,0.6,2.08,初级,无,无,13.15,26.02,0.13,是,是,0.61,车辆,1.49,0.75,0.77,0.8,0.46,2,0.85,高风险
0.09,0.21,否,0.43,0.83,16.94,高级,无,无,7.48,46.09,0.06,是,是,0.34,塔吊,10.16,0.69,0.38,0.95,0.78,2,0.71,高风险
0.78,0.15,否,0.68,0.78,3.71,高级,无,无,17.91,47.29,0.42,是,是,0.78,车辆,13.17,0.47,0.66,0.77,0.75,3,0.57,中风险
0.74,0.52,否,0.72,0.71,4.53,初级,≥2次,无,9.17,64.88,0.13,是,是,0.31,高支模,0.07,0.63,0.53,0.86,0.5,4,0.5,极高风险
0.71,0.23,否,0.76,0.93,7.69,初级,无,无,30.74,46.67,0.1,是,是,0.94,车辆,22.17,0.04,0.47,0.6,0.05,3,0.54,极高风险
0.76,0.5,否,0.76,0.83,13.04,中级,无,无,19.97,41.51,0.23,是,是,0.15,车辆,13.46,0.23,0,0.66,0.92,1,0.27,高风险
0.59,0.31,否,0.71,0.77,9,初级,无,无,38.91,24.19,0.27,是,是,0.99,车辆,88.92,0.9,0,0.71,0.61,2,0.6,无风险
0.76,0.57,否,0.75,0.68,14.26,无证,1次,1次,28.45,25.43,0.15,是,是,0.44,车辆,94.99,0.1,0,0.86,0.76,7,0.37,极高风险
0.28,0.17,否,0.63,0.83,0.26,中级,无,1次,32.91,18.38,0.08,是,是,0.64,深基坑,0.06,0.47,0.32,0.66,0.88,2,0.84,无风险
0.65,0.36,否,0.79,0.73,1.97,中级,无,无,29.06,24.68,0.61,是,是,0.63,深基坑,29.46,0.15,0.17,0.85,0.76,1,0.44,高风险
0.77,0.88,否,0.71,0.84,21.31,初级,无,1次,29.48,49.25,0.03,是,否,0.65,车辆,0.96,0.9,0,0.94,0.32,2,0.64,极高风险
0.78,0.79,否,0.7,0.87,2.03,中级,无,无,19.76,28.28,0.5,是,是,0.83,配电箱,27.04,0.08,0,0.94,0.87,6,0.72,中风险
0.45,0.52,否,0.83,0.85,13.2,初级,无,无,27.55,13.61,0.06,是,是,0.83,高支模,18.12,1,0.14,0.72,0.79,3,0.74,无风险
0.72,0.81,是,0.86,0.82,0.76,中级,1次,1次,27.92,24.7,0.31,是,是,0.87,配电箱,20.81,0.48,0,0.91,0.89,2,0.36,极高风险
0.42,0.76,否,0.64,0.77,22.45,中级,无,无,13.21,19.57,0.14,是,是,0.52,深基坑,25.9,0.35,0.63,0.96,0.93,0,0.47,中风险
0.91,0.17,否,0.81,0.7,1.19,高级,无,无,19.5,77.59,0.03,是,否,0.29,深基坑,0.01,0.89,0,0.87,0.54,1,0.41,高风险
0.45,0.18,否,0.62,0.72,0.48,中级,1次,无,12.64,12.04,0.11,否,是,0.07,高支模,22.06,0.75,0,0.7,0.7,1,0.25,极高风险
0.93,0.26,否,0.8,0.76,3.41,初级,无,1次,9.95,11.11,0.16,是,是,0.62,深基坑,14.14,0.11,0.54,0.73,0.19,3,0.47,极高风险
0.78,0.31,否,0.83,0.7,12.48,初级,1次,无,11.13,30.85,0.06,是,是,0.3,配电箱,2.94,0.44,0,0.7,0.14,3,0.7,中风险
0.45,0.23,否,0.72,0.83,16.91,高级,无,1次,22.02,49.2,0.12,是,是,0.19,深基坑,26.84,0.44,0.35,0.88,0.76,2,0.09,极高风险
0.84,0.39,否,0.72,0.7,39.87,中级,无,≥2次,19.93,35.35,0.5,是,是,0.79,塔吊,55.87,0.33,0.47,0.58,0.47,3,0.51,极高风险
0.64,0.21,否,0.84,0.99,3.22,无证,无,无,20.62,43.8,0.16,是,是,0.89,车辆,13.09,0.59,0.56,0.84,0.43,1,0.31,高风险
0.37,0.58,否,0.63,0.79,12.22,高级,无,1次,28.69,43.25,0.35,是,是,0.93,车辆,22.61,1,0.47,0.98,0.82,6,0.46,高风险
0.92,0.38,否,0.7,0.83,0.51,中级,≥2次,无,16.86,42.09,0.21,是,是,0.72,配电箱,23.26,0.28,0.45,0.77,0.43,3,0.34,极高风险
0.52,0.19,否,0.79,0.71,30.29,中级,无,无,17.11,80.45,0.03,是,否,0.9,配电箱,24.86,1,0.81,0.96,0.28,6,0.9,高风险
0.49,0.29,否,0.78,0.67,7.48,中级,无,无,24.29,40.67,0.15,是,是,0.83,车辆,39.37,0.61,0.3,0.99,0.11,4,0.24,高风险
0.62,0.48,是,0.73,0.76,5.82,初级,1次,无,21.41,63.37,0,是,是,0.48,塔吊,1.63,0.7,0,0.76,0.67,3,0.59,极高风险
0.48,0.32,否,0.72,0.83,36.97,无证,无,无,22.77,27.48,0.27,是,是,0.91,配电箱,24.56,0.88,0,0.87,0.55,2,0.6,高风险
0.41,0.1,否,0.47,0.95,2.08,初级,1次,无,18.87,29.32,0.16,是,是,0.96,车辆,25.36,0.69,0.32,0.69,0.69,1,0.92,中风险
0.94,0.6,否,0.84,0.87,2.77,中级,1次,无,19.92,13.84,0.31,是,是,0.19,深基坑,8.73,0.6,0.05,0.76,0.93,1,0.54,高风险
0.32,0.19,否,0.58,0.77,1.65,中级,1次,1次,21.66,23.62,0.24,是,是,0.24,配电箱,3.41,0.35,0.16,0.99,0.77,2,0.72,高风险
0.46,0.38,否,0.78,0.75,0.59,初级,无,1次,42.44,42.57,0.33,是,是,0.36,车辆,9.4,0.51,0,0.74,0.64,3,0.85,高风险
0.49,0.6,否,0.8,0.75,12.91,初级,无,≥2次,24.29,38.22,0.22,是,是,0.83,高支模,17,0.4,0.36,0.69,0.45,2,0.81,极高风险
0.56,0.16,否,0.5,0.69,5.78,中级,无,1次,15.45,14.98,0.12,是,是,0.69,高支模,5.99,0.83,0.13,0.77,0.34,1,0.42,低风险
0.72,0.46,否,0.9,0.94,19.55,中级,1次,1次,17.69,25.2,0.07,是,是,0.73,车辆,15.06,0.68,0.69,0.77,0.84,0,0.45,中风险
0.16,0.29,否,0.68,0.73,12.07,中级,1次,1次,31.12,22.99,0.37,是,是,0.88,配电箱,2.1,0.45,0.21,0.84,0.92,5,0.57,高风险
0.74,0.49,否,0.55,0.76,2.38,中级,1次,1次,11.2,32.55,0.26,是,是,0.64,配电箱,1.09,1,0.3,0.95,0.35,2,0.59,中风险
0.65,0.3,否,0.78,0.84,2.24,高级,无,无,12.98,18.7,0.13,是,是,0.3,塔吊,22.53,0.07,0.25,0.88,0.73,3,0.57,中风险
0.76,0.27,否,0.62,0.69,2.99,初级,无,无,33.5,31.13,0.05,是,是,0.69,车辆,3.97,0.49,0.67,0.59,0.22,4,0.61,高风险
0.31,0.2,否,0.76,0.99,15.66,高级,无,1次,23.67,12.89,0.37,是,是,0.79,配电箱,22.75,1,0,0.96,0.8,3,0.68,无风险
0.38,0.33,否,0.67,0.72,4.85,高级,无,无,45.25,26.94,0.03,是,是,0.67,高支模,0.3,0.95,0.03,0.97,0.57,3,0.47,无风险
0.3,0.25,否,0.83,0.64,12.5,中级,无,无,15,23.3,0.37,是,是,0.17,深基坑,0.19,0.19,0,0.89,0.72,7,0.68,高风险
0.79,0.31,否,0.57,0.93,3.31,高级,无,≥2次,36.09,73.85,0.16,是,是,0.32,深基坑,3.5,0.68,0.53,0.91,0.52,4,0.83,高风险
0.37,0.42,否,0.73,0.56,0.95,高级,≥2次,1次,9.16,60.66,0.22,是,是,0.13,高支模,10.62,0.5,0.1,0.95,0.94,0,0.55,极高风险
0.34,0.28,否,0.6,0.81,0.47,中级,无,≥2次,19.26,98.34,0.3,是,是,0.6,高支模,20,0.53,0,0.91,0.94,2,0.39,极高风险
0.74,0.21,否,0.58,0.82,7.5,中级,1次,无,2.81,59.87,0.03,是,是,0.69,深基坑,8.7,1,0.65,0.88,0.71,2,0.63,中风险
0.16,0.19,否,0.8,0.76,21.7,中级,1次,无,29.36,45.67,0.46,是,是,0.84,配电箱,48.11,1,0.02,0.67,0.76,1,0.63,高风险
0.47,0.23,否,0.63,0.72,8.92,初级,无,1次,20.07,30.43,0.24,是,是,0.55,高支模,3.32,0.75,0.11,0.76,0.71,3,0.21,中风险
0.52,0.18,否,0.72,0.66,3.38,高级,无,无,27.48,35.17,0.05,是,是,0.41,配电箱,15.43,0.36,0.21,0.94,0.72,1,0.47,低风险
0.68,0.29,否,0.67,0.72,0.08,初级,无,1次,17.24,39.54,0.14,是,是,0.79,塔吊,9.89,0.78,0.51,0.97,0.65,6,0.77,高风险
0.9,0.7,否,0.63,0.88,8.51,中级,无,≥2次,26.21,27.68,0.8,是,是,0.78,塔吊,65.73,1,0,0.77,0.37,1,0.64,极高风险
0.22,0.23,否,0.7,0.69,27.51,初级,1次,无,14.62,82.99,0,是,是,0.81,车辆,9.21,0.68,0.21,0.79,0.47,7,0.67,高风险
0.51,0.42,否,0.68,0.94,5.79,高级,无,无,24.83,59.16,0.14,是,是,0.24,高支模,1,0.18,0.06,0.95,0.62,2,0.75,低风险
0.49,0.34,否,0.65,0.82,14.18,中级,无,无,22.18,67.88,0.02,是,是,0.46,塔吊,4.81,0.71,0.72,0.76,0.84,5,0.67,中风险
0.61,0.17,否,0.85,0.7,10.6,初级,无,无,51.49,20.28,0.28,是,否,0.62,配电箱,20.05,1,0,0.8,0.92,5,0.42,高风险
0.81,0.24,否,0.7,0.83,14.72,高级,无,1次,14.81,25.66,0.38,是,是,0.54,车辆,18.33,0.63,0.43,0.92,0.1,2,0.39,高风险
0.88,0.45,否,0.68,0.77,5.46,无证,无,1次,9.95,66.96,0.41,是,是,0.19,塔吊,10.04,0.85,0.22,0.67,0.35,4,0.84,极高风险
0.81,0.5,是,0.86,0.99,4.53,中级,无,1次,9.43,13.63,0.38,是,是,0.86,配电箱,38.94,0.88,0.23,0.89,0.62,2,0.57,高风险
0.71,0.21,否,0.71,0.86,12.92,中级,无,无,24.19,30.11,0.12,是,是,0.71,车辆,27.82,0.69,0.49,0.75,0.8,2,0.7,低风险
0.39,0.09,否,0.7,0.7,1.59,中级,无,无,20.96,12.84,0.06,是,是,0.32,配电箱,18.85,1,0,0.68,0.46,1,0.4,低风险
0.72,0.23,否,0.64,0.9,5.79,高级,无,1次,16.73,26.81,0.16,是,是,0.68,车辆,25.98,1,0.34,0.84,0.51,3,0.61,低风险
0.7,0.71,否,0.87,0.83,15.36,中级,1次,1次,13,22.39,0.31,是,是,0.35,塔吊,2.83,0.85,0.49,0.55,0.63,2,0.82,高风险
0.37,0.35,否,0.88,0.73,8.04,中级,无,无,22.23,8.97,0.41,是,是,0.57,配电箱,8.8,0.52,0,0.87,0.67,4,0.66,低风险
0.55,0.55,否,0.76,0.77,33.75,中级,1次,无,45.63,26.29,0.2,是,是,0.57,配电箱,45.54,0.69,0.23,0.84,0.81,2,0.62,低风险
0.49,0.31,否,0.95,0.88,8.13,高级,无,1次,21.12,16.85,0.11,是,是,0.79,高支模,14.5,0.68,0.16,0.8,0.78,2,0.76,无风险
0.83,0.27,否,0.79,0.85,36.9,高级,1次,1次,20.48,14.32,0.54,否,是,0.56,车辆,4.21,0.41,0.19,0.64,0.58,9,0.49,极高风险
0.61,0.42,否,0.68,0.8,2.86,初级,无,无,22.75,87.61,0.14,是,是,0.68,深基坑,3.98,0.73,0,0.82,0.5,6,0.51,中风险
0.88,0.31,否,0.76,0.72,5.4,初级,无,无,19.67,71.85,0.21,是,是,0.76,车辆,22.36,0.78,0.07,0.87,0.31,4,0.82,中风险
0.8,0.94,否,0.76,0.81,5.09,初级,无,无,12.15,85.78,0.76,是,是,0.75,高支模,10.24,1,0.5,0.89,0.74,1,0.67,高风险
0.77,0.61,否,0.66,0.7,2.37,高级,1次,无,27,37.52,0.3,是,是,0.73,塔吊,0.76,0.6,0,0.91,0.37,3,0.86,低风险
0.19,0.16,否,0.95,0.69,15.31,初级,无,无,25.51,45.37,0.19,是,否,0.68,配电箱,19.01,0.43,0.8,0.69,0.74,1,0.84,极高风险
0.52,0.15,否,0.65,0.79,3.33,无证,无,1次,12.96,64.06,0.12,是,是,0.51,高支模,0.3,0.34,0.07,0.79,0.64,1,0.71,高风险
0.67,0.35,否,0.81,0.83,2.79,初级,无,≥2次,17.53,26.16,0.16,是,是,0.43,高支模,15.44,1,0.13,0.94,0.24,2,0.84,高风险
0.67,0.25,否,0.55,0.76,5.67,高级,1次,无,22.95,36.77,0.2,是,是,0.33,车辆,4.69,0.48,0.13,0.82,0.51,6,0.51,高风险
0.73,0.1,否,0.56,0.68,3.23,无证,无,1次,22.26,57.29,0.19,是,是,0.3,深基坑,10.58,0.74,0.35,0.95,0.64,1,0.48,极高风险
0.83,0.18,是,0.51,0.83,14.01,中级,无,1次,21.49,56.42,0.29,是,是,0.78,车辆,19.58,0.7,0.12,0.88,0.37,4,0.36,极高风险
0.85,0.93,否,0.74,0.67,11.52,初级,≥2次,≥2次,15.26,40.06,0.24,是,是,0.8,塔吊,38.31,0.66,0.37,0.85,0.72,3,0.72,极高风险
0.04,0.18,否,0.73,0.79,20.03,高级,无,1次,36.35,24.85,0,是,是,0.75,配电箱,23.69,0.6,0,0.7,0.24,1,0.5,高风险
0.91,0.1,否,0.81,0.8,13.29,中级,无,≥2次,17.25,25.45,0.84,是,是,0.81,深基坑,27.67,0.91,0.04,0.93,0.79,1,0.29,中风险
0.4,0.58,否,0.92,0.76,2.71,中级,1次,无,45.7,41.52,0.35,是,是,0.86,深基坑,20.02,1,0.26,0.62,0.5,2,0.59,高风险
0.53,0.14,否,0.7,0.83,11.74,中级,无,无,12.53,18.06,0.14,是,是,0.88,深基坑,25.09,1,0.47,0.88,0.71,3,0.7,无风险
0.54,0.22,否,0.66,0.72,1.47,无证,无,无,15.21,17.12,0.01,是,是,0.49,车辆,16.56,0.74,0,0.77,0.49,2,0.36,高风险
0.29,0.67,否,0.84,0.77,1.52,无证,无,1次,29.01,24.27,0.03,否,是,0.34,塔吊,19.91,0.59,0,0.96,0.63,3,0.68,极高风险
0.87,0.71,否,0.85,0.72,2.6,初级,无,无,15.31,19.62,0.69,是,是,0.58,高支模,48.87,0.48,0.25,0.9,0.63,1,0.73,极高风险
0.76,0.29,否,0.75,0.88,3.41,中级,无,无,13.35,32.83,0.11,是,是,0.87,车辆,15.4,0.83,0.23,0.67,0.94,3,0.93,无风险
0.46,0.59,否,0.81,0.77,7.86,初级,无,无,25.5,46.11,0.33,否,是,0.85,配电箱,2.27,0.42,0.56,0.66,0.48,2,0.55,极高风险
0.21,0.34,否,0.7,0.77,3.42,中级,无,≥2次,39.55,38.38,0.32,是,是,0.34,车辆,4.03,0.65,0.06,0.79,0.77,3,0.67,高风险
0.85,0.19,否,0.64,0.75,11.47,高级,无,无,12.49,19.51,0.11,是,是,0.41,深基坑,28.7,1,0.06,0.73,0.76,2,0.76,无风险
0.84,0.32,否,0.69,0.92,2.6,初级,无,1次,25.21,30.27,0.41,是,是,0.14,塔吊,5.56,0.72,0.05,0.95,0.44,6,0.44,高风险
0.8,0.15,否,0.69,0.84,8.62,无证,无,无,13.89,40.95,0.05,否,是,0.33,塔吊,2.92,0.56,0.35,0.87,0.36,4,0.65,极高风险
0.82,0.32,否,0.73,0.84,17.92,高级,无,无,24.93,72.03,0.53,是,是,0.73,配电箱,13.05,1,0.16,0.9,0.28,5,0.45,中风险
0.28,0.13,否,0.75,0.95,0.17,高级,无,无,5.82,56.68,0.08,是,是,0.85,车辆,10.93,0.43,0.04,0.76,0.93,1,0.4,无风险
0.28,0.32,否,0.73,0.57,17.24,初级,无,无,12.34,30.4,0.32,是,是,0.85,配电箱,8.22,0.4,0.77,0.86,0.76,4,0.66,高风险
0.19,0.29,否,0.74,0.6,2.12,高级,≥2次,无,23.34,26.35,0.55,是,是,0.62,塔吊,28.12,1,0.17,0.72,0.44,6,0.6,极高风险
0.31,0.2,否,0.76,0.89,4.69,中级,1次,≥2次,19.99,24.03,0.12,是,是,0.59,高支模,11.82,0.83,0,0.86,0.78,0,0.87,低风险
0.25,0.13,否,0.59,0.5,1.78,中级,无,无,13.97,35.96,0.39,是,是,0.51,深基坑,15.16,0.36,0.53,0.76,0.34,1,0.58,极高风险
0.58,0.45,否,0.46,0.7,12.59,高级,无,无,14.16,23.89,0.19,是,是,0.53,高支模,2.3,0.9,0.18,0.64,0.62,0,0.81,无风险
0.81,0.2,否,0.71,0.84,12,中级,无,无,20.72,17.91,0.17,是,是,0.78,高支模,22.61,1,0.33,0.79,0.74,4,0.53,无风险
0.87,0.18,否,0.73,0.81,1.89,中级,无,1次,30.93,56.06,0.05,是,是,0.84,塔吊,15.01,0.69,0.06,0.77,0.63,4,0.44,低风险
0.81,0.82,否,0.72,0.9,1.84,初级,1次,无,9.83,43.44,0.21,是,是,0.88,配电箱,2.6,0.74,0.15,0.88,0.67,2,0.34,高风险
0.84,0.15,否,0.66,0.74,6.58,中级,无,无,9.61,24.13,0.2,是,是,0.8,塔吊,3.4,0.91,0,0.68,0.44,3,0.63,无风险
0.57,0.74,否,0.6,0.77,3.14,中级,无,≥2次,18.03,12.51,0.26,是,是,0.79,深基坑,34.61,0.41,0.48,0.96,0.65,2,0.99,极高风险
0.75,0.36,否,0.76,0.84,2.38,初级,无,无,36.29,54.12,0.26,是,是,0.9,车辆,1.82,1,0,0.92,0.8,3,0.57,无风险
0.69,0.72,否,0.63,0.88,23.4,初级,无,无,14.42,23.95,0.1,是,是,0.49,高支模,27.78,0.68,0.79,0.73,0.73,1,0.87,高风险
0.14,0.09,否,0.67,0.88,9.95,中级,无,无,10.77,8.95,0.46,是,是,0.62,配电箱,3.67,0.56,0,0.99,0.23,1,0.65,高风险
0.34,0.44,否,0.54,0.83,4.59,高级,1次,1次,22.3,20.73,0.09,是,是,0.73,车辆,43.79,0.91,0.24,0.85,0.82,2,0.2,中风险
0.56,0.43,否,0.71,0.76,3.43,中级,无,1次,10.79,22.1,0.08,是,是,0.26,高支模,2,0.47,0.51,0.79,0.69,1,0.33,高风险
0.56,0.41,否,0.74,0.67,0.25,初级,无,≥2次,18.41,17.62,0.46,是,是,0.54,深基坑,15.8,0.35,0.64,0.86,0.48,3,0.95,极高风险
0.91,0.13,否,0.92,0.8,8.42,中级,1次,≥2次,13.05,51.33,0.33,是,是,0.67,车辆,53.83,0.9,0,0.71,0.8,2,0.76,中风险
0.65,0.25,否,0.68,0.81,4.79,高级,无,1次,17.64,20.95,0.21,是,是,0.69,深基坑,15.09,1,0,0.65,0.57,1,0.38,无风险
0.87,0.29,否,0.75,0.88,14.06,初级,无,无,21.99,31.72,0.24,否,是,0.93,塔吊,68.15,0.72,0.32,0.73,0.51,3,0.8,高风险
0.68,0.42,否,0.64,0.96,15.94,中级,无,1次,12.65,30.13,0.46,是,是,0.58,塔吊,33.91,0.89,0,0.9,0.35,0,0.83,低风险
0.69,0.23,否,0.71,0.63,1.49,高级,无,无,12.92,21.54,0.11,是,是,0.84,塔吊,26.95,0.74,0.27,0.75,0.68,1,0.88,无风险
0.66,0.39,否,0.77,0.69,29.99,中级,无,无,15.1,14.47,0.1,是,是,0.64,配电箱,9.56,0.62,0.41,0.45,0.32,2,0.62,低风险
0.89,0.51,否,0.55,0.92,13.55,无证,无,无,17.53,81.38,0.14,是,是,0.36,车辆,10.8,0.75,0.65,0.96,0.78,0,0.62,高风险
0.69,0.66,否,0.82,0.94,7.73,中级,无,无,49.62,25.13,0.26,是,是,0.58,塔吊,2.01,0.83,0,0.98,0.6,2,0.89,无风险
0.84,0.4,否,0.86,0.67,8.8,无证,无,1次,17.61,80.67,0.13,是,是,0.81,配电箱,18.47,0.47,0.11,0.86,0.35,3,0.75,极高风险
0.72,0.1,否,0.55,0.83,15.1,初级,无,无,14.87,11.9,0.01,是,是,0.22,配电箱,0.02,0.66,0.51,0.94,0.91,0,0.54,无风险
0.85,0.42,否,0.71,0.78,3.66,中级,无,≥2次,10.76,19.17,0.44,是,是,0.72,车辆,15.16,0.57,0.48,0.97,0.86,2,0.35,极高风险
0.81,0.15,否,0.84,0.81,2.58,中级,1次,无,26.42,25.46,0.83,是,是,0.67,车辆,42.14,0.64,0.08,0.66,0.84,2,0.77,中风险
0.72,0.28,否,0.54,0.7,9.47,中级,无,1次,40.23,30.65,0.17,是,是,0.87,高支模,26.92,0.56,0.03,0.8,0.81,2,0.69,低风险
0.54,0.2,否,0.5,0.76,0.76,无证,无,无,25.28,15.68,0.39,是,是,0.72,塔吊,6.9,0.7,0.05,0.86,0.54,2,0.49,高风险
0.64,0.4,否,0.6,0.76,4.25,中级,无,1次,26.57,15.26,0.44,是,是,0.7,深基坑,30.12,0.74,0,0.65,0.6,2,0.87,中风险
0.86,0.42,否,0.75,0.68,8.36,中级,无,无,18.21,24.14,0.11,是,是,0.61,高支模,21.64,0.64,0.35,0.89,0.62,1,0.49,低风险
0.79,0.21,否,0.61,0.87,10.51,初级,1次,1次,18.07,8.63,0.22,是,是,0.78,配电箱,42.2,0.18,0,0.94,0.24,6,0.5,高风险
0.79,0.53,否,0.65,0.84,4.02,中级,无,无,31.24,11.69,0.2,是,是,0.36,高支模,0.51,0.7,0.14,0.91,0.61,5,0.58,低风险
0.55,0.16,否,0.46,0.68,14.75,高级,无,无,12.28,46.76,0.17,是,是,0.73,深基坑,1.62,1,0.42,0.95,0.73,5,0.67,无风险
0.33,0.1,否,0.63,0.67,0.12,初级,1次,无,32.2,11.92,0.13,是,是,0.7,车辆,4.29,0.85,0.24,0.84,0.7,4,0.24,中风险
0.93,0.76,否,0.61,0.87,1.24,中级,无,1次,31.74,37.27,0.24,是,是,0.57,深基坑,0.99,1,0.24,0.65,0.98,0,0.44,低风险
0.83,0.31,否,0.63,0.89,13.07,中级,无,1次,16.63,45.3,0.34,是,是,0.87,配电箱,19.57,0.73,0.05,0.61,0.24,3,0.68,中风险
0.19,0.24,否,0.65,0.91,1.5,中级,无,无,21.74,83.87,0.36,是,否,0.96,配电箱,2.17,0.3,0.4,0.89,0.68,0,0.51,极高风险
0.91,0.27,否,0.76,0.68,3.56,高级,无,无,46.57,33.61,0.07,是,是,0.89,车辆,3.43,0.38,0.4,0.98,0.84,2,0.71,无风险
0.68,0.5,否,0.86,0.77,0.09,中级,无,无,19.72,33.45,0.62,是,是,0.35,深基坑,37.92,0.49,0.15,0.83,0.34,1,0.23,极高风险
0.83,0.15,否,0.83,0.78,0.08,高级,无,1次,16.87,31.62,0.26,是,是,0.19,车辆,12.89,0.95,0.02,0.54,0.54,5,0.57,高风险
0.32,0.78,否,0.81,0.81,2.76,高级,无,1次,22.4,55.26,0.17,是,是,0.83,塔吊,19.19,0.5,0.36,0.76,0.58,5,0.87,高风险
0.25,0.73,是,0.6,0.78,5.03,初级,无,无,11.55,17.04,0.3,是,是,0.71,塔吊,14.93,0.84,0.19,0.89,0.41,2,0.64,极高风险
0.4,0.11,否,0.51,0.46,2.27,中级,无,1次,30.08,38.52,0.04,是,是,0.85,高支模,1.63,0.91,0.42,0.67,0.58,5,0.64,高风险
0.88,0.11,否,0.83,0.83,31.52,中级,无,无,15.58,41.13,0.11,是,是,0.84,车辆,16.14,0.7,0.11,0.67,0.69,1,0.79,无风险
0.7,0.37,否,0.69,0.68,5.5,中级,1次,无,25.35,98.05,0.86,是,是,0.89,配电箱,17.05,0.03,0.27,0.75,0.4,1,0.5,极高风险
0.34,0.19,否,0.68,0.88,14.01,初级,无,无,7.75,44.19,0.12,是,是,0.87,高支模,0.52,0.9,0.16,0.72,0.56,1,0.57,无风险
0.55,0.48,否,0.75,0.71,34.21,初级,无,无,57.89,14.51,0.47,是,是,0.77,配电箱,24.07,0.66,0.49,0.81,0.37,3,0.35,高风险
0.74,0.49,否,0.64,0.85,18.76,初级,1次,1次,18.22,28.95,0.23,是,是,0.82,高支模,2.47,0.46,0.45,0.87,0.72,2,0.58,中风险
0.82,0.66,否,0.79,0.88,1.51,中级,无,无,18.47,16.07,0.45,是,是,0.66,塔吊,3.45,0.58,0.17,0.66,0.47,3,0.76,低风险
0.72,0.61,否,0.91,0.85,22.73,高级,无,无,77.57,37.16,0.34,是,是,0.89,塔吊,21.3,1,0.11,0.74,0.35,2,0.21,无风险
0.67,0.27,否,0.72,0.87,0.72,中级,1次,无,19.8,23.17,0.49,是,是,0.61,车辆,27.98,0.54,0,0.66,0.23,1,0.82,高风险
0.43,0.11,否,0.68,0.88,23.67,高级,无,1次,13.09,25.02,0.31,是,是,0.49,深基坑,2.37,0.67,0.21,0.73,0.68,1,0.65,无风险
0.59,0.21,否,0.61,0.93,25.51,初级,无,无,26.36,22.32,0.03,是,否,0.38,配电箱,7.94,1,0.22,0.83,0.68,2,0.47,高风险
0.97,0.75,否,0.73,0.85,8.07,中级,无,无,26.24,25.11,0.27,否,是,0.74,深基坑,18.86,0.89,0,0.94,0.83,6,0.5,高风险
0.93,0.2,否,0.74,0.97,10.91,中级,无,无,29.44,34.73,0.54,是,是,0.54,深基坑,7.08,0.6,0.13,0.76,0.37,7,0.78,低风险
0.38,0.22,否,0.77,0.76,2.15,高级,无,1次,38.04,13.41,0.03,是,是,0.61,高支模,6.09,0.57,0,0.7,0.9,3,0.66,无风险
0.4,0.37,否,0.6,0.9,14.92,高级,1次,无,22.86,15.42,0.23,是,是,0.28,配电箱,6.66,0.6,0,0.83,0.73,1,0.7,低风险
0.95,0.79,否,0.82,0.94,0.26,初级,无,无,16.78,26.85,0.18,否,是,0.63,深基坑,3.16,0.77,0.05,0.65,0.27,6,0.82,高风险
0.28,0.32,否,0.7,0.88,14,中级,无,无,7.1,63.63,0.47,是,是,0.59,配电箱,57.22,1,0.22,0.91,0.88,3,0.6,中风险
0.6,0.2,否,0.7,0.88,5.09,中级,无,无,30.14,15.2,0.13,是,是,0.62,高支模,49.92,0.44,0.17,0.93,0.77,1,0.54,低风险
0.55,0.36,否,0.7,0.92,27.94,初级,无,无,19.07,15.91,0.58,是,是,0.73,配电箱,58.19,1,0.17,0.59,0.77,4,0.56,低风险
0.6,0.25,否,0.86,0.93,5.79,初级,无,1次,15.84,9.86,0.06,是,是,0.29,深基坑,11.13,0.45,0.46,0.86,0.48,4,0.35,高风险
0.43,0.26,否,0.62,0.9,19.92,高级,无,无,3.37,16.37,0.51,是,是,0.23,深基坑,4.97,0.32,0,0.6,0.16,4,0.72,中风险
0.22,0.09,否,0.68,0.63,5.22,中级,无,无,15.3,31.19,0.09,是,否,0.69,塔吊,4.82,0.46,0.42,0.91,0.75,2,0.47,高风险
0.54,0.12,否,0.53,0.93,13.53,中级,无,无,18.68,21.44,0.4,是,是,0.4,塔吊,11.01,0.5,0.44,0.78,0.85,4,0.69,低风险
0.36,0.26,否,0.71,0.82,1.25,高级,无,1次,30.95,27.59,0.71,是,是,0.74,车辆,8.75,0.69,0.18,0.97,0.38,2,0.28,高风险
0.46,0.08,否,0.77,0.77,15.96,初级,无,无,5.77,22.79,0.13,是,是,0.61,深基坑,2.92,0.53,0.43,0.49,0.7,3,0.73,低风险
0.35,0.83,否,0.67,0.75,3.09,中级,无,≥2次,14.48,34.92,0.02,是,是,0.36,塔吊,22.78,0.81,0.48,0.91,0.07,5,0.68,极高风险
0.58,0.16,否,0.62,0.8,0.65,中级,无,≥2次,40.75,7.81,0.03,是,是,0.64,高支模,0.51,0.7,0.12,0.82,0.15,6,0.61,中风险
0.55,0.13,否,0.57,0.77,18.21,高级,无,无,25.29,18.95,0.14,是,是,0.79,配电箱,16.53,0.87,0.53,0.96,0.69,2,0.57,无风险
0.68,0.25,否,0.81,0.72,17.64,中级,无,1次,22.98,39.52,0.02,是,是,0.9,塔吊,29.53,1,0,0.89,0.66,4,0.78,无风险
0.26,0.1,否,0.68,0.96,17.75,无证,无,无,7.67,49.39,0.44,是,是,0.69,深基坑,18.56,1,0.42,0.72,0.92,1,0.55,高风险
0.45,0.18,否,0.63,0.73,5.05,中级,无,无,42.38,21.1,0.16,否,是,0.14,高支模,16.67,0.42,0.37,0.79,0.75,3,0.7,极高风险
0.64,0.2,否,0.75,0.91,10.05,中级,无,无,15.6,45.1,0.32,是,是,0.42,深基坑,3.14,0.47,0.39,0.82,0.8,2,0.61,低风险
0.13,0.3,是,0.78,0.9,2.09,高级,无,无,9.43,15.02,0.01,是,是,0.95,深基坑,20.62,0.78,0,0.93,0.61,3,0.57,极高风险
0.59,0.12,否,0.75,0.81,1.98,中级,无,无,14.06,14.16,0.12,是,否,0.5,高支模,2.64,0.36,0.4,0.8,0.41,3,0.51,高风险
0.72,0.1,否,0.49,0.66,9.43,初级,无,1次,20.87,20.04,0.38,是,是,0.56,配电箱,21.75,0.21,0.34,0.75,0.73,2,0.42,极高风险
0.84,0.26,否,0.67,0.75,9.2,高级,1次,无,14.48,39.75,0.43,是,是,0.76,塔吊,1.08,0.65,0.09,0.57,0.37,2,0.55,低风险
0.64,0.62,是,0.63,0.67,15.63,中级,无,1次,10.16,17.75,0.62,是,是,0.46,配电箱,38.07,0.52,0.43,0.74,0.74,1,0.53,极高风险
0.46,0.26,否,0.64,0.94,11.84,无证,无,无,19,32.86,0.1,是,是,0.4,塔吊,11.19,0.77,0.55,0.88,0.69,3,0.33,高风险
0.82,0.23,否,0.75,0.71,9.13,高级,无,1次,18.36,23.71,0.41,是,是,0.51,车辆,1.99,0.44,0.03,0.68,0.65,1,0.59,无风险
0.42,0.29,否,0.66,0.79,17.89,高级,无,1次,24.79,34.54,0.2,是,是,0.54,深基坑,24.64,0.62,0.15,0.87,0.78,6,0.8,中风险
0.3,0.06,否,0.75,0.68,2.12,中级,1次,无,32.37,8.08,0.31,是,是,0.71,塔吊,6.51,0.35,0.83,0.93,0.79,3,0.18,高风险
0.23,0.21,否,0.59,0.81,0.33,高级,无,1次,12.42,25.33,0.51,是,是,0.52,高支模,1.78,0.57,0.61,0.95,0.48,1,0.4,高风险
0.82,0.15,否,0.85,0.81,24.92,初级,无,1次,11.73,9.17,0.12,是,是,0.84,深基坑,15.53,0.54,0.38,0.92,0.83,5,0.74,无风险
0.56,0.18,否,0.67,0.73,9.03,初级,无,无,13.99,22.75,0.06,是,是,0.7,深基坑,18.19,0.58,0,0.8,0.7,6,0.88,无风险
0.64,0.25,否,0.71,0.85,12.04,初级,无,无,29.03,8.79,0.26,是,是,0.7,配电箱,25.08,1,0.13,0.82,0.81,6,0.16,低风险
0.79,0.65,否,0.75,0.72,0.24,高级,无,1次,11.02,13.38,0.19,是,是,0.88,深基坑,29.27,0.52,0,0.66,0.63,6,0.6,中风险
0.86,0.28,否,0.67,0.62,1.31,中级,无,无,13.03,40.15,0.25,是,是,0.38,配电箱,27.74,1,0.18,0.87,0.83,3,0.64,低风险
0.71,0.55,否,0.68,0.62,4.57,初级,无,1次,33.33,37.52,0.1,是,是,0.77,深基坑,0.33,0.4,0.4,0.65,0.58,1,0.83,中风险
0.73,0.33,否,0.63,0.95,17.54,中级,无,无,27.27,15.07,0.3,是,是,0.81,高支模,8.12,0.58,0,0.74,0.11,4,0.6,无风险
0.96,0.41,否,0.78,0.93,0.88,初级,无,无,24.84,42.12,0.15,是,是,0.26,塔吊,0.25,0.43,0,0.69,0.58,3,0.68,低风险
0.78,0.19,否,0.86,0.75,4.69,中级,无,无,20.02,50.03,0.39,是,是,0.95,车辆,29.16,1,0.12,0.88,0.49,1,0.25,低风险
0.19,0.31,否,0.8,0.76,1.22,无证,1次,≥2次,30.59,8.7,0.13,是,是,0.44,高支模,4.6,0.36,0.09,0.81,0.77,3,0.49,极高风险
0.93,0.33,否,0.51,0.82,4.73,高级,无,无,31.08,35.44,0.01,是,否,0.24,车辆,26.83,0.1,0.43,0.78,0.77,2,0.43,极高风险
0.48,0.31,否,0.75,0.82,18.6,无证,无,无,24.84,24.21,0.37,是,是,0.69,深基坑,3.93,0.67,0.54,0.7,0.23,1,0.87,高风险
0.62,0.53,否,0.67,0.89,3.63,高级,无,无,10.79,69.57,0.64,是,是,0.54,配电箱,24.03,0.59,0.73,0.36,0.19,6,0.71,极高风险
0.8,0.61,是,0.72,0.7,18.46,中级,无,无,7.78,45.5,0.07,是,是,0.35,深基坑,0.37,0.88,0.05,0.66,0.6,2,0.17,高风险
0.55,0.42,否,0.89,0.99,0.18,中级,无,无,45.17,22.73,0.57,是,是,0.97,高支模,20.87,1,0.53,0.79,0.87,3,0.36,低风险
0.9,0.2,否,0.7,0.83,3.57,初级,无,无,38.14,13.46,0.14,是,是,0.61,塔吊,32.05,0.8,0.39,0.99,0.65,1,0.25,低风险
0.77,0.31,否,0.76,0.75,3.6,初级,1次,≥2次,7.39,31.81,0.01,是,是,0.76,塔吊,5.35,0.65,0.02,0.86,0.57,4,0.58,高风险
0.65,0.25,否,0.79,0.75,13.66,中级,1次,1次,21.86,31.18,0.19,是,是,0.46,高支模,14.9,0.22,0.04,0.78,0.81,5,0.8,高风险
0.26,0.17,否,0.96,0.75,18.84,初级,1次,≥2次,16.46,24.32,0.35,是,否,0.61,深基坑,24.05,0.31,0.45,0.83,0.77,2,0.52,极高风险
0.33,0.23,否,0.58,0.99,10.4,中级,无,无,17.01,23.68,0.05,是,是,0.56,高支模,8.53,0.53,0.1,0.89,0.77,1,0.79,无风险
0.41,0.13,否,0.8,0.67,0.51,初级,无,无,11.26,11.02,0.1,是,是,0.07,高支模,2.73,0.65,0,0.96,0.35,1,0.7,高风险
0.69,0.29,否,0.85,0.81,13.27,初级,无,无,22.97,48.23,0.58,是,是,0.91,车辆,11.32,0.59,0,0.91,0.68,3,0.53,低风险
0.63,0.53,否,0.66,0.72,0.03,中级,无,无,21.97,23.11,0.03,是,是,0.27,配电箱,6.01,0.46,0.23,0.93,0.67,1,0.63,中风险
0.56,0.41,否,0.68,0.8,4.15,初级,1次,无,24.59,19.6,0.58,是,是,0.63,塔吊,2.08,0.84,0.01,0.7,0.12,5,0.74,高风险
0.63,0.1,否,0.62,0.95,3.52,中级,无,无,35.77,21.47,0.23,是,是,0.84,配电箱,13.61,0.82,0.15,0.77,0.32,0,0.59,低风险
0.14,0.3,否,0.62,0.81,2.66,中级,无,≥2次,21.8,54.07,0.02,是,是,0.82,配电箱,18.17,0.21,0.15,0.87,0.76,0,0.5,极高风险
0.18,0.34,否,0.7,0.87,9.72,中级,无,无,24.19,41.25,0.23,是,是,0.7,塔吊,15.6,0.94,0,0.83,0.62,6,0.75,高风险
0.66,0.19,否,0.7,0.69,9.28,高级,无,无,28.57,27.92,0.17,是,是,0.95,深基坑,2.53,0.69,0.29,0.81,0.76,2,0.9,无风险
0.38,0.47,否,0.75,0.85,6.15,高级,1次,1次,26.33,27.77,0.53,是,是,0.92,配电箱,4.11,0.74,0,0.55,0.85,4,0.68,低风险
0.37,0.36,否,0.58,0.61,34.96,中级,1次,≥2次,55.72,24.3,0.2,是,是,0.71,深基坑,7.05,0.58,0,0.69,0.77,4,0.89,低风险
0.9,0.44,否,0.77,0.9,22.8,中级,无,1次,33.31,20.56,0.02,是,是,0.89,塔吊,41.73,0.65,0.82,0.94,0.31,4,0.85,低风险
0.56,0.25,否,0.6,0.74,7.75,中级,无,无,31.71,30.34,0.25,是,否,0.76,车辆,1.36,0.08,0.29,0.8,0.71,1,0.59,高风险
0.25,0.37,否,0.59,0.87,7.82,中级,无,1次,55.57,30.33,0.42,是,是,0.48,车辆,26.53,0.57,0.56,0.68,0.8,1,0.39,极高风险
0.86,0.98,否,0.86,0.79,1.95,初级,无,无,19.73,26.43,0.35,是,是,0.84,车辆,37.92,0.94,0,0.84,0.59,2,0.46,高风险
0.17,0.13,否,0.87,0.64,0.51,初级,无,1次,16.32,22.53,0.16,是,是,0.91,车辆,0.1,0.65,0.15,0.9,0.74,3,0.87,高风险
0.63,0.31,否,0.56,0.73,14.95,中级,无,无,50.11,14.73,0,是,是,0.75,塔吊,0.04,0.89,0.43,0.84,0.54,2,0.64,无风险
0.55,0.24,否,0.77,0.83,10.84,中级,无,1次,33.23,16.99,0.64,是,是,0.93,车辆,6.99,0.76,0.12,0.75,0.27,3,0.52,低风险
0.79,0.26,否,0.86,0.87,3.05,初级,无,无,26.58,9.5,0.1,是,是,0.79,高支模,47.33,0.78,0,0.96,0.64,2,0.52,无风险
0.66,0.17,否,0.42,0.77,19.16,初级,无,≥2次,50.66,60.54,0.06,是,是,0.5,车辆,35.85,1,0.12,0.57,0.86,3,0.47,极高风险
0.63,0.31,否,0.69,0.75,1.27,初级,无,无,38.86,31.8,0.28,是,是,0.43,配电箱,0.85,0.94,0.09,0.55,0.4,1,0.81,低风险
0.68,0.12,否,0.72,0.81,2.09,初级,无,1次,16.39,19.2,0.16,是,否,0.89,高支模,3.93,0.56,0,0.78,0.85,0,0.46,高风险
0.55,0.39,否,0.73,0.88,36.78,初级,无,无,39.44,42.55,0.08,是,是,0.51,车辆,22.91,1,0.51,0.78,0.45,0,0.53,中风险
0.61,0.19,否,0.73,0.74,6.66,初级,1次,1次,45.24,32.35,0.31,是,是,0.19,车辆,55.16,0.79,0.19,0.54,0.73,7,0.27,极高风险
0.29,0.62,否,0.83,0.75,0.95,高级,无,无,23.32,55.92,0.03,是,是,0.75,配电箱,11.24,0.48,0,0.65,0.62,2,0.52,中风险
0.62,0.42,否,0.63,0.89,14.95,中级,1次,无,22.97,10.62,0.43,是,否,0.54,配电箱,13.86,0.78,0.26,0.72,0.51,2,0.71,极高风险
0.85,0.4,否,0.81,0.86,11.71,初级,无,无,23.74,33.53,0.37,是,是,0.82,塔吊,35.37,0.7,0.83,0.89,0.91,3,0.38,中风险
0.33,0.31,否,0.55,0.68,3.8,中级,无,无,14.62,15.74,0.11,是,是,0.92,配电箱,12.86,1,0.39,0.8,0.89,5,0.59,低风险
0.32,0.21,否,0.71,0.86,7.88,高级,1次,1次,9.93,33.11,0.47,是,是,0.44,配电箱,65.49,1,0.77,0.96,0.59,4,0.79,极高风险
0.66,0.33,否,0.62,0.79,7.02,高级,1次,1次,20.6,20.73,0.11,是,是,0.58,深基坑,16.31,0.47,0.1,0.89,0.65,3,0.63,低风险
0.54,0.44,否,0.65,0.79,31.84,高级,无,1次,16.04,28.56,0.05,是,是,0.41,深基坑,4.75,0.77,0.62,0.82,0.55,1,0.63,无风险
0.73,0.16,否,0.64,0.68,11.52,高级,1次,1次,25.09,26.96,0.07,是,是,0.84,高支模,3.69,0.73,0.37,0.8,0.48,4,0.83,无风险
0.52,0.38,否,0.66,0.79,10.49,初级,无,1次,10.33,21,0.18,是,是,0.37,高支模,1.34,1,0.28,0.7,0.56,5,0.83,中风险
0.16,0.15,否,0.77,0.84,5.63,中级,无,无,21.76,57.64,0.37,是,是,0.9,配电箱,21.43,0.65,0.68,0.81,0.4,3,0.5,高风险
0.39,0.41,否,0.63,0.58,11.95,初级,无,≥2次,32.54,10.47,0.35,是,是,0.75,配电箱,15.15,0.47,0.09,0.89,0.65,2,0.83,极高风险
0.45,0.42,否,0.48,0.84,19.68,中级,无,无,26.73,96.94,0.29,是,是,0.68,塔吊,2.21,0.57,0.1,0.71,0.83,3,0.32,低风险
0.34,0.12,否,0.56,0.63,11.43,高级,无,无,11.71,34.15,0.38,是,是,0.72,深基坑,15.73,0.45,0.37,0.86,0.66,2,0.36,中风险
0.28,0.08,否,0.6,0.92,2.78,中级,1次,1次,17.69,61.23,0.02,是,是,0.63,车辆,4.15,1,0.23,0.6,0.72,4,0.71,中风险
0.24,0.1,否,0.66,0.84,1.56,中级,无,无,17.26,26.35,0.29,是,是,0.82,塔吊,75.02,0.61,0.08,0.86,0.7,2,0.37,中风险
0.54,0.33,否,0.73,0.87,14.61,中级,1次,≥2次,17.93,32.67,0.01,是,是,0.75,车辆,1.87,0.55,0.23,0.84,0.66,3,0.61,中风险
0.88,0.28,否,0.8,0.86,4.3,初级,无,无,10.66,60.55,0.72,是,是,0.3,配电箱,21.27,0.33,0.02,0.56,0.48,3,0.53,极高风险
0.48,0.35,否,0.75,0.8,4.02,无证,无,1次,9.73,32.79,0.21,是,是,0.91,塔吊,1.13,1,0.63,0.67,0.7,2,0.75,高风险
0.78,0.41,否,0.69,0.84,3.41,中级,无,无,26.5,21.93,0.26,是,是,0.61,塔吊,10.35,1,0.13,0.78,0.32,2,0.31,低风险
0.54,0.27,否,0.79,0.73,36.82,中级,无,无,30.89,27.51,0.48,是,是,0.47,塔吊,18.87,0.63,0.29,0.83,0.7,7,0.63,低风险
0.92,0.35,否,0.83,0.76,8.5,初级,无,1次,12.1,35.74,0.33,是,是,0.93,高支模,2.51,0.68,0.48,0.9,0.57,2,0.59,低风险
0.39,0.47,否,0.69,0.6,1.53,中级,无,≥2次,18.39,24.23,0.12,是,是,0.88,深基坑,13.88,0.85,0.12,0.93,0.97,2,0.49,高风险
0.46,0.52,否,0.72,0.72,13.32,初级,无,无,18.2,35.09,0.29,是,是,0.48,高支模,10.7,0.78,0,0.9,0.67,2,0.4,中风险
0.65,0.34,否,0.5,0.88,4.19,中级,无,无,38.69,37.14,0.33,是,是,0.6,车辆,26.87,0.77,0.25,0.88,0.31,4,0.77,高风险
0.84,0.13,否,0.65,0.81,2.26,无证,无,1次,14.69,38.92,0.08,是,是,0.67,车辆,24.35,0.13,0.05,0.58,0.65,4,0.38,极高风险
0.82,0.45,否,0.62,0.79,1.83,中级,无,无,12.83,27.34,0.08,是,是,0.36,塔吊,7.29,0.62,0.01,0.9,0.68,0,0.27,无风险
0.2,0.09,否,0.66,0.86,0.14,中级,无,1次,17.11,20.14,0.27,是,是,0.96,塔吊,22.37,0.8,0.25,0.97,0.26,1,0.46,高风险
0.83,0.5,否,0.93,0.73,10.26,中级,无,1次,17.49,43.68,0.04,是,是,0.71,塔吊,30.64,1,0.13,0.69,0.69,2,0.41,低风险
0.7,0.34,否,0.67,0.61,1.28,高级,1次,无,30.01,40.27,0.24,是,是,0.59,高支模,0.24,0.43,0.23,0.75,0.84,1,0.56,低风险
0.78,0.1,否,0.63,0.94,4.02,中级,≥2次,无,12.41,40.12,0.21,是,是,0.58,塔吊,9.25,0.49,0.74,0.79,0.37,6,0.52,极高风险
0.36,0.16,否,0.66,0.69,11.33,中级,无,无,10.23,16.06,0.44,是,是,0.75,高支模,1.27,0.77,0.11,0.75,0.37,2,0.41,低风险
0.51,0.35,否,0.69,0.78,3.7,初级,1次,1次,5.6,40.74,0.36,是,是,0.2,塔吊,22.09,0.51,0,0.65,0.54,3,0.78,极高风险
0.67,0.3,否,0.47,0.82,8.69,初级,1次,无,27.76,15.71,0.29,是,是,0.92,塔吊,28.87,1,0.13,0.7,0.35,5,0.42,中风险
0.47,0.39,否,0.74,0.78,17.03,无证,无,无,30.27,40.88,0.11,是,是,0.42,塔吊,13.98,0.71,0.17,0.96,0.24,3,0.71,高风险
0.55,0.56,否,0.82,0.86,16.2,初级,无,无,32.02,37.64,0.04,是,是,0.9,塔吊,1.3,0.89,0.5,0.81,0.67,1,0.26,无风险
0.16,0.21,否,0.73,0.95,24.4,中级,无,无,26.64,45.01,0.09,是,是,0.66,配电箱,17.91,0.88,0.93,0.87,0.43,4,0.98,高风险
0.59,0.38,否,0.84,0.71,0.25,初级,无,无,17.85,20.2,0.07,是,是,0.48,塔吊,16.54,0.79,0.78,0.89,0.77,4,0.64,中风险
0.37,0.19,否,0.69,0.57,16.56,中级,无,无,32.22,18.6,0.29,是,是,0.54,车辆,2.03,1,0.29,0.74,0.79,1,0.64,高风险
0.6,0.44,否,0.58,0.78,5.79,中级,无,无,20.58,16.67,0.17,是,是,0.62,高支模,0.07,0.69,0.38,0.88,0.46,4,0.46,低风险
0.41,0.2,否,0.67,0.64,4.15,中级,无,无,23.48,29.01,0.18,是,是,0.31,高支模,5.23,0.08,0.06,0.77,0.68,1,0.48,中风险
0.79,0.24,否,0.72,0.92,10.79,中级,无,1次,16.98,17.69,0.01,否,否,0.1,高支模,3.25,0.38,0.33,0.72,0.87,2,0.46,极高风险
0.48,0.13,否,0.8,0.7,14.74,中级,无,无,15.53,5.46,0.44,是,是,0.57,深基坑,2.84,0.83,0.07,0.77,0.62,0,0.9,无风险
0.46,0.22,否,0.65,0.87,8.92,中级,无,≥2次,24.71,46.41,0.03,是,否,0.78,深基坑,17.26,0.83,0.08,0.64,0.63,0,0.31,极高风险
0.67,0.33,否,0.68,0.63,7.3,中级,无,1次,5.32,17.24,0.13,是,是,0.36,车辆,2.12,0.19,0,0.87,0.68,7,0.51,中风险
0.79,0.27,否,0.65,0.55,11.84,高级,无,无,15.17,21.59,0.21,是,是,0.03,高支模,5.66,0.84,0.3,0.92,0.05,4,0.96,极高风险
0.7,0.15,否,0.65,0.83,14.2,初级,无,无,6.85,16.15,0.45,是,是,0.21,塔吊,2.41,0.49,0.14,0.86,0.76,1,0.53,低风险
0.62,0.21,否,0.76,0.93,0.2,中级,无,无,14.41,43.08,0.07,否,是,0.63,配电箱,0.62,0.34,0.32,0.93,0.04,1,0.67,高风险
0.44,0.18,否,0.78,0.75,6.75,中级,无,无,18.31,86.18,0.21,是,是,0.19,深基坑,17.21,0.2,0.21,0.4,0.45,1,0.72,极高风险
0.84,0.28,否,0.69,0.75,10.55,中级,无,1次,36.56,35.32,0.26,是,是,0.22,高支模,29.29,1,0.12,0.84,0.51,4,0.5,高风险
0.39,0.21,否,0.61,0.84,0.67,高级,1次,1次,25.62,17.26,0.01,是,是,0.64,高支模,5.92,0.65,0,0.64,0.87,0,0.24,无风险
0.69,0.29,否,0.69,0.89,0.52,初级,无,无,34.21,22.35,0.11,是,是,0.84,深基坑,19.09,0.78,0.34,0.88,0.4,0,0.53,低风险
0.76,0.13,否,0.83,0.57,1.9,高级,无,无,27.35,20.66,0.43,是,否,0.93,塔吊,2.55,0.55,0.22,0.91,0.49,2,0.25,极高风险
0.68,0.12,否,0.78,0.84,1.73,初级,≥2次,无,29.47,5.9,0.38,是,是,0.65,车辆,6.82,0.75,0.69,0.7,0.66,2,0.68,中风险
0.55,0.21,否,0.77,0.66,6.37,初级,无,≥2次,28.09,9.77,0.21,是,是,0.63,深基坑,23.87,0.67,0.59,0.79,0.75,2,0.91,高风险
0.66,0.24,否,0.83,0.87,10.13,初级,无,1次,15.18,25.22,0.2,是,是,0.87,高支模,25.83,0.68,0.28,0.82,0.86,2,0.66,低风险
0.74,0.74,否,0.88,0.86,3.83,初级,1次,1次,37.33,81.21,0.28,是,是,0.8,配电箱,4.84,1,0,0.92,0.81,1,0.51,高风险
0.49,0.11,否,0.45,0.59,8.55,中级,无,无,30.54,9.91,0.16,是,是,0.74,塔吊,4.1,0.25,0.17,0.87,0.67,3,0.44,高风险
0.43,0.73,否,0.68,0.79,34.93,初级,无,1次,16.77,37.21,0.17,是,是,0.74,塔吊,1.67,0.85,0,0.92,0.92,2,0.78,无风险
0.69,0.15,否,0.63,0.76,5.97,无证,无,无,8.71,18.91,0.24,是,是,0.26,高支模,31.85,0.98,0.49,0.7,0.63,2,0.71,极高风险
0.37,0.22,否,0.81,0.82,22.45,初级,无,1次,15.59,37.02,0.23,是,是,0.76,深基坑,19.13,0.82,0.15,0.63,0.4,3,0.37,中风险
0.73,0.18,否,0.63,0.81,0.41,高级,1次,无,15.58,29.2,0.1,是,是,0.88,塔吊,2.63,0.65,0.32,0.84,0.6,3,0.62,无风险
0.17,0.4,否,0.64,0.85,4.05,中级,无,1次,21.4,47.44,0.29,否,是,0.92,塔吊,26.93,0.51,0,0.87,0.51,2,0.43,极高风险
0.78,0.47,否,0.55,0.74,16.86,中级,无,无,31.26,61.11,0.12,是,是,0.69,车辆,15.47,1,0.29,0.85,0.65,1,0.65,低风险
0.66,0.21,否,0.72,0.7,11.22,无证,无,1次,8.73,15.89,0.01,是,是,0.58,车辆,63.34,0.89,0.07,0.84,0.76,8,0.75,极高风险
0.57,0.3,否,0.73,0.74,21.52,中级,无,无,8.78,13.85,0.05,否,是,0.91,塔吊,95.29,0.77,0,0.9,0.47,5,0.77,高风险
0.39,0.66,否,0.77,0.92,1.31,中级,1次,1次,6.24,25.43,0.21,是,是,0.8,车辆,26.66,0.79,0,0.72,0.54,3,0.78,高风险
0.63,0.22,否,0.67,0.96,21.54,中级,无,无,9.8,19.54,0.36,是,是,0.92,深基坑,32.24,1,0.6,0.79,0.21,1,0.47,低风险
0.71,0.13,否,0.75,0.7,1.59,中级,无,无,12.1,19.42,0.64,是,是,0.62,车辆,0.89,0.43,0.18,0.8,0.69,2,0.68,无风险
0.64,0.26,否,0.78,0.82,0.96,中级,无,无,12.33,58.2,0.06,是,是,0.65,配电箱,26.88,0.79,0.11,0.81,0.47,1,0.62,低风险
0.61,0.17,否,0.73,0.82,8.72,中级,无,无,17.45,111.17,0.05,是,是,0.62,车辆,16.93,0.19,0.21,0.95,0.84,1,0.68,中风险
0.7,0.41,否,0.79,0.82,0.74,中级,无,1次,8.52,34.71,0,是,是,0.14,深基坑,19.45,0.76,0.37,0.86,0.51,2,0.34,高风险
0.88,0.66,否,0.53,0.82,6.39,高级,无,无,16.15,21.42,0.18,是,是,0.53,车辆,1.05,1,0.25,0.78,0.89,4,0.48,无风险
0.47,0.27,否,0.57,0.69,1.43,中级,无,1次,24.28,81.33,0.07,是,是,0.5,配电箱,3.6,1,0.51,0.8,0.48,1,0.69,高风险
0.67,0.31,否,0.75,0.87,2.48,初级,无,无,21.15,24.29,0.59,是,是,0.36,配电箱,10.1,0.51,0.57,0.58,0.35,2,0.81,极高风险
0.58,0.42,否,0.65,0.74,3.01,高级,无,≥2次,20.69,39.29,0.36,是,是,0.13,深基坑,0.9,1,0.05,0.79,0.8,3,0.27,高风险
0.27,0.23,否,0.74,0.86,23.03,中级,无,无,13.81,23.55,0.05,否,是,0.58,高支模,15.84,0.27,0.24,0.89,0.6,2,0.61,高风险
0.93,0.45,否,0.74,0.89,1.98,中级,无,无,31.51,57.72,0.38,是,是,0.26,配电箱,4.67,0.46,0.42,0.68,0.78,3,0.22,极高风险
0.63,0.77,否,0.86,0.82,9.19,中级,无,无,15.88,30.69,0.13,是,是,0.32,塔吊,18.1,0.8,0.48,0.94,0.57,2,0.57,中风险
0.57,0.97,否,0.76,0.76,1.48,初级,无,无,38.17,39.66,0.53,是,是,0.61,高支模,10.67,0.49,0,0.63,0.72,0,0.98,高风险
0.66,0.22,否,0.71,0.76,8.29,初级,无,1次,21.73,9.07,0.36,是,是,0.47,车辆,23.67,0.23,0.05,0.81,0.89,2,0.9,中风险
0.72,0.35,否,0.74,0.71,3.18,高级,无,≥2次,5.06,23.25,0.14,是,是,0.53,塔吊,3.51,0.69,0.21,0.84,0.15,4,0.68,高风险
0.44,0.34,否,0.56,0.82,1.47,中级,无,无,26.93,21.76,0.26,是,是,0.2,高支模,1.83,0.31,0.46,0.98,0.18,4,0.9,极高风险
0.83,0.44,否,0.78,0.68,3.79,中级,无,无,26.47,39.6,0.53,是,是,0.46,塔吊,1.41,0.9,0.38,0.73,0.05,5,0.34,极高风险
0.26,0.87,否,0.74,0.73,4.71,中级,≥2次,无,22.26,58.18,0.38,是,否,0.79,配电箱,25.22,1,0.06,0.74,0.56,2,0.49,极高风险
0.77,0.27,否,0.71,0.63,6,高级,1次,无,13.22,86.11,0.09,否,是,0.24,塔吊,8.78,0.45,0.21,0.84,0.64,1,0.78,极高风险
0.86,0.18,否,0.71,0.8,0.19,中级,无,1次,28.38,29.68,0.32,是,是,0.21,车辆,6.12,0.25,0,0.86,0.84,0,0.25,中风险
0.66,0.29,否,0.66,0.75,18.89,中级,≥2次,无,31.54,20.1,0.43,是,是,0.58,车辆,1.87,1,0,0.38,0.18,2,0.77,低风险
0.72,0.18,否,0.67,0.89,9.12,中级,1次,无,12.84,33.74,0.11,是,是,0.38,塔吊,0.22,0.65,0.14,0.88,0.83,3,0.36,低风险
0.54,0.51,否,0.61,0.77,0.04,无证,无,无,18.25,15.53,0.08,是,是,0.68,车辆,49.46,0.71,0.19,0.86,0.15,1,0.49,极高风险
0.86,0.35,否,0.67,0.88,15.7,初级,无,1次,33.62,18.78,0.3,是,是,0.73,配电箱,56.66,0.51,0.15,0.7,0.46,6,0.46,高风险
0.64,0.31,否,0.73,0.69,5.14,中级,无,无,14.25,63.5,0.08,是,是,0.51,塔吊,8.78,0.58,0.29,0.78,0.77,2,0.61,低风险
0.44,0.16,否,0.62,0.86,7.08,高级,无,≥2次,15.62,20.2,0.33,是,是,0.68,车辆,14.89,0.69,0.14,0.94,0.61,0,0.94,中风险
0.61,0.43,否,0.73,0.75,0.33,中级,1次,无,16.97,22.33,0.06,是,是,0.65,配电箱,3.5,0.88,0.26,0.87,0.64,5,0.26,中风险
0.3,0.14,否,0.79,0.96,2.19,初级,无,无,21.72,28.2,0.13,是,是,0.79,高支模,4.74,1,0.2,0.7,0.72,3,0.65,无风险
0.43,0.24,否,0.7,0.62,5.78,中级,无,1次,34.21,11.42,0.04,是,是,0.66,高支模,7.57,0.86,0.51,0.88,0.75,2,0.47,低风险
0.04,0.13,否,0.63,0.78,1.99,初级,无,无,19.35,8.18,0.49,是,是,0.43,深基坑,46.04,0.5,0.09,0.89,0.88,2,0.65,高风险
0.67,0.31,否,0.83,0.79,30.92,初级,1次,无,18.84,17.25,0.24,是,是,0.56,配电箱,34.62,0.6,0.49,0.94,0.19,3,0.38,高风险
0.63,0.1,否,0.88,0.78,13.51,初级,1次,1次,9.78,35.79,0.09,是,是,0.7,高支模,14.65,0.56,0.28,0.58,0.22,4,0.61,高风险
0.85,0.43,否,0.62,0.67,6.5,中级,无,无,16.17,20.69,0.1,是,是,0.86,车辆,43.54,0.7,0.21,0.86,0.45,2,0.62,低风险
0.33,0.23,否,0.75,0.93,3.98,无证,无,≥2次,20.77,10.96,0.41,是,是,0.58,配电箱,6.47,0.45,0.8,0.93,0.73,3,0.75,极高风险
0.92,0.17,否,0.82,0.73,1.45,无证,≥2次,无,23.05,29.44,0.19,是,是,0.78,塔吊,3.39,1,0.7,0.78,0.53,1,0.94,高风险
0.81,0.49,否,0.8,0.89,24.48,中级,1次,1次,20.37,22.73,0.41,是,是,0.98,配电箱,31.6,0.57,0.23,0.82,0.79,1,0.89,低风险
0.8,0.19,否,0.72,0.74,17.33,中级,无,无,17.57,17.36,0.49,是,否,0.49,塔吊,37.37,0.88,0,0.79,0.34,9,0.72,极高风险
0.59,0.27,否,0.77,0.79,14.64,中级,无,1次,10.18,28.09,0.15,是,是,0.52,塔吊,11.73,0.8,0.19,0.81,0.57,5,0.31,中风险
0.94,0.25,否,0.67,0.95,11.11,高级,无,无,17.33,37.3,0.53,是,是,0.81,深基坑,9.88,0.67,0.05,0.71,0.5,1,0.59,无风险
0.4,0.13,否,0.6,0.78,32.31,初级,无,无,16.97,12.82,0.16,是,是,0.97,塔吊,61.75,0.36,0.57,0.96,0.8,2,0.83,无风险
0.7,0.48,否,0.6,0.86,15.51,中级,无,无,12.04,29.01,0.04,是,是,0.94,塔吊,23.32,1,0.2,0.85,0.4,3,0.53,无风险
0.83,0.11,否,0.64,0.79,5.61,初级,无,无,14.65,19.48,0.07,是,是,0.59,高支模,2.29,0.51,0,0.77,0.91,6,0.83,无风险
0.71,0.42,否,0.7,0.78,3.75,初级,无,≥2次,20.6,23.33,0.09,是,是,0.46,塔吊,19.56,0.39,0,0.78,0.58,1,0.64,高风险
0.8,0.42,否,0.72,0.74,11.71,初级,无,无,34.24,36.01,0.02,是,是,0.87,高支模,39.19,0.79,0.65,0.8,0.69,2,0.78,中风险
0.9,0.52,否,0.73,0.85,7.07,高级,无,1次,18.47,36.76,0.24,是,是,0.79,塔吊,30.81,0.37,0.6,0.71,0.09,5,0.4,极高风险
0.61,0.43,否,0.63,0.66,0.86,初级,无,无,14.96,28.33,0,是,是,0.45,配电箱,27.82,1,0.06,0.8,0.88,1,0.46,低风险
0.48,0.11,否,0.74,0.85,12.77,初级,无,无,33.2,32.43,0.31,是,是,0.65,高支模,45.01,0.67,0.39,0.85,0.81,1,0.91,中风险
0.47,0.11,否,0.76,0.84,4.17,中级,1次,无,8.76,48.67,0.13,是,是,0.26,车辆,1.54,0.26,0.1,0.85,0.51,1,0.56,中风险
0.71,0.45,否,0.63,0.93,16.25,初级,1次,1次,19.9,66.69,0.04,是,是,0.64,塔吊,36.3,1,0.26,0.91,0.53,3,0.68,高风险
0.43,0.1,否,0.64,0.79,0.12,初级,1次,1次,42.91,19.13,0.07,是,是,0.85,塔吊,21.98,1,0.24,0.97,0.79,4,0.32,中风险
0.7,0.44,否,0.51,0.83,8.1,中级,无,无,37.94,7.05,0.31,否,是,0.88,车辆,48.3,0.9,0.91,0.9,0.4,3,0.59,极高风险
0.85,0.52,否,0.74,0.71,5.43,初级,1次,无,18.35,15.03,0.17,否,是,0.42,塔吊,1.76,0.66,0.83,0.81,0.76,1,0.23,极高风险
0.69,0.19,否,0.68,0.69,6.3,高级,无,无,36.67,27.05,0.23,是,是,0.46,车辆,6.18,0.46,0,0.77,0.59,3,0.49,无风险
0.89,0.3,否,0.8,0.75,0.53,中级,1次,无,20.49,33.66,0.02,是,是,0.62,深基坑,36.6,0.64,0.22,0.94,0.55,2,0.45,中风险
0.77,0.26,否,0.76,0.82,3.7,中级,无,1次,17.22,14.47,0.54,是,是,0.4,塔吊,2.15,0.3,0.61,0.84,0.7,2,0.7,高风险
0.72,0.38,否,0.76,0.79,7.52,中级,1次,≥2次,26.42,40.45,0.11,是,是,0.56,深基坑,19.35,1,0.33,0.89,0.79,2,0.6,高风险
0.51,0.15,否,0.64,0.84,14.93,中级,无,1次,28.72,32.81,0.19,是,是,0.75,深基坑,22.85,1,0.92,0.78,0.59,6,0.74,高风险
0.48,0.39,否,0.53,0.8,25.93,初级,1次,无,15.28,74.97,0.25,是,是,0.1,高支模,19.02,0.35,0.69,0.97,0.45,1,0.87,极高风险
0.73,0.2,否,0.73,0.62,6.7,中级,无,1次,18.55,16.01,0.54,是,是,0.71,车辆,11.92,0.76,0.13,0.71,0.71,1,0.15,中风险
0.89,0.19,否,0.77,0.74,11.34,中级,无,1次,53.17,24.56,0.52,是,是,0.61,配电箱,10.7,0.94,0.21,0.63,0.59,9,0.54,高风险
0.66,0.26,否,0.77,0.65,9.27,中级,无,1次,34.76,35.28,0.02,是,是,0.26,深基坑,1,0.45,0.1,0.69,0.53,1,0.75,低风险
0.6,0.11,否,0.77,0.75,1.79,初级,无,无,9.66,26.28,0.71,是,是,0.33,塔吊,2.46,1,0.84,0.88,0.17,2,0.61,极高风险
0.76,0.42,否,0.7,0.97,18.47,中级,无,无,11.3,27.23,0.5,是,是,0.93,高支模,0.48,0.3,0.26,0.91,0.62,1,0.38,无风险
0.84,0.26,否,0.52,0.77,14.3,初级,无,无,8.92,47.63,0.51,否,否,0.7,配电箱,3.37,0.8,0.44,0.8,0.64,7,0.41,极高风险
0.33,0.58,否,0.55,0.8,3.61,初级,无,无,30.89,40.6,0.15,是,是,0.75,车辆,57.52,0.78,0.08,0.94,0.66,3,0.83,高风险
0.68,0.28,否,0.67,0.72,0.57,高级,无,无,27.25,36.96,0.21,是,是,0.87,高支模,6.58,0.85,0,0.64,0.33,2,0.78,无风险
0.38,0.38,否,0.88,0.74,2.2,中级,无,1次,9.95,59.85,0.27,是,是,0.46,高支模,18.4,0.17,0.24,0.7,0.82,1,0.5,极高风险
0.75,0.12,否,0.55,0.93,2.33,无证,1次,无,15.59,29.51,0.41,是,是,0.41,配电箱,29.29,0.55,0.26,0.59,0.46,1,0.73,极高风险
0.86,0.41,否,0.67,0.79,3.65,初级,1次,1次,21.29,41.46,0.17,是,是,0.56,配电箱,4.58,0.34,0.18,0.97,0.33,2,0.4,极高风险
0.59,0.47,否,0.69,0.85,14.69,初级,无,1次,32.35,28.91,0.52,是,是,0.89,深基坑,0.93,0.8,0.59,0.51,0.54,5,0.82,高风险
0.87,0.22,否,0.74,0.74,23.07,初级,无,无,13.48,37.08,0.42,是,是,0.71,车辆,35.19,0.68,0.17,0.83,0.29,1,0.75,低风险
0.92,0.44,否,0.83,0.97,9.52,高级,无,无,20.02,16.4,0.37,是,是,0.25,塔吊,3.29,0.46,0.6,0.45,0.64,3,0.28,中风险
0.77,0.17,否,0.71,0.79,4.95,高级,无,无,12.73,26,0.59,是,是,0.65,深基坑,11.02,0.55,0,0.89,0.47,7,0.83,低风险
0.47,0.46,否,0.77,0.71,31.13,中级,无,1次,14.55,24.94,0.19,是,是,0.9,配电箱,23.13,0.65,0.17,0.85,0.77,1,0.55,无风险
0.55,0.17,否,0.74,0.81,2.19,中级,1次,1次,10.95,19.23,0.53,是,是,0.88,深基坑,8.39,0.78,0.12,0.68,0.92,4,0.55,低风险
0.64,0.13,否,0.54,0.75,18.26,初级,无,1次,32.8,30.68,0.13,是,是,0.92,高支模,18.62,1,0.1,0.93,0.49,2,0.73,无风险
0.58,0.18,否,0.84,0.87,35.58,中级,1次,无,11.46,36.81,0.43,是,是,0.83,车辆,16.61,0.6,0,0.83,0.95,2,0.65,无风险
0.85,0.66,否,0.8,0.63,2.21,初级,无,≥2次,37.12,16.48,0.69,是,是,0.87,车辆,9.35,1,0.36,0.92,0.18,2,0.17,极高风险
0.73,0.34,否,0.57,0.81,0.63,中级,无,无,41.9,48.91,0.36,是,是,0.28,塔吊,23.02,0.66,0.2,0.93,0.44,2,0.73,高风险
0.56,0.27,否,0.8,0.91,10.39,中级,无,≥2次,26.24,57.89,0.21,是,是,0.71,深基坑,25.9,0.5,0,0.88,0.27,2,0.5,极高风险
0.85,0.37,否,0.67,0.85,1.3,中级,无,无,20.58,20.03,0.31,是,是,0.51,塔吊,2.3,0.69,0,0.92,0.69,1,0.66,无风险
0.81,0.26,否,0.79,0.9,9.28,初级,无,无,58.81,57.92,0.13,是,是,0.33,塔吊,11.65,0.73,0.02,0.79,0.46,4,0.67,低风险
0.54,0.09,否,0.84,0.67,0.51,中级,1次,无,60.15,24.89,0.52,是,是,0.73,配电箱,20.5,0.78,0.35,0.83,0.6,5,0.67,高风险
0.24,0.59,否,0.5,0.65,0.04,初级,无,≥2次,28.76,20.21,0.04,是,是,0.7,深基坑,15.95,0.25,0.06,0.88,0.09,1,0.42,极高风险
0.35,0.25,否,0.54,0.76,12.65,中级,无,无,31.55,42.25,0.4,是,是,0.7,车辆,18.73,1,0.36,0.82,0.87,1,0.56,中风险
0.23,0.63,否,0.68,0.71,10.92,中级,无,1次,29.17,27.6,0.56,是,是,0.72,配电箱,17.62,0.46,0.17,0.73,0.78,3,0.42,极高风险
0.63,0.39,否,0.67,0.8,4.06,高级,无,无,20.43,43.95,0.65,是,是,0.82,高支模,1.4,1,0.1,0.83,0.32,0,0.3,低风险
0.38,0.39,否,0.84,0.84,9.46,中级,1次,1次,47.2,67.38,0.11,是,是,0.87,塔吊,2.24,0.32,0.03,0.82,0.7,3,0.63,中风险
0.79,0.62,否,0.73,0.66,21.73,无证,无,1次,45.4,35.03,0.27,是,是,0.79,高支模,12.76,0.79,0.27,0.81,0.39,3,0.4,高风险
0.56,0.16,否,0.74,0.88,2.72,高级,无,1次,18.36,12.51,0.25,是,是,0.78,高支模,27.68,0.73,0.35,0.78,0.52,2,0.52,中风险
0.52,0.38,否,0.79,0.7,1.57,初级,1次,无,25.45,26.78,0.24,是,是,0.62,高支模,18.04,0.61,0.7,0.97,0.48,2,0.47,极高风险
0.66,0.25,否,0.82,0.78,0.56,中级,无,无,18.25,36.96,0.01,是,是,0.05,高支模,1.46,1,0.04,0.9,0.81,5,0.42,高风险
0.73,0.27,否,0.71,0.85,7.32,初级,无,1次,7.77,17.73,0.1,是,是,0.44,深基坑,0.49,0.37,0.27,0.93,0.25,0,0.2,高风险
0.56,0.33,否,0.65,0.86,19.67,中级,无,无,20.51,22.17,0.06,是,是,0.54,配电箱,1.35,1,0.57,0.73,0.16,2,0.81,无风险
0.76,0.56,否,0.82,0.66,23.6,中级,无,无,14.22,23.15,0.08,是,是,0.93,配电箱,28.82,1,0.23,0.74,0.44,0,0.94,无风险
0.38,0.08,否,0.74,0.8,1.6,中级,无,无,38.66,22.5,0.01,是,是,0.75,深基坑,23.36,1,0,0.99,0.8,1,0.58,无风险
0.45,0.11,否,0.55,0.82,9.71,中级,1次,无,9.31,63.5,0.4,是,是,0.61,高支模,25.71,0.57,0.2,0.69,0.79,1,0.52,极高风险
0.33,0.47,否,0.64,0.77,7.07,初级,无,无,14.07,38.27,0.22,是,是,0.79,配电箱,42.15,0.5,0.44,0.79,0.51,5,0.57,极高风险
0.81,0.24,否,0.66,0.82,0.01,中级,无,无,10.87,20.38,0.26,是,是,0.49,高支模,13.69,1,0,0.5,0.54,6,0.47,低风险
0.84,0.22,否,0.62,0.89,18.61,初级,无,无,18.65,57.11,0.29,是,否,0.28,配电箱,15.14,0.44,0.55,0.96,0.96,7,0.5,极高风险
0.58,0.34,否,0.73,0.86,14.05,中级,无,无,31.92,31.14,0.5,是,是,0.9,深基坑,9.23,0.44,0.59,0.73,0.53,1,0.91,低风险
0.81,0.59,否,0.51,0.83,0.87,初级,无,无,23.58,10.66,0.21,是,是,0.92,配电箱,0.69,0.82,0.62,0.96,0.67,2,0.28,无风险
0.41,0.63,否,0.72,0.94,2.63,初级,无,1次,26.44,29.26,0.07,是,是,0.93,配电箱,18.57,0.39,0.31,0.9,0.72,4,0.83,高风险
0.37,0.18,否,0.68,0.76,3.83,中级,≥2次,无,11.28,19.85,0.24,是,是,0.68,配电箱,23.07,0.63,0.02,0.72,0.43,4,0.55,高风险
0.32,0.13,否,0.79,0.89,22.74,高级,无,1次,12.81,47.68,0.07,是,是,0.51,配电箱,14.65,0.89,0.23,0.91,0.93,1,0.6,无风险
0.81,0.63,否,0.7,0.77,9.48,中级,无,无,10,40.59,0.46,是,是,0.8,塔吊,1.9,0.68,0,0.73,0.72,3,0.77,无风险
0.59,0.64,否,0.69,0.69,9.55,中级,无,无,34.37,11.47,0.22,是,否,0.72,塔吊,19.24,0.29,0.03,0.77,0.52,1,0.79,高风险
0.77,0.38,否,0.7,0.73,10.47,高级,1次,1次,7.13,34.41,0.02,是,是,0.74,高支模,3.4,0.43,0.09,0.82,0.49,7,0.73,中风险
0.81,0.17,否,0.53,0.96,34.03,高级,无,1次,18.36,45.39,0.19,是,是,0.25,高支模,21.57,0.72,0.01,0.77,0.69,1,0.65,无风险
0.65,0.53,否,0.74,0.84,6.98,中级,1次,无,8.32,20.14,0.59,是,是,0.81,高支模,18.12,0.76,0.35,0.87,0.75,1,0.91,中风险
0.31,0.12,否,0.61,0.94,2.07,中级,无,无,19.46,47.66,0.03,是,是,0.85,深基坑,11.15,0.79,0.09,0.8,0.68,2,0.82,无风险
0.8,0.34,否,0.69,0.85,16.92,中级,无,无,25.86,69.32,0.31,是,是,0.41,高支模,12.22,0.53,0.24,0.84,0.77,2,0.65,低风险
0.58,0.14,否,0.5,0.69,27.58,初级,无,无,14.52,36.56,0.54,是,是,0.85,深基坑,2.72,0.81,0.46,0.87,0.87,0,0.41,无风险
0.88,0.2,否,0.78,0.73,6.58,初级,无,无,17.09,71.83,0.19,是,是,0.95,高支模,1.95,0.72,0.06,0.7,0.34,4,0.79,无风险
0.91,0.76,否,0.7,0.74,11.56,中级,无,无,40.75,28.49,0.16,是,是,0.95,车辆,16.85,0.52,0.25,0.79,0.67,2,0.48,低风险
0.19,0.15,否,0.6,0.86,17.61,高级,无,无,18.46,38.66,0.08,是,是,0.57,深基坑,0.57,0.82,0.08,0.92,0.68,0,0.78,高风险
0.81,0.34,否,0.75,0.82,1.11,初级,无,无,23.76,11.79,0.16,是,是,0.62,配电箱,16.21,0.69,0.77,0.63,0.71,1,0.51,中风险
0.56,0.47,否,0.61,0.8,6.22,高级,无,无,23.1,42.65,0.28,是,是,0.7,配电箱,38.03,0.38,0.29,0.94,0.87,1,0.34,中风险
0.27,0.12,否,0.73,0.62,1.8,高级,无,无,12.9,19.17,0.38,是,是,0.85,深基坑,3.31,1,0.39,0.84,0.07,3,0.19,低风险
0.58,0.26,否,0.74,0.79,3.86,中级,1次,1次,25.2,38.81,0.34,是,是,0.29,塔吊,0.19,0.71,0.09,0.95,0.79,2,0.71,中风险
0.63,0.14,否,0.71,0.86,5.82,高级,无,无,14.05,16.44,0.81,是,是,0.8,高支模,0.06,0.76,0.38,0.78,0.59,1,0.36,无风险
0.7,0.2,否,0.72,0.84,3.82,初级,无,1次,26.36,50.2,0.8,是,是,0.29,深基坑,19.69,0.82,0.24,0.87,0.21,2,0.61,极高风险
0.46,0.06,否,0.74,0.77,0.48,初级,无,无,20.27,25.73,0.19,是,是,0.1,深基坑,27.67,0.8,0.23,0.78,0.67,5,0.66,高风险
0.77,0.35,否,0.61,0.99,11.77,中级,无,无,8.51,12.69,0.16,是,是,0.79,塔吊,9.44,0.13,0.05,0.64,0.28,3,0.47,低风险
0.24,0.21,否,0.56,0.85,5.67,初级,1次,无,8.27,28.76,0.34,是,是,0.84,塔吊,24.4,0.45,0,0.8,0.82,4,0.44,中风险
0.24,0.13,否,0.64,0.88,12.97,中级,无,1次,17.09,61.4,0.26,是,是,0.93,车辆,82.24,0.99,0,0.7,0.5,5,0.9,中风险
0.78,0.25,否,0.74,0.72,13.55,高级,无,无,16.87,18.28,0.33,是,是,0.69,配电箱,0.48,0.65,0.2,0.48,0.53,2,0.52,无风险
0.85,0.45,否,0.8,0.82,1.06,初级,无,无,20.26,60.75,0.86,是,是,0.64,高支模,11.71,0.47,0.33,0.79,0.82,2,0.52,极高风险
0.66,0.58,否,0.66,0.82,8.72,高级,无,1次,12.38,42.47,0.08,否,是,0.66,高支模,1.93,1,0.1,0.8,0.49,4,0.81,高风险
0.59,0.29,否,0.78,0.75,6.07,中级,1次,无,21.01,20.48,0.72,是,是,0.91,配电箱,20.9,0.75,0,0.95,0.52,5,0.77,中风险
0.55,0.33,否,0.66,0.74,19.22,初级,无,1次,32.27,32.21,0.25,是,是,0.91,配电箱,23.83,0.41,0.1,0.93,0.7,7,0.66,高风险
0.55,0.25,否,0.64,0.85,10.55,初级,无,无,12.14,29.3,0.07,是,是,0.57,塔吊,0.74,0.43,0.19,0.63,0.8,2,0.5,低风险
0.67,0.3,否,0.91,0.64,6.36,中级,无,1次,33.35,77.01,0.51,是,是,0.78,高支模,4.86,1,0.33,0.6,0.53,1,0.77,中风险
0.79,0.18,否,0.72,0.75,9.62,初级,1次,无,15.08,46.08,0.3,是,是,0.86,深基坑,24.62,0.72,0,0.62,0.35,4,0.59,中风险
0.84,0.3,否,0.55,0.67,7.88,初级,无,无,16.28,45.12,0.15,是,是,0.49,高支模,2.91,0.63,0.25,0.85,0.77,1,0.74,低风险
0.26,0.26,否,0.76,0.75,1.08,初级,1次,1次,29.83,35.67,0.53,是,是,0.56,深基坑,2.69,0.88,0.31,0.62,0.79,4,0.73,极高风险
0.78,0.14,否,0.74,0.85,7.36,中级,1次,无,12.77,23.98,0.24,是,是,0.43,车辆,18.73,1,0.28,0.96,0.87,1,0.51,低风险
0.63,0.21,否,0.39,1,10.45,初级,无,无,14.34,25.88,0.23,是,是,0.82,配电箱,5.82,0.86,0,0.89,0.21,3,0.88,高风险
0.85,0.47,否,0.9,0.83,9.37,中级,无,无,13.91,13.58,0.26,是,是,0.76,深基坑,13.89,0.73,0,0.91,0.85,5,0.85,无风险
0.66,0.73,否,0.8,0.65,12.74,中级,无,无,15.89,57.59,0.2,是,是,0.86,车辆,11.62,0.69,0,0.54,0.41,0,0.67,中风险
0.35,0.32,否,0.66,0.75,18.72,中级,无,1次,14.13,44.01,0.14,是,是,0.75,车辆,16.23,0.61,0.25,0.86,0.79,1,0.28,中风险
0.67,0.14,否,0.73,0.72,16.31,初级,无,无,18.78,32.06,0.37,是,是,0.4,塔吊,66.63,1,0.53,0.8,0.33,3,0.38,极高风险
0.69,0.21,否,0.78,0.77,13.86,中级,无,无,16.97,24.18,0.39,是,是,0.79,车辆,18.56,0.46,0.02,0.72,0.72,4,0.3,低风险
0.32,0.1,否,0.79,0.68,6.99,高级,无,无,29.53,15.21,0.46,是,是,0.39,深基坑,20.55,0.68,0.69,0.77,0.76,2,0.93,中风险
0.69,0.22,否,0.8,0.84,1.82,中级,无,无,24.88,20.95,0.02,是,是,0.19,塔吊,62.74,0.57,0.02,0.68,0.47,1,0.64,高风险
0.68,0.21,否,0.66,0.77,10.74,初级,1次,1次,12.42,42.58,0.03,是,是,0.84,深基坑,46.23,0.7,0.05,0.82,0.34,5,0.79,高风险
0.77,0.46,否,0.63,0.74,12.41,中级,无,无,38.4,31.71,0.06,是,是,0.44,高支模,16.31,0.29,0.39,0.82,0.08,3,0.91,高风险
0.48,0.61,否,0.63,0.76,2.52,初级,无,1次,37.59,31.36,0.13,是,是,0.39,深基坑,15.43,0.59,0.49,0.9,0.74,3,0.72,极高风险
0.75,0.36,否,0.81,0.82,30.21,中级,无,无,14.74,10,0.46,是,是,0.23,车辆,6.91,0.45,0.23,0.8,0.91,4,0.71,无风险
0.61,0.26,否,0.73,0.99,25.75,初级,无,1次,16.24,22.74,0.53,是,是,0.8,车辆,3.1,0.85,0.06,0.79,0.47,0,0.79,无风险
0.52,0.5,否,0.62,0.98,19,高级,无,无,10.87,28.75,0.09,是,是,0.63,深基坑,0.05,0.72,0,0.79,0.84,0,0.69,无风险
0.65,0.07,否,0.7,0.63,10.3,中级,无,无,20.61,25.29,0.22,是,是,0.6,深基坑,29.03,0.87,0.11,0.68,0.77,2,0.78,无风险
0.61,0.19,否,0.45,0.8,2.41,中级,无,无,6.84,20.2,0.43,是,是,0.58,车辆,11.34,1,0.54,0.76,0.63,2,0.97,中风险
0.74,0.49,否,0.69,0.94,10.75,中级,1次,1次,10.58,26.57,0.32,是,是,0.48,塔吊,2.68,0.64,0.29,0.79,0.76,1,0.48,中风险
0.29,0.43,否,0.9,0.77,10.54,高级,1次,无,12.58,25.4,0.26,否,是,0.87,深基坑,13.13,0.67,0.17,0.78,0.14,2,0.73,高风险
0.56,0.17,否,0.67,0.72,5.98,初级,1次,1次,22.67,20.59,0.2,是,是,0.88,高支模,34.36,0.39,0.21,0.88,0.5,4,0.84,极高风险
0.87,0.45,否,0.7,0.78,11.92,中级,无,无,18.76,14.4,0.36,是,是,0.14,高支模,14.3,1,0.67,0.7,0.19,2,0.6,高风险
0.66,0.73,否,0.72,0.63,21.15,高级,1次,无,20.15,48.65,0.18,是,是,0.53,深基坑,1.59,0.39,0.3,0.92,0.68,6,0.36,中风险
0.91,0.12,否,0.85,0.76,5.65,初级,无,≥2次,42.68,28.06,0.16,是,是,0.92,车辆,24.49,1,0.91,0.74,0.29,3,0.75,高风险
0.29,0.23,否,0.57,0.79,9.05,初级,无,1次,15.08,22.87,0.57,是,是,0.37,高支模,3.43,0.66,0.52,0.58,0.05,0,0.64,极高风险
0.15,0.34,否,0.61,0.99,0.24,高级,无,1次,26.25,35.49,0.01,是,是,0.47,深基坑,0.31,0.4,0.89,0.81,0.59,2,0.77,高风险
0.11,0.18,否,0.51,0.72,1.31,初级,无,1次,20.4,21.8,0.23,是,是,0.58,配电箱,3.61,0.78,0.27,0.91,0.41,3,0.45,极高风险
0.17,0.11,否,0.58,0.7,4.15,中级,1次,1次,25.88,11.16,0.12,是,是,0.1,深基坑,3.29,0.29,0.36,0.78,0.51,2,0.79,极高风险
0.24,0.3,否,0.69,0.93,2.7,高级,1次,无,10.04,7.9,0.03,是,是,0.27,塔吊,0.53,1,0.48,0.96,0.77,1,0.89,无风险
0.89,0.56,否,0.75,0.66,3.27,初级,无,1次,13.84,37.96,0.01,是,是,0.93,高支模,0.77,0.19,0.72,0.79,0.81,1,0.75,中风险
0.24,0.79,否,0.73,0.65,6.21,中级,无,1次,27.95,48.93,0.38,是,是,0.42,配电箱,13.41,0.2,0.35,0.74,0.59,2,0.56,极高风险
0.73,0.29,否,0.64,0.98,0.73,初级,无,无,17.55,19.2,0.35,是,是,0.33,塔吊,24.2,1,0.4,0.75,0.26,3,0.6,高风险
0.69,0.31,否,0.74,0.65,33.45,中级,无,1次,43.28,77.28,0.51,是,是,0.77,高支模,12.93,0.79,0.12,0.95,0.1,4,0.54,中风险
0.66,0.32,否,0.67,0.8,3.79,初级,无,无,22.17,23.21,0.1,是,是,0.82,深基坑,66.3,1,0.65,0.82,0.75,3,0.81,中风险
0.65,0.16,否,0.6,0.86,23.36,初级,无,无,7.36,44.96,0.09,是,是,0.34,车辆,4.89,0.62,0.88,0.65,0.54,1,0.49,中风险
0.84,0.46,否,0.73,0.78,8.82,无证,无,1次,19.6,56.26,0.58,是,是,0.81,高支模,27.52,0.43,0.68,0.45,0.69,1,0.58,极高风险
0.37,0.16,否,0.8,0.88,33.97,中级,无,1次,9.89,47.88,0.13,是,是,0.86,高支模,6.67,0.85,0.22,0.86,0.85,0,0.86,无风险
0.36,0.44,否,1,0.66,0.71,高级,无,≥2次,13.2,21.11,0.02,是,是,0.48,高支模,2.7,0.47,0.32,0.81,0.32,6,0.22,极高风险
0.7,0.28,否,0.6,0.7,5.53,中级,无,无,22.01,48.19,0.21,是,是,0.67,塔吊,24.84,0.71,0.38,0.52,0.56,2,0.46,中风险
0.82,0.11,否,0.52,0.87,0.46,中级,无,无,10.4,17.99,0.1,是,是,0.75,塔吊,46.56,0.6,0.18,0.88,0.65,2,0.93,无风险
0.81,0.28,否,0.67,0.79,25.71,高级,无,无,10.27,18.46,0.47,是,是,0.49,深基坑,4.18,0.68,0.17,0.89,0.93,3,0.96,无风险
0.64,0.48,否,0.88,0.74,3.05,初级,无,无,12.36,16.74,0.51,是,是,0.94,高支模,1.51,0.25,0,0.69,0.67,2,0.41,低风险
0.65,0.26,否,0.55,0.85,4.76,中级,无,无,42.55,36.52,0.61,是,是,0.52,深基坑,4.21,0.31,0.38,0.84,0.81,1,0.25,中风险
0.53,0.31,否,0.85,0.7,5.91,高级,无,无,29.78,22.67,0,是,是,0.82,塔吊,10.08,0.93,0,0.69,0.75,4,0.55,无风险
0.3,0.71,否,0.63,0.95,8.28,高级,1次,无,27.31,24.53,0.26,否,是,0.94,塔吊,19.53,0.89,0.37,0.92,0.95,1,0.57,高风险
0.48,0.22,否,0.71,0.88,12.75,初级,无,无,10.18,20.62,0.15,是,是,0.41,高支模,3.01,0.78,0.32,0.92,0.56,2,0.32,低风险
0.33,0.5,否,0.68,0.96,0.52,初级,无,无,22.06,65.01,0.6,是,是,0.22,高支模,28.99,0.86,0.31,0.9,0.52,3,0.91,极高风险
0.81,0.31,否,0.7,0.81,1.58,高级,无,无,21.63,33.72,0.22,是,是,0.86,车辆,0.7,0.45,0.59,0.79,0.14,1,0.66,低风险
0.89,0.81,否,0.87,0.92,28.38,中级,1次,无,32.09,53.52,0.03,是,是,0.57,高支模,19.51,0.33,0.19,0.93,0.57,4,0.43,高风险
0.87,0.3,否,0.71,0.74,10.64,初级,无,无,17.41,17.7,0,是,是,0.56,配电箱,54.56,1,0.55,0.89,0.9,0,0.44,无风险
0.77,0.59,否,0.75,0.84,0.25,中级,1次,≥2次,22.44,37.53,0.15,是,是,0.8,高支模,1.86,0.75,0.5,0.68,0.56,2,0.5,极高风险
0.7,0.14,否,0.74,0.84,4.49,中级,无,≥2次,15.46,91.09,0.17,是,是,0.51,深基坑,0.35,0.62,0.35,0.91,0.44,3,0.34,高风险
0.53,0.14,否,0.66,0.85,1.66,中级,无,无,26.27,8.51,0.18,是,是,0.83,深基坑,2.15,0.52,0.13,0.73,0.63,4,0.57,无风险
0.77,0.88,否,0.73,0.82,1.5,中级,无,无,31.57,69.46,0.1,是,是,0.63,配电箱,0.6,0.63,0,0.91,0.54,0,0.97,高风险
0.57,0.07,否,0.56,0.96,6.91,初级,无,无,18.67,20.9,0.31,否,是,0.95,高支模,4.65,0.9,0.08,0.7,0.54,5,0.19,高风险
0.68,0.37,是,0.85,0.79,12.85,中级,无,无,24.07,27.76,0.35,否,是,0.85,配电箱,69.55,0.68,0.07,0.87,0.8,5,0.42,极高风险
0.35,0.15,否,0.75,0.63,1.56,中级,1次,1次,23.13,20.77,0.58,是,是,0.68,配电箱,0.13,0.76,0.02,0.81,0.35,2,0.78,低风险
0.65,0.89,否,0.44,0.79,8.88,中级,无,无,8.97,30.6,0.36,是,是,0.72,深基坑,24.12,0.83,0.62,0.88,0.6,1,0.79,高风险
0.73,0.16,否,0.64,0.99,2.78,无证,无,无,14.06,39.23,0.52,是,是,0.81,高支模,1.39,0.7,0.09,0.9,0.71,1,0.57,高风险
0.86,0.31,否,0.72,0.85,6.25,初级,无,无,27.54,34.44,0.47,是,是,0.36,深基坑,4.19,0.65,0,0.89,0.79,1,0.4,无风险
0.65,0.37,否,0.75,0.82,6,中级,无,无,33.09,27.05,0.25,是,否,0.63,配电箱,14.08,0.55,0.04,0.81,0.66,4,0.55,高风险
0.42,0.18,否,0.83,0.73,5.28,高级,无,无,51.48,40.84,0.46,是,是,0.79,高支模,33.65,0.27,0.03,0.54,0.64,2,0.48,中风险
0.68,0.14,否,0.55,0.9,33.96,初级,无,1次,16.12,21.14,0.08,否,是,0.19,塔吊,15.9,1,0.22,0.94,0.86,3,0.51,极高风险
0.36,0.22,否,0.66,0.91,22.15,高级,无,1次,26.05,24.25,0.12,是,是,0.56,塔吊,12.64,0.55,0.32,0.75,0.87,4,0.39,无风险
0.61,0.59,否,0.78,0.74,38.46,中级,无,无,19.02,23.18,0.11,是,是,0.49,塔吊,4.98,1,0.12,0.91,0.93,2,0.81,无风险
0.61,0.13,否,0.73,0.72,4.26,高级,无,1次,24.31,43.32,0.33,否,是,0.75,深基坑,4.55,0.82,0,0.89,0.34,4,0.47,高风险
0.4,0.13,否,0.84,0.91,20.85,初级,无,无,39.32,38.21,0.81,是,是,0.35,配电箱,4.9,0.56,0.18,0.88,0.44,2,0.88,高风险
0.67,0.66,否,0.75,0.81,6.01,中级,无,无,28.84,16.93,0.29,是,是,0.32,塔吊,12.82,0.52,0,0.86,0.81,3,0.21,低风险
0.12,0.25,否,0.72,0.87,16.68,中级,无,1次,47.58,65.62,0.71,是,是,0.45,车辆,0.68,1,0.17,0.92,0.3,3,0.59,高风险
0.77,0.14,否,0.57,0.86,0.38,高级,无,无,11.47,32.44,0.11,是,是,0.89,配电箱,1.43,0.65,0,0.85,0.91,2,0.62,无风险
0.84,0.41,否,0.69,0.84,9.17,中级,无,无,36.8,45.39,0.04,是,是,0.7,配电箱,0.95,0.63,0.89,0.84,0.85,1,0.2,低风险
0.71,0.3,否,0.81,0.85,1.71,初级,无,无,24.02,22.69,0.09,是,是,0.73,配电箱,9.35,1,0.36,0.91,0.86,0,0.56,无风险
0.34,0.21,否,0.69,0.79,17.27,初级,无,无,15.78,17.48,0.11,是,是,0.86,车辆,30.24,0.59,0.31,0.81,0.73,2,0.91,低风险
0.59,0.2,否,0.66,0.95,0.05,中级,无,无,26.6,22.71,0.12,是,是,0.25,深基坑,13.22,0.45,0,0.86,0.51,1,0.49,低风险
0.82,0.35,否,0.71,0.82,26.16,初级,无,1次,14.99,15.69,0.12,是,是,0.49,配电箱,24.5,0.41,0.31,0.83,0.47,1,0.42,中风险
0.71,0.21,否,0.83,0.82,8.65,初级,1次,无,10.25,9.09,0.16,是,是,0.82,高支模,2.7,1,0.28,0.83,0.77,2,0.57,无风险
0.4,0.54,否,0.67,0.93,1.73,中级,≥2次,无,6.2,19.25,0.17,是,是,0.82,车辆,11.56,0.53,0.12,0.82,0.94,5,0.25,高风险
0.57,0.4,否,0.71,0.71,12.31,高级,无,无,26.84,41.95,0.03,是,是,0.7,车辆,52.84,1,0.28,0.95,0.85,5,0.78,无风险
0.62,0.44,否,0.77,0.52,13.69,初级,无,无,9.38,37.88,0.24,是,否,0.43,高支模,25.84,0.36,0.48,0.68,0.65,4,0.67,极高风险
0.5,0.24,否,0.82,0.7,0.33,中级,无,无,36.59,15.2,0.45,是,否,0.78,配电箱,18.64,0.44,0.1,0.94,0.78,2,0.86,高风险
0.27,0.08,否,0.67,0.65,1.8,中级,无,1次,54.11,26.99,0.3,是,是,0.1,深基坑,21.4,0.22,0.26,0.95,0.55,4,0.63,极高风险
0.55,0.28,否,0.7,0.73,13.55,中级,无,≥2次,7.85,50.3,0.16,是,是,0.91,配电箱,59.42,0.47,0.14,0.78,0.45,2,0.58,高风险
0.86,0.3,否,0.71,0.84,8.11,高级,无,1次,32.29,26.41,0.67,否,是,0.34,深基坑,1.7,0.78,0.24,0.85,0.41,4,0.4,极高风险
0.67,0.33,是,0.73,0.8,8.04,无证,无,1次,17.04,44.92,0.31,是,是,0.84,塔吊,3.01,0.93,0.33,0.71,0.08,1,0.61,极高风险
0.81,0.31,否,0.82,0.76,2.51,中级,无,无,48.32,19.03,0.28,是,是,0.67,高支模,14.62,0.56,0.59,0.7,0.41,1,0.91,中风险
0.74,0.11,否,0.74,0.74,11.96,中级,无,1次,25.42,21.54,0.46,是,是,0.66,塔吊,9.32,0.78,0.01,0.57,0.34,1,0.48,低风险
0.67,0.61,否,0.68,0.89,0.11,中级,无,1次,14.65,25.21,0.03,是,是,0.63,深基坑,8.88,0.78,0,0.98,0.51,6,0.58,低风险
0.75,0.49,否,0.7,0.83,2.17,高级,无,无,14.92,30.45,0.3,是,是,0.92,车辆,8.34,0.64,0,0.93,0.9,2,0.8,无风险
0.76,0.22,否,0.58,0.8,0.2,中级,无,1次,11.92,30.61,0.11,是,是,0.92,深基坑,14.57,1,0.55,0.87,0.82,1,0.52,无风险
0.65,0.2,否,0.74,0.8,9.29,中级,无,1次,8.17,18.49,0.08,是,是,0.71,车辆,18.38,0.51,0.42,0.65,0.42,0,0.78,中风险
0.54,0.14,否,0.73,0.86,5.52,中级,无,≥2次,13.72,15.82,0.15,是,是,0.4,高支模,10.59,1,0.1,0.85,0.46,2,0.43,中风险
0.68,0.52,否,0.93,0.59,0.41,初级,无,1次,25.55,108.67,0.21,是,是,0.88,配电箱,17.6,0.65,0.1,0.97,0.61,2,0.62,高风险
0.78,0.7,否,0.78,0.79,2.83,中级,无,无,48.13,35.92,0.65,是,是,0.39,高支模,3.68,1,0.8,0.84,0.42,3,0.49,极高风险
0.55,0.53,否,0.76,0.9,18.25,中级,无,≥2次,25.19,57.23,0.12,是,是,0.57,深基坑,14.44,0.39,0.59,0.62,0.72,0,0.6,极高风险
0.2,0.66,否,0.64,0.77,0.62,初级,无,无,7.11,42.4,0.53,是,是,0.86,配电箱,16.74,0.92,0,0.95,0.58,1,0.79,高风险
0.54,0.17,否,0.65,0.61,10.99,中级,无,1次,38.64,69.95,0.35,是,是,0.67,配电箱,1.89,0.67,0.23,0.83,0.66,1,0.55,中风险
0.89,0.4,是,0.72,0.88,5.38,中级,无,无,22.74,15.8,0.19,是,是,0.47,塔吊,22.57,0.65,0.4,0.98,0.68,4,0.9,高风险
0.86,0.28,否,0.69,0.83,8.62,初级,无,1次,16.89,34.22,0.05,是,是,0.88,车辆,15.16,0.59,0.25,0.72,0.52,1,0.44,中风险
0.67,0.5,否,0.82,0.69,34.66,高级,≥2次,无,26.6,32.33,0.25,是,是,0.52,高支模,26.53,0.69,0.01,0.64,0.65,3,0.71,低风险
0.74,0.62,否,0.69,0.81,3.38,初级,无,≥2次,45.39,106.9,0.54,是,是,0.93,塔吊,22.2,0.68,0.23,0.91,0.75,3,0.59,极高风险
0.48,0.36,否,0.77,0.8,13.97,初级,无,无,21.02,31.61,0.44,是,是,0.55,配电箱,15.2,1,0.59,0.72,0.74,4,0.58,高风险
0.85,0.3,是,0.6,0.79,8.69,高级,无,无,15.17,53.15,0.19,是,是,0.91,配电箱,12.64,0.79,0.63,0.7,0.67,2,0.87,高风险
0.45,0.28,否,0.63,0.9,6.82,中级,无,1次,30.73,25.36,0.07,是,是,0.65,车辆,41.03,1,0.39,0.8,0.65,1,0.59,中风险
0.59,0.12,否,0.65,0.83,0.16,中级,无,无,8.92,16.32,0.02,是,是,0.51,塔吊,1.89,1,0.23,0.69,0.54,3,0.1,低风险
0.82,0.46,否,0.77,0.84,1.23,高级,无,1次,5.46,59.62,0.04,是,是,0.93,车辆,30.88,0.66,0.23,0.85,0.7,2,0.55,中风险
0.67,0.69,否,0.81,0.99,26.41,中级,无,无,28.89,36.53,0.5,是,是,0.89,配电箱,19.58,0.49,0.46,0.85,0.74,1,0.76,低风险
0.56,0.21,否,0.83,0.82,4.86,中级,无,无,12.23,18.75,0.51,是,是,0.68,车辆,20.95,0.86,0.14,0.84,0.36,3,0.49,中风险
0.1,0.22,否,0.67,0.9,1.66,初级,无,1次,21.39,16.46,0.63,是,是,0.64,配电箱,11.3,0.5,0.2,0.65,0.37,6,0.47,极高风险
0.42,0.32,否,0.64,0.8,8,中级,无,1次,38.77,29.8,0.13,是,是,0.81,配电箱,1.66,0.11,0.37,0.98,0.89,0,0.61,低风险
0.82,0.78,否,0.61,0.6,5.93,中级,无,无,15.54,34.5,0.31,是,是,0.76,深基坑,25.08,1,0.28,0.91,0.72,1,0.82,高风险
0.63,0.35,否,0.62,0.72,24.59,中级,无,1次,28.47,21.61,0.07,否,是,0.81,车辆,17.34,0.7,0.18,0.78,0.94,11,0.54,极高风险
0.89,0.66,否,0.69,0.84,9.43,中级,无,无,32.77,48.97,0.35,是,是,0.45,塔吊,0.17,0.7,0.4,0.89,0.33,1,0.48,高风险
0.6,0.19,否,0.69,0.66,1.02,无证,无,≥2次,10.99,11.75,0.18,是,是,0.56,高支模,49.82,0.96,0.38,0.8,0.61,5,0.76,极高风险
0.81,0.45,否,0.72,0.77,3.37,初级,无,无,14.82,20.82,0.25,是,否,0.73,车辆,19.93,0.7,0.11,0.87,0.88,5,0.2,极高风险
0.56,0.63,否,0.77,0.78,0.96,中级,无,无,44.89,68.46,0.4,是,是,0.51,配电箱,10.75,0.76,0.03,0.78,0.23,2,0.84,极高风险
0.52,0.32,否,0.58,0.86,3.02,中级,无,无,15.64,51.84,0.29,是,是,0.51,塔吊,52.08,1,0.3,0.99,0.62,3,0.41,高风险
0.51,0.1,否,0.8,0.87,3.22,中级,无,≥2次,15.3,15.81,0.03,是,是,0.82,高支模,0.25,0.48,0.13,0.73,0.39,3,0.55,低风险
0.81,0.46,否,0.52,0.8,4.24,中级,无,无,27.88,73.24,0.21,是,否,0.84,配电箱,0.74,1,0.12,0.92,0.6,3,0.84,高风险
0.85,0.69,否,0.8,0.57,2.83,高级,无,1次,16.95,9.69,0.39,是,是,0.73,深基坑,9.07,0.17,0.34,0.41,0.81,3,0.34,高风险
0.72,0.3,否,0.7,0.72,2.42,初级,无,1次,15.91,38.82,0.14,是,是,0.64,塔吊,13.43,0.06,0.43,0.59,0.87,3,0.72,高风险
0.17,0.58,否,0.48,0.84,26.09,高级,1次,1次,36.39,38.32,0.1,是,是,0.55,深基坑,45.61,0.6,0.06,0.72,0.78,4,0.38,高风险
0.64,0.26,否,0.61,0.71,0.51,高级,无,1次,31.57,39.04,0.29,是,是,0.83,车辆,30.73,0.72,0.65,0.6,0.65,6,0.63,高风险
0.88,0.35,否,0.66,0.89,13.68,高级,无,无,17.25,33.04,0,是,是,0.69,车辆,55.21,0.89,0.49,0.78,0.6,1,0.61,无风险
0.78,0.2,否,0.51,0.84,4.57,中级,无,无,15.3,26.11,0.29,是,是,0.83,高支模,0.84,0.51,0,0.89,0.77,1,0.57,无风险
0.74,0.31,否,0.73,0.95,10.97,无证,无,无,12.16,54.64,0.14,是,否,0.68,车辆,3.79,1,0.24,0.57,0.93,2,0.42,极高风险
0.66,0.4,否,0.75,0.85,6.83,初级,无,无,21.04,106.82,0.3,是,是,0.82,配电箱,55.67,0.67,0.14,0.64,0.39,3,0.73,高风险
0.15,0.14,否,0.74,0.75,4.7,初级,无,1次,21.96,6.04,0.11,是,是,0.59,高支模,17.12,1,0.29,0.97,0.24,1,0.7,高风险
0.85,0.58,否,0.57,0.68,2.39,无证,无,1次,14.35,13.49,0.08,是,是,0.46,深基坑,24.13,0.59,0,0.76,0.77,0,0.78,高风险
0.28,0.28,否,0.62,0.74,11.07,无证,无,无,19.07,80.65,0.25,是,是,0.8,车辆,30.82,0.65,0.67,0.96,0.82,3,0.75,极高风险
0.75,0.32,否,0.78,0.83,1.96,中级,无,1次,31.64,36.14,0.17,是,是,0.37,车辆,17.59,0.54,0.12,0.79,0.87,1,0.94,中风险
0.59,0.13,否,0.77,0.77,8.83,中级,无,1次,9.74,38.33,0.02,是,是,0.85,高支模,20.16,0.45,0,0.7,0.4,4,0.24,中风险
0.69,0.19,否,0.71,0.67,0.3,初级,无,1次,21.13,13.21,0.2,是,是,0.87,深基坑,46.19,0.6,0.31,0.91,0.56,1,0.8,中风险
0.86,0.26,否,0.59,0.82,1.43,高级,1次,1次,4.99,33.17,0.01,是,是,0.33,深基坑,5.44,0.61,0.21,0.54,0.83,4,0.8,中风险
0.68,0.29,否,0.58,0.76,5.79,中级,无,1次,13.97,39.35,0.47,是,是,0.55,高支模,22.81,0.67,0.48,0.95,0.88,1,0.72,高风险
0.37,0.44,否,0.63,0.84,7.69,高级,无,1次,9,46.27,0.06,是,是,0.22,高支模,17.17,0.6,0.17,0.81,0.39,1,0.37,极高风险
0.57,0.6,否,0.59,0.92,19.63,初级,无,1次,22.93,37.23,0.62,是,是,0.33,车辆,29.7,0.55,0.11,0.98,0.44,1,0.79,极高风险
0.6,0.55,否,0.98,0.78,9.4,初级,无,无,17.14,84.56,0.16,是,是,0.57,高支模,21.86,0.64,0,0.86,0.34,5,0.83,高风险
0.59,0.57,否,0.77,0.69,6.43,中级,无,≥2次,24.08,36.95,0.49,是,是,0.65,塔吊,42.21,0.69,0.34,0.66,0.75,3,0.59,极高风险
0.76,0.25,否,0.73,0.69,2.56,初级,无,无,29.86,22.5,0.22,是,是,0.35,塔吊,15.25,0.68,0.33,0.74,0.69,2,0.46,中风险
0.52,0.72,否,0.72,0.73,6.37,初级,无,1次,12.45,20.27,0.18,是,是,0.76,车辆,25.1,0.38,0.37,0.8,0.59,10,0.9,极高风险
0.75,0.1,否,0.77,0.81,36.98,中级,无,无,26.3,53.94,0.32,是,是,0.92,塔吊,35.97,0.67,0.36,0.46,0.27,1,0.68,低风险
0.91,0.19,否,0.7,0.78,9.61,初级,无,无,18.97,40.13,0.15,是,是,0.6,深基坑,20.09,0.85,0.17,0.92,0.33,5,0.76,低风险
0.54,0.29,否,0.8,0.69,14.78,无证,无,无,32.56,33.37,0.14,是,是,0.53,深基坑,35.24,0.76,0.5,0.79,0.81,9,0.44,极高风险
0.65,0.24,否,0.65,0.74,1.5,初级,无,无,16.87,11.31,0.27,是,是,0.89,深基坑,28.53,0.67,0,0.61,0.38,5,0.71,中风险
0.72,0.74,否,0.7,0.93,19.56,中级,1次,无,14.33,23.73,0.06,是,是,0.61,塔吊,17.67,1,0,0.92,0.75,6,0.36,无风险
0.74,0.24,否,0.65,0.89,1.71,中级,无,1次,54.75,13.62,0.23,是,是,0.3,塔吊,8.7,0.72,0.14,0.8,0.91,5,0.89,低风险
0.39,0.25,是,0.66,0.71,21.21,初级,无,无,12.5,44.65,0.21,是,是,0.52,塔吊,2.07,0.61,0.24,0.81,0.51,1,0.63,极高风险
0.7,0.62,否,0.63,0.91,21.25,初级,无,无,27.49,15.52,0,是,是,0.87,车辆,2.05,0.73,0.18,0.82,0.42,3,0.68,无风险
0.76,0.5,否,0.8,0.91,17.69,中级,1次,无,27.06,23.26,0.13,是,是,0.32,高支模,0.92,0.49,0.2,0.65,0.63,2,0.68,低风险
0.08,0.24,否,0.73,0.79,5.34,中级,无,≥2次,27.87,27.2,0.19,是,否,0.83,配电箱,5.22,1,0.29,0.76,0.64,1,0.17,极高风险
0.79,0.16,否,0.54,0.74,6.04,初级,无,1次,11.71,109.41,0.66,是,否,0.15,高支模,25.13,0.83,0.03,0.8,0.45,5,0.48,极高风险
0.38,0.22,否,0.54,0.98,2.25,中级,无,无,13.94,29.35,0.14,是,是,0.9,车辆,58.86,1,0.43,0.91,0.79,5,0.12,中风险
0.84,0.26,否,0.78,0.74,9.28,中级,1次,无,33.48,29.91,0.39,是,是,0.1,高支模,2.24,1,0.63,0.77,0.69,3,0.8,高风险
0.26,0.31,否,0.73,0.78,8.6,初级,无,1次,22.46,27.69,0.04,否,是,0.6,深基坑,7.33,0.4,0.5,0.88,0.8,3,0.41,极高风险
0.8,0.15,否,0.77,0.81,19.59,高级,无,无,24.52,6.21,0.41,是,是,0.92,配电箱,16.93,0.68,0.11,0.63,0.33,4,0.82,无风险
0.2,0.53,否,0.7,0.86,3.85,初级,1次,1次,28.02,36.01,0.09,是,是,0.66,深基坑,12.55,0.49,0.61,0.6,0.5,2,0.43,极高风险
0.37,0.41,否,0.68,0.81,8.61,中级,无,无,14.33,9.34,0.07,是,是,0.89,深基坑,3.19,0.56,0.29,0.78,0.63,1,0.58,无风险
0.75,0.45,否,0.77,0.82,0.36,中级,无,1次,15.84,47.71,0.37,是,是,0.96,塔吊,8.34,0.53,0.09,0.66,0.64,5,0.83,中风险
0.67,0.12,否,0.57,0.65,1.21,中级,无,无,17.3,10.44,0.01,是,是,0.94,塔吊,17.35,1,0.55,0.47,0.76,3,0.8,无风险
0.74,0.49,否,0.59,0.9,12.21,初级,无,无,10.37,22.88,0.05,是,是,0.64,塔吊,11.12,0.76,0,0.68,0.64,3,0.22,无风险
0.36,0.09,否,0.47,0.87,28.83,初级,无,1次,18.47,45.75,0.17,是,是,0.34,高支模,36.31,0.59,0.51,0.89,0.86,6,0.64,极高风险
0.95,0.73,否,0.68,0.75,13.75,初级,无,无,24.1,17.45,0.06,是,是,0.3,配电箱,9.24,1,0.44,0.76,0.4,3,0.6,高风险
0.67,0.18,否,0.65,0.67,7.88,中级,1次,无,11.57,25.86,0.17,是,是,0.67,配电箱,10.12,1,0.89,0.91,0.66,4,0.9,中风险
0.83,0.16,否,0.66,0.79,4.7,中级,无,无,16.26,48.05,0.16,是,是,0.8,塔吊,26.06,1,0.15,0.68,0.57,1,0.54,无风险
0.55,0.35,否,0.75,0.75,0.34,中级,无,1次,20.26,23.48,0.2,是,否,0.74,塔吊,61.72,0.61,0.54,0.87,0.46,2,0.49,极高风险
0.79,0.22,否,0.7,0.88,7.94,初级,无,无,26.92,21.6,0.13,是,是,0.46,车辆,25.98,0.76,0.48,0.84,0.49,5,0.72,高风险
0.04,0.34,否,0.63,0.75,3.76,初级,无,无,21.93,53.4,0.1,是,是,0.74,深基坑,19.52,1,0.51,0.85,0.33,2,0.52,极高风险
0.29,0.22,否,0.77,0.77,18.49,中级,无,无,23.93,36.35,0.02,是,是,0.73,塔吊,3.06,0.62,0.21,0.86,0.8,4,0.68,无风险
0.56,0.2,否,0.56,0.72,1.42,中级,无,1次,40.38,12.34,0.33,是,否,0.93,配电箱,22.16,0.4,0.44,0.67,0.41,5,0.36,极高风险
0.5,0.23,否,0.51,0.98,2.28,初级,无,无,26.15,26,0.11,是,是,0.93,车辆,31.58,1,0.13,0.7,0.51,2,0.96,低风险
0.48,0.57,是,0.63,0.62,6.35,中级,1次,无,15.92,31.55,0.06,是,是,0.71,深基坑,13.91,1,0.34,0.83,0.35,4,0.4,极高风险
0.17,0.58,否,0.71,0.85,9.48,中级,无,无,20.48,39.95,0.36,是,是,0.75,深基坑,0.71,0.47,0,0.54,0.79,4,0.16,高风险
0.28,0.59,否,0.77,0.99,26.63,中级,1次,无,29.06,45.97,0.08,是,是,0.62,塔吊,2.18,1,0.45,0.65,0.53,1,0.72,低风险
0.73,0.36,否,0.9,0.71,3.67,中级,无,无,14.25,27.5,0.15,是,是,0.82,高支模,0.4,0.7,0.29,0.88,0.74,2,0.58,无风险
0.7,0.29,否,0.79,0.75,6.1,初级,无,1次,13.94,42,0.29,是,是,0.21,高支模,0.07,1,0,0.89,0.95,1,0.91,无风险
0.77,0.53,否,0.77,0.79,4.91,高级,无,无,35.22,27.84,0.15,是,是,0.34,配电箱,17.52,0.68,1,0.9,0.76,2,0.9,中风险
0.17,0.13,否,0.71,0.86,0.83,中级,无,无,46.07,11.99,0.11,是,是,0.65,塔吊,83.05,1,0.32,0.87,0.74,2,0.77,高风险
0.71,0.43,否,0.57,0.66,0.16,中级,无,无,29.09,42.28,0.36,是,是,0.23,深基坑,17.93,0.93,0.51,0.9,0.73,1,0.86,高风险
0.43,0.05,否,0.74,0.7,29.23,中级,无,无,12.04,13.44,0.62,是,是,0.4,深基坑,7.12,0.63,0.73,0.74,0.72,2,0.35,低风险
0.58,0.51,否,0.63,0.78,21.74,高级,无,无,15.91,31.66,0.03,是,是,0.91,塔吊,4.75,0.77,0.46,0.98,0.65,1,0.49,无风险
0.48,0.33,否,0.83,0.73,9.45,中级,无,1次,22.14,83.82,0.26,是,是,0.84,深基坑,2.6,0.73,0.3,0.66,0.65,1,0.5,中风险
0.48,0.42,否,0.86,0.57,2.85,中级,无,1次,15.91,51.31,0.09,是,是,0.35,高支模,1.32,0.85,0.83,0.87,0.25,0,0.85,极高风险
0.74,0.47,否,0.68,0.74,11.12,中级,1次,无,42.56,23.64,0.37,是,是,0.78,配电箱,23.87,0.84,0.2,0.93,0.93,1,0.53,低风险
0.43,0.16,否,0.82,0.68,13.8,中级,1次,无,22.81,12.84,0.22,是,是,0.97,配电箱,13.91,0.51,0.35,0.8,0.61,1,0.61,低风险
0.4,0.2,否,0.66,0.84,0.45,初级,1次,无,25.55,65.28,0.49,否,是,0.69,塔吊,4.48,0.84,0.36,0.66,0.68,4,0.48,极高风险
0.24,0.5,否,0.62,0.81,9.15,中级,无,无,13.94,33.32,0.7,是,是,0.91,深基坑,20.71,1,0.56,0.84,0.44,1,0.46,高风险
0.5,0.12,否,0.69,0.8,2.39,中级,1次,无,14.93,11.47,0.05,是,是,0.77,深基坑,11.16,0.68,0.24,0.93,0.77,1,0.51,无风险
0.5,0.19,否,0.62,0.78,16.89,中级,无,1次,27.82,33.06,0.11,是,是,0.41,车辆,3.22,1,0.19,0.73,0.36,4,0.39,低风险
0.59,0.47,否,0.74,0.79,6.32,中级,无,无,12.37,18.39,0.33,是,是,0.61,高支模,21.83,0.6,0.43,0.8,0.58,5,0.31,高风险
0.55,0.26,否,0.64,0.79,1.83,高级,1次,无,19.42,16.14,0.5,是,是,0.88,塔吊,17.08,0.89,0,0.76,0.94,4,0.82,无风险
0.78,0.19,否,0.49,0.7,6.53,无证,无,1次,11.33,60.07,0.17,是,是,0.56,深基坑,0.38,0.08,0,0.64,0.21,2,0.33,极高风险
0.16,0.46,否,0.81,0.87,0.92,初级,1次,1次,27.5,43.02,0.21,是,是,0.71,配电箱,4.08,0.35,0,0.89,0.86,1,0.5,高风险
0.74,0.9,否,0.74,0.73,0.62,中级,无,无,29.61,16.22,0.11,是,是,0.56,车辆,0.54,0.84,0,0.77,0.46,8,0.3,高风险
0.8,0.68,否,0.82,0.9,3.01,中级,1次,无,20.28,37.58,0.1,是,是,0.88,车辆,0.35,0.22,0.33,0.89,0.68,3,0.79,低风险
0.27,0.15,否,0.63,0.82,15.16,中级,无,1次,24.21,48.59,0.07,是,是,0.9,配电箱,5.85,0.81,0.24,0.65,0.62,1,0.52,中风险
0.87,0.23,否,0.62,0.85,3.87,高级,无,≥2次,16.91,14.21,0.36,是,是,0.74,深基坑,3.29,1,0.14,0.84,0.53,0,0.66,无风险
0.22,0.21,否,0.65,0.67,8.5,高级,1次,无,13.52,22.42,0.33,是,是,0.05,高支模,20.11,1,0.36,0.57,0.44,1,0.79,极高风险
0.73,0.49,否,0.76,0.85,8.39,初级,无,1次,14.24,28.13,0.15,否,是,0.49,高支模,10.46,0.48,0.1,0.87,0.33,6,0.7,极高风险
0.52,0.48,否,0.58,0.79,32.47,中级,无,无,11.27,28.48,0.25,是,是,0.29,深基坑,3.35,0.85,0.58,0.84,0.71,4,0.81,低风险
0.64,0.26,否,0.61,0.77,33.3,中级,无,无,35.98,18.14,0.04,是,是,0.51,塔吊,7.75,0.35,0.6,0.78,0.63,4,0.71,无风险
0.45,0.65,否,0.86,0.8,0.99,中级,无,1次,22.64,30.19,0.1,是,是,0.81,车辆,41.48,0.82,0,0.79,0.77,4,0.58,中风险
0.43,0.19,否,0.66,0.75,3.21,无证,无,1次,24.92,27.51,0.17,是,是,0.31,高支模,9.4,0.54,0.06,0.85,0.78,3,0.93,高风险
0.35,0.54,否,0.51,0.84,19.78,高级,无,无,27.35,26.01,0.65,是,是,0.79,车辆,4.52,0.76,0.29,0.87,0.77,7,0.74,低风险
0.61,0.17,否,0.74,0.91,16.51,高级,无,无,26.55,33.34,0.04,是,是,0.74,深基坑,10.96,0.35,0,0.9,0.64,1,0.82,无风险
0.42,0.39,否,0.61,0.53,8.8,中级,无,1次,24.68,18.38,0.2,是,是,0.61,塔吊,1.78,0.51,0.77,0.9,0.52,7,0.86,极高风险
0.7,0.41,否,0.74,0.87,6.77,中级,无,无,24.88,18.02,0.46,是,是,0.69,深基坑,1.77,0.63,0.16,0.8,0.7,3,0.65,无风险
0.29,0.12,否,0.51,0.83,1.4,中级,无,无,19.64,46.56,0.53,是,是,0.74,配电箱,5.74,0.75,0.26,0.85,0.71,2,0.82,中风险
0.74,0.25,否,0.78,0.61,0.15,中级,无,无,39.56,25.31,0.03,是,是,0.39,深基坑,1.11,0.23,0.06,0.92,0.97,2,0.42,无风险
0.79,0.56,否,0.69,0.94,9.47,高级,1次,无,45.52,15.36,0.01,是,是,0.98,配电箱,23.74,0.54,0.22,0.73,0.85,6,0.42,无风险
0.72,0.16,否,0.71,0.87,3.39,中级,≥2次,无,25.95,18.1,0.06,是,是,0.35,深基坑,10.78,0.14,0.05,0.82,0.36,3,0.38,高风险
0.18,0.38,否,0.72,0.7,5.29,初级,无,无,16.24,67.96,0.01,是,是,0.64,塔吊,26.86,0.26,0.38,0.88,0.38,0,0.5,极高风险
0.51,0.15,是,0.81,0.82,3.54,初级,无,无,11.84,81.8,0.24,是,是,0.74,车辆,13.58,1,0.24,0.8,0.34,1,0.82,极高风险
0.87,0.21,否,0.53,0.92,1.59,中级,无,无,9.52,62.02,0.16,是,是,0.14,车辆,0.58,0.96,0.17,0.7,0.53,1,0.73,高风险
0.36,0.33,否,0.67,0.81,10.53,初级,1次,≥2次,21.98,21.9,0.18,是,是,0.92,配电箱,13.19,0.47,0.46,0.59,0.41,1,0.86,极高风险
0.65,0.14,否,0.53,0.96,3.22,初级,无,无,12.76,19.38,0.04,是,是,0.79,车辆,7.26,0.41,0,0.87,0.75,1,0.54,无风险
0.82,0.31,否,0.83,0.85,9.86,高级,无,无,18.2,13.87,0.04,是,是,0.69,塔吊,23.46,0.55,0.23,0.94,0.93,2,0.65,无风险
0.51,0.2,否,0.69,0.88,1.47,中级,无,1次,18.36,32.88,0.23,是,是,0.36,高支模,4.34,0.14,0.45,0.79,0.71,1,0.72,高风险
0.66,0.24,否,0.69,0.75,6.63,中级,无,无,28.3,14.22,0.28,是,是,0.69,塔吊,7.47,0.46,0,0.85,0.91,1,0.69,无风险
0.57,0.19,否,0.65,0.84,3.74,高级,无,1次,16.04,20.12,0.55,是,是,0.78,车辆,9.32,0.77,0,0.84,0.6,1,0.57,无风险
0.24,0.24,否,0.75,0.89,3.19,初级,无,无,28.97,18.51,0.46,是,是,0.38,高支模,18.97,0.51,0,0.92,0.8,2,0.31,中风险
0.25,0.21,否,0.65,0.97,26.44,初级,无,无,26.54,39.22,0.03,是,是,0.89,配电箱,4.62,0.42,0.01,0.63,0.31,1,0.25,低风险
0.49,0.18,否,0.73,0.84,17.1,中级,无,1次,24.44,74.93,0.1,是,是,0.76,深基坑,3.11,0.61,0.18,0.81,0.65,5,0.78,低风险
0.8,0.06,否,0.54,0.96,15.42,中级,无,≥2次,32.88,32.37,0.29,是,是,0.56,配电箱,1.63,0.75,0.07,0.74,0.69,2,0.8,无风险
0.43,0.16,否,0.66,0.82,21.86,高级,无,无,20.95,39.99,0.54,是,是,0.91,塔吊,3.98,0.66,0.41,0.92,0.69,2,0.53,无风险
0.87,0.49,否,0.51,0.7,1.4,中级,无,无,20.48,10.83,0.41,是,是,0.45,高支模,13.31,0.83,0.05,0.89,0.46,1,0.78,低风险
0.61,0.23,否,0.81,0.88,1.82,中级,1次,无,51.53,9.98,0.26,是,是,0.56,车辆,22.31,1,0.95,0.61,0.44,5,0.58,极高风险
0.6,0.34,否,0.82,0.99,33.5,中级,1次,无,26.03,38.22,0.03,是,是,0.84,配电箱,1.44,0.58,0,0.56,0.16,3,0.65,无风险
0.92,0.44,否,0.58,0.84,28.01,高级,无,无,20.26,30.95,0.38,是,是,0.51,深基坑,12.95,0.77,0.38,0.99,0.89,2,0.77,无风险
0.51,0.17,否,0.8,0.91,1.13,中级,1次,无,35.76,60.64,0.1,是,是,0.64,高支模,18.34,0.8,0.31,0.88,0.35,6,0.74,高风险
0.87,0.32,否,0.78,0.68,1.45,初级,无,≥2次,10.68,11.58,0.11,是,是,0.89,深基坑,9.44,0.51,0.44,0.8,0.45,4,0.73,高风险
0.42,0.98,否,0.84,0.69,5.71,高级,无,1次,36.78,46.45,0.35,否,是,0.23,深基坑,3.1,0.65,0.25,0.92,0.27,0,0.65,极高风险
0.17,0.29,否,0.63,0.78,12.91,高级,无,无,11.76,18.15,0.19,是,是,0.85,塔吊,18.59,1,0.22,0.82,0.52,4,0.29,高风险
0.68,0.47,否,0.77,0.74,6.86,中级,无,1次,13.95,43.18,0.02,是,是,0.49,深基坑,1.95,1,0.27,0.74,0.04,3,0.27,高风险
0.77,0.6,否,0.52,0.58,7.15,中级,无,无,50.34,37.57,0.14,是,是,0.44,高支模,16.12,0.74,0.34,0.8,0.48,3,0.92,高风险
0.2,0.22,否,0.42,0.72,12.41,中级,无,无,18,25.25,0.15,是,是,0.45,配电箱,39.54,0.82,0.2,0.61,0.17,2,0.59,高风险
0.66,0.19,否,0.74,0.73,18.25,高级,无,≥2次,35.97,37.8,0.06,是,是,0.4,配电箱,20.42,1,0.22,0.92,0.91,2,0.71,低风险
0.66,0.27,否,0.7,0.63,5.35,中级,无,无,18.23,15.06,0.46,是,是,0.46,深基坑,28.05,0.28,0.13,0.83,0.69,1,0.75,中风险
0.66,0.15,否,0.87,0.81,2.72,初级,无,无,31.15,12.83,0.24,是,是,0.81,塔吊,43.54,0.41,0.45,0.8,0.52,1,0.36,中风险
0.56,0.21,否,0.78,0.65,0.55,高级,无,无,12.23,21.69,0.02,是,是,0.14,车辆,33.28,0.69,0,0.92,0.16,3,0.31,高风险
0.75,0.23,否,0.51,0.76,0.56,初级,无,无,44.02,61.13,0.29,是,是,0.41,塔吊,12.98,0.77,0.97,0.87,0.21,2,0.41,极高风险
0.63,0.31,否,0.71,0.87,11.15,中级,无,1次,6.34,14.48,0.61,是,是,0.72,塔吊,7.26,0.76,0.24,0.72,0.77,4,0.45,中风险
0.57,0.19,否,0.82,0.79,13.62,高级,无,1次,20.4,20.62,0.31,是,是,0.58,塔吊,3.11,0.75,0.06,0.93,0.69,1,0.18,无风险
0.73,0.52,否,0.74,0.89,37.12,初级,无,无,26.1,26.03,0.12,是,是,0.89,车辆,4.95,1,0.64,0.93,0.71,5,0.59,无风险
0.72,0.39,否,0.72,0.68,14.74,初级,无,1次,12.68,40.37,0.22,是,是,0.44,高支模,21.66,0.98,0.46,0.54,0.77,3,0.78,高风险
0.79,0.24,否,0.6,0.9,0.38,无证,1次,1次,21.32,15.76,0.11,是,是,0.52,配电箱,3.83,1,0.46,0.74,0.4,0,0.36,极高风险
0.74,0.36,否,0.73,0.59,12.25,中级,无,无,18.41,37.8,0.61,是,是,0.9,塔吊,21.85,0.83,0.11,0.9,0.43,5,0.48,高风险
0.43,0.56,否,0.87,0.78,18.09,中级,无,1次,26.68,77.05,0.18,是,是,0.88,配电箱,1.57,0.73,0.94,0.91,0.84,4,0.39,中风险
0.51,0.56,否,0.62,0.74,0.15,中级,无,1次,7.7,34.03,0.59,是,否,0.3,车辆,9.8,0.8,0.02,0.75,0.54,3,0.66,极高风险
0.27,0.3,否,0.75,0.61,1.85,中级,无,无,20.12,31.99,0.17,是,是,0.55,塔吊,19.1,0.48,0.52,0.69,0.34,4,0.71,极高风险
0.8,0.17,否,0.72,0.75,2.36,高级,无,无,14.9,25.5,0.37,是,是,0.32,高支模,2.39,0.88,0.16,0.8,0.48,3,0.76,无风险
0.88,0.91,否,0.8,0.94,4.49,中级,1次,1次,18.47,31.38,0.2,是,是,0.73,塔吊,36.49,0.82,0.01,0.77,0.79,2,0.1,高风险
0.9,0.7,否,0.63,0.83,22.27,高级,无,无,19.87,81.36,0.78,是,是,0.52,车辆,11.91,0.94,0.15,0.93,0.73,1,0.6,低风险
0.5,0.34,否,0.87,0.85,12.67,高级,无,≥2次,20.85,25.05,0.14,是,是,0.76,车辆,3.01,1,0.12,0.83,0.4,3,0.4,低风险
0.9,0.23,否,0.76,0.87,27.33,中级,无,1次,36.71,69.9,0.23,是,是,0.81,配电箱,13.09,0.6,0.03,0.77,0.67,3,0.53,无风险
0.54,0.47,否,0.74,0.84,6.34,初级,无,1次,33.05,15.38,0.41,是,是,0.69,塔吊,16.22,0.74,0.34,0.92,0.82,2,0.37,中风险
0.56,0.16,否,0.83,0.8,2.04,初级,无,1次,7.56,23.15,0.75,是,是,0.65,塔吊,3.33,0.79,0.07,0.87,0.3,6,0.87,高风险
0.61,0.23,否,0.6,0.8,1.11,高级,无,无,32.46,55.49,0.36,是,是,0.7,高支模,11.78,0.27,0.13,0.84,0.8,5,0.76,中风险
0.72,0.34,否,0.73,0.98,33.56,中级,无,无,9.35,29.8,0.15,是,是,0.6,塔吊,20.32,0.34,0,0.76,0.61,1,0.34,无风险
0.8,0.57,否,0.85,0.63,0.26,初级,无,无,13.52,27.78,0.39,是,是,0.86,塔吊,2.4,0.8,0.23,0.71,0.4,4,0.21,中风险
0.88,0.59,否,0.76,0.78,7.65,初级,无,无,13.94,26.22,0.44,是,是,0.8,深基坑,28.55,0.13,0,0.8,0.76,1,0.75,中风险
0.68,0.26,否,0.7,0.93,3.47,中级,无,无,20.93,24.36,0.25,是,是,0.25,深基坑,3.82,1,0.38,0.7,0.44,6,0.78,中风险
0.21,0.32,否,0.63,0.87,4.6,初级,1次,无,11.31,24.28,0.53,是,是,0.64,塔吊,3.2,0.59,0,0.93,0.86,3,0.85,中风险
0.37,0.22,否,0.77,0.76,7.7,中级,无,无,12.4,31.38,0.57,是,是,0.49,配电箱,8.25,1,0.13,0.72,0.76,4,0.61,中风险
0.46,0.38,否,0.65,0.83,7.13,初级,无,无,44.84,8.64,0.01,是,是,0.81,深基坑,12.92,0.81,0.03,0.97,0.75,1,0.18,无风险
0.56,0.82,否,0.9,0.8,0.01,中级,1次,无,13,31.24,0.12,是,是,0.64,车辆,15.4,0.65,0.26,0.85,0.34,2,0.38,极高风险
0.77,0.34,否,0.77,0.66,30.37,初级,无,1次,24.54,40.81,0.25,是,是,0.38,塔吊,23.39,0.22,0.1,0.64,0.62,5,0.72,高风险
0.32,0.41,否,0.68,0.7,2.01,初级,无,无,15.38,34.78,0.14,是,是,0.59,高支模,0.47,1,0.05,0.85,0.58,0,0.25,低风险
0.29,0.12,否,0.5,0.72,8.4,中级,无,1次,40.09,11.42,0.02,是,是,0.81,深基坑,52.28,0.43,0.92,0.87,0.81,5,0.33,高风险
0.77,0.87,否,0.58,0.77,0.93,无证,无,无,7.99,19.35,0.43,是,是,0.8,车辆,11.11,0.6,0,0.61,0.5,1,0.82,极高风险
0.66,0.47,否,0.77,0.8,5.21,中级,无,无,25.74,87.9,0.42,是,是,0.49,塔吊,3.46,0.72,0.47,0.48,0.92,2,0.79,中风险
0.33,0.16,否,0.69,0.94,15.75,初级,无,无,25.96,20.17,0.71,是,是,0.3,配电箱,47.3,0.1,0.07,0.8,0.59,3,0.86,高风险
0.71,0.34,否,0.75,0.71,1.29,初级,无,1次,15.89,10.45,0.36,是,是,0.53,配电箱,23.31,0.55,0.25,0.36,0.31,2,0.72,极高风险
0.75,0.67,否,0.77,0.59,16.34,无证,1次,1次,12.84,50.21,0.01,是,是,0.6,配电箱,14.82,1,0.08,0.77,0.68,3,0.85,极高风险
0.93,0.52,否,0.8,0.73,23.97,高级,无,无,18.65,34.89,0.39,是,是,0.48,车辆,21.24,0.92,0.61,0.82,0.48,2,0.5,中风险
0.62,0.27,否,0.76,0.72,0.93,中级,无,1次,11.37,26.89,0.1,是,是,0.25,塔吊,1.34,0.85,0.23,0.69,0.56,1,0.49,中风险
0.56,0.27,否,0.73,0.83,19.53,中级,无,无,20.84,38.07,0.02,是,是,0.38,深基坑,23.68,0.81,0.03,0.79,0.92,2,0.83,无风险
0.52,0.28,否,0.64,0.76,27.3,初级,无,无,30.53,23.73,0.09,是,是,0.31,配电箱,30.42,0.8,0.43,0.63,0.65,6,0.61,中风险
0.88,0.66,否,0.68,0.75,2.1,初级,无,无,42.3,20.58,0.17,是,是,0.7,高支模,13.02,0.76,0.24,0.73,0.67,6,0.81,中风险
0.1,0.36,否,0.63,0.77,8.14,中级,无,无,27.06,25.46,0.06,是,是,0.27,高支模,5.35,0.69,0,0.89,0.64,3,0.68,高风险
0.58,0.39,否,0.68,0.79,0.09,中级,1次,无,20.81,10.16,0.11,否,是,0.17,车辆,7.6,0.69,0.16,0.83,0.68,1,0.59,极高风险
0.65,0.17,是,0.83,0.65,18.59,中级,无,≥2次,51.86,17.16,0.4,是,是,0.74,深基坑,26.3,0.86,0.08,0.8,0.03,1,0.98,极高风险
0.67,0.17,否,0.69,0.77,15.86,初级,无,无,33.45,15.64,0.16,是,是,0.56,塔吊,22.95,0.4,0.71,0.83,0.83,4,0.3,中风险
0.63,0.24,否,0.68,0.94,17.17,中级,无,无,42.27,23.48,0.24,是,是,0.86,车辆,1.49,0.68,0.28,0.98,0.86,2,0.73,无风险
0.08,0.13,否,0.6,0.84,2.17,中级,无,无,16.95,11.55,0.52,是,是,0.37,深基坑,21.43,0.11,0,0.84,0.64,2,0.64,高风险
0.62,0.19,否,0.66,0.58,0.64,初级,无,无,26.11,44.79,0.3,是,是,0.78,深基坑,2.32,0.42,0.1,0.92,0.67,6,0.49,高风险
0.68,0.8,否,0.86,0.86,4.69,中级,≥2次,1次,9.55,20.21,0.18,是,是,0.55,高支模,12.32,0.79,0.32,0.84,0.66,4,0.67,极高风险
0.73,0.58,否,0.7,0.78,5.88,初级,无,无,24.86,37.41,0.19,是,是,0.67,车辆,16.25,0.85,0.27,0.75,0.77,3,0.68,中风险
0.84,0.39,否,0.67,0.75,1.23,中级,无,1次,25.69,16.42,0.38,是,是,0.42,高支模,3.43,0.75,0,0.89,0.66,2,0.7,无风险
0.75,0.71,否,0.71,0.78,11.2,初级,无,无,31.51,69.74,0.1,是,是,0.91,配电箱,16.44,0.25,0,0.57,0.57,2,0.96,中风险
0.69,0.44,否,0.67,0.89,3.04,初级,无,无,15.41,64.8,0.05,是,否,0.9,配电箱,3.46,1,0.02,0.96,0.89,1,0.75,高风险
0.58,0.33,否,0.69,0.79,3.05,中级,无,无,9.42,23.45,0.07,是,是,0.6,高支模,2.89,0.82,0,0.79,0.66,1,0.82,无风险
0.86,0.2,否,0.63,0.91,15.7,高级,无,1次,15.19,26.49,0.04,是,是,0.89,塔吊,27.51,0.5,0.74,0.86,0.5,6,0.39,低风险
0.51,0.36,否,0.65,0.87,15.77,中级,无,无,5.78,13.66,0.19,是,是,0.56,塔吊,20.17,1,0.36,0.82,0.84,4,0.39,低风险
0.55,0.2,否,0.77,0.82,5.59,中级,无,1次,25.45,24.15,0.12,是,是,0.46,塔吊,10.02,0.69,0.58,0.8,0.71,2,0.83,低风险
0.74,0.45,否,0.56,0.76,16.02,中级,无,1次,13.72,20.72,0.41,是,是,0.87,车辆,3.4,0.33,0,0.55,0.66,2,0.12,低风险
0.47,0.51,否,0.56,0.64,0.19,中级,无,无,13.94,24.7,0.53,是,是,0.77,高支模,26.88,1,0.21,0.67,0.58,2,0.54,高风险
0.48,0.21,否,0.67,0.89,1.47,初级,无,1次,40.07,78.32,0.28,是,是,0.86,车辆,25.2,0.44,0.14,0.53,0.68,4,0.87,极高风险
0.47,0.21,否,0.73,0.87,9.12,初级,无,无,13.23,24.66,0.05,是,是,0.49,塔吊,1.78,0.72,0,0.79,0.95,2,0.54,无风险
0.71,0.17,否,0.72,0.65,2.37,初级,无,无,28.68,29.12,0.39,是,是,0.5,塔吊,51.28,0.64,0.26,0.98,0.35,1,0.82,高风险
0.8,0.16,否,0.83,0.74,1.39,初级,无,≥2次,25.69,10.2,0.25,是,是,0.87,高支模,13.02,0.75,0.32,0.76,0.22,1,0.86,高风险
0.3,0.25,否,0.72,1,10.42,高级,无,无,40.61,16.77,0,是,是,0.74,塔吊,0.39,0.54,0.39,0.68,0.83,1,0.7,无风险
0.91,0.42,否,0.84,0.79,4.58,初级,1次,无,18.94,24.19,0.89,是,是,0.27,车辆,10.12,0.79,0,0.93,0.59,4,0.42,高风险
0.13,0.18,否,0.71,0.67,1.09,初级,无,无,25.33,56.39,0.72,是,是,0.82,深基坑,0.27,0.77,0.43,0.57,0.65,1,0.98,高风险
0.19,0.31,否,0.62,0.8,17.28,初级,1次,无,18.75,14.26,0.1,是,是,0.41,塔吊,6.35,1,0.3,0.62,0.26,2,0.55,高风险
0.65,0.22,否,0.76,0.91,15.26,初级,无,无,15.3,65.55,0.24,是,是,0.59,塔吊,30.72,0.53,0.15,0.63,0.71,1,0.56,中风险
0.05,0.14,否,0.84,0.8,19.5,中级,无,无,6.04,49.73,0.51,是,是,0.65,车辆,17.53,0.55,0,0.89,0.37,1,0.37,高风险
0.49,0.24,否,0.65,0.81,8.87,中级,无,无,24.32,23.53,0.15,是,是,0.93,塔吊,25.76,1,0.2,0.95,0.79,10,0.61,高风险
0.52,0.23,否,0.74,0.59,1.01,初级,无,无,16.39,33.93,0.68,是,否,0.46,塔吊,2.84,1,0.32,0.73,0.58,3,0.88,极高风险
0.26,0.19,否,0.51,0.76,4.64,高级,无,无,14.14,52.15,0.37,是,是,0.41,高支模,0.68,0.48,0.43,0.83,0.27,1,0.36,高风险
0.28,0.22,否,0.7,0.67,4.73,中级,无,1次,18.06,21.34,0.57,是,是,0.51,塔吊,20.38,1,0.63,0.7,0.24,3,0.34,极高风险
0.41,0.2,否,0.64,0.82,9.33,初级,无,无,7.88,35.17,0.24,是,是,0.98,车辆,14.98,0.44,0.13,0.68,0.59,2,0.5,中风险
0.88,0.58,否,0.68,0.81,3.59,初级,无,无,23.15,15.25,0.13,是,是,0.81,深基坑,45.5,1,0,0.78,0.71,3,0.42,无风险
0.2,0.1,否,0.46,0.74,6.98,中级,1次,无,28.86,14.92,0.11,是,是,0.77,车辆,10.51,0.43,0,0.98,0.08,0,0.71,高风险
0.47,0.2,否,0.6,0.77,35.66,中级,无,无,30.5,8.09,0.37,是,是,0.76,车辆,13.19,0.89,0,0.91,0.22,2,0.31,无风险
0.7,0.4,否,0.73,0.89,1.35,初级,无,1次,39.57,18.94,0.02,是,是,0.26,车辆,0.91,0.49,0.06,0.79,0.72,2,0.64,低风险
0.61,0.16,否,0.68,0.66,4.63,初级,无,无,41.34,25.74,0.53,是,是,0.31,高支模,16.5,1,0,0.8,0.46,2,0.47,中风险
0.84,0.23,否,0.66,0.65,1.59,初级,无,1次,20.97,21.37,0.25,是,是,0.72,塔吊,0.96,0.69,0.43,0.79,0.32,2,0.73,中风险
0.65,0.58,否,0.78,0.8,2.05,中级,无,无,40.64,12.68,0.03,是,是,0.78,高支模,20.33,0.71,0.27,0.78,0.4,2,0.64,低风险
0.58,0.83,否,0.7,0.81,3.74,初级,无,无,19.42,36.27,0.06,是,是,0.85,塔吊,25.42,0.82,0.51,0.75,0.74,2,0.74,高风险
0.51,0.33,否,0.68,0.73,22.43,无证,1次,无,39.95,31.05,0.15,是,是,0.57,塔吊,7.84,0.72,0.15,0.91,0.87,1,0.7,高风险
0.71,0.72,否,0.56,0.98,19.01,中级,无,无,19.02,12.65,0.06,是,是,0.78,高支模,10.46,0.4,0,0.35,0.53,4,0.61,无风险
0.82,0.43,否,0.61,0.66,7.53,中级,无,1次,23.53,75.58,0.29,是,是,0.66,配电箱,8.95,0.61,0.22,0.73,0.18,4,0.48,极高风险
0.22,0.11,否,0.69,0.96,1.28,无证,无,无,17.6,31.69,0.26,是,是,0.51,高支模,2.74,0.86,0.14,0.65,0.53,3,0.69,高风险
0.37,0.3,否,0.79,0.74,0.56,高级,无,无,14.89,25.54,0.07,否,是,0.85,深基坑,18.67,0.46,0.47,0.75,0.43,3,0.81,高风险
0.41,0.27,否,0.71,0.69,22.1,中级,无,无,16.3,57.89,0.2,是,否,0.27,高支模,16.05,1,0.3,0.56,0.83,2,0.53,极高风险
0.64,0.55,否,0.72,0.7,5.95,中级,无,无,32.34,30.16,0.12,是,是,0.71,车辆,1.78,0.63,0.49,0.87,0.78,4,0.85,无风险
0.58,0.36,否,0.75,0.79,4.93,初级,无,无,10.56,61.01,0.66,是,是,0.77,高支模,17.11,0.9,0.13,0.71,0.78,2,0.41,高风险
0.15,0.41,否,0.72,0.79,31.36,初级,无,无,15.19,29.42,0.08,是,是,0.21,车辆,11.4,0.15,0.41,0.65,0.66,4,0.25,极高风险
0.36,0.21,否,0.59,0.72,5.85,高级,无,无,10.99,35.29,0.35,是,是,0.52,深基坑,12.35,0.64,0.57,0.9,0.44,5,0.7,高风险
0.33,0.15,否,0.59,0.82,11.29,中级,1次,无,22.01,25.42,0.31,是,是,0.3,深基坑,1.28,0.93,0.23,0.86,0.57,3,0.63,低风险
0.55,0.5,否,0.72,0.77,0.17,初级,无,无,13.29,65.75,0.41,是,是,0.91,深基坑,24.37,0.43,0.29,0.91,0.25,2,0.89,极高风险
0.51,0.3,否,0.77,0.72,7.08,高级,无,≥2次,12.48,32.58,0.44,是,是,0.39,配电箱,8.49,0.69,0.22,0.56,0.72,3,0.49,极高风险
0.42,0.22,否,0.75,0.83,10.05,初级,无,无,22.47,11.86,0.06,是,是,0.9,塔吊,19.46,0.62,0.53,0.6,0.54,0,0.21,低风险
0.84,0.61,否,0.77,0.68,9.06,中级,无,1次,26.49,33.19,0.26,是,否,0.25,深基坑,2.69,0.91,0.45,0.53,0.3,3,0.48,极高风险
0.53,0.23,否,0.66,0.86,8.92,初级,无,无,22.59,41.99,0.54,是,是,0.6,车辆,19.62,0.34,0.06,0.64,0.75,6,0.2,极高风险
0.47,0.29,否,0.76,0.92,33.16,初级,1次,1次,46.26,45.26,0.54,是,是,0.91,深基坑,60.49,0.59,0,0.75,0.08,4,0.8,高风险
0.31,0.38,否,0.61,0.76,11.92,初级,无,无,7.16,26.62,0.24,是,是,0.82,车辆,2.56,0.3,0,0.85,0.89,2,0.27,无风险
0.38,0.41,否,0.65,0.52,5.92,高级,无,无,9.26,39.3,0.05,是,是,0.42,深基坑,31.7,0.63,0.31,0.94,0.83,6,0.5,高风险
0.85,0.21,否,0.63,0.7,2.96,中级,无,无,16.35,20.96,0.03,是,是,0.34,深基坑,27.44,1,0.14,0.79,0.79,2,0.62,无风险
0.83,0.15,否,0.61,0.68,11.53,中级,1次,无,21.38,23.05,0.08,是,是,0.92,车辆,1.06,0.83,0.31,0.94,0.82,1,0.4,无风险
0.89,0.1,否,0.51,0.64,6.29,初级,无,无,13.57,5.42,0.18,是,是,0.99,车辆,12.91,0.83,0.35,0.6,0.78,2,0.4,无风险
0.52,0.41,否,0.66,0.67,0.63,初级,无,无,19.91,51.92,0.19,是,是,0.52,深基坑,28.29,0.52,0.45,0.87,0.53,2,0.92,极高风险
0.7,0.07,否,0.83,0.89,2.01,中级,无,无,11.42,25.77,0.34,是,是,0.86,配电箱,4.04,0.53,0.15,0.9,0.64,5,0.58,无风险
0.8,0.79,否,0.87,0.8,6.54,高级,无,1次,44.48,43.8,0.08,是,是,0.67,配电箱,19.28,0.77,0.22,0.97,0.61,3,0.17,中风险
0.56,0.13,否,0.7,0.84,8.95,中级,无,1次,20.04,49.53,0.47,是,是,0.56,配电箱,28.03,1,0.44,0.99,0.64,3,0.55,高风险
0.45,0.33,否,0.84,0.73,17.28,高级,1次,无,9.67,45.74,0.19,是,是,0.44,深基坑,7.75,0.74,0.09,0.91,0.69,1,0.39,低风险
0.72,0.16,否,0.71,0.64,10.92,初级,无,无,7.32,38.86,0.12,是,是,0.43,高支模,7.3,0.59,0.09,0.84,0.55,2,0.69,低风险
0.62,0.18,否,0.7,0.73,5.28,中级,无,≥2次,20.98,30.84,0.35,是,是,0.89,车辆,1.88,0.41,0.06,0.92,0.68,2,0.86,低风险
0.95,0.39,否,0.63,0.74,5.89,中级,无,无,24.71,40.46,0.1,是,是,0.11,深基坑,15.69,1,0.26,0.9,0.6,1,0.67,高风险
0.81,0.39,否,0.91,0.76,7.62,高级,无,无,28.38,15.26,0.17,是,是,0.78,高支模,2.4,0.39,0.54,0.84,0.57,1,0.44,无风险
0.17,0.35,否,0.79,0.74,5.29,中级,无,无,10.6,30.8,0.15,是,是,0.62,配电箱,57.79,0.85,0.45,0.97,0.8,4,0.85,高风险
0.37,0.46,否,0.7,0.78,11.54,中级,无,无,47.1,114,0.43,是,是,0.44,深基坑,2.11,0.84,0.33,0.72,0.56,1,0.72,高风险
0.88,0.07,否,0.66,0.75,16.63,初级,无,无,19.49,33.48,0.02,是,是,0.55,车辆,37.08,0.41,0,0.79,0.56,5,0.47,低风险
0.48,0.44,是,0.56,0.78,3.06,中级,1次,1次,24.25,23.27,0.74,是,是,0.58,车辆,0.3,0.63,0.51,0.39,0.87,1,0.41,极高风险
0.62,0.46,否,0.87,0.66,29.5,中级,无,1次,32.68,98.21,0.11,是,是,0.87,高支模,0.37,0.34,0.51,0.9,0.86,1,0.68,无风险
0.84,0.25,否,0.5,0.77,3.65,中级,无,无,15.29,40.3,0.55,是,是,0.59,塔吊,2.9,0.49,0.25,0.77,0.55,2,0.69,中风险
0.38,0.21,否,0.58,0.67,0.69,初级,无,无,24,30.24,0.26,是,是,0.39,高支模,24.84,0.3,0.45,0.89,0.58,4,0.25,极高风险
0.86,0.53,否,0.88,0.81,8.61,中级,无,无,15.61,41.36,0.2,是,是,0.68,塔吊,8.69,0.77,0.05,0.88,0.61,3,0.4,无风险
0.79,0.32,否,0.73,0.84,8.85,高级,1次,无,8.32,26.12,0.16,是,是,0.47,配电箱,6.53,1,0.64,0.83,0.52,4,0.72,中风险
0.65,0.16,否,0.62,0.81,35.99,高级,无,1次,64.38,47.68,0.02,是,是,0.7,车辆,14.14,0.84,0.32,0.52,0.35,1,0.71,低风险
0.82,0.18,否,0.7,0.58,7.93,无证,≥2次,1次,27.42,57.3,0.19,是,否,0.85,车辆,22.65,0.69,0.05,0.84,0.68,1,0.38,极高风险
0.41,0.95,否,0.64,0.75,7.81,中级,无,≥2次,11.87,36.94,0.01,是,是,0.93,塔吊,10.95,0.56,0,0.81,0.68,2,0.75,高风险
0.59,0.51,否,0.61,0.89,3.95,中级,无,无,18.31,34.06,0.03,是,是,0.78,塔吊,22.49,0.69,0.01,0.86,0.69,1,0.59,无风险
0.78,0.18,否,0.75,0.69,16.74,高级,无,无,12.74,42.75,0.06,是,是,0.62,车辆,17.03,1,0.27,0.87,0.87,1,0.58,无风险
0.69,0.26,否,0.86,0.81,18.69,中级,1次,1次,38.9,33.76,0.28,是,是,0.66,配电箱,13.21,0.56,0.58,0.85,0.35,3,0.62,高风险
0.63,0.23,否,0.69,0.7,0.13,中级,无,1次,10.99,17.03,0.04,是,是,0.74,塔吊,21.33,0.56,0.14,0.8,0.83,3,0.72,无风险
0.44,0.21,否,0.79,0.89,4.73,中级,无,≥2次,15.97,68.81,0.45,是,是,0.87,深基坑,95.02,0.74,0.14,0.86,0.41,2,0.76,极高风险
0.68,0.31,否,0.76,0.79,15.71,初级,无,1次,24.23,46.5,0.24,是,是,0.58,塔吊,8.28,0.57,0,0.91,0.08,4,0.51,高风险
0.63,0.27,否,0.61,0.81,9.88,高级,无,无,22.83,15.1,0.06,是,是,0.78,高支模,8.69,0.54,0.14,0.97,0.82,2,0.75,无风险
0.59,0.59,否,0.77,0.8,2.01,中级,无,1次,29.38,54.15,0.1,是,是,0.67,车辆,15,1,0.09,0.91,0.23,1,0.65,高风险
0.75,0.42,否,0.6,0.88,8.56,中级,无,1次,9.32,15.53,0.02,是,否,0.83,配电箱,21.63,0.81,0,0.8,0.74,0,0.32,高风险
0.75,0.33,否,0.69,0.74,1.56,初级,无,无,24.47,16.73,0.04,是,是,0.67,高支模,6.13,0.54,0.31,0.79,0.74,4,0.8,低风险
0.27,0.38,否,0.62,0.87,0.61,初级,无,无,16.84,34.49,0.15,是,是,0.17,高支模,5.63,0.9,0.65,0.92,0.24,3,0.37,极高风险
0.3,0.14,否,0.69,0.84,4.66,无证,无,无,10.86,31.77,0.19,是,是,0.61,高支模,35.44,0.48,0.23,0.93,0.79,0,0.65,高风险
0.2,0.13,否,0.58,0.76,11.41,高级,无,无,32.68,56.34,0.52,否,是,0.75,配电箱,23.67,0.64,0.17,0.8,0.43,5,0.61,极高风险
0.84,0.26,是,0.69,0.62,1.54,中级,无,1次,67.36,32.92,0.12,是,是,0.57,配电箱,8.8,0.59,0.82,0.74,0.7,4,0.37,极高风险
0.53,0.27,否,0.59,0.84,4.54,中级,无,无,8.02,29.97,0.34,是,是,0.75,高支模,0.91,1,0.18,0.72,0.84,5,0.24,低风险
0.48,0.13,否,0.62,0.75,15.3,中级,无,无,14.85,89.98,0.06,是,是,0.26,深基坑,42.31,0.89,0.41,0.83,0.55,8,0.9,极高风险
0.7,0.13,否,0.77,0.74,6.96,中级,无,1次,29.22,44.09,0.5,是,是,0.86,高支模,3.67,0.49,0.16,0.89,0.86,2,0.67,无风险
0.39,0.55,否,0.82,0.83,3.82,高级,1次,无,16.19,24.83,0.14,否,是,0.89,高支模,14.82,0.82,0.03,0.52,0.61,2,0.74,高风险
0.92,0.35,否,0.85,0.84,1.75,中级,无,1次,18.51,51.84,0.1,是,是,0.62,配电箱,1.69,0.8,0.14,0.88,0.73,2,0.58,无风险
0.26,0.62,否,0.61,0.97,1.01,高级,无,无,21.07,14.05,0.64,是,是,0.92,配电箱,5.14,1,0.27,0.78,0.64,0,0.57,低风险
0.35,0.48,是,0.53,0.82,3.13,高级,1次,无,28.3,26.61,0.12,是,是,0.82,车辆,15.01,0.73,0.23,0.69,0.85,1,0.56,极高风险
0.22,0.17,否,0.63,0.91,7.37,无证,1次,无,12.42,68.45,0.04,是,是,0.6,车辆,56.23,0.4,0.84,0.91,0.61,8,0.28,极高风险
0.6,0.32,否,0.64,0.68,25.15,初级,无,1次,53.91,114.3,0.21,是,是,0.42,塔吊,20.58,0.83,0.02,0.81,0.62,1,0.65,中风险
0.31,0.46,否,0.75,0.89,11.75,初级,无,无,20.78,63.13,0.68,否,是,0.86,车辆,18.88,0.76,0.42,0.77,0.39,0,0.72,极高风险
0.09,0.15,否,0.46,0.85,9.93,中级,无,无,8.59,57.51,0.15,是,是,0.68,高支模,16.14,1,0.25,0.93,0.83,2,0.78,高风险
0.73,0.11,否,0.59,0.67,11.23,中级,无,无,42.84,9.39,0.23,是,是,0.79,塔吊,9.31,0.88,0,0.91,0.94,5,0.9,无风险
0.05,0.19,否,0.47,0.86,13.05,中级,无,无,32.93,29.01,0.04,是,是,0.36,配电箱,19.85,1,0,0.9,0.72,1,0.88,高风险
0.78,0.13,否,0.62,0.85,4.6,中级,无,1次,49.37,69.59,0.71,是,是,0.81,车辆,8.67,0.98,0.39,0.59,0.75,3,0.49,高风险
0.25,0.24,否,0.57,0.85,35.83,高级,无,无,20.38,23.65,0.65,是,是,0.68,深基坑,4.42,0.22,0.06,0.85,0.84,3,0.58,无风险
0.39,0.4,否,0.86,0.66,13.62,中级,无,1次,16.24,38.93,0.17,是,是,0.54,高支模,24.66,0.69,0.38,0.81,0.12,2,0.92,极高风险
0.59,0.3,否,0.8,0.82,14.3,中级,1次,无,13.1,34.47,0.02,是,是,0.88,深基坑,19.31,0.33,0.06,0.69,0.77,0,0.89,无风险
0.65,0.22,否,0.84,0.74,14.27,中级,无,1次,35.29,25.07,0.22,是,是,0.45,深基坑,23.43,0.46,0.24,0.77,0.59,4,0.39,高风险
0.82,0.64,否,0.89,0.95,1.98,中级,1次,无,15.79,16.5,0.04,是,是,0.9,塔吊,1.64,1,0.29,0.64,0.26,2,0.39,无风险
0.61,0.21,否,0.73,0.81,17.16,无证,无,1次,39.92,32.52,0.35,是,是,0.61,车辆,20.86,0.58,0.01,0.8,0.64,1,0.9,高风险
0.48,0.8,否,0.85,0.87,1.52,高级,无,无,43.9,27.18,0.2,是,是,0.68,车辆,37.5,1,0.35,0.94,0.87,6,0.4,高风险
0.56,0.1,否,0.6,0.82,4.25,中级,无,无,12.93,57.63,0.29,是,是,0.46,塔吊,0.14,0.52,0.62,0.85,0.09,2,0.9,高风险
0.66,0.6,否,0.69,0.86,7.24,中级,无,无,31.39,53.18,0.58,是,是,0.62,塔吊,22.62,0.19,0.36,0.74,0.82,2,0.67,高风险
0.2,0.28,否,0.52,0.76,2.06,初级,≥2次,无,46.1,24.94,0.14,是,是,0.63,塔吊,13.97,0.24,0.21,0.7,0.21,5,0.46,极高风险
0.84,0.27,否,0.82,0.62,21.29,中级,无,无,14.36,54.44,0.15,是,是,0.67,配电箱,54.42,0.36,0.38,0.81,0.65,0,0.11,中风险
0.35,0.39,否,0.7,0.83,3.15,无证,无,无,10.32,35.24,0.01,是,是,0.75,深基坑,26.22,0.4,0.4,0.77,0.6,1,0.5,极高风险
0.49,0.13,否,0.81,0.7,8.96,中级,无,无,15.63,26.09,0.13,是,是,0.45,车辆,4.44,0.49,0.06,0.86,0.74,0,0.58,无风险
0.81,0.39,否,0.71,0.87,2.92,初级,无,无,39.65,28.02,0.33,是,是,0.58,配电箱,26.49,0.47,0.17,0.92,0.53,2,0.76,中风险
0.77,0.29,否,0.77,0.75,12.56,中级,无,1次,24.06,36.59,0.07,是,是,0.15,车辆,17.23,0.63,0,0.88,0.59,0,0.67,高风险
0.84,0.23,否,0.68,0.8,7.43,初级,1次,无,27.96,19.63,0.3,是,是,0.91,配电箱,12.54,0.71,0.39,0.78,0.69,3,0.65,中风险
0.77,0.34,否,0.84,0.75,25.96,中级,无,无,54.11,35.04,0.25,是,是,0.8,配电箱,22.42,0.42,0,0.88,0.72,3,0.7,无风险
0.86,0.45,否,0.8,0.8,1.69,初级,无,无,19.7,72.71,0.36,是,否,0.75,车辆,4.24,0.93,0.66,0.7,0.76,2,0.72,极高风险
0.93,0.14,否,0.58,0.7,6.63,初级,1次,无,27.05,13.19,0.36,是,是,0.71,深基坑,27.69,1,0,0.83,0.89,8,0.62,低风险
0.59,0.2,否,0.57,0.9,6.34,高级,1次,无,16.72,55.27,0.03,是,是,0.56,深基坑,8.04,0.52,0.12,0.92,0.46,4,0.44,低风险
0.4,0.45,否,0.74,0.71,1.56,高级,1次,≥2次,20.39,35.58,0.13,是,是,0.51,车辆,1.23,1,0.04,0.81,0.75,6,0.71,中风险
0.55,0.49,否,0.4,0.93,14.59,初级,无,无,6.82,28.69,0.63,是,是,0.15,塔吊,13.7,0.88,0.55,0.96,0.49,3,0.77,极高风险
0.6,0.42,否,0.74,0.94,5.44,初级,无,≥2次,39.92,30.92,0.33,是,是,0.62,配电箱,14.08,0.95,0.31,0.74,0.66,1,0.81,极高风险
0.32,0.38,否,0.66,0.82,30.41,初级,无,无,31,6.54,0.31,是,是,0.77,高支模,4.48,0.57,0.46,0.72,0.7,1,0.39,无风险
0.52,0.54,否,0.59,0.82,10.63,中级,无,无,25.69,90.24,0.45,是,否,0.57,塔吊,28.92,0.43,0.02,1,0.76,0,0.55,极高风险
0.78,0.39,否,0.77,0.83,4.4,初级,无,无,10.56,35.11,0.04,是,是,0.79,高支模,36.71,1,0.33,0.63,0.69,2,0.82,中风险
0.16,0.35,否,0.55,0.84,23.93,高级,无,无,19.9,30.91,0.01,是,否,0.83,高支模,17.04,0.38,0.05,0.97,0.9,0,0.69,极高风险
0.41,0.24,否,0.78,0.73,4.62,初级,无,≥2次,33.72,28.84,0.1,是,是,0.67,深基坑,20.84,0.77,0.33,0.75,0.38,4,0.75,极高风险
0.74,0.37,否,0.71,0.94,31.85,中级,无,1次,22.8,28.42,0,是,是,0.75,塔吊,38.67,1,0.19,0.65,0.59,1,0.58,无风险
0.9,0.23,否,0.66,0.89,6.87,中级,无,无,17.69,28.61,0.09,是,是,0.93,车辆,5.59,0.35,0.22,0.89,0.47,2,0.73,无风险
0.55,0.11,否,0.45,0.87,3.58,无证,无,无,9.82,21.11,0.24,是,是,0.57,塔吊,7.36,0.47,0.86,0.86,0.36,1,0.52,极高风险
0.59,0.47,否,0.64,0.8,5.3,初级,无,1次,15.86,100.13,0.27,是,是,0.26,塔吊,16.2,0.48,0,0.63,0.34,5,0.37,极高风险
0.35,0.27,否,0.65,0.73,10.3,中级,无,≥2次,27,17.92,0.31,是,否,0.64,高支模,1.79,0.29,0,0.95,0.33,1,0.7,极高风险
0.28,0.21,否,0.61,0.76,5,中级,无,无,36.61,14.49,0.35,是,是,0.85,塔吊,1.57,1,0.33,0.65,0.27,1,0.82,低风险
0.37,0.33,否,0.64,0.84,6.7,中级,无,无,20.77,22.87,0.51,是,是,0.46,高支模,3.64,0.47,0.11,0.81,0.6,4,0.65,中风险
0.48,0.22,否,0.57,0.79,21.49,初级,无,≥2次,29.38,21.61,0.37,是,是,0.32,高支模,1.03,0.64,0.04,0.81,0.78,3,0.91,中风险
0.28,0.24,否,0.53,0.75,0.98,初级,无,无,19.89,14.24,0.21,是,是,0.59,车辆,21.01,1,0.26,0.86,0.61,3,0.33,高风险
0.7,0.12,否,0.85,0.81,4.76,中级,无,无,14.41,50.34,0.59,是,是,0.44,深基坑,22.26,0.52,0.44,0.82,0.57,3,0.62,高风险
0.8,0.57,否,0.59,0.81,21.87,初级,无,1次,20.89,37.3,0.43,是,是,0.83,深基坑,35.86,0.36,0.54,0.95,0.71,2,0.41,极高风险
0.77,0.25,否,0.85,0.64,7.06,初级,无,无,41.62,61.94,0.12,是,是,0.74,深基坑,44.14,1,0,0.96,0.7,2,0.58,低风险
0.66,0.14,否,0.61,0.77,23.44,高级,无,无,16.71,53.94,0.19,是,是,0.3,车辆,32.34,0.85,0,0.7,0.22,4,0.55,低风险
0.95,0.6,否,0.73,0.83,15.64,中级,无,≥2次,15.5,33.44,0.44,是,是,0.69,塔吊,52.08,0.73,0,0.96,0.84,2,0.78,中风险
0.41,0.83,否,0.73,0.68,2.08,高级,无,无,20.65,16.89,0.09,是,是,0.27,高支模,27.4,0.63,0.61,0.92,0.81,2,0.84,高风险
0.73,0.13,否,0.64,0.72,5.19,中级,1次,无,36.59,85.19,0.05,是,是,0.61,车辆,1.84,0.53,0.18,0.52,0.76,0,0.97,低风险
0.47,0.16,否,0.57,0.77,1.8,高级,1次,无,15.95,26.14,0.09,是,是,0.69,车辆,20.28,1,0,0.63,0.18,1,0.57,低风险
0.75,0.74,否,0.83,0.74,6.51,中级,无,无,14.5,48.09,0.23,是,是,0.53,配电箱,3.69,0.77,0.46,0.79,0.05,1,0.39,极高风险
0.51,0.24,否,0.6,0.9,13.39,中级,无,无,24.62,56.25,0.22,是,是,0.62,配电箱,3.2,1,0.17,0.56,0.45,6,0.69,中风险
0.2,0.2,否,0.64,0.91,10.12,中级,无,无,9.58,33.19,0.29,是,是,0.59,车辆,10.06,0.71,0.11,0.86,0.84,3,0.78,低风险
0.52,0.95,否,0.64,0.83,1.43,中级,无,无,13.92,69.26,0.18,否,是,0.24,高支模,1.78,1,0.14,0.8,0.63,1,0.64,极高风险
0.65,0.12,否,0.61,0.77,13.84,中级,无,1次,23.44,46.68,0.5,是,是,0.64,车辆,12.33,0.78,0,0.61,0.3,2,0.73,中风险
0.75,0.08,否,0.71,0.77,6.38,中级,无,1次,16.58,20.43,0.67,是,是,0.75,深基坑,14.04,1,0,0.95,0.6,2,0.69,无风险
0.57,0.1,否,0.74,0.97,1.19,初级,无,1次,15.43,33.62,0.13,是,是,0.61,配电箱,33.58,0.75,0.32,0.8,0.67,4,0.7,中风险
0.92,0.2,否,0.58,0.72,0.37,初级,无,无,9.32,21.63,0.75,是,是,0.96,配电箱,3.19,0.45,0.26,0.73,0.6,6,0.72,中风险
0.85,0.18,否,0.65,0.83,16.49,中级,无,无,28.45,62.39,0.09,是,是,0.55,配电箱,18.08,0.82,0.26,0.66,0.85,2,0.32,低风险
0.41,0.37,是,0.71,0.75,21.69,高级,无,无,15.93,25.94,0.04,是,否,0.78,车辆,0.85,0.49,0.29,0.88,0.85,1,0.72,极高风险
0.4,0.68,否,0.61,0.73,19.22,初级,无,无,25.04,42.23,0.4,是,是,0.22,深基坑,10.2,0.16,0.25,0.79,0.61,3,0.44,极高风险
0.9,0.69,否,0.87,0.82,12.28,中级,无,无,18.67,84.09,0.8,是,是,0.82,配电箱,2.79,0.32,0.49,0.89,0.37,2,0.21,极高风险
0.64,0.21,否,0.84,0.93,4.63,中级,无,无,39.99,17.15,0.45,是,是,0.82,车辆,14.41,1,0.58,0.91,0.86,5,0.91,低风险
0.74,0.28,否,0.83,0.72,13.63,初级,无,1次,29.44,32.48,0.07,是,是,0.8,车辆,2.24,0.7,0.07,0.97,0.86,2,0.41,无风险
0.71,0.26,否,0.72,0.82,21.19,高级,无,无,20.14,28.46,0.51,是,是,0.61,高支模,11.66,0.13,0,0.89,0.73,1,0.72,无风险
0.43,0.79,否,0.77,0.92,25.43,初级,无,无,14.96,55.49,0.14,是,是,0.76,配电箱,25.67,1,0.09,0.94,0.73,2,0.78,低风险
0.75,0.54,否,0.79,0.92,8.38,中级,无,1次,38.38,42.55,0.36,是,是,0.6,高支模,25.79,0.55,0.27,0.92,0.37,1,0.25,极高风险
0.83,0.58,否,0.58,0.97,0.98,中级,无,无,28.08,62.72,0.26,是,是,0.69,高支模,4.83,0.37,0.4,0.71,0.73,1,0.62,中风险
0.7,0.24,否,0.77,0.83,24.82,高级,无,≥2次,27.94,41.97,0.14,是,是,0.75,高支模,2.06,0.84,0.31,0.95,0.85,1,0.79,无风险
0.81,0.12,否,0.7,0.95,10.26,初级,1次,无,10.25,81.6,0.53,否,是,0.52,高支模,8.64,0.34,0.2,0.71,0.26,8,0.51,极高风险
0.68,0.16,否,0.67,0.88,13.66,中级,无,无,23.05,38.19,0.17,是,是,0.36,塔吊,21.59,0.73,0.07,0.94,0.61,1,0.33,无风险
0.81,0.29,否,0.73,0.87,4.69,初级,无,1次,18.87,26.34,0.79,是,否,0.74,车辆,23.59,0.89,0.62,0.96,0.9,1,0.41,极高风险
0.33,0.18,否,0.64,0.96,22.33,中级,无,无,35.69,43.45,0.21,是,是,0.9,塔吊,78.1,1,0.19,0.82,0.54,7,0.83,低风险
0.5,0.14,否,0.74,0.97,7.01,中级,无,无,16.68,25.87,0.04,是,是,0.3,车辆,14.96,1,0.26,0.75,0.41,2,0.85,低风险
0.27,0.39,否,0.8,0.83,9.73,无证,≥2次,无,15.36,68.97,0.35,是,是,0.5,车辆,12.8,1,0.48,0.74,0.65,4,0.3,极高风险
0.35,0.31,否,0.6,0.85,4.22,高级,无,1次,21.67,20.06,0.21,是,是,0.72,塔吊,16.45,0.24,0.39,0.94,0.81,2,0.71,低风险
0.69,0.14,否,0.69,0.78,19.9,中级,无,无,71.54,44.06,0.15,是,是,0.77,高支模,24.23,0.53,0.21,0.84,0.27,5,0.54,中风险
0.67,0.39,否,0.65,0.82,10.24,高级,无,无,25.23,20.79,0.05,是,否,0.58,深基坑,28.91,1,0.32,0.73,0.59,2,0.42,高风险
0.58,0.72,否,0.84,0.74,1.69,中级,无,1次,31.11,33.49,0.27,是,是,0.76,车辆,17.33,0.66,0.44,0.87,0.65,2,0.89,高风险
0.48,0.28,否,0.74,0.74,21.96,初级,无,无,32.01,62.67,0.08,是,是,0.93,车辆,52.88,0.36,0.42,0.9,0.9,2,0.7,低风险
0.43,0.22,否,0.48,0.79,6.19,高级,无,无,22.48,79.32,0.05,是,是,0.33,配电箱,4.17,0.77,0.67,1,0.59,5,0.15,极高风险
0.56,0.21,否,0.72,0.72,3.79,初级,无,无,26.59,45.17,0.07,是,是,0.95,车辆,14.33,0.91,0.15,0.49,0.48,1,0.64,中风险
0.57,0.4,否,0.87,0.65,2.04,初级,无,1次,21.03,13.26,0.66,是,是,0.75,配电箱,1.79,0.66,0,0.98,0.74,1,0.7,低风险
0.25,0.41,否,0.6,0.94,9.95,中级,无,无,12.69,23.57,0.03,否,否,0.63,深基坑,15.98,0.61,0.1,0.84,0.84,6,0.25,极高风险
0.69,0.37,否,0.76,0.69,11.86,中级,无,无,12.48,12.52,0.38,是,是,0.39,深基坑,5.6,0.62,0.56,0.9,0.86,0,0.52,低风险
0.66,0.33,否,0.65,0.83,7.47,中级,无,无,30.27,27.21,0.12,是,是,0.56,高支模,3.26,0.52,0.58,0.85,0.73,3,0.79,低风险
0.4,0.18,否,0.64,0.83,0.52,中级,无,≥2次,10.11,16.54,0.69,是,是,0.74,配电箱,28.06,0.21,0.23,0.96,0.28,0,0.55,极高风险
0.65,0.31,否,0.63,0.94,4.92,高级,无,1次,36.16,25.5,0.08,否,是,0.61,配电箱,39.41,0.48,0.36,0.81,0.8,2,0.66,高风险
0.33,0.42,否,0.56,0.68,6.62,中级,无,1次,66.92,27.45,0.44,否,是,0.77,高支模,2.82,0.57,0.08,0.59,0.41,0,0.59,极高风险
0.43,0.58,否,0.61,0.76,4.66,初级,无,无,22.05,48.61,0.07,是,是,0.64,深基坑,0.27,0.13,0.33,0.75,0.55,5,0.66,极高风险
0.46,0.37,否,0.6,0.77,10.5,中级,1次,无,24.03,42.5,0.45,是,是,0.73,深基坑,28.86,0.35,0.61,0.92,0.57,3,0.75,极高风险
0.97,0.1,否,0.58,0.62,6.65,中级,无,无,19.1,22.08,0.18,否,是,0.69,车辆,33.59,1,0.03,0.97,0.71,4,0.56,高风险
0.51,0.33,否,0.82,0.91,1.64,高级,≥2次,≥2次,10.67,42.24,0.2,是,是,0.72,塔吊,2.93,0.48,0.11,0.57,0.91,4,0.56,高风险
0.38,0.4,否,0.76,0.82,18.3,中级,无,无,29.95,10.96,0.49,是,是,0.86,车辆,16.67,0.44,0.6,0.53,0.25,2,0.46,高风险
0.25,0.22,否,0.79,0.96,30.02,中级,无,1次,21.52,47.68,0.21,是,是,0.29,高支模,5.66,0.58,0.05,0.79,0.75,3,0.58,低风险
0.88,0.16,否,0.56,0.86,7.64,中级,无,无,24.91,51.19,0.46,是,是,0.27,配电箱,2.07,0.91,0.46,0.82,0.17,2,0.74,中风险
0.75,0.24,否,0.58,0.7,6.51,初级,1次,无,26.85,24.36,0.01,是,是,0.61,深基坑,2.04,0.8,0.23,0.82,0.83,4,0.43,低风险
0.82,0.18,否,0.75,0.87,13.35,初级,无,无,22.63,35.62,0.22,是,是,0.64,高支模,2.25,0.61,0,0.69,0.32,7,0.6,低风险
0.66,0.46,否,0.55,0.67,14.07,中级,无,无,39.2,47.03,0.01,是,是,0.86,塔吊,1.63,0.63,0.12,0.76,0.73,2,0.66,无风险
0.72,0.36,是,0.69,0.78,3.28,高级,无,1次,9.96,27.85,0.04,是,是,0.81,塔吊,24.91,1,0,0.95,0.83,4,0.76,高风险
0.39,0.18,否,0.59,0.8,0.49,初级,1次,无,15.82,9.87,0.45,是,是,0.41,高支模,4.62,1,0.13,0.94,0.3,0,0.65,高风险
0.21,0.14,否,0.59,0.78,10.49,高级,无,≥2次,17.9,16.94,0.33,是,是,0.95,塔吊,10.08,1,0.8,0.91,0.57,2,0.59,中风险
0.26,0.31,否,0.58,0.68,2.53,初级,无,无,21.86,13.59,0.24,是,是,0.14,深基坑,0.83,0.46,0.25,0.74,0.37,0,0.65,高风险
0.83,0.3,否,0.79,0.8,3.76,高级,无,无,11.36,12.33,0.08,是,是,0.86,深基坑,0.84,0.53,0.18,0.73,0.39,1,0.67,无风险
0.39,0.2,否,0.85,0.76,8.87,中级,1次,1次,44.49,37.44,0.16,是,是,0.78,高支模,17.44,0.73,0,0.87,0.83,5,0.83,低风险
0.63,0.37,否,0.68,0.84,5.37,中级,无,1次,88.34,50.23,0.29,是,是,0.52,车辆,21.49,0.62,0.14,0.68,0.88,1,0.68,高风险
0.46,0.5,否,0.56,0.62,6.92,中级,无,无,22.16,38.47,0.51,是,是,0.9,塔吊,2.93,0.35,0,0.67,0.47,2,0.39,中风险
0.44,0.22,否,0.81,0.74,1.45,高级,无,无,12.07,25.78,0.18,是,是,0.25,塔吊,3.67,0.36,0.46,0.78,0.74,2,0.17,中风险
0.78,0.26,否,0.67,0.93,26.6,中级,1次,≥2次,13.33,37.24,0.26,是,是,0.91,配电箱,11.39,0.27,0.19,0.94,0.84,2,0.55,中风险
0.83,0.87,否,0.7,0.61,4.63,中级,1次,1次,10.05,26.52,0.06,是,是,0.4,高支模,2.73,1,0.37,0.83,0.8,6,0.49,高风险
0.41,0.14,否,0.48,0.69,4.07,初级,无,无,8.58,21.51,0.38,是,是,0.13,配电箱,0.55,0.24,0.57,0.95,0.63,0,0.55,高风险
0.54,0.43,否,0.78,0.73,2.84,中级,无,无,32.35,39.9,0.59,是,是,0.88,深基坑,3.4,0.65,0.5,0.82,0.33,4,0.8,高风险
0.56,0.23,否,0.79,0.81,5.14,高级,无,无,15.64,44.32,0.43,是,是,0.72,深基坑,27.63,0.71,0.25,0.82,0.22,3,0.72,高风险
0.12,0.28,否,0.62,0.78,1.82,初级,≥2次,1次,17.47,21.86,0.03,是,是,0.46,车辆,8.19,0.26,0.38,0.79,0.67,4,0.8,极高风险
0.79,0.13,否,0.66,0.91,10.4,中级,1次,无,79.66,13.89,0.64,是,是,0.87,配电箱,23.16,0.77,0,0.75,0.14,3,0.82,低风险
0.89,0.59,否,0.78,0.76,16.27,中级,≥2次,1次,34.38,51.97,0.12,是,是,0.5,深基坑,0.36,0.6,0.04,0.83,0.8,3,0.64,中风险
0.7,0.5,否,0.79,0.81,28.74,高级,无,无,8.26,49.23,0.18,是,否,0.83,塔吊,3.01,0.95,0.68,0.87,0.74,2,0.75,高风险
0.83,0.38,否,0.68,0.88,1.95,无证,无,1次,23.07,32.59,0,是,是,0.74,塔吊,12.12,1,0.15,0.86,0.32,2,0.79,高风险
0.55,0.35,否,0.67,0.82,2.97,初级,1次,无,20,66.61,0.5,是,是,0.87,车辆,39,0.87,0.41,0.7,0.77,2,0.69,极高风险
0.81,0.15,否,0.78,0.69,37.17,中级,无,1次,10.94,17.3,0.03,是,是,0.43,高支模,11.54,0.53,0,0.77,0.74,3,0.81,无风险
0.8,0.39,否,0.56,0.61,3,初级,无,无,19.53,26.9,0.37,是,是,0.89,深基坑,1.64,0.36,0,0.81,0.56,6,0.29,低风险
0.74,0.6,否,0.73,0.61,21.58,高级,无,无,42.75,23.37,0.27,是,是,0.13,高支模,13.26,0.57,0.39,0.83,0.62,4,0.73,高风险
0.81,0.1,否,0.67,0.94,6.23,中级,无,1次,35.92,35.84,0.16,是,是,0.96,配电箱,20.78,0.2,0.41,0.66,0.72,3,0.92,低风险
0.34,0.28,否,0.65,0.78,1.58,中级,≥2次,1次,22.64,12.26,0.63,是,是,0.75,深基坑,12.23,0.79,0.59,0.75,0.4,2,0.59,极高风险
0.5,0.46,否,0.55,0.58,8.14,高级,无,无,28.09,65.59,0.18,是,是,0.68,高支模,0.25,0.5,0.36,0.5,0.67,4,0.81,高风险
0.04,0.23,否,0.56,0.64,25.39,高级,无,无,20.9,60.87,0.37,是,是,0.13,车辆,2.08,1,0,0.92,0.48,2,0.92,极高风险
0.36,0.26,否,0.77,0.76,4.21,无证,无,1次,14.97,63.46,0.1,是,是,0.68,塔吊,15.82,0.76,0.44,0.86,0.44,3,0.57,极高风险
0.61,0.39,否,0.78,0.87,6.58,中级,无,1次,21.01,59.1,0.11,是,是,0.85,车辆,25.24,0.47,0.11,0.75,0.35,2,0.65,高风险
0.82,0.5,否,0.71,0.76,20.22,中级,无,无,18.5,10.67,0.11,是,是,0.75,塔吊,29.9,0.62,0.43,0.76,0.87,0,0.51,无风险
0.7,0.17,否,0.76,0.71,31.49,高级,无,无,18.96,35.76,0.09,是,是,0.22,车辆,28.38,0.46,0.23,0.8,0.67,2,0.83,无风险
0.6,0.41,否,0.71,0.85,8.25,高级,无,1次,21.57,36.02,0.06,是,是,0.24,深基坑,11.98,0.5,0.27,0.52,0.27,1,0.54,高风险
0.8,0.24,否,0.71,0.9,18.2,中级,无,无,8.41,31.54,0.11,是,否,0.69,塔吊,1.95,0.74,0.57,0.91,0.61,2,0.57,高风险
0.92,0.14,否,0.67,0.83,1.48,初级,无,无,13.99,19.68,0.45,是,是,0.51,高支模,20.33,0.79,0,0.75,0.43,0,0.68,低风险
0.77,0.22,否,0.63,0.75,20.72,高级,1次,无,31.95,42.28,0.03,是,是,0.87,配电箱,16.67,1,0.72,0.84,0.31,2,0.61,低风险
0.88,0.46,否,0.54,0.72,7.43,高级,无,1次,82.67,31.27,0.42,是,是,0.88,高支模,18.12,0.51,0.1,0.98,0.94,1,0.83,无风险
0.93,0.25,否,0.76,0.83,5.18,中级,无,1次,17.99,108.93,0.46,是,是,0.45,车辆,18.83,0.73,0.14,0.87,0.26,1,0.71,高风险
0.41,0.18,否,0.57,0.79,7.22,中级,无,无,57.06,47.57,0.56,是,是,0.75,高支模,65.67,0.74,0.42,0.91,0.53,1,0.92,高风险
0.78,0.44,否,0.69,0.62,2.68,初级,无,无,16.29,19.33,0.45,是,是,0.55,配电箱,11.23,0.85,0.22,0.89,0.73,3,0.48,高风险
0.64,0.36,否,0.7,0.92,15.83,初级,无,无,15.79,31.32,0.02,是,是,0.65,配电箱,14.32,0.25,0.63,0.78,0.65,2,0.53,中风险
0.66,0.22,否,0.65,0.78,9.99,无证,无,无,24.19,18.59,0.19,是,是,0.34,深基坑,4.12,0.33,0.43,0.66,0.1,2,0.5,极高风险
0.66,0.13,否,0.61,0.82,21.11,初级,1次,无,15.38,17.88,0.17,是,是,0.9,车辆,23.04,0.82,0.27,0.9,0.8,2,0.86,无风险
0.75,0.41,否,0.71,0.82,1.45,初级,1次,无,18.13,37,0.6,是,是,0.25,配电箱,16.24,1,0.13,0.88,0.68,2,0.66,极高风险
0.48,0.49,否,0.9,0.82,1.73,中级,无,无,11.44,24.29,0.24,是,是,0.89,塔吊,9.37,1,0.81,0.71,0.46,4,0.34,中风险
0.83,0.69,否,0.64,0.62,0.74,高级,无,无,10.19,13.31,0.25,是,是,0.17,高支模,1.83,0.61,0.23,0.76,0.52,3,0.84,高风险
0.63,0.23,否,0.71,0.72,8.62,初级,无,无,21.96,13.19,0.02,是,是,0.4,配电箱,18.85,0.59,0,0.9,0.35,2,0.54,低风险
0.56,0.38,否,0.83,0.73,6.12,初级,无,无,25.26,21.17,0.13,是,是,0.85,配电箱,45.1,1,0.77,0.71,0.84,3,0.44,中风险
0.74,0.07,否,0.66,0.88,0.75,无证,无,无,34.14,91.25,0,是,是,0.71,塔吊,38.5,1,0,0.81,0.67,1,0.3,高风险
0.36,0.25,否,0.54,0.82,1.84,中级,无,无,27.66,23.87,0.59,是,是,0.55,高支模,1.58,0.62,0.24,0.69,0.86,2,0.66,低风险
0.17,0.17,否,0.65,0.8,18.24,初级,无,无,15.03,111.56,0.24,否,是,0.54,车辆,16.17,1,0.35,0.9,0.89,3,0.55,极高风险
0.47,0.15,是,0.62,0.89,23.09,初级,无,无,51.45,19.24,0.02,是,否,0.73,车辆,2.57,0.23,0.3,0.77,0.76,4,0.7,极高风险
0.5,0.53,否,0.58,0.93,23.18,初级,无,1次,61.66,62.24,0.56,是,是,0.25,配电箱,26.97,1,0,0.81,0.05,1,0.33,极高风险
0.79,0.42,否,0.89,0.77,8.46,中级,无,无,14.62,27.29,0.08,否,是,0.97,配电箱,13.79,0.28,0.48,0.74,0.66,7,0.29,极高风险
0.88,0.14,否,0.8,0.92,23.19,中级,无,1次,20.24,21.18,0.04,是,是,0.84,高支模,29.48,0.56,0.17,0.8,0.85,6,0.84,无风险
0.88,0.26,否,0.76,0.75,2.04,高级,无,1次,40.71,24.33,0.23,是,是,0.34,车辆,5.47,0.62,0.17,0.67,0.06,4,0.8,中风险
0.55,0.51,否,0.69,0.85,5.52,初级,≥2次,1次,21.3,18.45,0.17,是,是,0.51,车辆,0.69,1,0.45,0.75,0.72,7,0.9,高风险
0.42,0.85,否,0.77,0.68,17.94,中级,无,无,19.08,22.04,0.46,是,是,0.09,塔吊,24.5,0.1,0,0.83,0.73,4,0.77,极高风险
0.74,0.43,否,0.93,0.74,3.15,中级,无,1次,19.08,39.81,0.19,是,是,0.97,配电箱,2.38,0.77,0.44,0.75,0.23,1,0.71,低风险
0.77,0.21,否,0.74,0.77,5.97,中级,无,无,14.96,23.52,0.06,是,是,0.81,高支模,3.77,1,0.03,0.62,0.49,1,0.87,无风险
0.33,0.13,否,0.46,0.97,15.77,初级,1次,无,31.61,12.04,0.05,否,是,0.59,车辆,3.08,0.86,0,0.63,0.37,2,0.73,高风险
0.61,0.27,否,0.77,0.86,6.48,初级,无,无,18.74,32.87,0.06,是,是,0.63,配电箱,0.61,0.79,0.27,0.6,0.22,5,0.41,中风险
0.86,0.84,否,0.86,0.73,4.45,中级,无,1次,12.5,51.54,0.19,是,是,0.22,塔吊,17.94,0.25,0.04,0.76,0.87,2,0.63,高风险
0.7,0.42,否,0.73,0.93,0.48,中级,1次,无,20.93,16.71,0.53,是,是,0.79,塔吊,1.89,0.48,0.71,0.82,0.56,5,0.37,高风险
0.55,0.28,否,0.64,0.92,19.24,初级,1次,无,20.51,11.65,0.64,是,是,0.73,配电箱,26.21,0.5,0,0.69,0.09,2,0.75,高风险
0.34,0.41,否,0.62,0.8,6.68,中级,1次,无,20.29,15.83,0.33,是,否,0.78,高支模,1.39,0.21,0,0.87,0.61,2,0.56,高风险
0.69,0.16,否,0.74,0.65,3.41,无证,无,1次,12.36,28.63,0.32,是,是,0.72,塔吊,23.62,1,0.11,0.84,0.15,3,0.73,高风险
0.68,0.65,否,0.52,0.73,8.34,中级,1次,无,19.27,26.07,0.27,是,是,0.81,配电箱,0.67,0.75,0.11,0.74,0.91,2,0.72,无风险
0.77,0.07,否,0.65,0.81,6.44,中级,无,无,14.46,21.57,0.31,是,是,0.32,塔吊,1.86,0.88,0.08,0.71,0.27,5,0.72,低风险
0.57,0.09,否,0.68,0.91,14.24,初级,无,无,12.86,39.68,0.67,是,是,0.61,高支模,0.9,0.74,0,0.52,0.68,1,0.62,无风险
0.79,0.37,否,0.73,0.67,8.13,中级,无,无,10.35,21.51,0.04,是,是,0.4,车辆,7.13,0.83,0.12,0.82,0.69,4,0.71,无风险
0.36,0.44,否,0.71,0.91,10.77,中级,无,≥2次,13.87,46.43,0.19,是,是,0.84,高支模,22.7,0.75,0.48,0.91,0.57,3,0.57,极高风险
0.88,0.21,否,0.72,0.76,4.95,初级,无,1次,34.85,37.27,0.08,否,是,0.8,高支模,15.32,0.71,0.1,0.69,0.63,4,0.55,高风险
0.78,0.13,否,0.57,0.7,10.88,中级,无,无,30.49,36.25,0.03,是,是,0.78,车辆,7.02,0.33,0.04,0.76,0.51,2,0.97,无风险
0.6,0.18,否,0.64,0.57,11.74,中级,无,无,23.24,71.13,0.06,是,是,0.74,高支模,3.95,0.52,0.37,0.88,0.87,4,0.6,高风险
0.93,0.46,否,0.81,0.67,1.92,中级,1次,无,6.35,17.93,0.03,是,是,0.91,塔吊,31.71,0.85,0.81,0.67,0.64,5,0.8,中风险
0.54,0.16,否,0.59,0.74,1.37,中级,无,无,9.45,26.8,0.13,是,是,0.93,塔吊,29.98,0.68,0.4,0.89,0.85,1,0.25,低风险
0.71,0.29,否,0.65,0.72,0.41,高级,无,无,23.26,15.5,0.15,是,是,0.45,深基坑,40.92,0.84,0.31,0.83,0.79,4,0.52,低风险
0.61,0.34,否,0.66,0.72,2.49,中级,无,1次,39.57,23.29,0.02,是,是,0.81,深基坑,22.02,0.76,0.68,0.83,0.4,5,0.23,高风险
0.79,0.26,否,0.76,0.83,11.88,初级,无,无,16.41,19.32,0.16,是,否,0.49,深基坑,14.39,0.46,0.27,0.81,0.77,5,0.68,高风险
0.62,0.22,否,0.51,0.7,4.65,初级,无,1次,38.16,28.49,0.4,是,是,0.6,塔吊,17.59,1,0.31,0.8,0.87,1,0.35,中风险
0.46,0.38,否,0.71,0.86,4.81,初级,无,无,32.78,8.7,0.25,是,是,0.87,高支模,3.8,0.68,0.48,0.82,0.93,3,0.61,无风险
0.8,0.34,否,0.87,0.65,1.99,中级,无,无,24.27,23.12,0.1,是,否,0.95,塔吊,0.82,0.83,0.2,0.8,0.4,4,0.8,高风险
0.67,0.32,否,0.77,0.6,2.02,初级,无,1次,20.8,13.25,0.55,是,是,0.82,车辆,25.28,0.55,0.28,0.92,0.69,0,0.69,高风险
0.18,0.16,否,0.95,0.82,34.24,中级,无,1次,12.09,31.9,0.46,是,是,0.86,塔吊,6.69,1,0,0.9,0.49,5,0.44,高风险
0.33,0.12,否,0.66,0.98,8.88,中级,1次,无,23.02,13.41,0.39,是,是,0.84,配电箱,11.79,1,0.59,0.54,0.45,0,0.98,中风险
0.34,0.15,否,0.61,0.91,17.71,初级,无,无,19.5,37.19,0.6,是,是,0.46,塔吊,3.47,0.72,0.36,0.71,0.42,7,0.85,高风险
0.76,0.19,是,0.73,0.9,22.23,初级,1次,无,40.89,3.41,0.42,是,是,0.66,深基坑,21.87,0.11,0,0.98,0.85,2,0.58,高风险
0.31,0.35,否,0.62,0.85,0.63,高级,1次,无,34.44,16.54,0.17,是,是,0.92,车辆,12.35,0.51,0,0.7,0.57,4,0.57,低风险
0.87,0.15,否,0.81,0.92,25.71,中级,无,无,29.99,38.95,0.07,是,是,0.91,塔吊,86.83,0.68,0.97,0.91,0.58,1,0.47,低风险
0.35,0.34,否,0.56,0.95,23.79,中级,无,无,23.46,40.14,0.56,否,是,0.83,车辆,30.22,0.81,0.21,0.89,0.81,1,0.64,高风险
0.72,0.51,否,0.75,0.67,30.95,高级,无,无,20.85,13.27,0.41,是,是,0.27,塔吊,9.12,1,0.08,0.64,0.38,3,0.72,无风险
0.47,0.57,否,0.77,0.9,13.4,中级,无,≥2次,13.9,24.48,0.42,是,是,0.86,车辆,18.05,1,0.05,0.94,0.75,2,0.33,中风险
0.63,0.7,否,0.76,0.7,4.87,初级,无,无,24.93,8.91,0.23,是,是,0.86,深基坑,8.63,0.6,0.25,0.31,0.84,2,0.63,低风险
0.36,0.14,否,0.66,0.72,7.7,初级,1次,1次,18.27,23.4,0.16,是,是,0.31,深基坑,14.55,0.49,0,0.86,0.49,3,0.6,高风险
0.8,0.23,否,0.59,0.72,2.28,初级,1次,无,15.84,13.39,0.72,是,是,0.74,配电箱,1.47,1,0,0.96,0.9,1,0.61,无风险
0.66,0.15,否,0.68,0.75,1.5,中级,无,无,8.63,50.74,0.59,是,是,0.83,高支模,21.12,0.42,0.15,0.71,0.44,5,0.52,极高风险
0.72,0.52,否,0.72,0.83,4.07,中级,无,无,10.22,14.15,0.12,是,是,0.98,深基坑,10.34,0.3,0.22,0.72,0.58,7,0.73,低风险
0.12,0.3,否,0.8,0.77,14.27,初级,无,无,25.23,23.7,0.07,是,是,0.92,车辆,0.91,0.41,0.43,0.84,0.78,3,0.26,高风险
0.44,0.13,否,0.67,0.85,2.83,无证,无,无,16.36,43.63,0.41,是,是,0.95,塔吊,54,0.31,0.05,0.78,0.61,2,0.41,高风险
0.88,0.42,否,0.71,0.79,3.25,高级,无,无,29.87,54.54,0.02,是,是,0.96,配电箱,29.05,1,0.23,0.75,0.68,1,0.95,无风险
0.65,0.17,否,0.73,0.74,16.31,高级,无,1次,14.86,22.24,0.12,是,是,0.6,高支模,4.29,0.59,0,0.45,0.63,3,0.78,无风险
0.83,0.33,否,0.9,0.67,1.26,高级,1次,1次,14.19,14.94,0.04,是,是,0.8,塔吊,11.65,0.57,0.46,0.85,0.83,2,0.55,无风险
0.78,0.26,否,0.64,0.81,0.47,初级,无,无,20.88,19.27,0.21,是,是,0.72,深基坑,0.79,0.77,0.53,0.99,0.78,4,0.59,无风险
0.73,0.57,否,0.75,0.73,27.77,中级,无,无,8.8,13.16,0,是,是,0.4,高支模,3.35,1,0.16,0.77,0.93,0,0.47,无风险
0.73,0.33,否,0.66,0.71,4.54,中级,无,无,11.56,11.28,0.17,是,是,0.73,深基坑,31.87,0.53,0.25,0.75,0.15,3,0.74,中风险
0.8,0.52,否,0.86,0.76,20.16,中级,无,无,22.61,52.49,0.48,是,是,0.27,车辆,0.22,0.53,0.74,0.58,0.61,1,0.87,中风险
0.49,0.35,否,0.81,0.79,0.21,中级,1次,1次,18.19,32.62,0.39,是,是,0.3,深基坑,4.33,0.61,0.01,0.69,0.86,1,0.74,中风险
0.83,0.3,否,0.77,0.86,7.82,中级,≥2次,1次,41.71,34.57,0.05,是,否,0.66,配电箱,20.42,1,0.42,0.68,0.71,7,0.86,极高风险
0.18,0.17,否,0.79,0.55,2.49,初级,无,1次,42.94,11.74,0.3,是,是,0.87,高支模,1.09,0.58,0,0.85,0.73,2,0.57,极高风险
0.37,0.15,否,0.65,0.75,0.85,无证,无,1次,20.82,41,0.09,是,是,0.9,高支模,75.65,0.4,0.45,0.84,0.81,2,0.33,极高风险
0.22,0.38,否,0.76,0.9,34.92,中级,无,≥2次,21.48,23,0.46,是,是,0.79,车辆,29.21,0.63,0.23,0.76,0.74,1,0.33,高风险
0.86,0.53,否,0.68,0.8,0.55,中级,无,无,6.59,70.96,0.11,是,是,0.27,塔吊,13.78,1,0.68,0.8,0.85,2,0.38,高风险
0.91,0.22,否,0.85,0.72,3.48,初级,无,1次,6.71,42.85,0.73,是,是,0.85,塔吊,13.41,0.71,0.26,0.7,0.71,1,0.62,中风险
0.74,0.21,否,0.71,0.81,4.68,初级,无,≥2次,12.35,64.11,0.27,是,是,0.89,高支模,0.15,0.77,0.09,0.8,0.75,1,0.16,中风险
0.44,0.15,否,0.74,0.65,1.63,初级,无,无,42.11,41.5,0.15,是,是,0.46,车辆,96.35,0.73,0.37,0.72,0.49,1,0.43,极高风险
0.22,0.26,否,0.69,0.78,7.9,中级,无,无,23.03,42.85,0.27,是,是,0.68,深基坑,0.56,0.2,0,0.79,0.85,1,0.5,无风险
0.23,0.52,否,0.72,0.82,11.54,中级,1次,≥2次,32.14,21.2,0.32,是,是,0.74,深基坑,21.48,1,0,0.84,0.72,2,0.69,高风险
0.79,0.13,否,0.71,0.6,1.1,中级,无,无,28.19,24.9,0.15,是,是,0.51,车辆,33.53,0.29,0,0.88,0.82,1,0.45,高风险
0.87,0.3,否,0.74,0.86,3.98,中级,无,无,11.85,14.12,0.22,是,是,0.88,塔吊,0.39,1,0,0.84,0.51,5,0.71,无风险
0.28,0.21,否,0.6,0.62,4.87,高级,1次,无,41.45,50.02,0.45,是,是,0.53,深基坑,2.01,0.47,0.3,0.96,0.84,1,0.83,中风险
0.8,0.23,否,0.75,0.74,1.03,初级,无,≥2次,18.15,32.98,0.68,是,是,0.72,配电箱,41.34,0.77,0.21,0.74,0.66,2,0.63,极高风险
0.96,0.18,否,0.75,0.74,4.76,初级,无,无,15.96,42.07,0.19,是,是,0.48,配电箱,29.91,1,0.92,0.95,0.41,5,0.43,高风险
0.65,0.21,否,0.68,0.65,1.22,中级,无,无,24.75,26.26,0.49,是,是,0.91,高支模,31.74,1,0.2,0.63,0.5,8,0.52,高风险
0.54,0.32,否,0.62,0.7,15.4,中级,无,无,29.98,36.63,0.63,是,是,0.62,配电箱,32.78,0.68,0.11,0.86,0.42,6,0.84,高风险
0.83,0.23,否,0.87,0.82,7.51,初级,无,≥2次,15.49,26.32,0.63,是,是,0.95,配电箱,26.8,0.75,0.49,0.67,0.27,1,0.6,极高风险
0.3,0.16,否,0.54,0.83,0.46,中级,无,无,22.14,13.35,0.01,是,是,0.87,配电箱,17.53,0.96,0.25,0.89,0.9,2,0.67,无风险
0.49,0.42,否,0.67,0.76,8.57,高级,无,1次,23.08,82.59,0.34,是,是,0.72,深基坑,19.7,1,0.45,0.33,0.54,5,0.55,极高风险
0.8,0.23,否,0.61,0.84,8.94,中级,无,≥2次,59.82,44.25,0.22,是,是,0.52,塔吊,15.24,0.54,0,0.73,0.16,1,0.44,高风险
0.63,0.42,否,0.69,0.85,12.67,中级,≥2次,无,20.24,57.2,0.05,是,是,0.75,车辆,3.19,0.33,0.69,0.81,0.23,4,0.11,极高风险
0.18,0.12,否,0.75,0.89,2.08,初级,无,无,21.75,28.3,0.03,是,是,0.33,塔吊,18.74,0.51,0.51,0.97,0.79,3,0.87,高风险
0.88,0.41,否,0.57,0.54,2.63,无证,无,1次,11.56,22.79,0.24,是,是,0.38,配电箱,1.92,0.89,0.91,0.93,0.73,3,0.82,极高风险
0.88,0.11,否,0.76,0.65,6.09,初级,无,无,22.28,50.97,0.12,是,是,0.85,高支模,4.66,0.39,0.08,0.9,0.7,3,0.15,无风险
0.68,0.7,否,0.71,0.85,8.89,初级,无,无,16.98,43.09,0.25,是,是,0.88,塔吊,12.17,0.23,0.07,0.9,0.33,6,0.46,高风险
0.62,0.3,否,0.75,0.86,16.47,无证,无,无,18.28,28.19,0.07,是,是,0.77,塔吊,28.27,0.51,0.16,0.6,0.46,1,0.36,高风险
0.26,0.43,否,0.64,0.77,13.81,高级,无,无,32.36,69.59,0.08,是,是,0.9,塔吊,41.35,0.61,0.33,0.95,0.4,2,0.62,中风险
0.51,0.53,否,0.74,0.72,13.11,中级,无,无,10.64,16.99,0.02,是,是,0.68,高支模,2.94,0.43,0.53,0.76,0.7,5,0.7,低风险
0.74,0.35,否,0.84,0.76,13.43,中级,1次,无,12.43,22.91,0.03,是,是,0.75,配电箱,1.49,1,0,0.88,0.48,0,0.73,无风险
0.57,0.21,否,0.46,0.79,3.85,高级,无,无,9.31,25.78,0.37,是,否,0.48,高支模,18.03,0.33,0.14,0.63,0.46,2,0.88,极高风险
0.59,0.99,否,0.86,0.96,1.54,初级,1次,无,20.6,27.22,0.2,是,是,0.79,塔吊,6.95,1,0,0.91,0.25,1,0.81,高风险
0.78,0.34,否,0.77,0.9,3.79,中级,无,无,18.12,72.93,0.02,是,是,0.7,深基坑,25.42,0.9,0.42,0.74,0.45,1,0.66,中风险
0.51,0.17,否,0.74,0.88,33.57,初级,无,无,19.12,56.08,0.15,是,是,0.67,高支模,2.2,0.9,0.01,0.96,0.84,1,0.77,无风险
0.57,0.22,否,0.45,0.75,3.21,高级,无,无,15.83,25,0.04,是,否,0.39,深基坑,21.51,0.56,0.19,0.57,0.78,3,0.52,极高风险
0.76,0.42,否,0.81,0.92,25.54,中级,无,无,26.73,20.05,0.23,是,是,0.73,配电箱,6.74,1,0.41,0.66,0.82,1,0.25,无风险
0.76,0.09,否,0.62,0.85,0.08,初级,无,1次,31.78,25.39,0.03,是,是,0.35,塔吊,8.98,0.85,0.15,0.5,0.57,2,0.62,低风险
0.61,0.25,否,0.52,0.76,0.7,高级,无,无,26.45,18.68,0.03,是,是,0.52,深基坑,8.85,0.9,0.16,0.77,0.74,2,0.47,无风险
0.64,0.27,否,0.8,0.79,9.43,中级,无,无,32.75,10.46,0.27,是,是,0.45,塔吊,16.43,0.32,0,0.76,0.43,5,0.6,低风险
0.64,0.52,否,0.83,0.68,4.43,中级,1次,1次,34.79,10.54,0.37,是,是,0.92,车辆,30.7,0.48,0.26,0.62,0.37,4,0.94,极高风险
0.84,0.2,否,0.7,0.73,5.05,初级,无,无,26.07,17.75,0.19,是,是,0.6,深基坑,14.24,0.6,0.4,0.79,0.63,5,0.59,中风险
0.72,0.51,否,0.76,0.68,3.28,初级,无,无,19.07,36.91,0.24,是,是,0.81,配电箱,14.27,0.35,0.22,0.96,0.28,4,0.82,高风险
0.8,0.37,否,0.68,0.71,22.22,中级,无,无,23.67,18.1,0.39,是,是,0.53,深基坑,22.03,0.85,0.3,0.72,0.56,4,0.41,低风险
0.34,0.2,否,0.77,0.81,11.38,高级,无,无,13.56,58.76,0.44,是,是,0.6,高支模,46.34,0.51,0.02,0.65,0.47,1,0.81,高风险
0.86,0.12,否,0.65,0.84,4.66,无证,≥2次,无,8.53,68.29,0.09,是,是,0.91,深基坑,55.7,0.47,0.34,0.69,0.3,1,0.51,极高风险
0.15,0.13,否,0.71,0.79,13.81,高级,无,≥2次,13.9,17.82,0.54,是,是,0.93,高支模,18.44,0.88,0.22,0.78,0.28,1,0.74,高风险
0.63,0.25,否,0.81,0.7,3.49,无证,无,无,37.39,58.29,0.18,是,是,0.31,塔吊,22.57,0.88,0.41,0.77,0.62,5,0.17,极高风险
0.3,0.49,否,0.62,0.81,0.42,初级,无,无,27.73,38.8,0.35,是,是,0.57,配电箱,24.56,0.68,0,0.71,0.47,3,0.48,极高风险
0.3,0.25,否,0.59,0.87,7.63,初级,无,无,16.85,27.28,0.69,是,是,0.6,塔吊,15.86,0.44,0.13,0.86,0.17,2,0.56,极高风险
0.72,0.67,否,0.87,0.89,1.06,高级,无,≥2次,28.68,65.28,0.04,是,是,0.47,车辆,21.1,1,0.15,0.93,0.31,3,0.25,极高风险
0.54,0.26,否,0.89,0.83,3.86,中级,无,无,7.62,13.24,0.01,是,是,0.89,塔吊,39.57,0.79,0.45,0.82,0.54,4,0.59,低风险
0.54,0.25,否,0.66,0.81,0.15,中级,无,无,17.9,26.32,0.07,是,是,0.89,车辆,18.36,0.4,0.14,0.86,0.84,2,0.3,低风险
0.36,0.28,否,0.78,0.81,9.38,中级,无,1次,8.88,8.19,0.07,是,是,0.1,车辆,32.49,0.8,0.33,0.87,0.3,1,0.84,高风险
0.26,0.24,否,0.75,0.94,9.82,中级,无,无,9.71,46.09,0.63,是,是,0.6,高支模,9.54,1,0,0.88,0.45,7,0.19,高风险
0.09,0.18,否,0.57,0.83,9.97,中级,无,无,24.39,34.61,0.2,是,是,0.47,配电箱,29.52,0.59,0.46,0.87,0.63,4,0.27,高风险
0.72,0.14,否,0.61,0.78,4.03,中级,无,无,56.37,24.39,0.65,是,是,0.2,深基坑,4.23,0.27,0.32,0.51,0.69,1,0.35,高风险
0.06,0.13,否,0.55,0.9,1.62,初级,1次,无,28.88,18.75,0.6,是,是,0.77,车辆,11.86,0.91,0.57,0.72,0.74,6,0.77,极高风险
0.94,0.72,否,0.92,0.82,19.95,初级,1次,无,46.22,27.16,0.49,是,是,0.73,配电箱,10.3,0.47,0.55,0.77,0.79,1,0.55,高风险
0.3,0.68,否,0.85,0.75,14.03,中级,无,≥2次,8.24,21,0.19,是,是,1,配电箱,27.07,0.72,0,0.74,0.75,2,0.63,中风险
0.78,0.41,否,0.83,0.72,1.06,中级,无,≥2次,16.5,54.63,0.5,是,是,0.83,配电箱,29.03,0.5,0.22,0.59,0.5,3,0.37,极高风险
0.59,0.13,否,0.79,0.88,26.6,初级,≥2次,无,18.01,35.92,0.15,是,是,0.68,塔吊,2.99,0.54,0.23,0.83,0.63,5,0.63,低风险
0.51,0.25,否,0.5,0.74,17.61,高级,无,无,24.87,19.69,0.15,是,是,0.45,塔吊,4.82,0.75,0.03,0.47,0.76,9,0.9,高风险
0.77,0.23,否,0.85,0.68,15.99,中级,无,无,20.1,7.57,0.18,是,否,0.88,高支模,22.88,1,0.01,0.6,0.68,2,0.66,高风险
0.61,0.5,否,0.6,0.75,6.32,中级,无,无,23.73,26.72,0.52,是,否,0.42,车辆,4.67,0.82,0,0.89,0.69,0,0.92,高风险
0.19,0.26,否,0.79,0.79,24.46,中级,无,1次,25.71,11.53,0.1,是,是,0.73,车辆,19.95,1,0.62,0.82,0.88,1,0.16,高风险
0.65,0.64,否,0.8,0.7,9.48,中级,1次,无,12.86,14.21,0.5,是,是,0.79,塔吊,11.12,0.71,0,0.95,0.68,3,0.18,低风险
0.41,0.19,否,0.6,0.75,37.83,初级,无,无,13.95,15.95,0.51,是,是,0.55,塔吊,22.72,0.45,0.22,0.81,0.49,0,0.47,中风险
0.8,0.55,否,0.58,0.72,1.82,高级,无,无,14.63,41.75,0.1,是,是,0.49,高支模,12.48,0.58,0.05,0.82,0.6,2,0.96,低风险
0.67,0.64,否,0.76,0.71,19.1,无证,无,无,39.85,90.9,0.1,是,是,0.22,高支模,13.71,0.75,0,0.59,0.19,2,0.62,极高风险
0.64,0.39,否,0.62,0.8,0.76,中级,无,无,27.2,22.54,0.54,是,是,0.79,配电箱,18.4,0.73,0.68,0.76,0.44,1,0.69,高风险
0.57,0.2,否,0.61,0.8,8.96,初级,无,无,40.72,39.61,0.05,是,是,0.43,塔吊,24.94,0.44,0.21,0.84,0.66,3,0.48,中风险
0.59,0.33,否,0.82,0.79,0.68,中级,无,无,18.1,23.67,0.33,是,是,0.85,配电箱,3.07,0.79,0,0.62,0.66,2,0.62,无风险
0.79,0.37,否,0.93,0.79,3.33,高级,1次,≥2次,40.47,11.22,0.06,是,是,0.92,深基坑,20.29,0.63,0.56,0.95,0.85,0,0.34,低风险
0.48,0.34,否,0.61,0.68,20.09,无证,无,无,7.71,8.49,0.17,是,是,0.12,塔吊,3.3,0.74,0,0.64,0.21,2,0.72,极高风险
0.47,0.21,否,0.61,0.76,0.63,中级,无,1次,23.37,30.62,0.22,是,否,0.86,高支模,22.46,0.74,0.5,0.97,0.5,5,0.76,极高风险
0.48,0.15,否,0.68,0.85,0.99,中级,1次,无,22.53,29.39,0.03,是,是,0.79,车辆,0.72,0.62,0.03,0.79,0.33,3,0.46,无风险
0.23,0.29,否,0.54,0.7,3.6,中级,无,≥2次,26.52,33.41,0.72,是,是,0.43,车辆,21.73,0.84,0.08,0.9,0.75,1,0.44,极高风险
0.53,0.27,是,0.63,0.73,4.58,中级,无,无,18.92,17.24,0.39,否,是,0.71,塔吊,38.69,1,0.37,0.56,0.79,3,0.55,极高风险
0.27,0.32,否,0.59,0.76,4.98,高级,无,无,31.18,41.22,0.05,是,是,0.46,塔吊,4.63,0.6,0.35,0.92,0.84,2,0.72,低风险
0.66,0.68,是,0.62,0.87,13.11,初级,1次,1次,10.67,34.95,0.03,是,是,0.84,塔吊,26.5,1,0.5,0.78,0.83,4,0.79,极高风险
0.72,0.49,否,0.55,0.77,7.27,初级,无,无,32.91,33.5,0.12,是,是,0.55,塔吊,22.76,0.89,0.14,0.97,0.15,2,0.35,高风险
0.81,0.33,否,0.65,0.86,4.14,高级,无,无,14.07,20.49,0.17,是,是,0.44,车辆,0.93,1,0.27,0.79,0.63,2,0.95,无风险
0.84,0.51,否,0.67,0.7,4.03,中级,无,无,32,18.49,0.37,是,是,0.48,车辆,21.18,0.58,0,0.81,0.8,0,0.53,低风险
0.68,0.38,否,0.51,0.85,6.48,中级,1次,≥2次,17.67,17.34,0.64,是,是,0.54,高支模,2.69,1,0.32,0.79,0.67,4,0.93,极高风险
0.85,0.35,否,0.66,0.71,9.76,初级,无,无,31.07,48.94,0.16,是,否,0.51,车辆,41.32,0.31,0.2,0.76,0.75,1,0.59,极高风险
0.16,0.09,否,0.69,0.95,3.03,高级,无,无,38.88,15.66,0.74,是,否,0.66,深基坑,10.23,0.3,0.06,0.78,0.48,5,0.55,极高风险
0.42,0.17,否,0.74,0.75,14.23,高级,无,无,16.74,53.54,0.2,是,是,0.32,深基坑,3.85,0.39,0.33,0.76,0.54,5,0.56,中风险
0.76,0.6,否,0.89,0.94,6.58,中级,无,1次,17.72,79.41,0.21,是,是,0.87,配电箱,20.31,0.64,0.02,0.88,0.39,2,0.5,中风险
0.66,0.29,否,0.77,0.71,7.23,高级,无,无,12.04,56.69,0.52,是,否,0.66,车辆,0.28,1,0,0.98,0.5,2,0.85,高风险
0.24,0.39,否,0.77,0.93,0.51,初级,无,≥2次,37.81,39.48,0.14,是,是,0.57,塔吊,15.09,0.71,0.51,0.85,0.48,5,0.75,极高风险
0.38,0.25,否,0.77,0.85,4.33,中级,无,≥2次,7.25,30.75,0.33,是,是,0.33,塔吊,2.82,0.46,0.21,0.7,0.92,2,0.9,高风险
0.64,0.26,否,0.72,0.8,1.33,中级,无,1次,13.2,59.95,0.35,是,是,0.63,塔吊,21.1,0.8,0.1,0.95,0.35,1,0.68,高风险
0.79,0.4,否,0.96,0.83,6.59,高级,无,无,20.39,51.27,0.01,是,是,0.16,深基坑,9.2,1,0.42,0.8,0.71,4,0.45,高风险
0.88,0.37,否,0.71,0.83,11.93,中级,无,1次,23.23,56.78,0.08,否,是,0.71,塔吊,8.56,0.4,0.08,0.93,0.21,2,0.43,极高风险
0.14,0.33,否,0.67,0.69,3.49,中级,无,无,14.59,70.61,0.3,是,是,0.78,配电箱,22.63,0.55,0.86,0.63,0.6,2,0.27,极高风险
0.99,0.9,否,0.7,0.78,0.4,初级,无,无,22.54,23.23,0.11,是,否,0.44,高支模,0.02,0.52,0.48,0.74,0.68,1,0.46,极高风险
0.27,0.59,否,0.88,0.85,2.71,中级,无,无,10.85,56.89,0.07,是,是,0.44,高支模,3.38,0.26,0.46,0.94,0.62,2,0.79,高风险
0.27,0.24,否,0.53,0.96,5.16,中级,无,无,15.18,44.69,0.05,是,是,0.79,深基坑,19.45,1,0,0.84,0.59,0,0.46,无风险
0.82,0.31,否,0.58,0.69,20.3,中级,无,无,5.16,27.45,0.3,是,是,0.58,高支模,2.22,1,0.18,0.92,0.85,1,0.18,无风险
0.55,0.48,否,0.66,0.73,16.23,中级,无,1次,36.89,38.52,0.01,是,是,0.62,车辆,15.18,0.48,0,0.93,0.6,1,0.42,中风险
0.71,0.24,否,0.6,0.88,15.25,中级,无,1次,26.14,22.08,0.57,是,是,0.69,塔吊,0.68,0.81,0.53,0.74,0.47,2,0.44,中风险
0.72,0.23,否,0.64,0.75,4.92,中级,无,1次,9.65,33.84,0.37,是,是,0.75,配电箱,0.13,0.89,0.11,0.83,0.61,1,0.28,无风险
0.23,0.11,否,0.66,0.86,6.82,高级,无,1次,45.52,43.36,0.06,否,是,0.41,塔吊,12.94,0.76,0.51,0.66,0.67,0,0.72,极高风险
0.66,0.34,否,0.65,0.81,24.94,初级,无,无,18.38,28.29,0.36,是,是,0.53,高支模,13.31,0.64,0.42,0.89,0.4,4,0.46,中风险
0.67,0.35,否,0.72,0.76,1.32,初级,1次,无,24.84,65.94,0.14,是,是,0.63,高支模,5.03,0.28,0.37,0.68,0.54,5,0.65,极高风险
0.63,0.21,否,0.61,0.74,4.53,中级,无,≥2次,21.92,9.39,0.25,是,是,0.88,车辆,0.81,0.67,0.31,0.91,0.67,4,0.68,低风险
0.69,0.05,否,0.71,0.79,28.39,高级,无,1次,13.65,35.93,0.27,是,是,0.77,车辆,11.04,0.53,0.23,0.85,0.89,1,0.14,无风险
0.82,0.27,否,0.65,0.75,1.31,初级,无,1次,12.99,21.96,0.11,是,是,0.85,塔吊,11.72,1,0.05,0.92,0.85,1,0.55,无风险
0.77,0.09,否,0.6,0.87,11.54,初级,无,1次,11.61,13.24,0.33,是,是,0.84,塔吊,21.77,0.25,0.04,0.89,0.21,1,0.42,中风险
0.89,0.26,否,0.82,0.8,2.92,中级,无,无,15.16,24.3,0.12,是,是,0.68,车辆,1.98,0.66,0,0.86,0.9,4,0.6,无风险
0.67,0.82,否,0.87,0.94,11.82,中级,1次,无,18.51,64.3,0.59,是,是,0.89,配电箱,39.63,0.55,0.04,0.76,0.27,0,0.58,高风险
0.52,0.18,否,0.39,0.85,21.18,高级,无,无,41.73,40.81,0.15,是,是,0.91,深基坑,17.9,0.51,0.15,0.9,0.57,2,0.51,高风险
0.79,0.16,否,0.78,0.95,3.59,中级,≥2次,无,16.77,8.69,0.77,是,是,0.88,配电箱,32.49,0.32,0,0.9,0.34,2,0.29,中风险
0.79,0.19,否,0.7,0.73,0.82,初级,无,≥2次,35.21,33.09,0.2,是,是,0.46,深基坑,38.96,0.79,0.84,0.76,0.65,1,0.63,极高风险
0.72,0.7,否,0.67,0.94,18.41,高级,1次,无,12.43,54.63,0.23,是,是,0.88,车辆,4.19,0.5,0.34,0.79,0.86,2,0.59,无风险
0.55,0.13,否,0.82,0.73,5.09,中级,无,无,62.52,8.54,0.02,是,是,0.16,高支模,51.78,0.24,0.18,0.77,0.46,2,0.55,高风险
0.32,0.37,否,0.78,0.73,4.52,初级,无,无,14.43,15.67,0.29,是,是,0.72,车辆,14.12,0.65,0,0.73,0.14,3,0.88,中风险
0.85,0.71,否,0.6,0.74,24.93,初级,无,无,25.88,68.17,0.14,是,是,0.23,深基坑,3.05,0.24,0.19,0.73,0.43,3,0.47,高风险
0.79,0.53,否,0.76,0.82,3.63,初级,无,1次,15.49,24.65,0.59,是,是,0.77,车辆,21.06,0.68,0.08,0.84,0.28,2,0.66,高风险
0.62,0.37,否,0.65,0.78,1.34,高级,1次,≥2次,27.5,24.52,0.13,是,是,0.61,配电箱,28.83,0.55,0.15,0.68,0.76,2,0.43,高风险
0.37,0.48,否,0.76,0.69,15.97,高级,无,无,7.64,46.71,0.07,是,是,0.91,配电箱,3.06,1,0.25,0.69,0.65,7,0.68,低风险
0.47,0.17,否,0.8,0.8,4.99,无证,1次,无,18.36,34.67,0.13,否,是,0.75,配电箱,35.12,0.43,0,0.9,0.95,5,0.32,极高风险
0.33,0.09,否,0.54,0.86,0.34,中级,无,1次,7.91,27.47,0.01,是,否,0.52,塔吊,0.86,1,0,0.67,0.32,1,0.83,高风险
0.55,0.2,否,0.59,0.7,17.96,初级,无,≥2次,26.51,21.56,0.29,是,是,0.39,配电箱,3.4,0.78,0.44,0.9,0.7,1,0.89,高风险
0.73,0.41,否,0.63,0.83,3.86,高级,无,≥2次,22.12,25.08,0.21,是,是,0.6,深基坑,0.88,0.92,0.62,0.89,0.68,6,0.89,中风险
0.81,0.12,否,0.66,0.85,4.31,初级,无,无,20.48,74.29,0.02,是,是,0.94,深基坑,0.1,0.83,0,0.51,0.9,3,0.7,无风险
0.87,0.25,否,0.78,0.86,16.12,初级,无,无,15.15,48.55,0.46,是,是,0.92,高支模,4.45,0.74,0.23,0.96,0.46,3,0.27,低风险
0.81,0.17,否,0.75,0.79,5.37,高级,无,无,16.34,9.62,0.03,是,是,0.78,塔吊,17.92,1,0.54,0.69,0.84,2,0.31,无风险
0.59,0.67,否,0.58,0.79,17.24,高级,无,无,15.16,14.87,0.48,是,是,0.74,深基坑,16.32,0.72,0.64,0.72,0.3,2,0.58,中风险
0.68,0.41,否,0.96,1,33.03,高级,无,无,16.93,49.63,0.48,否,是,0.7,高支模,1.48,1,0.45,0.71,0.75,4,0.86,高风险
0.31,0.16,否,0.47,0.73,19.02,中级,无,无,12.4,80.66,0.23,是,是,0.96,配电箱,15.32,0.85,0.62,0.68,0.41,2,0.66,高风险
0.58,0.19,否,0.76,0.85,25.94,无证,无,1次,16.62,16.45,0.03,是,是,0.75,配电箱,3.49,0.48,0.07,0.86,0.76,0,0.25,高风险
0.18,0.11,否,0.69,0.82,4.96,初级,1次,1次,22.58,34.55,0.17,是,是,0.57,深基坑,17.02,1,0.26,0.98,0.85,2,0.5,高风险
0.8,0.19,否,0.57,0.85,3.34,中级,无,1次,20.29,12.79,0.13,是,是,0.69,车辆,9.99,0.23,0.47,0.69,0.68,3,0.51,中风险
0.59,0.34,否,0.65,0.85,16.09,高级,1次,无,18.11,23.67,0.1,是,是,0.31,深基坑,31.74,0.8,0,0.95,0.67,3,0.28,低风险
0.66,0.59,否,0.66,0.95,14.63,中级,无,无,20.77,10.52,0.08,是,是,0.71,塔吊,7.75,0.83,0.34,0.8,0.35,1,0.77,无风险
0.85,0.26,否,0.72,0.83,0.33,中级,无,无,29.94,21.25,0.35,是,是,0.59,配电箱,0.94,0.63,0.02,0.66,0.82,2,0.68,无风险
0.61,0.79,否,0.71,0.71,1.23,中级,无,无,28.38,33.82,0.15,是,是,0.51,高支模,14.13,0.56,0,0.79,0.85,1,0.61,低风险
0.32,0.17,否,0.71,0.77,6.92,中级,无,1次,19.94,64.96,0.27,是,是,0.92,深基坑,26.47,0.74,0.29,0.67,0.69,1,0.53,高风险
0.39,0.1,否,0.73,0.98,16,高级,无,1次,6.9,58.02,0.02,是,是,0.38,高支模,12.87,1,0.09,0.91,0.83,2,0.47,无风险
0.91,0.58,否,0.78,0.75,21.76,初级,1次,无,29.53,19.08,0.24,是,是,0.55,高支模,1.2,1,0,0.93,0.62,6,0.49,无风险
0.46,0.33,否,0.5,0.98,5.6,中级,≥2次,无,7.9,28.88,0.59,是,是,0.44,深基坑,13,0.52,0.38,0.83,0.9,4,0.87,极高风险
0.32,0.41,否,0.81,0.71,2.6,初级,1次,≥2次,26.29,21.62,0.18,是,是,0.72,高支模,0.38,0.51,0.46,0.76,0.17,2,0.56,极高风险
0.61,0.59,否,0.83,0.7,31.33,中级,无,1次,18.88,22.05,0.02,是,是,0.54,塔吊,30.37,0.67,0.06,0.85,0.33,2,0.27,低风险
0.1,0.18,否,0.45,0.7,8.14,中级,1次,无,93.13,10.42,0.4,是,是,0.75,配电箱,10.87,0.73,0.43,0.92,0.59,5,0.78,高风险
0.66,0.19,否,0.74,0.88,5.85,中级,无,1次,18.19,9.82,0.5,是,是,0.88,塔吊,22.02,1,0.04,0.81,0.44,4,0.5,无风险
0.91,0.18,否,0.78,0.78,1.57,初级,无,无,17.77,81.56,0.55,是,是,0.55,塔吊,4.08,1,0.12,0.98,0.8,2,0.74,低风险
0.59,0.21,否,0.46,0.78,0.36,初级,无,1次,33.89,28.87,0.68,是,否,0.92,车辆,24.77,0.93,0.35,0.7,0.19,0,0.56,极高风险
0.92,0.86,否,0.87,0.85,2.43,中级,无,1次,19.81,19.07,0.28,是,是,0.72,塔吊,1.77,0.44,0.46,0.84,0.67,3,0.87,高风险
0.74,0.5,否,0.8,0.65,3.24,初级,无,≥2次,31.98,17.41,0.12,是,是,0.64,车辆,2.98,0.83,0.33,0.84,0.7,0,0.98,中风险
0.72,0.39,否,0.56,0.74,5.54,初级,无,1次,12.71,23.57,0.32,是,是,0.45,车辆,0.66,0.26,0.46,0.63,0.85,3,0.81,高风险
0.44,0.45,否,0.62,0.86,2.5,中级,无,无,14.27,35.8,0.17,是,否,0.41,深基坑,16.68,0.48,0.68,0.78,0.32,1,0.81,极高风险
0.42,0.37,否,0.82,0.75,5.55,中级,无,无,24.61,63.34,0.25,是,是,0.75,深基坑,8.35,0.59,0.2,0.9,0.11,6,0.6,高风险
0.71,0.28,否,0.82,0.84,14.32,中级,无,无,15.96,41.02,0.1,是,是,0.86,深基坑,6.69,1,0,0.9,0.11,3,0.56,无风险
0.56,0.26,否,0.74,0.83,1.72,中级,1次,1次,19.29,32.39,0.27,是,是,0.77,高支模,23.06,1,0.16,0.89,0.76,4,0.59,高风险
0.78,0.69,否,0.73,0.85,32.9,初级,无,无,36.81,64.43,0.04,是,是,0.36,深基坑,12.91,0.69,0.39,0.65,0.65,2,0.82,低风险
0.86,0.23,否,0.65,0.65,7.62,中级,无,无,18.39,12.78,0.06,是,是,0.41,高支模,0.12,0.21,0.35,0.86,0.68,3,0.48,低风险
0.18,0.3,否,0.56,0.89,21.96,初级,1次,无,29.86,31.66,0.44,是,是,0.32,高支模,28.55,0.36,0.11,0.91,0.83,2,0.5,极高风险
0.91,0.6,否,0.75,0.79,3.76,中级,无,无,12.08,54.94,0.19,是,是,0.5,高支模,24.45,0.42,0,0.92,0.12,2,0.29,高风险
0.58,0.18,否,0.75,0.79,9.32,初级,无,无,24.73,33.85,0.44,是,是,0.7,配电箱,9.77,1,0,0.82,0.82,1,0.64,无风险
0.86,0.15,否,0.78,0.53,7.02,高级,无,无,29.78,29.72,0.44,是,是,0.8,塔吊,11.89,0.87,0.6,0.91,0.63,3,0.64,高风险
0.81,0.3,否,0.68,0.72,6.76,中级,无,1次,15.39,32.21,0.15,是,是,0.82,塔吊,4.41,0.62,0.28,0.96,0.7,3,0.56,低风险
0.7,0.76,否,0.74,0.7,1.94,初级,1次,1次,18.69,42.3,0.42,是,是,0.8,深基坑,4.49,0.55,0,0.82,0.33,2,0.74,高风险
0.49,0.45,否,0.75,0.82,4.21,中级,无,无,29.52,13.36,0.72,是,是,0.85,深基坑,18.59,0.77,0.04,0.57,0.65,3,0.24,中风险
0.35,0.36,否,0.55,0.83,13.65,高级,无,无,21.26,32.01,0.04,是,是,0.09,高支模,31.8,0.55,0.19,0.85,0.67,4,0.89,高风险
0.64,0.19,否,0.61,0.86,6.97,中级,无,无,20.59,43.47,0.85,是,是,0.91,车辆,21.39,1,0.37,0.83,0.66,2,0.64,中风险
0.64,0.23,否,0.82,0.88,8.55,高级,无,1次,26.48,14.13,0.04,是,否,0.63,深基坑,14.01,0.57,0,0.48,0.4,2,0.28,高风险
0.82,0.22,否,0.65,0.79,13.62,高级,无,1次,11.11,38.13,0.12,是,是,0.77,高支模,17.01,0.4,0,0.76,0.59,1,0.65,无风险
0.62,0.5,否,0.73,0.83,7.27,初级,1次,1次,13.71,11.33,0.38,是,是,0.62,深基坑,8.61,0.91,0.21,0.93,0.73,2,0.65,中风险
0.88,0.32,否,0.64,0.66,2.01,高级,无,无,33.43,28.03,0.44,是,是,0.63,塔吊,40.64,0.6,0.28,0.57,0.5,0,0.4,中风险
0.59,0.31,否,0.67,0.69,1.4,初级,无,无,14.62,32.44,0.25,是,是,0.5,深基坑,33.93,0.54,0.02,0.8,0.74,2,0.73,高风险
0.68,0.42,否,0.88,0.8,2.86,初级,无,无,17.08,88.13,0.3,是,是,0.94,配电箱,23.66,0.59,0.55,0.92,0.22,2,0.58,极高风险
0.49,0.24,否,0.76,0.85,3.81,无证,无,无,31.89,17.53,0.04,否,是,0.69,深基坑,1.62,0.42,0.51,0.86,0.52,3,0.41,极高风险
0.69,0.21,否,0.6,0.86,21.81,高级,无,无,36.8,97.92,0.58,是,是,0.72,配电箱,45.75,0.45,0,0.7,0.3,2,0.52,低风险
0.86,0.34,是,0.59,0.88,1.34,中级,1次,1次,32.36,27.46,0.16,是,是,0.62,配电箱,6.34,0.71,0.53,0.78,0.67,1,0.9,极高风险
0.06,0.19,否,0.61,0.76,2.3,无证,无,≥2次,18.47,37.96,0.04,是,是,0.47,深基坑,16.09,1,0.73,0.86,0.88,4,0.65,极高风险
0.6,0.17,否,0.79,0.75,2.67,初级,无,无,8.38,38.06,0.03,否,是,0.74,塔吊,42.63,0.51,0.14,0.79,0.54,2,0.77,高风险
0.49,0.13,否,0.44,0.85,37.14,中级,无,无,9.92,27.42,0.49,是,是,0.94,高支模,19.08,0.26,0.18,0.61,0.28,2,0.33,中风险
0.63,0.28,否,0.67,0.8,4.14,初级,无,无,16.1,28.19,0.12,是,否,0.81,配电箱,18.45,1,0.29,0.89,0.3,3,0.45,极高风险
0.4,0.16,否,0.72,0.68,0.23,初级,≥2次,无,16.34,42.61,0.31,是,是,0.78,配电箱,38.52,1,0,0.94,0.48,5,0.83,高风险
0.53,0.55,否,0.73,0.74,9.21,中级,无,1次,21.03,57.82,0.37,是,是,0.73,配电箱,58.28,0.68,0,0.94,0.89,2,0.73,中风险
0.62,0.07,否,0.74,0.96,7.43,中级,1次,1次,16.09,7.49,0.62,是,是,0.85,配电箱,11.71,0.52,0.84,0.96,0.43,1,0.63,高风险
0.82,0.69,否,0.75,0.98,21.66,中级,无,1次,26.54,37.71,0.1,否,是,0.55,高支模,6.36,0.77,0.4,0.82,0.29,2,0.39,极高风险
0.93,0.29,否,0.72,0.85,23.32,初级,1次,1次,23,17.88,0.25,是,是,0.73,高支模,2.12,0.35,0.18,0.85,0.82,5,0.67,低风险
0.29,0.5,否,0.45,0.94,29.16,中级,无,无,35.09,94.45,0.02,是,否,0.78,深基坑,7.96,1,0,0.46,0.65,4,0.78,高风险
0.36,0.54,否,0.66,0.87,4.09,中级,无,无,68.63,10.39,0.14,是,是,0.15,塔吊,6.7,0.24,0.78,0.98,0.69,1,0.82,高风险
0.37,0.31,否,0.75,0.76,1.25,中级,≥2次,≥2次,28.28,25.72,0.57,是,是,0.6,深基坑,20.32,0.72,0,0.89,0.72,1,0.73,极高风险
0.44,0.32,否,0.79,0.8,7.72,中级,无,无,14.64,50.1,0.02,是,是,0.62,深基坑,47.27,0.17,0.66,0.84,0.67,3,0.86,高风险
0.58,0.52,否,0.79,0.8,2.34,中级,无,1次,29.06,29.57,0.41,是,是,0.36,车辆,3.14,0.43,0.12,0.84,0.92,2,0.77,中风险
0.23,0.49,否,0.57,0.76,0,中级,1次,无,36.76,63.31,0.06,是,是,0.86,高支模,14.66,1,0.12,0.82,0.41,1,0.65,高风险
0.36,0.56,否,0.8,0.88,7.92,初级,无,≥2次,27.07,26.27,0.1,是,是,0.66,高支模,15.61,0.52,0.15,0.97,0.67,3,0.61,高风险
0.37,0.12,否,0.68,0.8,4.3,初级,1次,无,26.78,50.54,0.03,是,是,0.68,塔吊,2.11,0.84,0,0.82,0.59,4,0.94,低风险
0.34,0.72,否,0.57,0.8,7.37,无证,无,无,27.59,36.34,0.59,是,是,0.73,高支模,0.11,0.45,0.08,0.83,0.59,2,0.77,高风险
0.42,0.35,否,0.91,0.84,8.96,初级,无,1次,18.19,29.47,0.47,是,是,0.82,高支模,16.26,0.4,0,0.81,0.72,4,0.45,中风险
0.3,0.23,否,0.49,0.75,5.21,中级,无,无,13.72,35.98,0.08,是,是,0.61,车辆,40.76,0.6,0.15,0.77,0.8,6,0.56,高风险
0.24,0.82,否,0.64,0.75,11.97,初级,无,无,34.72,14.99,0.37,是,是,0.86,车辆,34.74,0.05,0.04,0.84,0.78,1,0.83,高风险
0.44,0.18,否,0.75,0.82,9.52,高级,无,1次,14.81,11.95,0.21,是,是,0.36,配电箱,19.45,1,0.3,0.58,0.45,5,0.91,中风险
0.76,0.55,否,0.49,0.72,6.23,中级,无,无,15.02,26.01,0.78,是,是,0.25,深基坑,2.9,0.8,0,0.91,0.64,3,0.28,中风险
0.55,0.4,否,0.57,0.69,6.5,中级,无,无,19.12,28.34,0.09,是,是,0.52,车辆,3.17,0.48,0.31,0.81,0.04,2,0.19,高风险
0.75,0.19,否,0.7,0.77,27.26,中级,无,无,21.66,10.85,0.24,是,是,0.72,深基坑,3.94,0.61,0.46,0.54,0.54,0,0.62,无风险
0.39,0.29,否,0.87,0.65,1.19,初级,无,1次,18.79,53.89,0.28,是,是,0.56,深基坑,26.69,0.1,0.15,0.92,0.78,1,0.56,极高风险
0.44,0.26,否,0.68,0.78,0.03,无证,无,无,51.82,21.95,0.34,是,是,0.58,配电箱,1.34,0.73,0.39,0.92,0.58,3,0.76,高风险
0.35,0.18,否,0.67,0.73,1.28,无证,无,无,36.28,47.99,0.02,是,是,0.29,车辆,20.01,0.44,0.15,0.75,0.56,2,0.53,极高风险
0.77,0.52,否,0.64,0.76,33.73,中级,无,≥2次,28.26,15.91,0.33,是,是,0.77,车辆,99.08,0.64,0.01,0.81,0.92,3,0.33,低风险
0.31,0.18,否,0.47,0.72,5.76,无证,无,无,14.6,20.71,0.06,是,是,0.4,深基坑,21.86,0.91,0.04,0.89,0.63,5,0.87,高风险
0.71,0.34,否,0.59,0.82,2.08,高级,无,无,20.52,37.95,0.88,否,是,0.57,车辆,12.62,0.23,0.39,0.76,0.38,2,0.12,极高风险
0.85,0.25,否,0.64,0.64,0.75,初级,无,无,14.09,15.85,0.13,是,是,0.8,深基坑,4.1,0.79,0.1,0.62,0.1,3,0.85,低风险
0.69,0.23,否,0.7,0.77,16.84,中级,无,无,23.18,6.66,0.19,是,是,0.75,车辆,22.38,0.86,0.43,0.84,0.73,4,0.65,无风险
0.36,0.41,否,0.45,0.79,4.8,中级,无,无,34.91,28.8,0.1,是,是,0.49,配电箱,13.98,0.91,0.03,0.71,0.69,0,0.78,低风险
0.46,0.37,否,0.77,0.66,12.43,无证,无,≥2次,14.21,57.87,0.16,是,是,0.83,配电箱,19.96,0.7,0.1,0.8,0.89,5,0.36,极高风险
0.8,0.27,否,0.78,0.79,16.5,中级,无,1次,26.34,42.05,0.13,是,是,0.81,高支模,2.41,0.75,0.06,0.65,0.73,6,0.56,无风险
0.86,0.4,否,0.54,0.91,1.42,中级,无,无,37.75,5.88,0.47,是,是,0.18,配电箱,12.22,0.71,0.26,0.76,0.48,3,0.29,高风险
0.79,0.17,否,0.85,0.69,4.91,中级,无,≥2次,10.15,23.62,0.2,是,是,0.84,塔吊,2.47,0.9,0.4,0.72,0.74,5,0.28,中风险
0.75,0.35,否,0.58,0.92,0.93,中级,无,无,24.23,27.66,0.09,是,是,0.66,车辆,52.99,0.68,0.14,0.85,0.83,3,0.57,低风险
0.29,0.13,否,0.64,0.89,9.96,中级,无,无,16,40.82,0.32,是,是,0.73,车辆,13.91,0.69,0,0.74,0.66,4,0.67,低风险
0.47,0.15,否,0.71,0.76,30.97,初级,1次,1次,19.59,41.29,0.1,是,是,0.7,配电箱,24.37,0.91,0.16,0.86,0.28,1,0.9,中风险
0.41,0.2,否,0.7,0.98,39.91,高级,无,1次,15.35,7.27,0.27,是,是,0.87,配电箱,13.93,0.71,0.04,0.88,0.63,2,0.64,无风险
0.23,0.43,否,0.81,0.76,4.03,中级,无,无,60.67,42.51,0.14,是,是,0.89,高支模,29.82,0.58,0.58,0.77,0.84,2,0.75,高风险
0.92,0.53,否,0.6,0.71,2.13,高级,1次,≥2次,23.67,54.56,0.14,是,是,0.21,配电箱,20.63,0.63,0.19,0.93,0.41,6,0.9,极高风险
0.18,0.34,否,0.81,0.88,20.86,初级,无,1次,26.44,58.71,0.07,是,是,0.8,塔吊,17.18,0.7,0.38,0.86,0.24,0,0.44,高风险
0.89,0.35,否,0.77,0.74,0.41,初级,无,无,17.75,51.33,0.39,是,是,0.92,高支模,21.31,0.5,0.65,0.77,0.47,1,0.6,高风险
0.7,0.35,否,0.76,0.6,1.8,中级,无,无,25.08,19.32,0.43,是,是,0.6,塔吊,80.05,0.59,0.41,0.8,0.34,2,0.72,极高风险
0.53,0.3,否,0.72,0.83,6.87,初级,1次,≥2次,28.98,23.47,0.4,否,是,0.45,深基坑,47,0.57,0.14,0.89,0.79,4,0.78,极高风险
0.63,0.15,否,0.73,0.66,13.2,中级,1次,无,20.64,19.36,0.54,是,是,0.99,深基坑,3.01,0.84,0.51,0.58,0.32,4,0.7,低风险
0.74,0.06,否,0.82,0.78,2.2,中级,无,无,14.74,65.71,0.12,是,否,0.78,车辆,20.02,0.29,0.16,0.76,0.16,5,0.54,极高风险
0.75,0.38,否,0.71,0.84,20.9,高级,无,1次,31.38,30.41,0.05,是,是,0.67,配电箱,2.66,0.85,0.4,0.92,0.39,5,0.82,无风险
0.36,0.25,否,0.7,0.67,7.03,中级,无,无,20.06,19.29,0.27,是,是,0.79,车辆,2.53,0.58,0.2,0.85,0.71,2,0.6,无风险
0.7,0.41,否,0.75,0.75,2.17,无证,1次,无,32.15,47.18,0.22,是,是,0.66,深基坑,2.25,0.67,0.03,0.65,0.26,0,0.13,高风险
0.34,0.31,否,0.66,0.85,3.9,中级,1次,无,36.14,20.04,0.32,是,是,0.13,深基坑,10.97,0.69,0.37,0.77,0.26,3,0.42,极高风险
0.49,0.52,否,0.93,0.75,3.19,高级,无,≥2次,22.72,29.89,0.19,是,是,0.69,车辆,26.94,0.69,0.64,0.84,0.9,2,0.22,极高风险
0.63,0.21,否,0.74,0.91,12.76,初级,无,≥2次,15.64,11.79,0.24,是,是,0.73,高支模,1.89,0.75,0.11,0.53,0.82,2,0.7,低风险
0.66,0.14,否,0.73,0.78,7.73,高级,无,无,20.7,22.55,0.11,是,是,0.41,塔吊,10.43,0.42,0.3,0.8,0.35,3,0.59,低风险
0.91,0.17,否,0.85,0.69,0.73,中级,无,无,10.6,14.53,0.55,是,是,0.06,配电箱,20.79,0.85,0.06,0.71,0.44,5,0.55,高风险
0.52,0.76,否,0.69,0.73,8.62,中级,无,无,20.13,60.14,0.71,是,是,0.41,高支模,12,0.4,0.44,0.71,0.76,2,0.74,极高风险
0.44,0.15,否,0.68,0.98,8.01,中级,无,无,8.15,28.36,0.19,否,是,0.45,高支模,23.1,0.8,0.66,0.89,0.7,3,0.58,极高风险
0.88,0.32,否,0.94,0.89,13.05,初级,无,无,10.72,31.29,0.52,是,是,0.19,塔吊,9.56,0.6,0,0.86,0.62,0,0.46,高风险
0.3,0.39,否,0.71,0.82,18.87,中级,无,1次,22.87,12.16,0.26,是,是,0.23,深基坑,8.06,1,0.16,0.83,0.83,5,0.43,低风险
0.27,0.3,否,0.73,0.84,8.73,中级,无,无,9.45,32.87,0.48,是,是,0.77,塔吊,19.25,0.44,0.37,0.81,0.46,7,0.9,高风险
0.98,0.34,否,0.66,0.8,6.84,中级,1次,无,27,43.82,0.06,是,是,0.31,高支模,7.04,0.36,0.33,0.9,0.98,1,0.42,低风险
0.57,0.3,否,0.82,0.71,32.18,高级,无,1次,36.23,13.93,0.49,是,是,0.27,高支模,51.66,0.01,0.44,0.92,0.84,1,0.32,高风险
0.32,0.16,否,0.67,0.82,4.95,中级,无,≥2次,17.24,24.42,0.7,是,是,0.37,车辆,15.48,1,0.37,0.99,0.25,0,0.59,极高风险
0.54,0.36,否,0.76,0.73,11.23,无证,无,1次,20.98,51.33,0.12,是,是,0.6,车辆,12.66,0.7,0.32,0.63,0.78,0,0.59,极高风险
0.42,0.11,否,0.57,0.66,0.4,中级,无,无,25.44,22.09,0.73,是,是,0.45,车辆,30.07,0.53,0.5,0.85,0.85,9,0.36,极高风险
0.84,0.37,否,0.68,0.87,2.21,无证,无,≥2次,33.8,41.4,0.55,是,是,0.16,车辆,54.13,0.52,0,0.8,0.67,2,0.42,极高风险
0.74,0.46,否,0.84,0.67,22.68,初级,1次,无,17.71,52.55,0.12,是,是,0.64,塔吊,16.36,0.27,0.13,0.84,0.79,3,0.96,低风险
0.52,0.22,否,0.63,0.91,8.67,中级,无,1次,9.23,21.18,0.02,是,是,0.27,高支模,20.06,0.11,0,0.88,0.68,1,0.59,中风险
0.77,0.87,否,0.85,0.58,13.23,中级,无,1次,14.99,52.11,0.07,是,是,0.58,塔吊,17.51,0.89,0.05,0.84,0.69,4,0.83,极高风险
0.66,0.2,否,0.7,0.83,5.26,高级,无,无,48.17,16.27,0.52,是,是,0.84,配电箱,11.13,0.3,0.43,0.96,0.76,3,0.97,低风险
0.79,0.48,否,0.56,0.54,1.34,高级,1次,≥2次,29.93,61.43,0.73,是,是,0.21,高支模,20.87,0.23,0.39,0.66,0.43,8,0.56,极高风险
0.6,0.33,否,0.58,0.91,26.4,中级,无,无,36.6,29.9,0.32,是,是,0.34,配电箱,27.72,1,0.47,0.79,0.47,2,0.36,中风险
0.5,0.41,否,0.78,0.8,3.94,初级,无,1次,32.31,45.6,0.42,是,是,0.69,塔吊,24.52,0.65,0.12,0.81,0.56,4,0.65,高风险
0.45,0.41,否,0.87,0.9,13.22,中级,无,1次,39.8,94.94,0.63,是,是,0.81,深基坑,31.39,1,0.31,0.64,0.72,2,0.6,高风险
0.64,0.44,否,0.89,0.76,22.75,中级,无,无,36.24,56.68,0.24,是,是,0.9,高支模,8.84,0.74,0.35,0.53,0.76,2,0.4,无风险
0.68,0.35,否,0.73,0.81,10.15,初级,无,无,25.42,26.57,0.13,是,是,0.42,配电箱,2.42,0.86,0,0.65,0.51,3,0.86,无风险
0.76,0.3,否,0.82,0.75,4.34,中级,无,无,25.01,52.1,0.05,是,是,0.73,塔吊,9.04,0.49,0.36,0.78,0.67,3,0.63,低风险
0.49,0.3,否,0.66,0.83,10.11,初级,1次,无,19.84,7.43,0.29,是,是,0.76,配电箱,3.91,1,0.15,0.91,0.76,1,0.9,无风险
0.59,0.18,否,0.76,0.63,20.16,高级,无,无,11.78,77.64,0.16,否,是,0.24,深基坑,10.96,0.66,0.14,0.84,0.67,4,0.63,高风险
0.28,0.36,否,0.73,0.68,19.18,高级,无,无,10.19,32.67,0.43,是,是,0.79,车辆,30.04,1,0,0.91,0.47,6,0.48,低风险
0.8,0.17,否,0.62,0.77,9.26,高级,1次,无,30.87,79.05,0.23,是,是,0.71,高支模,45.56,0.36,0.62,0.7,0.5,2,0.79,高风险
0.46,0.54,否,0.82,0.92,8.93,中级,无,无,14,54.58,0.75,是,是,0.94,配电箱,41.59,1,0.5,0.69,0.84,1,0.59,高风险
0.21,0.22,否,0.81,0.67,7.04,中级,无,1次,33.65,29.89,0.59,否,是,0.7,塔吊,92.43,0.27,0.26,0.79,0.74,3,0.96,极高风险
0.88,0.57,否,0.67,0.79,2.32,中级,1次,无,9.39,19.94,0.21,是,是,0.75,高支模,3.27,0.9,0,0.9,0.81,6,0.43,无风险
0.86,0.22,否,0.88,0.67,4.37,初级,无,无,16.8,21.97,0.12,是,是,0.48,塔吊,38.14,0.28,0.23,0.95,0.48,2,0.79,中风险
0.52,0.14,否,0.55,0.83,6.46,初级,无,无,23.24,44.48,0.21,是,是,0.72,车辆,3.65,0.29,0,0.95,0.84,5,0.43,低风险
0.57,0.26,否,0.74,0.83,14.39,中级,无,1次,27.88,26.6,0.11,是,是,0.61,塔吊,4.57,0.73,0.52,0.74,0.16,1,0.65,中风险
0.8,0.37,否,0.79,0.81,3.85,初级,无,无,35.62,16.82,0.56,是,是,0.6,高支模,24.44,0.77,0,0.76,0.43,0,0.51,中风险
0.12,0.14,否,0.67,0.85,2.14,初级,无,1次,45.2,15.94,0.34,是,是,0.88,塔吊,27.02,1,0.2,0.85,0.4,2,0.83,高风险
0.6,0.98,否,0.66,0.68,3.16,初级,≥2次,无,21.23,32.69,0,是,是,0.79,高支模,14.78,0.64,0.36,0.8,0.47,0,0.79,极高风险
0.4,0.17,否,0.75,0.69,0.25,初级,无,无,26.99,34.77,0.2,是,是,0.48,配电箱,24.92,0.4,0.41,0.97,0.49,1,0.91,高风险
0.63,0.12,否,0.72,0.74,5.01,中级,无,1次,18.69,11.96,0.03,是,是,0.69,高支模,3.53,0.72,0.07,0.83,0.75,2,0.52,无风险
0.2,0.46,是,0.66,0.88,8.42,中级,无,无,36.75,10.53,0.11,是,是,0.17,高支模,21.15,0.68,0.18,0.95,0.51,2,0.51,极高风险
0.56,0.42,否,0.53,0.68,1.3,中级,无,1次,49.96,45.73,0.29,是,是,0.26,高支模,24.06,1,0.26,0.67,0.55,1,0.54,极高风险
0.61,0.12,否,0.65,0.67,15.32,初级,无,无,16.8,13.3,0.01,是,是,0.89,高支模,3.34,0.93,0.3,0.51,0.9,3,0.8,无风险
0.81,0.21,否,0.55,0.91,4.57,中级,无,无,11.54,32.6,0.38,是,是,0.81,车辆,2.62,0.67,0,0.8,0.75,5,0.58,无风险
0.73,0.15,否,0.7,0.7,11.49,无证,无,无,22.82,13.21,0.5,是,是,0.79,深基坑,6.26,0.27,0,0.75,0.72,2,0.64,高风险
0.59,0.23,否,0.69,0.92,12.25,初级,无,无,39.28,21.35,0.27,是,是,0.89,深基坑,16.85,0.9,0.02,0.71,0.74,1,0.68,无风险
0.81,0.44,否,0.64,0.8,4.13,初级,无,无,18.83,51.47,0.09,是,是,0.34,车辆,3.79,0.83,0.22,0.91,0.64,1,0.42,中风险
0.61,0.33,否,0.62,0.98,6.75,无证,1次,无,19.75,17.93,0.21,是,是,0.95,深基坑,9.52,1,0.25,0.84,0.4,5,0.91,高风险
0.61,0.23,否,0.72,0.89,5.83,高级,无,无,17.5,76,0.34,是,否,0.6,深基坑,2.57,0.63,0.64,0.93,0.41,2,0.41,极高风险
0.56,0.47,否,0.77,0.91,2.49,初级,无,无,13.01,48.3,0.22,是,是,0.51,车辆,5.26,0.46,0.14,0.74,0.6,1,0.72,中风险
0.78,0.17,否,0.67,0.75,3.92,初级,1次,无,16.83,57.98,0.22,是,是,0.74,深基坑,20.28,0.2,0.26,0.83,0.86,3,0.29,高风险
0.63,0.24,否,0.67,0.85,1.91,高级,无,1次,11.96,27.73,0.26,是,是,0.97,塔吊,0.68,0.75,0.29,0.62,0.09,2,0.54,低风险
0.73,0.27,否,0.77,0.88,0.53,高级,无,1次,29.17,44.99,0.26,是,是,0.51,塔吊,4.99,0.25,0.77,0.89,0.38,3,0.71,高风险
0.33,0.13,否,0.65,0.72,1,初级,无,1次,16.25,24.68,0.25,是,是,0.3,车辆,1.58,0.12,0,0.85,0.65,2,0.8,中风险
0.6,0.11,否,0.65,0.88,2.05,中级,无,1次,19.76,26.05,0.39,是,是,0.25,配电箱,1.36,0.91,0.01,0.64,0.89,2,0.64,无风险
0.72,0.35,否,0.78,0.77,1.52,高级,无,无,19.08,74.64,0.3,是,否,0.67,高支模,2.81,0.95,0.2,0.6,0.09,3,0.6,极高风险
0.25,0.64,否,0.78,0.71,3.03,中级,1次,无,33.87,101.05,0.15,是,是,0.69,深基坑,10.08,0.56,0.74,0.89,0.83,5,0.9,极高风险
0.6,0.22,否,0.58,0.79,5.56,高级,无,无,9.11,12.22,0.45,是,是,0.46,车辆,3.69,0.51,0.05,0.78,0.74,0,0.46,无风险
0.16,0.26,否,0.51,0.79,30.11,中级,无,无,35.44,37.03,0,是,是,0.75,配电箱,20.62,0.91,0.68,0.58,0.84,2,0.77,高风险
0.38,0.14,否,0.6,0.91,14.97,初级,≥2次,无,13.86,10.72,0.15,是,是,0.87,深基坑,18.68,0.35,0,0.86,0.66,1,0.89,低风险
0.75,0.51,否,0.57,0.74,7.34,无证,无,≥2次,15.42,29.99,0.05,是,是,0.31,高支模,10.72,0.47,0,0.88,0.78,3,0.36,极高风险
0.84,0.26,否,0.71,0.89,5.84,中级,无,无,5.91,59.92,0.35,是,是,0.64,车辆,17.45,0.58,0,0.92,0.72,2,0.96,低风险
0.49,0.33,否,0.61,0.87,2.48,中级,无,无,26.2,48.57,0.13,是,是,0.79,塔吊,15.13,0.72,0.51,0.92,0.83,7,0.27,中风险
0.38,0.25,否,0.73,0.8,14.92,中级,无,无,13.04,44.1,0.13,是,是,0.61,塔吊,3.98,0.71,0.41,0.34,0.29,2,0.37,中风险
0.49,0.29,否,0.54,0.75,19.39,高级,无,无,46.62,57.17,0.31,是,是,0.62,配电箱,0.61,0.61,0,0.92,0.84,0,0.88,无风险
0.58,0.62,否,0.87,0.88,6.73,中级,1次,≥2次,11.91,30.07,0.23,是,是,0.97,配电箱,20.2,1,0.34,0.94,0.62,0,0.71,高风险
0.83,0.3,否,0.68,0.82,6.95,高级,无,无,24,29.95,0.45,是,是,0.48,深基坑,16.21,0.67,0,0.7,0.42,5,0.62,低风险
0.64,0.49,否,0.84,0.93,5.63,高级,无,无,18.41,44.41,0.11,是,是,0.97,塔吊,14.15,0.42,0.38,0.89,0.72,4,0.66,无风险
0.48,0.09,否,0.64,0.93,1.02,中级,无,无,17.9,18.52,0.19,是,是,0.36,车辆,24.81,0.9,0.05,0.94,0.34,4,0.56,中风险
0.83,0.87,否,0.66,0.67,3.04,初级,无,无,16.95,69.31,0.3,是,是,0.46,深基坑,25.64,1,0.02,0.77,0.33,3,0.34,极高风险
0.95,0.26,否,0.62,0.79,7.16,初级,≥2次,无,28.26,21,0.27,是,是,0.9,深基坑,17.58,0.5,0.19,0.69,0.19,5,0.31,高风险
0.55,0.32,否,0.66,0.9,6.39,高级,无,无,26.82,113.19,0.46,是,是,0.25,高支模,9.52,0.26,0.2,0.65,0.87,6,0.89,高风险
0.2,0.47,否,0.5,0.78,1.09,中级,无,≥2次,24.84,32.9,0.03,是,是,0.89,塔吊,4.47,0.62,0,0.82,0.6,2,0.56,高风险
0.79,0.23,否,0.54,0.87,2.99,中级,无,1次,22.61,96.8,0,是,是,0.42,高支模,65.32,0.56,0.21,0.85,0.61,0,0.25,极高风险
0.86,0.21,否,0.81,0.62,20.24,无证,无,≥2次,11.84,25.18,0.19,是,是,0.42,深基坑,12.86,0.46,0.51,0.79,0.76,1,0.64,高风险
0.08,0.19,否,0.73,0.97,17.69,中级,无,无,16.83,71.58,0.05,是,是,0.67,配电箱,6.09,0.7,0.22,0.82,0.95,3,0.73,高风险
0.64,0.86,否,0.74,0.92,6.6,中级,无,无,33.26,43.07,0.41,是,是,0.77,车辆,8.61,0.56,0.19,0.75,0.94,2,0.18,高风险
0.67,0.36,否,0.81,0.72,12.35,中级,无,1次,29.61,19.33,0.03,是,是,0.58,塔吊,2.6,0.55,0.23,0.91,0.91,1,0.68,无风险
0.81,0.14,否,0.84,0.84,4.66,中级,无,无,11.74,12.73,0.45,是,是,0.34,深基坑,21.23,0.27,0.56,0.96,0.68,2,0.69,中风险
0.67,0.31,否,0.68,0.82,5.29,初级,无,≥2次,27.18,12.26,0.3,是,是,0.67,塔吊,7.12,1,0.19,0.91,0.78,1,0.54,中风险
0.79,0.3,否,0.69,0.86,2.37,中级,无,无,20.98,17,0.46,是,是,0.58,高支模,24.91,1,0,0.82,0.7,5,0.5,低风险
0.67,0.48,否,0.69,0.81,21.68,中级,无,无,15.38,22.55,0.22,是,是,0.4,高支模,1.92,0.23,0.4,0.79,0.6,1,0.33,中风险
0.66,0.19,否,0.73,0.77,3.22,高级,无,1次,17.7,59.67,0.22,是,是,0.44,高支模,12.44,1,0,0.88,0.69,6,0.85,低风险
0.67,0.18,否,0.73,0.85,10.87,高级,1次,无,19.56,24.36,0.65,是,是,0.66,车辆,12.64,0.71,0,0.84,0.85,1,0.71,无风险
0.95,0.31,否,0.64,0.6,27.92,初级,无,1次,34.69,52.21,0.28,是,是,0.48,车辆,21.01,0.48,0.21,0.82,0.74,2,0.44,高风险
0.15,0.55,否,0.68,0.74,22.08,初级,1次,无,10.18,28.18,0.53,是,是,0.21,高支模,7.05,0.78,0.14,0.74,0.49,6,0.61,极高风险
0.45,0.16,否,0.59,0.83,6.17,无证,无,1次,17.25,35.57,0.08,是,是,0.87,配电箱,2.25,0.89,0.58,0.75,0.39,4,0.79,高风险
0.53,0.13,否,0.62,0.78,13.35,中级,无,无,30.18,48.28,0.08,否,是,0.45,塔吊,22.25,0.52,0.76,0.92,0.04,5,0.51,极高风险
0.56,0.58,否,0.73,0.95,10.24,中级,无,无,19.65,56.1,0.03,是,是,0.39,高支模,12.97,1,0.1,0.83,0.37,3,0.7,中风险
0.46,0.27,否,0.64,0.82,10.2,中级,无,无,12.81,28.45,0.01,是,是,0.39,车辆,13.82,0.69,0.75,0.86,0.21,4,0.79,高风险
0.6,0.26,否,0.69,0.85,29.55,中级,无,无,18.99,36.92,0.04,是,是,0.88,车辆,0.07,1,0.43,0.92,0.35,1,0.27,无风险
0.79,0.16,否,0.73,0.76,1.83,中级,无,无,37.24,19.21,0.02,是,是,0.87,高支模,0.96,0.87,0.02,0.96,0.53,5,0.47,无风险
0.17,0.05,否,0.9,0.69,2.65,中级,无,1次,19.67,26.08,0.03,是,是,0.62,车辆,21.12,0.97,0.23,0.97,0.34,3,0.5,高风险
0.49,0.74,否,0.78,0.81,16.59,中级,无,≥2次,9.21,65.15,0.03,是,是,0.65,车辆,8.46,0.92,0,0.79,0.95,4,0.75,中风险
0.48,0.08,否,0.58,0.69,9.43,高级,无,无,20.75,12.67,0.01,是,否,0.22,深基坑,6.96,0.92,0.25,0.57,0.52,2,0.66,高风险
0.38,0.49,否,0.77,0.8,11.38,中级,无,无,25.64,90.35,0.48,否,是,0.75,车辆,3.07,1,0.24,0.64,0.75,1,0.86,高风险
0.86,0.74,否,0.7,0.91,30.12,初级,无,无,23.72,31.88,0.24,是,是,0.8,塔吊,1.8,0.69,0.2,0.64,0.46,1,0.87,无风险
0.35,0.24,是,0.57,0.68,4.01,中级,无,无,39.96,41.79,0.22,是,是,0.39,塔吊,11.41,0.77,0,0.68,0.65,3,0.84,高风险
0.51,0.18,否,0.63,0.89,13.62,中级,无,1次,22.18,13.55,0.12,是,是,0.85,高支模,13.56,0.88,0,0.65,0.35,4,0.76,无风险
0.59,0.52,否,0.72,0.64,4.71,初级,1次,无,7.53,27.32,0.21,是,是,0.7,深基坑,17.51,0.66,0,0.89,0.83,3,0.53,中风险
0.75,0.25,否,0.86,0.84,3.61,无证,1次,无,14.09,27.46,0.03,是,是,0.41,深基坑,1.19,0.66,0.28,0.65,0.23,0,0.39,高风险
0.76,0.51,否,0.83,0.9,17.51,中级,无,1次,8.67,21.19,0.53,是,否,0.91,塔吊,26.71,1,0.2,0.64,0.64,2,0.85,高风险
0.66,0.15,否,0.72,0.94,3.46,高级,无,无,28.82,49.36,0.02,是,是,0.93,高支模,49.4,0.44,0,0.74,0.79,8,0.22,高风险
0.8,0.38,是,0.7,0.84,9.2,初级,无,无,13.76,31.41,0.09,是,是,0.28,配电箱,19.75,0.48,0.22,0.73,0.59,6,0.82,极高风险
0.68,0.3,否,0.55,0.58,0.78,初级,无,无,13.62,7.17,0.39,是,是,0.6,配电箱,22.71,0.86,0.29,0.66,0.23,2,0.78,高风险
0.81,0.25,否,0.85,0.78,0.53,初级,1次,无,19.83,30.2,0.04,是,是,0.92,车辆,21.88,1,0.45,0.62,0.67,5,0.69,中风险
0.8,0.22,否,0.93,0.9,11.15,中级,无,无,41.72,11.86,0.37,是,是,0.52,配电箱,13.47,0.45,0.29,0.85,0.7,3,0.74,低风险
0.49,0.23,否,0.37,0.95,3.02,中级,1次,无,17.07,15.78,0.32,是,是,0.52,车辆,1.41,0.45,0.29,0.92,0.8,2,0.69,高风险
0.57,0.48,否,0.68,0.87,9.21,初级,无,无,8.75,14.35,0.14,是,是,0.23,塔吊,4.93,0.35,0.52,0.88,0.22,6,0.39,极高风险
0.76,0.18,否,0.63,0.64,3.74,中级,1次,无,24.71,61,0.01,是,是,0.53,塔吊,4.21,0.89,0.4,0.87,0.54,4,0.87,中风险
0.33,0.13,否,0.52,0.69,23.94,高级,无,1次,37.05,42.94,0.38,是,是,0.72,深基坑,5.31,1,0.15,0.88,0.81,4,0.66,无风险
0.37,0.46,否,0.55,0.87,6.97,初级,无,无,33.2,63.27,0.34,是,是,1,车辆,4.22,0.61,0,0.46,0.63,5,0.33,中风险
0.66,0.38,否,0.67,0.75,1.39,初级,无,1次,15.73,53.24,0.05,是,是,0.07,车辆,0.96,0.81,0.62,0.86,0.6,3,0.52,极高风险
0.61,0.38,否,0.69,0.88,15.06,中级,无,无,22.49,44.13,0.13,是,是,0.74,车辆,19.37,0.49,0.34,0.78,0.61,3,0.62,中风险
0.95,0.27,否,0.68,0.79,9.07,高级,1次,无,9.9,40.88,0.11,是,是,0.3,塔吊,2.34,0.52,0.01,0.82,0.29,4,0.84,低风险
0.42,0.27,否,0.7,0.57,0.2,中级,无,无,36.15,57.99,0.14,是,是,0.35,车辆,3.58,1,0.23,0.8,0.89,2,0.42,高风险
0.61,0.31,否,0.77,0.76,7.57,中级,无,无,11.82,12.3,0.42,是,是,0.92,配电箱,26.02,0.52,0,0.96,0.83,4,0.48,无风险
0.72,0.19,否,0.74,0.56,3.34,初级,无,无,34.75,43.89,0.1,是,是,0.8,塔吊,18.16,0.74,0.07,0.77,0.86,1,0.38,高风险
0.64,0.16,否,0.7,0.53,1.48,初级,≥2次,1次,52.62,21.87,0.23,是,是,0.49,高支模,15.03,0.79,0.21,0.62,0.56,3,0.32,极高风险
0.37,0.14,否,0.57,0.89,10.72,中级,无,1次,46.96,13.88,0.12,是,是,0.61,配电箱,36.76,0.65,0.09,0.83,0.8,4,0.83,低风险
0.87,0.52,否,0.62,0.83,11.77,中级,无,无,18.68,14.33,0.07,是,是,0.11,塔吊,0.88,0.77,0.89,0.8,0.34,1,0.43,高风险
0.84,0.27,否,0.68,0.59,0.36,高级,无,无,7.82,37.68,0.08,是,是,0.7,高支模,12.6,0.49,0,0.85,0.82,1,0.75,高风险
0.72,0.23,否,0.75,0.86,7.08,初级,无,无,16.07,30.23,0.12,是,是,0.52,配电箱,24.57,0.35,0.32,0.46,0.83,7,0.32,高风险
0.7,0.66,否,0.61,0.82,0.77,高级,无,无,16.95,13.67,0,是,是,0.22,高支模,35.7,0.74,0.01,0.91,0.62,2,0.88,低风险
0.55,0.18,否,0.74,0.79,20.49,中级,无,1次,20.5,29.92,0.53,是,是,0.88,塔吊,35.02,0.92,0.29,0.72,0.54,4,0.27,中风险
0.86,0.8,否,0.78,0.69,5.93,中级,无,≥2次,17.95,17.91,0.12,是,是,0.93,塔吊,21.78,0.71,0.07,0.88,0.12,1,0.67,中风险
0.74,0.56,否,0.78,0.82,3.5,初级,无,1次,20.46,49.61,0.86,是,是,0.27,深基坑,1.99,0.66,0.33,0.9,0.76,4,0.79,极高风险
0.84,0.53,否,0.68,0.86,21.72,初级,无,无,31.05,18.64,0.05,是,否,0.88,深基坑,20.26,0.54,0.28,0.95,0.49,2,0.32,高风险
0.8,0.17,否,0.81,0.84,8.99,中级,无,1次,23.03,44.97,0.04,是,是,0.91,车辆,4.51,0.71,0.15,0.83,0.52,4,0.51,无风险
0.48,0.84,否,0.77,0.77,0.98,中级,1次,无,9.13,13.64,0.2,是,是,0.61,配电箱,1.05,0.67,0,0.86,0.62,1,0.89,高风险
0.73,0.38,否,0.86,0.72,1.31,初级,1次,无,14.05,46.29,0.03,是,是,0.4,配电箱,14.05,0.47,0.34,0.77,0.57,2,0.58,极高风险
0.75,0.69,否,0.69,0.76,9.33,中级,无,无,56.39,19.41,0.73,是,是,0.84,高支模,0.2,0.25,0.4,0.44,0.6,7,0.84,高风险
0.27,0.23,否,0.85,0.4,1.68,中级,无,无,33.77,31.28,0.25,是,是,0.8,深基坑,7.3,0.85,0.13,0.88,0.71,2,0.78,高风险
0.29,0.38,否,0.67,0.83,2.24,中级,1次,无,27.58,11.48,0.11,是,是,0.41,塔吊,17.76,0.57,0.24,0.63,0.14,0,0.9,高风险
0.85,0.7,否,0.75,0.83,5.4,中级,无,1次,20,9.88,0.29,是,是,0.86,高支模,10.91,0.75,0,0.66,0.61,1,0.44,无风险
0.6,0.34,否,0.58,0.85,30.49,高级,无,无,15.74,26.7,0.36,是,是,0.29,配电箱,23.62,0.84,0,0.8,0.08,4,0.61,低风险
0.61,0.14,否,0.74,0.73,2.62,初级,1次,无,21.36,36.73,0.15,是,是,0.78,车辆,17.7,0.66,0.25,0.61,0.33,4,0.49,极高风险
0.38,0.09,否,0.76,0.84,7.3,初级,无,无,11.26,7.63,0.39,是,是,0.23,塔吊,7.84,0.77,0.41,0.87,0.73,0,0.74,低风险
0.65,0.23,否,0.77,0.93,6.13,中级,无,无,23.76,43.9,0.14,是,是,0.76,高支模,15.31,0.74,0,0.73,0.72,4,0.37,无风险
0.39,0.5,否,0.75,0.87,27.63,初级,无,无,20.61,22.31,0.28,是,是,0.58,配电箱,16.37,1,0.48,0.56,0.1,3,0.68,高风险
0.4,0.36,否,0.75,0.77,2.74,初级,无,无,23.82,48.13,0.17,是,是,0.61,塔吊,21.3,1,0.47,0.8,0.83,2,0.44,中风险
0.88,0.23,否,0.62,0.8,4.87,初级,无,无,15.36,33.5,0.44,是,是,0.64,高支模,29.76,1,0.01,0.74,0.88,0,0.64,低风险
0.36,0.25,否,0.69,0.7,3.73,中级,1次,无,30.72,23.25,0.19,是,是,0.71,高支模,6.82,0.17,0,0.98,0.69,0,0.34,低风险
0.87,0.33,否,0.78,0.92,2.38,中级,无,1次,9.04,14.59,0.71,是,是,0.45,车辆,19.23,1,0.32,0.88,0.95,9,0.78,高风险
0.48,0.23,否,0.89,0.95,6.1,高级,1次,≥2次,19.46,18.77,0.62,是,是,0.71,深基坑,16.77,0.68,0.08,0.84,0.56,7,0.82,高风险
0.82,0.54,否,0.81,0.8,0.84,初级,1次,1次,31.44,43.14,0.59,是,是,0.3,塔吊,21.17,1,0.15,0.85,0.72,1,0.79,极高风险
0.44,0.46,否,0.86,0.84,6.07,初级,1次,1次,28.1,73.58,0.17,是,是,0.84,高支模,16.32,0.85,0.4,0.8,0.82,4,0.38,极高风险
0.48,0.34,否,0.65,0.93,33.16,高级,无,无,14.43,30.94,0.1,是,是,0.95,塔吊,20.97,1,0.64,0.71,0.82,2,0.4,无风险
0.87,0.29,否,0.65,0.6,0.03,初级,无,无,15.03,25.41,0.16,是,是,0.24,高支模,34.89,0.71,0.78,0.64,0.35,3,0.7,极高风险
0.36,0.42,否,0.89,0.78,5.62,高级,1次,无,31.22,52.56,0.34,是,是,0.8,车辆,13.91,0.43,0.38,0.95,0.54,4,0.58,极高风险
0.85,0.11,否,0.71,0.89,13.71,中级,无,无,32.87,11.39,0.39,是,是,0.14,高支模,22.2,0.35,0.33,0.96,0.87,4,0.14,高风险
0.73,0.45,否,0.93,0.69,4.22,初级,无,1次,16.78,71.94,0.47,是,否,0.88,车辆,4.83,1,0.53,0.8,0.62,2,0.68,极高风险
0.76,0.17,否,0.76,0.65,6.14,高级,无,无,31.78,29.96,0.21,是,是,0.77,配电箱,3.55,0.81,0.14,0.71,0.57,2,0.77,无风险
0.7,0.22,否,0.89,0.71,10.88,中级,无,1次,17.68,20.99,0.07,是,是,0.51,塔吊,0.67,1,0.03,0.71,0.17,6,0.62,低风险
0.88,0.38,是,0.74,0.86,15.27,中级,1次,无,12.19,15.57,0.45,是,是,0.39,塔吊,1.97,0.8,0.47,0.78,0.41,3,0.59,极高风险
0.78,0.61,否,0.8,0.78,16.62,中级,1次,无,22.98,81.22,0.41,是,是,0.43,高支模,18.5,0.11,0.89,0.83,0.73,1,0.78,极高风险
0.71,0.3,否,0.67,0.77,20.1,初级,无,1次,21.84,18.52,0.37,是,是,0.78,深基坑,1.25,0.84,0.59,0.7,0.82,4,0.71,低风险
0.68,0.56,否,0.82,0.84,6.43,中级,无,无,49.36,49.93,0.26,是,是,0.87,高支模,48.19,0.79,0.57,0.9,0.38,4,0.56,高风险
0.82,0.12,否,0.72,0.93,1.54,中级,无,无,16.34,14.62,0.09,是,否,0.99,车辆,79.74,0.45,0.4,0.91,0.29,4,0.61,高风险
0.81,0.29,否,0.47,0.78,2.42,高级,无,无,7.29,21.94,0.79,是,否,0.52,深基坑,5.16,0.72,0.1,0.97,0.61,4,0.81,高风险
0.65,0.65,否,0.59,0.7,1.56,中级,无,无,18.43,81.5,0.64,是,是,0.47,高支模,2.92,0.6,0.5,0.92,0.47,1,0.61,极高风险
0.29,0.15,否,0.72,0.71,11.56,中级,无,无,21.75,10.71,0.53,是,是,0.5,高支模,0.45,0.72,0,0.9,0.57,1,0.59,无风险
0.74,0.25,否,0.74,0.8,2.08,中级,无,无,40.99,16.38,0.08,是,是,0.15,高支模,1.79,0.44,0.52,0.83,0.73,1,0.59,高风险
0.58,0.43,否,0.68,0.73,23.46,初级,无,无,19.13,23.62,0.46,否,是,0.18,深基坑,13.78,0.48,0,0.88,0.4,2,0.28,极高风险
0.77,0.27,否,0.76,0.78,32.86,高级,无,无,17.56,21.73,0.66,是,是,0.84,塔吊,35.34,0.7,0.48,0.85,0.81,1,0.21,无风险
0.19,0.25,否,0.6,0.65,0.81,高级,无,1次,30.41,26.06,0.2,否,是,0.48,配电箱,20.28,0.62,0.64,0.91,0.48,3,0.34,极高风险
0.94,0.54,否,0.63,0.87,4.63,高级,无,无,17.71,18.74,0.36,是,是,0.77,深基坑,0.44,1,0.24,0.9,0.54,2,0.66,无风险
0.89,0.78,否,0.74,0.84,15.43,中级,无,无,19.01,7.11,0.65,是,是,0.87,塔吊,7.33,1,0.03,0.9,0.61,3,0.47,无风险
0.82,0.15,否,0.67,0.91,0.95,初级,1次,无,17.24,33.48,0.58,是,是,0.84,深基坑,4.09,0.35,0.32,0.82,0.74,1,0.28,中风险
0.73,0.22,否,0.58,0.86,0.38,中级,无,≥2次,18.22,59.22,0.35,是,否,0.25,车辆,4.86,1,0.86,0.94,0.68,3,0.73,极高风险
0.78,0.05,否,0.82,0.77,0.51,无证,无,无,27.19,37.36,0.4,是,是,0.07,配电箱,1.72,0.67,0.52,0.77,0.26,1,0.37,极高风险
0.63,0.46,否,0.74,0.99,15.21,中级,1次,无,23.85,77.17,0.44,是,是,0.27,高支模,12.28,0.66,0.03,0.97,0.39,3,0.48,高风险
0.58,0.47,否,0.72,0.81,9.36,初级,无,无,50.2,35.34,0.34,是,是,0.72,塔吊,15.95,0.69,0.45,0.68,0.76,3,0.38,高风险
0.64,0.21,否,0.84,0.82,4.14,中级,无,无,14.66,55.27,0.21,是,是,0.59,塔吊,6.89,1,0.3,0.93,0.73,2,0.32,低风险
0.7,0.28,否,0.7,0.74,2.73,初级,无,无,24.44,80.4,0.24,是,是,0.71,高支模,14.21,0.77,0.07,0.55,0.79,7,0.85,中风险
0.08,0.25,否,0.71,0.77,0.45,无证,1次,无,12.72,77.98,0.23,是,是,0.56,深基坑,13.86,0.22,0.19,0.76,0.8,2,0.94,极高风险
0.83,0.45,否,0.85,0.73,1.82,中级,无,≥2次,16.89,53.52,0.33,是,是,0.74,深基坑,7.04,0.36,0.09,0.84,0.79,5,0.84,高风险
0.93,0.73,否,0.7,0.78,1.81,中级,无,1次,14.57,68.12,0.22,是,是,0.77,配电箱,17.1,0.66,0,0.95,0.55,4,0.54,高风险
0.56,0.57,否,0.65,0.83,0.94,高级,无,无,24.18,70.02,0.21,是,是,0.52,高支模,2.45,1,0,0.78,0.79,4,0.57,无风险
0.42,0.43,否,0.74,0.71,6.56,中级,无,≥2次,9.78,31.65,0.27,是,是,0.86,车辆,6.43,0.63,0.26,0.95,0.71,1,0.91,中风险
0.84,0.18,否,0.62,0.76,19.95,中级,无,无,19.9,7.2,0.57,是,是,0.88,深基坑,0.73,0.94,0.01,0.83,0.69,3,0.37,无风险
0.84,0.46,否,0.72,0.78,22.33,高级,无,1次,12.71,74.81,0.24,是,是,0.95,高支模,2.27,0.39,0.59,0.81,0.56,1,0.61,低风险
0.3,0.14,否,0.63,0.72,1.7,初级,1次,1次,10.62,33.03,0.29,是,是,0.93,深基坑,8.62,0.51,0.26,0.95,0.18,5,0.79,极高风险
0.62,0.21,否,0.78,0.88,8.88,初级,≥2次,无,22.1,15.66,0.1,是,是,0.81,车辆,1.58,0.84,0.2,0.49,0.86,2,0.2,无风险
0.72,0.14,否,0.67,0.79,13.69,中级,无,≥2次,15.68,55.18,0.14,是,是,0.43,塔吊,16.38,0.71,0.59,0.92,0.54,4,0.42,极高风险
0.35,0.24,否,0.46,0.81,8.48,中级,1次,1次,14.19,23.77,0.43,是,是,0.41,车辆,1.99,1,0,0.78,0.87,1,0.33,低风险
0.14,0.27,否,0.64,0.71,11.01,初级,无,≥2次,11.08,13.08,0.41,是,是,0.41,塔吊,1.61,0.75,0,0.92,0.45,1,0.53,高风险
0.88,0.64,否,0.86,0.89,12.9,高级,无,1次,27.3,25.08,0.01,是,是,0.75,塔吊,0.08,0.55,0.28,0.77,0.22,0,0.24,低风险
0.67,0.27,否,0.74,0.8,14.7,中级,无,无,40.7,30.65,0.4,否,是,0.55,车辆,3.48,1,0.52,0.74,0.59,6,0.82,高风险
0.81,0.55,否,0.8,0.89,10.43,高级,无,1次,15.99,12.11,0.13,是,是,0.78,高支模,16.35,0.61,0,0.87,0.31,2,0.43,无风险
0.08,0.1,否,0.67,0.98,21.59,无证,无,1次,57.66,56.46,0.2,是,是,0.83,高支模,1.57,0.53,0.27,0.92,0.48,3,0.42,极高风险
0.55,0.35,否,0.43,0.83,12.72,中级,无,无,20.61,11.54,0.76,是,是,0.35,车辆,37.56,0.16,0,0.83,0.72,3,0.42,高风险
0.75,0.15,否,0.78,0.86,4.24,中级,无,无,24.64,27.69,0.11,是,是,0.17,塔吊,21.45,0.65,0,0.86,0.29,1,0.67,高风险
0.11,0.14,否,0.57,0.91,1.61,中级,1次,≥2次,24.63,11.99,0.11,是,是,0.59,车辆,26.35,0.71,0.21,0.94,0.53,1,0.13,极高风险
0.42,0.17,否,0.76,0.7,5.09,高级,无,无,16.34,24.14,0.45,是,是,0.68,深基坑,19.93,1,0.69,0.99,0.93,2,0.22,低风险
0.37,0.23,否,0.63,0.77,12.77,中级,无,≥2次,22.24,30.89,0.19,是,是,0.43,车辆,0.89,1,0.5,0.91,0.85,0,0.87,低风险
0.62,0.79,否,0.82,0.94,0.01,中级,无,无,40.7,40.63,0.35,是,是,0.89,车辆,7.5,1,0.28,0.6,0.66,5,0.75,中风险
0.56,0.46,否,0.7,0.82,9.09,初级,无,无,8.62,8.74,0.12,是,是,0.77,车辆,11.6,0.75,0.09,0.81,0.3,2,0.85,低风险
0.74,0.32,否,0.73,0.62,14.34,初级,无,无,18.09,17.61,0.2,是,是,0.92,配电箱,0.44,0.59,0.25,0.88,0.05,3,0.69,无风险
0.37,0.29,否,0.7,0.92,3.78,高级,无,无,28.57,21.43,0.84,是,是,0.69,塔吊,16.6,1,0.56,0.85,0.79,1,0.68,低风险
0.73,0.41,否,0.84,0.74,0.09,初级,无,无,20.53,33.15,0.24,是,否,0.67,配电箱,21.91,0.55,0.27,0.94,0.9,6,0.49,极高风险
0.96,0.42,否,0.85,0.85,10.79,中级,≥2次,1次,11.42,9.68,0.07,是,是,0.74,高支模,20.29,1,0,0.83,0.56,3,0.64,无风险
0.71,0.31,否,0.88,0.94,0.96,中级,1次,≥2次,13.83,9.1,0.3,是,是,0.32,配电箱,23.98,0.38,0.52,0.83,0.2,3,0.63,极高风险
0.81,0.23,否,0.61,0.74,3.67,中级,无,无,25.12,37.42,0.1,是,否,0.35,配电箱,12.29,0.71,0,0.66,0.57,6,0.5,极高风险
0.71,0.07,否,0.72,0.99,3.28,中级,无,无,15.95,14.64,0.3,是,是,0.24,车辆,4.49,0.65,0.5,0.93,0.37,1,0.95,低风险
0.92,0.18,否,0.74,0.79,2.05,初级,无,无,29.28,31.1,0.39,是,是,0.92,车辆,14.75,0.94,0.58,0.84,0.83,0,0.66,低风险
0.83,0.15,否,0.62,0.86,11.3,高级,无,无,14.56,8.56,0.13,是,是,0.49,塔吊,3.8,0.74,0.15,0.9,0.87,4,0.43,无风险
0.71,0.21,否,0.6,0.74,0.12,无证,1次,无,16.71,21.27,0.1,是,是,0.44,塔吊,16.87,0.91,0,0.9,0.82,2,0.66,高风险
0.39,0.49,否,0.76,0.62,32.69,中级,无,无,8.82,34.62,0.09,是,是,0.75,深基坑,1.64,0.24,0.07,0.82,0.68,4,0.68,无风险
0.61,0.76,否,0.62,0.89,5.65,高级,无,1次,20.3,51.34,0.19,是,是,0.84,深基坑,8.85,0.93,0.45,0.96,0.88,2,0.78,低风险
0.65,0.55,否,0.67,0.7,14.72,初级,无,无,19.55,30.83,0.45,是,是,0.59,高支模,1.76,0.59,0.3,0.76,0.44,1,0.69,中风险
0.06,0.13,否,0.67,0.92,4.84,中级,无,1次,10.41,20.45,0.19,是,是,0.18,车辆,2.73,0.67,0.08,0.84,0.93,1,0.72,极高风险
0.78,0.2,否,0.69,0.88,11.11,中级,无,无,19.86,42.07,0.22,是,是,0.85,深基坑,3.94,0.69,0,0.8,0.69,1,0.9,无风险
0.85,0.17,否,0.67,0.83,0.13,高级,无,无,18.69,38.81,0.13,是,是,0.9,车辆,1.49,1,0.68,0.96,0.92,6,0.77,无风险
0.55,0.18,否,0.78,0.88,8.18,高级,无,无,26.36,25.91,0.1,是,是,0.24,塔吊,32.36,0.54,0.12,0.84,0.84,4,0.68,无风险
0.49,0.09,否,0.67,0.74,1.13,中级,1次,无,42.89,9.34,0.03,是,是,0.36,塔吊,16,0.68,0.38,0.81,0.8,3,0.74,低风险
0.47,0.11,否,0.65,0.69,13.72,中级,无,1次,17.13,19.33,0.55,是,是,0.44,塔吊,9.33,0.58,0.51,0.77,0.9,4,0.74,中风险
0.88,0.33,否,0.88,0.8,10.16,中级,无,1次,16.39,46.97,0.36,否,否,0.87,深基坑,3.63,1,0.33,0.71,0.86,2,0.42,极高风险
0.6,0.41,否,0.84,0.91,10.47,中级,无,无,28.53,58.59,0.4,是,是,0.33,配电箱,64.11,0.65,0.96,0.9,0.72,1,0.17,极高风险
0.66,0.12,否,0.71,0.74,16.35,中级,无,无,11.65,85.83,0.63,是,是,0.62,高支模,29.8,0.9,0.21,0.86,0.81,3,0.33,高风险
0.62,0.5,否,0.74,0.82,24.14,中级,无,1次,16.87,20.12,0.44,是,是,0.84,高支模,3.12,0.81,0.16,0.85,0.77,2,0.53,无风险
0.46,0.71,否,0.75,0.91,7.76,中级,1次,无,15.36,20.51,0.05,是,是,0.82,深基坑,1.68,0.42,0.35,0.88,0.92,3,0.86,无风险
0.31,0.14,否,0.75,0.88,0.35,中级,1次,无,39.69,26.22,0.23,是,是,0.5,配电箱,14.53,1,0.54,0.84,0.75,5,0.33,高风险
0.97,0.54,否,0.89,0.89,7.36,中级,1次,无,22.99,23.98,0.5,是,是,0.73,塔吊,29.72,0.9,0.77,0.72,0.49,4,0.9,中风险
0.5,0.26,否,0.7,0.76,29.27,中级,无,1次,30.15,44.28,0.09,是,是,0.96,车辆,9.65,0.65,0.13,0.96,0.86,3,0.41,无风险
0.75,0.32,否,0.84,0.8,13.6,无证,1次,无,28.53,12.72,0.24,是,是,0.73,车辆,1.08,0.55,0.63,0.95,0.76,5,0.94,高风险
0.58,0.24,否,0.75,0.83,1.57,初级,无,1次,11.06,54.09,0.12,是,是,0.52,深基坑,5.68,0.51,0.39,0.55,0.71,2,0.27,高风险
0.82,0.26,否,0.85,0.99,12.46,中级,无,无,25.6,11.55,0.16,是,是,0.55,塔吊,41.31,0.66,0.61,0.86,0.59,1,0.8,无风险
0.92,0.45,否,0.81,0.72,28.31,高级,≥2次,1次,19.97,44.84,0,是,是,0.85,深基坑,36.86,0.81,0.2,0.8,0.67,5,0.36,中风险
0.73,0.19,否,0.79,0.8,1.15,初级,无,无,28.35,52.78,0.42,是,是,0.43,配电箱,14.73,0.73,0.68,0.77,0.32,2,0.63,极高风险
0.56,0.64,否,0.66,0.91,17.29,初级,无,无,16.51,33.4,0.67,是,是,0.37,塔吊,17.16,0.3,0,0.78,0.36,1,0.61,高风险
0.97,0.38,否,0.92,0.79,17.57,中级,1次,1次,6.45,15.26,0,是,是,0.66,车辆,12.12,1,0.37,0.56,0.63,2,0.86,无风险
0.76,0.2,否,0.74,0.89,3.13,高级,无,无,50.28,22.5,0.35,是,是,0.51,配电箱,17.92,0.56,0.17,0.96,0.22,1,0.37,中风险
0.49,0.32,否,0.68,0.86,12.75,初级,无,无,14.59,26.54,0.07,是,是,0.17,深基坑,0.77,0.44,0,0.96,0.77,1,0.54,高风险
0.77,0.21,否,0.68,0.69,21.98,中级,无,1次,31.18,32.32,0.06,是,是,0.86,深基坑,4.78,0.38,0.52,0.92,0.39,4,0.72,低风险
0.76,0.16,否,0.32,0.9,4.67,中级,无,无,17.35,19.43,0.45,是,是,0.08,深基坑,15.2,0.2,0.12,0.94,0.69,1,0.53,极高风险
0.27,0.22,否,0.65,0.96,0.94,中级,无,≥2次,11.45,9.91,0.32,是,是,0.75,车辆,21.02,1,0.39,0.71,0.19,4,0.6,极高风险
0.76,0.2,否,0.66,0.89,13.19,初级,≥2次,无,10.76,47.17,0.25,是,是,0.9,配电箱,10.87,1,0.22,0.94,0.86,3,0.64,中风险
0.71,0.67,否,0.77,0.76,15.57,高级,无,无,40.87,30.65,0.19,是,是,0.85,配电箱,0.98,0.81,0,0.93,0.78,4,0.74,无风险
0.8,0.13,否,0.75,0.77,2.37,中级,无,无,9,23.31,0.27,是,是,0.67,车辆,9.02,0.54,0.21,0.69,0.72,6,0.54,低风险
0.74,0.34,否,0.61,0.63,4.65,初级,无,无,49.3,33.21,0.37,否,是,0.62,配电箱,0.75,0.56,0.06,0.98,0.86,0,0.42,高风险
0.62,0.13,否,0.68,0.57,5.13,中级,无,≥2次,25.86,74.54,0.36,是,是,0.65,深基坑,23.9,0.44,0,0.78,0.9,1,0.91,高风险
0.78,0.3,否,0.77,0.73,13.03,高级,1次,≥2次,24.75,29.17,0.16,是,是,0.36,深基坑,7.13,1,0.17,0.82,0.33,2,0.71,中风险
0.76,0.2,否,0.85,0.8,8.08,中级,无,无,24.44,58.73,0.48,是,是,0.9,配电箱,30.81,0.66,0.53,0.8,0.17,5,0.68,高风险
0.55,0.15,否,0.81,0.71,7.17,高级,无,无,29.51,38.76,0.04,是,是,0.12,塔吊,65.2,0.73,0.36,0.88,0.6,3,0.7,高风险
0.44,0.44,否,0.7,0.79,1.56,中级,无,无,22.16,31.48,0.27,是,是,0.49,高支模,15.84,0.81,0,0.74,0.38,5,0.83,中风险
0.74,0.52,否,0.75,0.62,3.48,中级,1次,无,12.93,39.85,0.02,是,是,0.21,配电箱,14.71,0.72,0.6,0.98,0.64,2,0.22,极高风险
0.29,0.22,否,0.35,0.57,21.04,高级,无,1次,9.45,22.52,0.4,是,否,0.47,配电箱,33.58,0.94,0.22,0.91,0.82,3,0.42,极高风险
0.86,0.73,否,0.71,0.68,11.21,无证,无,1次,18.7,49.51,0.03,是,是,0.33,车辆,23.78,0.46,0.28,0.78,0.54,1,0.41,极高风险
0.62,0.43,否,0.74,0.55,9.7,中级,无,无,10.96,44.61,0.19,是,是,0.41,深基坑,0.39,0.53,0.2,0.89,0.6,5,0.55,高风险
0.97,0.14,否,0.67,0.84,15.29,中级,无,无,24.27,22.06,0.38,是,是,0.77,深基坑,23.93,0.58,0.28,0.73,0.46,3,0.18,低风险
0.25,0.27,否,0.81,0.78,7.52,初级,无,无,42.83,47.68,0.78,是,是,0.72,塔吊,24.48,0.65,0,0.6,0.7,6,0.73,高风险
0.34,0.43,否,0.68,0.6,3.03,初级,无,无,26.3,43.78,0.19,是,是,0.64,塔吊,52.47,1,0.32,0.79,0.32,6,0.68,极高风险
0.76,0.24,否,0.85,0.95,17.96,高级,1次,无,16,10.18,0.03,是,是,0.85,高支模,35.63,0.77,0,0.8,0.76,4,0.67,无风险
0.42,0.31,否,0.68,0.95,2.28,高级,无,1次,12.08,44.38,0.52,是,是,0.81,车辆,4.22,0.76,0.27,0.93,0.72,2,0.73,低风险
0.77,0.19,否,0.75,0.79,15.79,高级,1次,1次,28.09,45.02,0.29,是,是,0.12,车辆,13.85,0.51,0,0.86,0.76,5,0.67,高风险
0.66,0.15,否,0.58,0.82,3.24,高级,无,无,25.39,30.23,0.06,是,是,0.73,塔吊,12.97,0.18,0.63,0.92,0.13,2,0.7,中风险
0.85,0.27,否,0.69,0.7,5.9,中级,无,无,46,10.6,0.12,是,是,0.74,塔吊,0.51,0.26,0.42,0.89,0.52,5,0.85,低风险
0.38,0.2,否,0.65,0.72,13.9,高级,1次,无,23.98,61.96,0.29,是,是,0.86,高支模,0.72,0.84,0,0.87,0.77,3,0.65,无风险
0.34,0.18,否,0.7,0.89,9.68,中级,无,无,17.58,20.24,0.37,是,是,0.91,车辆,3.53,0.54,0.35,0.63,0.73,2,0.55,无风险
0.81,0.26,否,0.89,0.81,22.85,中级,1次,1次,17.17,61.07,0.03,是,是,0.64,高支模,1.97,0.26,0.3,0.85,0.51,1,0.67,低风险
0.69,0.18,否,0.61,0.79,34.16,初级,无,1次,26.99,15.48,0.34,否,是,0.5,高支模,13.9,0.92,0.16,0.88,0.68,4,0.72,高风险
0.61,0.66,否,0.69,0.7,3.48,初级,无,1次,69.96,57.08,0.7,是,是,0.89,车辆,8.78,1,0,0.91,0.91,2,0.64,中风险
0.64,0.16,否,0.67,0.83,6.92,初级,无,无,17.02,45.92,0.26,是,是,0.86,车辆,4.32,0.86,0.06,0.73,0.71,2,0.63,无风险
0.34,0.41,否,0.46,0.68,1.86,初级,无,1次,15.8,35.28,0.1,是,是,0.76,塔吊,45.07,0.93,0.24,0.61,0.75,1,0.29,极高风险
0.53,0.12,否,0.59,0.85,2.29,中级,1次,1次,43.05,22.43,0.59,是,是,0.08,高支模,0.23,0.75,0,0.91,0.73,1,0.88,高风险
0.84,0.57,否,0.72,0.76,2.82,初级,无,无,20.84,23.73,0.17,是,是,0.67,车辆,15.45,0.61,0.16,0.88,0.67,4,0.37,中风险
0.77,0.4,否,0.57,0.7,0.58,中级,无,无,17.55,15.3,0.21,是,是,0.77,高支模,21.77,0.44,0,0.86,0.69,2,0.31,低风险
0.56,0.26,否,0.62,0.83,4.34,中级,无,无,22.78,17.35,0.02,是,是,0.91,塔吊,9.83,0.71,0.46,0.57,0.74,3,0.47,无风险
0.69,0.29,否,0.78,0.75,6.33,中级,无,1次,14.09,77.51,0.03,是,是,0.44,塔吊,2.26,1,0.26,0.81,0.27,2,0.58,中风险
0.15,0.13,否,0.83,0.88,6.88,无证,无,无,18.71,13.1,0.29,是,是,0.88,高支模,2.47,0.54,0,0.9,0.64,3,0.85,极高风险
0.61,0.32,否,0.75,0.73,31.16,初级,无,1次,14.21,32.11,0.41,是,是,0.56,深基坑,10.93,1,0.06,0.9,0.35,1,0.32,低风险
0.74,0.12,否,0.83,0.84,2.61,初级,无,无,26.79,38.18,0.05,是,是,0.58,深基坑,24.26,1,0.22,0.67,0.75,5,0.92,低风险
0.23,0.59,否,0.7,0.81,10.14,中级,无,1次,26.74,58.1,0.11,是,是,0.78,车辆,49.77,1,0.07,0.72,0.45,2,0.53,高风险
0.8,0.17,否,0.7,0.83,9.21,中级,1次,无,18.53,12.66,0.1,是,是,0.42,配电箱,14.24,0.85,0.23,0.78,0.7,4,0.32,低风险
0.39,0.15,否,0.71,0.93,14.87,中级,无,无,12.64,25.39,0.35,是,是,0.89,深基坑,14.38,0.37,0.53,0.84,0.45,1,0.65,低风险
0.72,0.07,否,0.61,0.79,5.57,中级,无,无,26.57,13.8,0.34,是,是,0.69,配电箱,17.72,0.81,0.44,0.84,0.23,7,0.73,中风险
0.81,0.39,否,0.83,0.82,2.46,中级,无,无,22.64,13.62,0.11,是,是,0.62,高支模,16.43,1,0.12,0.84,0.62,3,0.9,无风险
0.85,0.3,否,0.53,0.81,4.1,高级,无,无,49.36,19.03,0.51,是,是,0.11,配电箱,9.96,1,0.15,0.65,0.55,1,0.54,高风险
0.83,0.44,是,0.74,0.75,0.13,中级,无,无,32.52,43.03,0.17,是,是,0.86,高支模,29.67,1,0.14,0.98,0.14,0,0.56,极高风险
0.36,0.54,否,0.79,0.79,3.89,无证,无,无,27.12,25.59,0.04,是,是,0.11,高支模,1.76,0.76,0,0.83,0.24,5,0.1,极高风险
0.69,0.1,否,0.74,0.87,14.96,中级,1次,1次,15.82,38.84,0.37,是,是,0.52,高支模,4.33,1,0.41,0.55,0.8,2,0.44,中风险
0.29,0.11,否,0.81,0.69,20.14,高级,无,无,17.19,18.26,0.49,是,是,0.76,深基坑,1.53,0.37,0.6,0.81,0.48,3,0.7,无风险
0.82,0.32,否,0.65,0.65,4.31,中级,无,1次,32.08,36.96,0.23,是,是,0.27,高支模,0.76,1,0,0.91,0.49,4,0.41,低风险
0.82,0.3,否,0.44,0.83,5.65,初级,无,无,16.56,49.56,0.09,是,是,0.63,高支模,46.95,0.2,0.2,0.74,0.8,1,0.71,高风险
0.72,0.59,否,0.66,0.7,2.73,初级,无,无,13.73,27.44,0.08,是,是,0.56,塔吊,19.06,1,0,0.7,0.5,0,0.67,低风险
0.57,0.12,否,0.73,0.71,12.94,中级,无,无,34.03,42.77,0.07,是,否,0.85,配电箱,16.48,0.62,0.35,0.81,0.26,9,0.25,极高风险
0.7,0.25,否,0.74,0.77,21.24,高级,无,无,19.67,35.91,0.05,是,是,0.54,配电箱,1.66,0.36,0.13,0.77,0.86,3,0.39,无风险
0.73,0.49,否,0.7,0.85,23.06,无证,无,无,14.12,25.73,0.11,是,是,0.93,车辆,18.08,0.96,0.13,0.83,0.57,5,0.48,高风险
0.81,0.3,否,0.6,0.7,7.62,中级,无,1次,16.54,15.28,0.1,是,是,0.27,高支模,12.8,0.28,0.24,0.74,0.24,1,0.85,高风险
0.77,0.14,否,0.68,0.84,4.8,中级,无,无,66.07,42.94,0.37,是,是,0.44,高支模,3.77,0.4,0.08,0.7,0.44,6,0.67,中风险
0.84,0.3,否,0.75,0.58,0.56,中级,无,≥2次,16.47,26.6,0.06,否,是,0.73,车辆,5.65,1,0.5,0.86,0.7,0,0.51,极高风险
0.6,0.25,否,0.64,0.75,1.84,中级,无,1次,7.65,29.56,0.46,是,是,0.49,高支模,15.73,0.46,0.16,0.92,0.69,2,0.56,高风险
0.45,0.27,否,0.78,0.78,3.65,初级,无,无,33.09,56.59,0.11,是,是,0.48,深基坑,9.63,1,0.02,0.86,0.59,2,0.73,低风险
0.62,0.26,是,0.76,0.84,10.71,初级,无,1次,14.04,12.99,0.01,是,是,0.6,配电箱,29.24,0.18,0.14,0.94,0.4,1,0.64,极高风险
0.48,0.37,否,0.64,0.65,12.36,初级,无,1次,12.26,6.03,0.38,是,是,0.97,深基坑,78.3,0.5,0.27,0.65,0.41,1,0.61,高风险
0.59,0.57,否,0.63,0.83,30.97,高级,无,1次,28.41,39.32,0.49,是,是,0.35,塔吊,25.14,0.69,0.14,0.88,0.53,2,0.31,中风险
0.45,0.38,否,0.62,0.56,11.23,初级,无,无,24.39,18.04,0.14,是,是,0.51,塔吊,3.26,1,0,0.89,0.51,6,0.42,高风险
0.6,0.32,否,0.64,0.82,8.96,初级,无,1次,7.28,25.99,0.07,是,否,0.86,高支模,7.91,0.25,0.04,0.79,0.4,1,0.33,极高风险
0.93,0.26,否,0.8,0.7,6.37,中级,无,1次,9,20.66,0.11,是,是,0.69,高支模,4.66,0.68,0,0.75,0.68,1,0.35,无风险
0.66,0.31,否,0.5,0.89,21.89,高级,无,无,9.03,9.61,0.58,是,是,0.8,配电箱,16.52,0.84,0,0.8,0.67,2,0.57,无风险
0.27,0.27,否,0.72,0.72,7.82,中级,无,1次,22.26,25.47,0.12,是,是,0.54,塔吊,13.55,1,0.03,0.77,0.37,1,0.59,低风险
0.73,0.27,否,0.68,0.71,11.97,中级,无,无,17.66,41.98,0.47,是,是,0.9,配电箱,49.2,0.4,0.17,0.94,0.58,7,0.78,中风险
0.82,0.11,否,0.67,0.74,6.69,中级,1次,1次,28.93,25.03,0.07,是,是,0.73,深基坑,12.98,1,0.01,0.74,0.73,3,0.47,无风险
0.61,0.09,是,0.67,0.71,5.88,初级,无,1次,18.58,11.8,0.04,是,是,0.71,配电箱,39.07,0.87,0.26,0.58,0.4,3,0.23,极高风险
0.79,0.38,否,0.65,0.85,18.86,中级,无,1次,10.36,42.6,0.59,是,是,0.74,车辆,8.3,0.14,0.22,0.91,0.14,1,0.7,高风险
0.37,0.1,否,0.65,0.81,1.85,初级,无,1次,21.25,28.45,0.05,是,是,0.41,车辆,29,0.57,0.29,0.92,0.79,2,0.7,高风险
0.57,0.92,否,0.66,0.67,1.96,初级,无,无,39.58,31.7,0.15,是,否,0.89,高支模,42.76,0.6,0.44,0.79,0.54,2,0.7,极高风险
0.94,0.24,否,0.87,0.89,31.56,高级,无,无,13.11,16.03,0.07,是,是,0.68,塔吊,16.03,0.23,0.51,0.87,0.39,6,0.81,无风险
0.88,0.89,否,0.89,0.72,2.02,中级,无,≥2次,7.64,98.53,0.75,是,是,0.38,深基坑,26.75,0.8,0,0.69,0.83,2,0.26,极高风险
0.67,0.13,否,0.78,0.72,23.43,高级,无,1次,15.27,16.17,0.01,是,否,0.86,深基坑,4.66,0.52,0.4,0.77,0.69,3,0.72,高风险
0.79,0.28,否,0.72,0.9,3.12,高级,无,无,22.44,22.55,0.04,是,是,0.64,塔吊,17.09,1,0.17,0.97,0.89,2,0.44,无风险
0.78,0.78,否,0.66,0.82,9.79,初级,1次,无,33.68,118.94,0.03,是,是,0.78,塔吊,7.8,0.56,0.08,0.85,0.43,2,0.4,高风险
0.76,0.34,否,0.69,0.69,7.31,初级,无,无,20.99,27.28,0.04,是,是,0.6,配电箱,24.2,0.52,0.06,0.94,0.28,4,0.84,中风险
0.76,0.16,否,0.65,0.83,5.44,中级,无,无,18.58,75.96,0.29,是,是,0.88,塔吊,12.39,1,0.66,0.82,0.35,7,0.85,中风险
0.43,0.99,否,0.82,0.7,10.62,初级,1次,无,18.01,37.66,0.08,是,是,0.17,高支模,10.28,0.93,0,0.86,0.51,6,0.72,极高风险
0.28,0.69,否,0.67,0.73,6.55,初级,无,无,12.67,29.05,0.18,是,是,0.82,深基坑,8.26,1,0.44,0.81,0.78,1,0.6,中风险
0.64,0.13,否,0.75,0.94,4.37,高级,无,无,15.32,12.73,0.16,是,是,0.7,高支模,16.85,0.56,0.59,0.61,0.8,1,0.53,无风险
0.74,0.23,否,0.71,0.98,5.55,高级,无,1次,13.48,36.17,0.53,是,是,0.35,深基坑,4.81,0.68,0.32,0.85,0.89,1,0.72,低风险
0.64,0.11,否,0.67,0.86,19.23,高级,无,无,27.18,26.16,0.5,是,是,0.44,塔吊,24.62,0.31,0,0.61,0.39,1,0.89,无风险
0.61,0.55,否,0.78,0.63,9.53,中级,无,无,19,32.53,0.54,是,是,0.73,深基坑,2.27,0.77,0.22,0.97,0.35,3,0.76,低风险
0.31,0.23,否,0.73,0.81,19.5,无证,1次,无,8.12,17.78,0.01,否,是,0.67,塔吊,3.07,0.14,0,0.72,0.53,2,0.52,极高风险
0.5,0.36,否,0.58,0.78,34.28,高级,无,1次,29.97,37.01,0.06,是,是,0.61,配电箱,7.43,1,0.24,0.76,0.32,3,0.37,低风险
0.9,0.51,否,0.87,0.95,6.28,中级,无,1次,20.83,38.97,0.71,是,是,0.65,高支模,42.15,0.5,0,0.71,0.13,4,0.89,极高风险
0.88,0.13,否,0.83,0.79,0.07,高级,无,无,11.52,54.64,0.29,是,是,0.31,高支模,77.27,1,0.18,0.66,0.25,1,0.72,中风险
0.56,0.24,否,0.89,0.83,10.89,初级,无,1次,31.02,44.44,0.46,是,是,0.75,车辆,22.91,0.23,0,0.72,0.8,3,0.91,中风险
0.56,0.24,否,0.74,0.86,4.69,中级,无,1次,22.97,20.22,0,是,是,0.33,配电箱,28.31,0.78,0,0.87,0.54,1,0.54,低风险
0.55,0.25,否,0.7,0.75,4.41,中级,无,无,54.73,13.48,0.42,是,是,0.88,车辆,32.75,0.87,0.06,0.92,0.6,2,0.93,无风险
0.34,0.52,否,0.72,0.84,4.16,中级,无,无,34.54,14.93,0.28,是,是,0.58,配电箱,27.3,0.94,0.2,0.82,0.43,1,0.46,中风险
0.64,0.26,否,0.8,0.97,22.59,中级,1次,无,22.86,9.84,0.5,是,否,0.18,高支模,3.29,0.76,0.63,0.86,0.13,2,0.63,极高风险
0.98,0.83,否,0.85,0.71,1.22,中级,无,无,20.4,100.96,0.27,是,是,0.96,高支模,31.89,1,0.54,0.53,0.64,3,0.21,极高风险
0.84,0.88,否,0.51,0.71,9.65,中级,无,无,17.5,47.08,0.47,是,是,0.54,配电箱,12.37,0.69,0,0.96,0.82,1,0.24,高风险
0.86,0.37,否,0.76,0.86,13.78,中级,无,无,15.34,33.36,0.17,是,是,0.55,配电箱,13.32,0.79,0.33,0.74,0.77,3,0.72,低风险
0.3,0.33,否,0.75,0.86,8.98,中级,无,无,29.01,51.63,0.36,是,是,0.38,车辆,0.54,0.37,0.57,0.7,0.06,1,0.7,极高风险
0.35,0.15,否,0.72,0.88,4.33,高级,≥2次,无,32.92,12.35,0.1,是,是,0.77,车辆,60.96,0.13,0.27,0.9,0.76,5,0.46,高风险
0.65,0.26,否,0.77,0.76,8.5,高级,无,无,21.26,32.75,0.36,是,是,0.67,车辆,20.32,0.72,0.38,0.89,0.7,1,0.42,低风险
0.2,0.21,否,0.67,0.62,2.81,初级,无,无,40.3,52.22,0.16,是,是,0.81,高支模,16.56,0.8,0.22,0.93,0.73,7,0.7,高风险
0.84,0.23,否,0.64,0.8,2.5,中级,无,1次,19.28,16.91,0.3,是,是,0.1,高支模,0.66,0.31,0,0.89,0.73,1,0.52,高风险
0.8,0.23,否,0.76,0.86,21.75,高级,无,1次,39.69,37.53,0.05,是,是,0.88,塔吊,4.46,0.71,0.64,0.88,0.73,7,0.52,无风险
0.7,0.32,否,0.76,0.92,4.68,初级,无,无,49.87,25.42,0.34,是,是,0.5,车辆,13.87,0.42,0.23,0.79,0.2,1,0.53,高风险
0.52,0.19,否,0.7,0.83,12.73,初级,无,无,7.74,23.39,0.22,是,是,0.19,车辆,50.74,0.7,0.3,0.93,0.56,4,0.46,高风险
0.34,0.33,否,0.59,0.77,1.08,中级,无,1次,11.63,26.35,0.16,是,是,0.73,配电箱,24.49,0.24,0.23,0.71,0.54,3,0.68,极高风险
0.31,0.23,否,0.61,0.69,0.77,中级,无,≥2次,27.79,31.48,0.01,是,是,0.39,深基坑,22.82,1,0.07,0.82,0.15,4,0.6,极高风险
0.51,0.21,否,0.67,0.77,9.94,中级,无,无,22.03,5.85,0.2,否,否,0.5,车辆,10.96,0.46,0.1,0.92,0.68,2,0.21,极高风险
0.62,0.27,是,0.51,0.79,10.33,中级,1次,≥2次,15.11,15.24,0.84,是,是,0.88,车辆,2.95,0.78,0.26,0.82,0.36,1,0.34,极高风险
0.13,0.6,否,0.64,0.81,34.37,中级,1次,无,15.71,36.37,0.06,是,是,0.96,塔吊,20.64,1,0.45,0.79,0.43,7,0.69,高风险
0.63,0.2,否,0.61,0.73,8.76,中级,1次,无,23.48,29.15,0.81,是,是,0.8,高支模,25.5,0.58,0.19,0.71,0.25,0,0.56,极高风险
0.4,0.23,否,0.63,0.66,7.25,中级,无,≥2次,23.41,11.19,0.75,是,是,0.9,塔吊,28.11,0.7,0.42,0.88,0.71,1,0.38,高风险
0.85,0.22,否,0.68,0.73,6.29,中级,无,无,19.8,21.74,0.05,是,是,0.77,深基坑,23.28,0.39,0.02,0.97,0.32,3,0.75,无风险
0.81,0.5,否,0.8,0.65,1.56,中级,无,无,12.5,9.61,0.31,是,是,0.23,配电箱,22.66,0.85,0.38,0.87,0.83,1,0.59,中风险
0.52,0.72,否,0.7,0.8,2.18,初级,无,无,7.93,51.71,0.77,是,是,0.9,车辆,2.21,1,0.05,0.86,0.78,1,0.55,中风险
0.4,0.41,否,0.76,0.86,11.19,中级,无,无,20.06,59.91,0.49,是,是,0.55,配电箱,22.79,0.51,0.52,0.67,0.93,1,0.58,高风险
0.63,0.33,否,0.64,0.7,5.91,初级,1次,无,9.65,48.74,0.27,是,是,0.92,车辆,21.25,1,0.86,0.88,0.49,8,0.56,极高风险
0.54,0.82,否,0.7,0.98,0.85,无证,无,1次,19.83,50.1,0.15,是,否,0.92,车辆,24.3,0.76,0.38,0.92,0.71,2,0.89,极高风险
0.73,0.35,否,0.75,0.91,17.26,中级,无,1次,35,9.77,0.12,是,是,0.63,深基坑,19.12,0.39,0.54,0.76,0.72,9,0.47,高风险
0.55,0.25,否,0.61,0.86,7.1,高级,1次,1次,23.3,29.59,0.05,是,是,0.42,车辆,72.77,0.34,0,0.86,0.42,2,0.62,高风险
0.65,0.51,否,0.8,0.82,3.84,高级,1次,无,19.14,24.82,0.18,是,是,0.47,高支模,24.83,0.63,0.45,0.84,0.56,2,0.67,高风险
0.82,0.08,否,0.66,0.59,7.08,高级,无,1次,36.46,32.77,0.48,是,是,0.78,配电箱,17.59,0.43,0,0.69,0.45,5,0.6,高风险
0.67,0.25,否,0.67,0.78,15.91,中级,1次,无,33.37,24.58,0.91,是,是,0.8,深基坑,15.4,1,0,0.63,0.74,4,0.51,低风险
0.76,0.28,否,0.61,0.73,0.8,中级,无,1次,10.97,15.76,0.1,是,是,0.91,塔吊,2.81,0.6,0,0.62,0.77,1,0.63,无风险
0.34,0.17,否,0.75,0.75,2.16,初级,无,无,29.81,39.42,0.07,是,是,0.47,高支模,24.63,0.34,0,0.66,0.48,2,0.83,高风险
0.4,0.26,否,0.65,0.7,4.95,初级,1次,无,28.25,36.39,0.06,是,是,0.21,塔吊,38.82,0.5,0,0.78,0.86,3,0.52,高风险
0.5,0.13,否,0.73,0.76,14.48,中级,无,无,10.5,67.38,0.12,是,是,0.29,配电箱,28.87,0.65,0.66,0.81,0.69,1,0.57,高风险
0.72,0.24,否,0.68,0.7,7.83,高级,无,无,26.17,51.27,0.29,是,是,0.82,配电箱,42.99,0.33,0.46,0.89,0.85,1,0.67,低风险
0.21,0.19,否,0.63,0.61,7.56,中级,无,无,11.63,19.26,0.24,是,是,0.16,塔吊,9.19,1,0,0.88,0.69,1,0.6,高风险
0.72,0.38,否,0.64,0.77,6.46,中级,无,无,25.66,45.06,0.23,是,是,0.65,高支模,1.97,0.56,0.07,0.87,0.66,3,0.1,低风险
0.78,0.28,否,0.59,0.82,9.27,初级,无,1次,26.39,23.98,0.41,是,是,0.53,配电箱,3.53,0.86,0.39,0.81,0.8,1,0.58,中风险
0.63,0.24,否,0.8,0.67,8.21,中级,无,无,23.66,54.74,0.25,是,是,0.87,车辆,21.64,0.27,0.09,1,0.64,2,0.57,中风险
0.45,0.39,否,0.85,0.68,2.67,初级,无,1次,40.91,52.94,0.38,是,是,0.56,高支模,29.97,1,0,0.75,0.87,2,0.94,高风险
0.48,0.17,否,0.6,0.63,1.62,中级,无,无,15.65,26.2,0,是,是,0.64,高支模,8.32,0.41,0.46,0.84,0.7,1,0.52,低风险
0.86,0.29,否,0.63,0.78,1.27,中级,无,无,31.2,28.28,0.14,是,是,0.45,车辆,3.34,1,0.75,0.94,0.37,1,0.95,低风险
0.83,0.38,否,0.87,0.69,16.65,初级,1次,1次,45.82,64.86,0.46,是,否,0.3,深基坑,1.87,1,0.43,0.92,0.57,5,0.6,极高风险
0.85,0.43,否,0.62,0.93,18.36,高级,无,无,17.27,28.63,0.6,是,是,0.89,塔吊,27.01,0.59,0.1,0.87,0.67,4,0.64,无风险
0.76,0.21,否,0.72,0.94,12.56,初级,1次,无,87.23,24.6,0.46,是,是,0.23,车辆,24.75,0.51,0.21,0.88,0.87,0,0.83,高风险
0.63,0.26,否,0.79,0.73,0.91,中级,无,无,13.03,43.05,0.15,是,是,0.84,塔吊,21.17,0.97,0.05,0.86,0.67,2,0.39,无风险
0.79,0.23,否,0.63,0.87,2.9,初级,无,1次,37.22,13.59,0.22,是,是,0.87,深基坑,10.97,0.73,0,0.73,0.46,2,0.89,无风险
0.75,0.57,否,0.54,0.8,16.8,中级,无,1次,21.75,111.76,0.03,是,是,0.78,塔吊,21.26,0.61,0.37,0.76,0.79,3,0.51,中风险
0.95,0.63,否,0.7,0.7,10.99,中级,无,无,10.03,26.27,0.14,是,是,0.76,深基坑,3.19,0.85,0,0.86,0.89,1,0.54,无风险
0.68,0.32,否,0.85,0.64,19.96,中级,无,1次,26.05,19.04,0.36,是,是,0.58,塔吊,36.69,0.53,0.35,0.9,0.86,1,0.29,低风险
0.72,0.26,否,0.71,0.73,1.43,初级,无,1次,21.46,34.11,0.72,是,是,0.67,高支模,1.43,0.45,0,0.78,0.98,1,0.38,低风险
0.92,0.12,否,0.73,0.77,4.13,高级,无,无,34.8,8.61,0.08,是,否,0.88,高支模,13.54,1,0,0.75,0.4,3,0.66,高风险
0.64,0.72,否,0.69,0.83,6.69,高级,1次,≥2次,49.05,25.77,0.15,是,是,0.74,高支模,0.44,0.49,0.42,0.69,0.9,1,0.45,高风险
0.58,0.29,否,0.82,0.7,0.19,高级,1次,无,73.84,43.45,0.03,是,是,0.62,配电箱,20.74,0.87,0,0.84,0.12,2,0.8,低风险
0.74,0.18,否,0.88,0.81,3.26,初级,无,无,22.03,44.07,0.51,是,是,0.88,深基坑,9.84,0.88,0.13,0.91,0.66,1,0.7,无风险
0.74,0.27,否,0.6,0.75,2.63,中级,无,无,36.37,38.65,0.19,是,是,0.06,车辆,10.78,1,0,0.75,0.54,1,0.64,高风险
0.46,0.39,否,0.42,0.9,7.8,中级,1次,≥2次,15.07,63.1,0.34,是,是,0.64,车辆,2.53,0.62,0.09,0.88,0.95,3,0.55,高风险
0.55,0.2,否,0.84,0.62,7.24,中级,无,无,19.6,25.11,0.43,否,是,0.55,高支模,13.39,0.38,0.11,0.79,0.74,4,0.16,极高风险
0.76,0.3,否,0.68,0.78,19.77,初级,1次,无,20.17,26.72,0.38,是,是,0.84,塔吊,13.28,1,0.3,0.78,0.63,3,0.47,低风险
0.16,0.19,否,0.62,0.67,14.63,中级,无,1次,16.3,30.43,0.43,是,是,0.47,深基坑,4.96,0.64,0.07,0.72,0.54,4,0.49,高风险
0.12,0.28,否,0.78,0.64,30.2,中级,无,1次,37.96,40.44,0.21,是,是,0.18,塔吊,24.01,0.6,0.42,0.85,0.7,1,0.52,极高风险
0.27,0.34,否,0.73,0.82,7.17,初级,无,≥2次,34.64,8.8,0.5,是,是,0.9,深基坑,8.42,0.35,0.59,0.81,0.71,0,0.77,极高风险
0.74,0.66,否,0.72,0.64,6.12,中级,无,无,6.77,41.26,0.2,是,是,0.83,车辆,4.75,0.82,0.34,0.73,0.48,3,0.31,中风险
0.69,0.19,否,0.69,0.6,8.08,中级,无,无,21.94,75.95,0.02,是,是,0.59,深基坑,3.78,0.86,0.34,0.69,0.53,4,0.8,高风险
0.87,0.41,否,0.82,0.86,25.08,中级,无,≥2次,14.73,10.99,0.03,是,是,0.57,深基坑,16.72,0.66,0.43,0.78,0.27,2,0.77,低风险
0.23,0.14,否,0.68,0.72,6.51,中级,无,无,20.39,20.06,0.57,是,是,0.26,车辆,1.31,0.77,0.19,0.94,0.55,3,0.97,低风险
0.66,0.47,否,0.7,0.62,7.09,中级,无,1次,3.85,69.03,0.63,是,是,0.88,深基坑,8.57,0.7,0,0.67,0.69,2,0.66,高风险
0.67,0.13,否,0.6,0.79,9.8,高级,1次,1次,29.1,57.1,0.09,是,是,0.81,高支模,7.06,0.59,0.18,0.8,0.56,3,0.84,低风险
0.53,0.22,否,0.62,0.57,0.8,中级,无,无,24.37,30.32,0.26,是,是,0.72,车辆,22.6,1,0.38,0.88,0.13,4,0.69,高风险
0.34,0.3,否,0.65,0.82,4.61,中级,无,无,16.84,27.78,0.04,是,是,0.76,深基坑,13.56,0.67,0.95,0.96,0.63,1,0.92,低风险
0.96,0.18,否,0.76,0.73,27.4,初级,无,1次,21.78,35.49,0.34,是,是,0.97,塔吊,1.75,0.72,0.36,0.62,0.54,0,0.48,无风险
0.44,0.3,否,0.6,0.9,5.91,中级,1次,无,23.98,75.09,0.23,是,是,0.88,深基坑,24.13,0.48,0.48,0.91,0.5,3,0.27,极高风险
0.27,0.39,否,0.77,0.88,16.27,初级,无,1次,25.3,53.98,0.24,是,是,0.91,车辆,10.41,0.88,0.59,0.85,0.35,6,0.76,极高风险
0.79,0.21,否,0.77,0.83,12.21,高级,无,1次,12.54,30,0.46,是,是,0.39,高支模,49.4,0.2,0.42,0.55,0.15,2,0.63,极高风险
0.7,0.59,否,0.79,0.75,8.05,中级,≥2次,无,17.84,56.7,0.02,是,是,0.49,高支模,17.31,0.64,0,0.89,0.56,1,0.75,高风险
0.41,0.25,否,0.74,0.77,13.87,初级,1次,无,18.52,31.56,0.14,是,否,0.46,高支模,14.95,1,0.23,0.9,0.47,3,0.78,极高风险
0.71,0.12,否,0.55,0.76,5.14,中级,无,无,26.33,30.89,0.08,是,是,0.76,高支模,3.18,0.72,0.73,0.85,0.59,1,0.76,无风险
0.79,0.2,否,0.62,0.67,3,初级,无,无,24.55,65.04,0.15,是,是,0.7,车辆,18.7,0.55,0,0.63,0.84,3,0.7,中风险
0.82,0.14,否,0.76,0.8,1.84,初级,无,无,31.67,19.55,0.36,是,是,0.57,高支模,22.37,1,0.09,0.86,0.6,3,0.59,低风险
0.55,0.44,否,0.9,0.77,6.23,中级,1次,≥2次,10.78,27.77,0.07,是,是,0.6,深基坑,19.64,0.31,0.1,0.84,0.21,2,0.3,极高风险
0.71,0.26,否,0.63,0.72,12.56,高级,无,无,34.77,29.66,0.08,是,是,0.66,车辆,0.18,1,0.18,0.79,0.58,5,0.54,无风险
0.26,0.28,否,0.71,0.64,2.04,初级,无,1次,8.59,23.61,0.05,是,是,0.4,塔吊,13.1,0.82,0.24,0.68,0.39,3,0.25,极高风险
0.82,0.46,否,0.8,0.89,39.09,中级,无,无,23.77,14.38,0.05,是,是,0.61,车辆,25.08,0.39,0,0.87,0.65,6,0.86,无风险
0.37,0.2,否,0.76,0.77,9.04,高级,1次,无,31.35,16.49,0.32,是,是,0.3,高支模,2.68,0.4,0,0.79,0.87,6,0.74,低风险
0.74,0.4,否,0.68,0.79,0.5,无证,无,无,23.66,20.39,0.21,是,是,0.85,车辆,71.35,1,0.09,0.77,0.61,3,0.44,高风险
0.45,0.18,否,0.51,0.69,21.94,中级,无,无,25.27,40.31,0.08,是,是,0.58,高支模,0.89,0.31,0,0.66,0.64,1,0.13,无风险
0.21,0.38,否,0.65,0.62,17.31,初级,无,无,35.33,42.17,0.05,是,是,0.61,塔吊,1.57,0.56,0.5,0.92,0.37,3,0.24,高风险
0.6,0.59,否,0.75,0.96,9.81,中级,无,无,26.4,22.67,0.37,是,是,0.76,车辆,18.69,0.72,0,0.96,0.61,1,0.11,低风险
0.97,0.21,否,0.62,0.89,2.48,中级,无,无,30.46,29.34,0.12,是,是,0.76,高支模,16.07,0.85,0.25,0.64,0.78,1,0.27,无风险
0.73,0.21,否,0.59,0.72,14.7,中级,无,无,12.7,44.86,0.37,是,是,0.78,深基坑,1.81,1,0,0.69,0.78,1,0.38,无风险
0.32,0.1,否,0.46,0.82,1.44,中级,1次,无,41.34,44.76,0.61,是,是,0.4,深基坑,11.21,0.95,0.17,0.97,0.7,3,0.44,高风险
0.37,0.14,否,0.82,0.7,34.47,初级,无,1次,31.4,35.46,0.5,是,是,0.97,车辆,16.45,0.63,0.07,0.91,0.7,2,0.65,低风险
0.3,0.18,否,0.52,0.77,15.75,高级,1次,1次,16.48,22.76,0.23,是,是,0.82,塔吊,26.17,0.77,0.4,0.77,0.39,3,0.72,中风险
0.45,0.49,否,0.91,0.54,2.66,中级,1次,无,16.27,16.49,0.64,否,是,0.29,配电箱,21.96,0.74,0,0.71,0.53,6,0.6,极高风险
0.78,0.27,否,0.84,0.97,31.69,中级,无,无,8.07,55.95,0.2,是,是,0.52,高支模,1.08,1,0.49,0.6,0.72,3,0.52,无风险
0.8,0.23,否,0.79,0.79,8.35,中级,无,无,17.29,37.65,0.24,是,是,0.9,车辆,25.8,0.76,0.08,0.83,0.62,3,0.36,无风险
0.74,0.29,否,0.67,0.77,21.96,高级,无,无,22.95,60.78,0.3,是,是,0.43,深基坑,12.65,0.89,0.36,0.75,0.79,1,0.53,无风险
0.38,0.47,否,0.76,0.71,2.89,高级,无,无,21.23,34.53,0.05,是,是,0.79,塔吊,10.58,0.92,0.27,0.5,0.17,3,0.44,中风险
0.37,0.71,否,0.83,0.84,2.77,无证,无,无,49.85,12.39,0.19,是,是,0.95,车辆,29.25,0.83,0.28,0.83,0.54,5,0.64,高风险
0.67,0.55,否,0.71,0.74,13.38,中级,无,无,30.89,56.34,0.01,是,是,0.55,配电箱,17.61,0.82,0.16,0.79,0.21,1,0.75,中风险
0.44,0.28,否,0.73,0.88,3.25,高级,1次,无,28.44,66.32,0,是,是,0.33,深基坑,19.46,1,0.09,0.85,0.62,4,0.24,中风险
0.26,0.09,否,0.79,0.71,14.46,初级,无,无,21.63,12.46,0.09,是,是,0.58,车辆,0.75,0.66,0,0.92,0.76,2,0.8,无风险
0.79,0.19,否,0.88,0.86,0.6,初级,无,无,58,70.61,0.18,是,是,0.47,配电箱,18.43,1,0.58,0.87,0.72,3,0.64,高风险
0.56,0.29,否,0.69,0.68,6.71,中级,无,无,26.38,41.61,0.36,是,是,0.89,深基坑,35.05,0.63,0.19,0.74,0.46,2,0.49,高风险
0.25,0.12,否,0.52,0.83,5.39,无证,无,无,30.68,17.85,0.57,是,是,0.36,配电箱,20.07,1,0.03,0.83,0.72,1,0.49,高风险
0.59,0.22,否,0.55,0.87,4.62,初级,无,无,52.66,39.39,0.66,是,是,0.72,车辆,22.59,0.64,0.23,0.71,0.67,3,0.52,高风险
0.91,0.13,否,0.77,0.7,0.46,高级,1次,1次,11.48,16.06,0.65,是,是,0.66,车辆,0.01,0.85,0.28,0.84,0.65,3,0.64,无风险
0.57,0.27,否,0.62,0.77,5.15,初级,无,≥2次,12.22,47.51,0.85,是,是,0.26,配电箱,5.6,0.52,0.39,0.76,0.57,1,0.6,极高风险
0.69,0.28,否,0.76,0.78,2.85,高级,无,无,10.5,23.73,0.1,是,是,0.93,配电箱,20.23,0.66,0,0.77,0.12,3,0.7,无风险
0.76,0.09,否,0.85,0.81,14.97,中级,无,1次,24.16,79.87,0.52,是,是,0.91,深基坑,13.36,0.44,0.34,0.71,0.34,0,0.69,中风险
0.95,0.32,否,0.8,0.8,6.52,中级,1次,无,7.98,25.81,0.69,是,是,0.92,高支模,6.92,0.9,0.21,0.83,0.58,3,0.78,低风险
0.82,0.4,否,0.52,0.77,7.35,高级,无,≥2次,20.08,21.75,0.41,是,是,0.84,高支模,38.54,0.59,0,0.83,0.78,3,0.65,中风险
0.73,0.65,否,0.6,0.86,5.6,高级,无,无,44.55,16.18,0.25,是,是,0.65,高支模,27.38,0.6,0,0.7,0.62,2,0.8,低风险
0.24,0.47,否,0.65,0.46,0.08,中级,无,1次,16.34,24.05,0.22,是,是,0.1,配电箱,28.37,0.7,0.43,0.85,0.39,1,0.83,极高风险
0.8,0.21,否,0.69,0.75,3.57,无证,≥2次,无,28.89,29.81,0.27,是,是,0.91,车辆,34.72,0.62,0.44,0.69,0.09,4,0.83,极高风险
0.59,0.35,否,0.54,0.86,31.67,中级,无,1次,32.54,18.94,0.37,是,是,0.94,高支模,3.57,0.69,0.47,0.59,0.85,4,0.72,无风险
0.52,0.7,否,0.66,0.83,26.96,高级,无,无,75.93,49.28,0.04,是,否,0.21,车辆,14.78,0.3,0.28,0.77,0.47,2,0.69,极高风险
0.79,0.51,否,0.7,0.82,21.74,初级,无,1次,48.3,77.4,0.17,是,是,0.55,配电箱,9.4,0.68,0.14,0.8,0.24,8,0.83,极高风险
0.7,0.07,否,0.68,0.85,2.6,高级,无,≥2次,11.51,70.94,0.32,是,是,0.8,塔吊,2.67,0.58,0.3,0.96,0.11,2,0.58,高风险
0.78,0.48,否,0.78,0.7,1.3,中级,1次,无,19.39,23.68,0.24,是,是,0.61,塔吊,34.14,0.92,0.37,0.64,0.78,2,0.62,中风险
0.89,0.25,否,0.64,0.7,4.2,中级,无,无,17.07,33.67,0.23,是,是,0.63,塔吊,16.77,0.79,0.19,0.87,0.85,5,0.24,低风险
0.61,0.15,否,0.7,0.75,3.27,初级,无,1次,22.8,81.71,0.27,是,是,0.59,高支模,53.09,0.24,0,0.86,0.74,2,0.63,极高风险
0.83,0.2,否,0.73,0.69,4.09,高级,无,无,18.5,36.02,0.22,是,是,0.85,车辆,1.83,0.84,0.41,0.65,0.4,3,0.68,无风险
0.93,0.52,否,0.76,0.79,0.46,中级,无,无,14.47,45.48,0,是,是,0.18,塔吊,22.76,1,0.23,0.58,0.72,4,0.56,高风险
0.56,0.48,否,0.8,0.81,9.37,高级,无,1次,12.7,57.42,0.58,是,是,0.9,配电箱,17.81,1,0.3,0.86,0.92,1,0.15,中风险
0.59,0.16,否,0.71,0.96,7.05,初级,无,无,22.07,100.87,0.43,是,是,0.83,配电箱,19.15,0.72,0.04,0.75,0.81,2,0.85,低风险
0.33,0.11,否,0.48,0.79,27.55,中级,无,无,38.92,43.19,0.25,是,是,0.71,车辆,0.17,0.18,0.14,0.48,0.53,1,0.59,低风险
0.35,0.52,否,0.83,0.78,0.65,初级,无,≥2次,38.47,9.43,0.04,是,否,0.72,深基坑,84.37,0.56,0.03,0.99,0.81,3,0.74,极高风险
0.87,0.27,否,0.64,0.83,3.34,初级,无,1次,13.56,16.82,0.03,是,是,0.81,车辆,18.83,0.31,0.3,0.81,0.73,2,0.62,中风险
0.65,0.54,否,0.74,0.95,6.49,初级,无,无,14.49,55.97,0.76,是,是,0.5,高支模,1.14,1,0.81,0.94,0.82,8,0.68,极高风险
0.3,0.18,否,0.69,0.95,5.76,初级,无,无,39.17,27.81,0,是,是,0.47,塔吊,25.31,1,0.54,0.74,0.42,1,0.54,中风险
0.24,0.2,否,0.84,0.72,0.88,初级,无,无,42.37,31.56,0.16,是,是,0.04,高支模,17.1,1,0,0.81,0.77,6,0.71,高风险
0.72,0.63,否,0.62,0.8,18.42,中级,无,≥2次,15.65,19.88,0.14,是,是,0.48,塔吊,9.5,0.47,0,0.59,0.45,3,0.95,中风险
0.87,0.31,否,0.88,0.89,0.65,高级,1次,无,24.51,20.38,0.6,是,是,0.7,深基坑,6.48,0.59,0.18,0.93,0.6,4,0.95,无风险
0.59,0.27,否,0.76,0.62,7.06,高级,无,1次,23.3,40.03,0.31,是,是,0.55,塔吊,35.33,1,0.31,0.72,0.2,3,0.88,高风险
0.81,0.38,否,0.84,0.8,5.87,初级,无,无,10.18,11.48,0.29,是,是,0.92,车辆,2.12,0.76,0.47,0.82,0.66,5,0.94,无风险
0.74,0.23,否,0.69,0.91,2.13,高级,无,≥2次,18.18,34.38,0.71,是,是,0.8,塔吊,13.92,0.48,0.12,0.93,0.9,4,0.45,中风险
0.56,0.58,否,0.68,0.69,1.73,初级,无,无,37.7,64.61,0.18,是,是,0.49,塔吊,24.74,0.78,0,0.74,0.78,3,0.84,中风险
0.33,0.48,否,0.52,0.82,5.76,中级,无,1次,14.23,29.12,0.04,是,是,0.86,配电箱,27.19,1,0.17,0.81,0.85,6,0.4,中风险
0.15,0.42,否,0.58,0.85,18.53,高级,无,1次,16.7,49.44,0.14,是,是,0.66,深基坑,7.39,0.68,0.19,0.95,0.79,1,0.47,高风险
0.45,0.4,否,0.67,0.86,13.18,初级,1次,无,32.41,19.79,0.43,是,是,0.12,高支模,10.43,0.3,0.24,0.86,0.71,1,0.5,极高风险
0.38,0.33,否,0.61,0.82,8.7,初级,无,无,7.88,21.91,0.63,是,是,0.78,车辆,11.21,1,0.48,0.77,0.89,4,0.67,中风险
0.88,0.32,否,0.95,0.95,5.76,中级,无,1次,23.3,30.82,0.61,否,是,0.36,深基坑,15.46,0.7,0.03,0.61,0.34,5,0.94,极高风险
0.89,0.49,否,0.62,0.78,1.96,中级,无,无,53.09,63.59,0.08,是,否,0.93,车辆,11.12,1,0.59,0.95,0.7,0,0.56,高风险
0.84,0.52,否,0.7,0.81,19.86,中级,1次,1次,12.75,34.53,0.29,是,是,0.62,配电箱,23.22,0.66,0.24,0.86,0.62,1,0.63,高风险
0.83,0.46,否,0.65,0.65,10.59,初级,无,1次,29.02,30.23,0.05,是,是,0.78,配电箱,10.69,0.49,0.26,0.59,0.66,5,0.9,高风险
0.78,0.53,否,0.79,0.8,11.82,初级,无,1次,12.29,13.92,0.29,是,是,0.98,配电箱,11.65,0.52,0.7,0.84,0.32,1,0.5,高风险
0.72,0.2,否,0.61,0.62,2.43,初级,无,无,23.69,8.65,0.02,是,是,0.28,塔吊,15.13,0.58,0.13,0.82,0.7,3,0.75,低风险
0.87,0.24,否,0.68,0.63,6.6,中级,无,无,20.28,50.96,0.43,是,是,0.63,车辆,20.76,1,0.05,0.86,0.85,4,0.43,低风险
0.68,0.47,否,0.58,0.88,10.65,初级,1次,无,6.87,67.82,0.39,否,是,0.82,深基坑,15.79,0.98,0.88,0.72,0.26,2,0.61,极高风险
0.88,0.34,否,0.78,0.89,16.32,无证,无,无,14.82,5.59,0.15,是,是,0.54,塔吊,1.69,0.88,0.1,0.72,0.76,2,0.31,高风险
0.73,0.19,否,0.68,0.67,2.01,中级,无,1次,24.29,21.54,0.24,是,是,0.68,车辆,9.62,0.52,0.1,0.82,0.43,2,0.39,中风险
0.85,0.38,否,0.64,0.69,0.09,初级,无,1次,33.3,66.31,0.29,是,是,0.76,车辆,19.74,1,0.31,0.85,0.54,1,0.54,极高风险
0.72,0.35,否,0.67,0.83,6.27,中级,无,无,12.13,20.36,0.3,是,是,0.76,车辆,15.69,0.95,0.37,0.85,0.85,2,0.37,低风险
0.59,0.16,否,0.58,0.81,9.17,初级,无,1次,36.01,30.67,0.01,是,否,0.21,配电箱,0.27,0.87,0,0.73,0.6,3,0.43,高风险
0.27,0.35,否,0.72,0.71,12.49,高级,无,1次,32.56,22.31,0.72,是,是,0.68,配电箱,14.2,0.83,0.26,0.67,0.11,2,0.71,极高风险
0.29,0.19,否,0.72,0.71,16.92,中级,无,无,14.8,40.79,0.14,是,是,0.43,配电箱,1.28,0.93,0.46,0.84,0.49,1,0.54,低风险
0.48,0.55,否,0.69,0.77,0.95,无证,无,无,75.98,7.72,0.11,是,是,0.33,高支模,1.91,1,0,0.89,0.79,3,0.86,高风险
0.15,0.58,否,0.69,0.7,1.58,初级,无,无,22.21,14.19,0.39,是,否,0.76,深基坑,10.45,0.85,0.94,0.93,0.71,3,0.35,极高风险
0.88,0.37,否,0.67,0.79,7.71,初级,无,无,17.57,18.04,0.06,是,是,0.7,高支模,3.97,0.94,0.34,0.71,0.76,1,0.7,无风险
0.7,0.26,否,0.73,0.97,15.23,中级,无,无,16.64,58.64,0.22,是,是,0.71,配电箱,1.22,0.92,0.52,0.71,0.66,1,0.27,无风险
0.75,0.2,是,0.49,0.78,3.77,初级,1次,≥2次,15.83,19.4,0.49,是,是,0.34,深基坑,43.36,0.87,0.39,0.88,0.56,1,0.72,极高风险
0.65,0.43,否,0.75,0.86,30.88,高级,无,≥2次,24.23,29.27,0.01,是,是,0.91,高支模,2.46,0.7,0.08,0.6,0.78,3,0.48,无风险
0.86,0.61,否,0.74,0.87,0.23,初级,无,1次,18.8,26.85,0.04,是,是,0.8,车辆,15.79,1,0.25,0.55,0.73,2,0.64,中风险
0.38,0.24,否,0.67,0.74,1.1,初级,无,无,37.37,49.86,0,是,是,0.78,深基坑,24.77,0.62,0,0.93,0.47,1,0.63,中风险
0.71,0.18,否,0.63,0.61,0.37,初级,无,无,35.69,11.83,0.03,是,是,0.56,车辆,1.12,0.49,0.18,0.85,0.78,1,0.5,无风险
0.47,0.33,否,0.62,0.8,22.97,高级,无,无,27.53,44.13,0.34,是,否,0.61,深基坑,2.03,0.49,0.35,0.67,0.7,3,0.24,高风险
0.81,0.25,否,0.73,0.73,4.5,初级,1次,无,10.44,21.22,0.2,是,是,0.14,深基坑,26.33,0.64,0.26,0.73,0.53,0,0.66,极高风险
0.83,0.19,否,0.61,0.81,2.05,初级,无,无,7.53,10.23,0.45,是,是,0.44,塔吊,7.57,0.28,0.59,0.62,0.91,1,0.56,中风险
0.37,0.25,否,0.83,0.8,3.93,无证,≥2次,无,16.66,37.76,0.42,是,是,0.99,塔吊,1.38,0.6,0.28,0.62,0.39,3,0.45,极高风险
0.59,0.39,否,0.68,0.87,5.01,中级,无,无,66.33,29.04,0.24,是,是,0.89,车辆,21.43,1,0,0.8,0.29,3,0.41,低风险
0.52,0.42,否,0.7,0.86,3.08,中级,无,≥2次,14.28,34.77,0.17,是,是,0.73,车辆,3.78,1,0.45,0.91,0.84,1,0.53,中风险
0.54,0.25,否,0.62,0.73,3.03,中级,无,1次,24.62,17.59,0.43,是,是,0.67,车辆,4.3,1,0.12,0.96,0.87,2,0.71,无风险
0.52,0.24,否,0.75,0.76,17.26,中级,无,无,8.75,23.73,0.33,是,是,0.59,高支模,33.44,0.43,0.25,0.86,0.21,4,0.44,高风险
0.31,0.34,否,0.72,0.87,7.52,中级,无,无,42.09,62.78,0.2,是,是,0.51,配电箱,1.24,0.9,0.7,0.8,0.81,7,0.71,中风险
0.83,0.16,否,0.72,0.85,9.68,初级,无,无,19.98,22.94,0.33,是,是,0.78,塔吊,16.5,1,0.1,0.9,0.33,1,0.58,无风险
0.86,0.11,否,0.68,0.77,2.62,高级,无,无,17.06,14.06,0.11,是,是,0.35,高支模,12.45,0.46,0,0.84,0.59,3,0.6,无风险
0.99,0.76,否,0.84,0.85,3.7,中级,无,≥2次,12.05,20.87,0.02,是,是,0.64,配电箱,2.51,0.63,0,0.76,0.85,3,0.96,无风险
0.8,0.35,否,0.7,0.88,0.27,无证,无,无,55.25,106.23,0.15,是,是,0.82,塔吊,20.29,0.9,0.58,0.97,0.61,4,0.86,高风险
0.4,0.42,否,0.89,0.88,8.75,高级,无,无,18.62,59.35,0.38,是,是,0.85,塔吊,4.74,0.78,0.3,0.79,0.75,1,0.76,无风险
0.61,0.25,否,0.7,0.74,4.4,中级,1次,1次,18.69,53.11,0.04,是,是,0.07,车辆,7.09,0.54,0,0.95,0.57,0,0.51,高风险
0.5,0.41,否,0.71,0.86,32.66,中级,无,1次,16.96,20.9,0.15,是,是,0.54,车辆,14.14,0.66,0.02,0.56,0.4,1,0.25,中风险
0.47,0.22,否,0.77,0.77,36.21,中级,无,无,42.33,15.86,0.49,是,是,0.41,高支模,22.5,0.48,0.14,0.95,0.81,0,0.62,无风险
0.77,0.61,否,0.74,0.89,9.83,中级,无,无,15.75,103.08,0.45,是,是,0.49,高支模,3.11,1,0.56,0.7,0.77,4,0.69,中风险
0.43,0.35,否,0.72,0.62,16.2,中级,无,无,43.82,25.78,0.35,是,是,0.17,深基坑,6.12,0.47,0.11,0.83,0.38,1,0.19,高风险
0.82,0.36,否,0.68,0.88,3.73,初级,无,≥2次,10.94,44.97,0.21,是,否,0.95,高支模,11.21,0.77,0.16,0.61,0.55,4,0.45,极高风险
0.85,0.7,否,0.74,0.8,11.01,高级,无,≥2次,9.33,11.2,0.08,是,是,0.83,配电箱,58.07,0.78,0.15,0.63,0.72,3,0.78,低风险
0.63,0.26,否,0.63,0.63,2.79,初级,无,无,11.16,51.64,0.32,是,是,0.25,配电箱,19.17,0.55,0.38,0.59,0.7,5,0.5,极高风险
0.74,0.33,否,0.64,0.9,6.71,中级,1次,无,13.44,30.91,0.81,是,是,0.61,深基坑,24.5,1,0.36,0.75,0.04,3,0.1,极高风险
0.52,0.22,否,0.66,0.85,8.55,中级,无,无,15.87,37.75,0.34,是,是,0.81,塔吊,33.51,0.82,0.1,0.94,0.4,1,0.49,低风险
0.53,0.14,否,0.67,0.83,17.92,中级,无,1次,17.33,31,0.49,是,是,0.91,高支模,38.71,0.79,0.12,0.73,0.59,5,0.47,中风险
0.72,0.12,否,0.67,0.84,10.02,高级,无,无,43.95,16.47,0.21,是,是,0.64,车辆,24.69,0.61,0.1,0.92,0.91,0,0.83,无风险
0.74,0.21,否,0.6,0.97,15.31,无证,无,1次,31.17,28.93,0.65,是,是,0.75,深基坑,35.55,0.8,0.58,0.92,0.8,1,0.91,高风险
0.39,0.05,否,0.69,0.84,17.62,无证,无,1次,10.52,13.37,0.14,是,是,0.64,配电箱,24.62,0.46,0,0.72,0.61,2,0.41,高风险
0.85,0.23,否,0.76,0.75,21.72,中级,无,1次,15.88,20.14,0.37,是,是,0.18,深基坑,14.45,0.05,0.26,0.71,0.81,3,0.76,高风险
0.57,0.46,否,0.66,0.81,12.35,中级,无,1次,15.04,14.89,0.01,是,是,0.44,高支模,23.3,1,0.12,0.73,0.51,1,0.52,中风险
0.53,0.4,否,0.66,0.73,12.67,中级,无,无,12.7,31.38,0.22,是,是,0.82,车辆,3.94,1,0.13,0.65,0.58,2,0.43,无风险
0.47,0.26,否,0.69,0.94,5.01,中级,无,1次,18.7,9.82,0.38,是,是,0.17,车辆,8.65,1,0.2,0.7,0.07,1,0.3,高风险
0.7,0.17,否,0.81,0.82,4.39,中级,1次,无,10.04,20.86,0.48,是,是,0.85,高支模,0.07,0.68,0.22,0.72,0.8,3,0.47,无风险
0.27,0.22,否,0.68,0.98,10.56,初级,无,无,23.68,34.28,0.33,是,是,0.77,高支模,1.48,1,0,0.28,0.66,1,0.26,低风险
0.74,0.58,否,0.91,0.75,11.14,无证,无,无,21.77,11.37,0.17,是,是,0.89,深基坑,28.99,0.14,0.53,0.77,0.75,2,0.41,高风险
0.75,0.34,否,0.66,0.87,27.58,初级,无,1次,21.56,48.39,0.36,是,是,0.44,塔吊,20.16,0.21,0.73,0.94,0.72,0,0.76,高风险
0.74,0.66,否,0.75,0.79,16.51,初级,无,无,38.22,89.87,0.13,是,是,0.9,塔吊,22.55,0.84,0.1,0.79,0.51,4,0.51,低风险
0.93,0.1,否,0.82,0.82,3.94,中级,无,无,25.8,21.15,0.18,否,是,0.36,深基坑,17.2,0.81,0.35,0.88,0.74,5,0.54,高风险
0.87,0.29,否,0.78,0.74,2.22,中级,无,无,36.98,33.83,0.72,是,是,0.21,塔吊,29.06,0.22,0,0.78,0.53,3,0.53,高风险
0.5,0.38,否,0.79,0.85,9.53,中级,无,1次,9.72,40.99,0.32,是,是,0.4,配电箱,7.75,0.6,0,0.88,0.6,2,0.26,高风险
0.67,0.21,否,0.69,0.86,10.13,中级,无,1次,31.88,33.41,0.34,是,是,0.93,车辆,3.63,1,0.23,0.85,0.82,4,0.69,无风险
0.59,0.18,否,0.63,0.73,7.41,中级,无,无,15.4,21.85,0.22,是,是,0.37,深基坑,18.17,0.83,0,0.68,0.76,5,0.61,低风险
0.64,0.34,否,0.5,0.91,33.09,高级,无,无,14.09,39.96,0.03,是,是,0.31,配电箱,21.74,0.34,0.08,0.82,0.51,3,0.83,无风险
0.23,0.18,否,0.66,0.76,6.43,中级,无,无,85.86,73.47,0.25,是,是,0.94,深基坑,38.22,0.77,0,0.83,0.8,2,0.79,低风险
0.61,0.09,否,0.73,0.86,7.6,中级,1次,1次,56.12,29.85,0.13,是,是,0.63,车辆,10.22,0.73,0.33,0.85,0.92,3,0.48,低风险
0.67,0.35,否,0.82,0.81,9.02,中级,无,无,17.47,11.27,0.64,是,是,0.45,车辆,4.43,0.63,0,0.91,0.44,2,0.69,无风险
0.35,0.35,否,0.65,0.87,1.6,中级,无,无,12.33,18.89,0.22,是,是,0.62,高支模,42,0.39,0.09,0.98,0.75,2,0.68,中风险
0.21,0.19,否,0.7,0.86,24.83,初级,无,无,33.86,25.22,0.11,是,是,0.91,配电箱,32.82,0.71,0,0.72,0.54,2,0.54,无风险
0.26,0.31,否,0.77,0.85,1.84,中级,1次,无,26.31,20.56,0.15,否,是,0.85,深基坑,5.43,0.75,0.28,0.94,0.76,1,0.54,高风险
0.68,0.21,否,0.89,0.76,0.94,初级,1次,无,9.13,43.8,0.4,是,是,0.94,车辆,19.1,0.44,0.25,0.86,0.62,3,0.97,高风险
0.41,0.37,否,0.75,0.82,24.67,中级,1次,无,30.16,12.08,0.04,是,是,0.89,配电箱,20.78,1,0.16,0.79,0.81,3,0.86,无风险
0.45,0.24,否,0.66,0.83,19.46,高级,无,无,20.75,16.7,0.71,是,是,0.32,车辆,20.86,0.07,0.25,0.9,0.34,0,0.57,高风险
0.36,0.08,否,0.44,0.77,12.08,中级,1次,无,12.23,56.59,0.29,是,是,0.23,配电箱,0.78,0.72,0.13,0.93,0.84,4,0.72,中风险
0.72,0.58,否,0.86,0.73,35.11,中级,无,无,19.88,23.07,0.3,是,是,0.49,车辆,38.91,0.69,0.23,0.93,0.41,2,0.42,低风险
0.15,0.33,否,0.57,0.96,9.74,无证,无,无,25.59,52.84,0.15,是,是,0.32,深基坑,25.08,0.46,0,0.85,0.7,4,0.44,极高风险
0.65,0.55,否,0.7,0.86,9.35,中级,≥2次,≥2次,17.67,36.29,0.09,否,是,0.7,深基坑,0.74,1,0.51,0.84,0.67,4,0.83,极高风险
0.88,0.59,否,0.74,0.7,6.69,中级,无,无,8.54,21.48,0.09,是,是,0.21,车辆,2.26,1,0.61,0.63,0.82,4,0.39,低风险
0.64,0.13,是,0.67,0.82,10.65,中级,无,无,13.1,13.66,0.21,是,是,0.64,高支模,0.74,0.68,0.09,0.93,0.34,1,0.24,高风险
0.44,0.2,否,0.71,0.69,28.98,中级,无,无,8.92,65.11,0.1,是,是,0.82,塔吊,4.05,0.75,0.26,0.8,0.69,2,0.48,无风险
0.37,0.71,否,0.7,0.56,3.02,初级,无,1次,11.39,32.72,0.39,是,是,0.83,车辆,11.3,1,0,0.92,0.32,0,0.8,高风险
0.43,0.6,否,0.84,0.88,14.37,高级,无,1次,19.06,30.17,0.48,是,是,0.29,深基坑,32.1,0.95,0.59,0.72,0.82,3,0.37,极高风险
0.78,0.34,否,0.71,0.75,28.64,中级,1次,无,14.92,37.22,0.19,是,是,0.2,高支模,20.8,1,0.55,0.81,0.74,4,0.14,高风险
0.83,0.51,否,0.79,0.76,24.66,高级,无,无,24.54,28.98,0.17,是,是,0.83,配电箱,13.11,0.61,0.29,0.77,0.6,1,0.74,无风险
0.45,0.71,否,0.57,0.78,0.47,无证,无,无,26.7,52.56,0.79,是,是,0.07,车辆,21.1,0.57,0,0.61,0.79,6,0.83,极高风险
0.6,0.29,否,0.6,0.9,1.1,高级,无,1次,20.39,19.72,0.16,是,是,0.4,深基坑,4.58,0.31,0.23,0.85,0.55,7,0.11,高风险
0.3,0.22,否,0.64,0.89,27.04,高级,1次,无,37.61,26.1,0.53,是,是,0.93,高支模,8.54,1,0.49,0.72,0.87,3,0.42,无风险
0.68,0.35,否,0.61,0.72,1.07,初级,无,1次,20.21,18.05,0.17,是,是,0.98,配电箱,2.41,0.85,0.22,0.58,0.17,7,0.58,高风险
0.64,0.25,否,0.87,0.83,2.62,高级,无,无,31.27,22.39,0.05,是,是,0.34,塔吊,22.73,1,0.33,0.91,0.66,5,0.76,无风险
0.7,0.4,否,0.64,0.73,4.93,初级,无,1次,15.58,63.44,0.33,是,是,0.9,车辆,10.32,1,0,0.83,0.51,1,0.28,中风险
0.14,0.27,否,0.52,0.89,1.77,中级,无,无,14.47,23.14,0.22,是,是,0.73,深基坑,16.1,0.43,0.28,0.79,0.34,0,0.87,高风险
0.08,0.22,否,0.95,0.71,0.87,中级,无,无,16.65,12.58,0.03,是,是,0.02,车辆,4.12,1,0,0.94,0.41,1,0.55,极高风险
0.66,0.31,否,0.72,0.7,13.08,中级,1次,1次,19.91,26.54,0.14,是,是,0.83,配电箱,4,1,0.36,0.92,0.29,1,0.6,中风险
0.49,0.12,否,0.65,0.84,3.8,初级,无,无,24.22,24.93,0.01,否,是,0.71,高支模,8.05,1,0,0.78,0.75,2,0.83,高风险
0.44,0.3,否,0.59,0.91,8.31,高级,无,≥2次,24.69,51.3,0.03,是,是,0.94,车辆,41.23,0.74,0.23,0.85,0.87,5,0.37,高风险
0.53,0.49,是,0.75,0.72,33.61,中级,无,无,19.01,27.94,0.29,是,是,0.35,深基坑,25.97,0.41,0.92,0.78,0.57,3,0.27,极高风险
0.17,0.51,否,0.91,0.88,28.39,中级,无,1次,20.6,100.86,0.4,是,是,0.97,塔吊,32.27,0.82,0.39,0.87,0.21,5,0.51,高风险
0.23,0.36,否,0.8,0.74,33.34,中级,无,无,55.1,9.63,0.21,是,是,0.95,配电箱,1.47,0.57,0,1,0.61,4,0.21,无风险
0.33,0.28,否,0.52,0.85,21.01,中级,1次,无,27.82,15.14,0.18,是,是,0.37,车辆,8.55,0.69,0,0.78,0.55,4,0.46,低风险
0.91,0.49,否,0.7,0.64,9.53,中级,无,1次,12.21,22.61,0.07,是,是,0.54,配电箱,0.58,0.54,0.49,0.91,0.75,2,0.45,低风险
0.75,0.52,否,0.77,0.8,10.73,高级,无,无,17.79,18.84,0.1,是,是,0.83,配电箱,18.26,0.86,0.07,0.8,0.74,3,0.55,无风险
0.64,0.43,否,0.54,0.79,2.09,高级,无,无,30,52.61,0.35,是,是,0.57,高支模,16.93,0.26,0,0.8,0.59,1,0.27,高风险
0.58,0.19,否,0.64,0.92,4.78,中级,无,1次,17.11,6.45,0.43,是,是,0.74,配电箱,17.5,1,0,0.73,0.46,2,0.36,低风险
0.27,0.31,否,0.76,0.92,13.38,中级,无,≥2次,16.12,24.95,0.58,是,是,0.68,塔吊,22.08,0.77,0,0.7,0.5,2,0.65,高风险
0.61,0.18,否,0.82,0.93,12.23,初级,无,无,30.93,51.1,0.11,是,是,0.56,车辆,0.37,0.65,0.2,0.92,0.63,4,0.26,低风险
0.85,0.77,否,0.61,0.59,10.92,中级,无,1次,26.44,88.61,0.01,是,是,0.56,配电箱,2.08,0.49,0,0.81,0.96,8,0.64,高风险
0.78,0.62,否,0.57,0.91,8.31,高级,无,无,34.21,24.71,0.23,是,是,0.75,高支模,25.59,0.25,0.19,0.64,0.89,2,0.82,低风险
0.78,0.4,否,0.67,0.6,0.45,中级,无,无,27.27,23.3,0.45,是,是,0.97,高支模,12.39,0.81,0.32,0.71,0.83,1,0.62,低风险
0.79,0.41,否,0.65,0.97,5.8,初级,无,无,15.56,24.99,0.23,是,是,0.86,深基坑,57.72,0.72,0,0.8,0.47,0,0.5,低风险
0.24,0.3,否,0.61,0.82,30.39,中级,无,无,26.17,30.93,0.11,否,是,0.94,塔吊,18.92,0.82,0.28,0.97,0.56,4,0.49,高风险
0.52,0.37,否,0.67,0.81,24.46,初级,无,无,27.65,23.77,0.63,是,是,0.57,高支模,2.58,1,0.23,0.85,0.89,1,0.56,无风险
0.35,0.38,否,0.76,0.79,4.53,高级,无,≥2次,18.84,25.44,0.14,否,是,0.51,车辆,10.49,0.84,0.06,0.86,0.56,5,0.64,极高风险
0.68,0.32,否,0.6,0.69,20.68,中级,无,≥2次,13.45,39.97,0.69,是,是,0.89,配电箱,0.67,0.84,0.39,0.82,0.75,4,0.42,中风险
0.39,0.22,否,0.78,0.89,4.44,初级,无,无,32.39,43.37,0.3,是,是,0.89,配电箱,16.67,0.68,0.53,0.72,0.93,2,0.86,中风险
0.2,0.3,否,0.74,0.85,15.06,中级,无,无,17.65,40.6,0.26,是,是,0.24,高支模,12.57,0.89,0.13,0.75,0.65,2,0.69,中风险
0.6,0.16,否,0.74,0.86,34.48,中级,1次,1次,15.51,38.53,0.28,否,是,0.4,车辆,0.88,0.57,0.26,0.76,0.55,1,0.07,极高风险
0.67,0.31,否,0.6,0.87,10.62,中级,无,1次,17.88,9.98,0.22,是,是,0.37,高支模,26.54,1,0.61,0.94,0.27,3,0.57,高风险
0.69,0.29,否,0.66,0.88,6.83,中级,无,1次,7.22,10.84,0.06,是,是,0.35,高支模,13.09,0.72,0,0.66,0.63,3,0.43,低风险
0.62,0.29,否,0.63,0.76,14.27,中级,无,1次,23.82,58.99,0.07,是,是,0.75,配电箱,30,1,0.21,0.92,0.79,3,0.4,低风险
0.77,0.37,否,0.71,0.81,30.95,高级,无,无,8.11,50.28,0.01,是,是,0.36,高支模,11.43,0.58,0,0.8,0.9,6,0.65,无风险
0.55,0.37,否,0.75,0.82,29.11,高级,无,无,36.54,20.53,0.04,是,是,0.71,高支模,0.14,0.72,0,0.65,0.62,5,0.62,无风险
0.8,0.21,否,0.84,0.81,1.16,初级,无,1次,19.28,38.68,0.25,是,是,0.54,高支模,6.74,0.68,0.39,0.9,0.56,0,0.21,高风险
0.42,0.17,否,0.86,0.74,13.28,高级,无,无,20.52,43.29,0.78,是,是,0.38,车辆,4.09,0.83,0.4,0.76,0.64,1,0.65,低风险
0.08,0.84,否,0.7,0.9,0.74,初级,无,无,18.65,19.83,0.6,是,是,0.16,车辆,14.54,0.36,0.75,0.76,0.76,3,0.62,极高风险
0.57,0.79,否,0.66,0.8,2.78,中级,无,无,7.03,59.99,0.15,是,是,0.47,深基坑,4.03,0.76,0,0.72,0.38,2,0.66,中风险
0.38,0.08,否,0.49,0.82,3.04,中级,无,无,17.86,23.25,0.13,是,是,0.24,高支模,15.55,0.65,0.27,0.91,0.6,2,0.35,中风险
0.45,0.17,否,0.63,0.85,2.48,中级,无,无,19.94,26.11,0.44,是,是,0.66,配电箱,4.43,0.45,0.36,0.85,0.93,8,0.45,高风险
0.03,0.1,否,0.78,0.68,8.67,初级,无,无,26.66,44.09,0.45,是,是,0.36,深基坑,3.41,0.51,0.46,0.87,0.64,3,0.81,高风险
0.78,0.19,否,0.53,0.86,0.16,中级,无,无,26.14,30.02,0.38,是,是,0.79,高支模,23.76,0.61,0,0.86,0.74,4,0.67,低风险
0.33,0.41,否,0.91,0.61,14.52,中级,1次,1次,20.53,49.18,0.17,是,是,0.42,配电箱,3.78,0.89,0.38,0.84,0.26,1,0.56,极高风险
0.8,0.23,否,0.67,0.74,4.91,中级,无,无,19.93,19.82,0.04,是,是,0.78,车辆,3.1,0.77,0.75,0.69,0.71,1,0.46,无风险
0.83,0.21,否,0.66,0.84,1.07,中级,无,无,29.52,82.94,0.03,是,是,0.7,高支模,47.91,0.74,0.05,0.81,0.6,4,0.68,低风险
0.38,0.42,否,0.65,0.74,7.32,中级,1次,1次,14.32,50,0.2,是,否,0.18,配电箱,2.03,0.58,0.12,0.82,0.73,3,0.4,极高风险
0.52,0.28,否,0.59,0.6,14.33,高级,无,无,17.9,24.91,0.01,是,是,0.83,车辆,0.19,1,0.14,0.92,0.62,0,0.41,无风险
0.5,0.34,否,0.61,0.74,6.33,初级,无,无,18.56,45.58,0.65,是,是,0.71,高支模,12.2,0.74,0.09,0.74,0.52,5,0.64,高风险
0.6,0.17,否,0.52,0.84,5.14,初级,无,无,17.82,29.96,0.2,是,是,0.77,配电箱,2.19,0.54,0.08,0.85,0.26,4,0.5,中风险
0.68,0.85,否,0.72,0.89,3.22,高级,无,无,25.73,39.26,0.73,是,否,0.66,深基坑,10.93,0.63,0.04,0.89,0.35,2,0.63,极高风险
0.51,0.23,否,0.69,0.81,6.69,初级,无,1次,31.92,40.72,0.52,是,是,0.87,配电箱,16.9,0.69,0.45,0.7,0.91,1,0.88,高风险
0.64,0.13,否,0.72,0.86,0.28,初级,1次,无,13.08,46.22,0.05,是,是,0.79,高支模,1.43,0.78,0,0.51,0.31,5,0.86,低风险
0.83,0.2,否,0.67,0.82,6.58,初级,无,≥2次,17.79,9.55,0.17,是,是,0.54,深基坑,15,0.7,0,0.6,0.46,3,0.6,中风险
0.85,0.58,否,0.72,0.79,4.06,初级,无,无,32.69,25.98,0.21,是,是,0.85,高支模,25.7,0.76,0.11,0.55,0.6,6,0.71,中风险
0.2,0.23,否,0.84,0.78,3.58,中级,无,无,20.72,46.13,0.4,是,是,0.76,塔吊,25.02,0.83,0.12,0.77,0.32,3,0.35,高风险
0.64,0.38,否,0.71,0.9,4.73,中级,无,≥2次,17.03,60.95,0.1,是,是,0.29,塔吊,2.41,0.46,0.18,0.89,0.83,3,0.61,高风险
0.95,0.87,否,0.72,0.6,10.46,无证,1次,无,22.54,57.77,0.59,是,是,0.65,车辆,13.74,0.85,0.38,0.97,0.81,5,0.47,极高风险
0.9,0.51,否,0.8,0.7,7.49,初级,无,无,18.99,18.35,0.34,是,是,0.42,配电箱,9.73,0.45,0,0.87,0.76,1,0.88,低风险
0.82,0.16,否,0.68,0.75,10.14,初级,无,无,13.33,84.5,0.16,是,是,0.35,高支模,6.73,0.68,0.34,0.89,0.46,4,0.48,高风险
0.86,0.11,否,0.76,0.66,9.79,初级,无,1次,7.67,13.61,0.59,是,是,0.8,塔吊,18.56,0.67,0.26,0.88,0.12,2,0.73,中风险
0.34,0.24,否,0.72,0.98,38.62,中级,无,无,18.7,10.37,0.04,否,是,0.87,深基坑,8.42,1,0.14,0.92,0.7,3,0.85,高风险
0.87,0.53,否,0.89,0.79,4.84,中级,无,无,47.56,54.57,0.13,是,是,0.94,配电箱,24.4,0.67,0.39,0.92,0.81,2,0.6,低风险
0.28,0.21,否,0.68,0.9,7.86,高级,无,≥2次,24.9,40.6,0.3,是,是,0.77,车辆,27.92,0.66,0.35,0.7,0.36,2,0.27,极高风险
0.61,0.34,否,0.79,0.5,2.1,初级,无,无,38.26,63.3,0.56,是,是,0.87,配电箱,9.81,0.72,0.75,0.8,0.3,3,0.69,极高风险
0.81,0.37,否,0.68,0.73,15.26,初级,无,≥2次,8.91,12.93,0.1,是,是,0.89,车辆,12.62,1,0.18,0.85,0.72,7,0.29,高风险
0.5,0.2,否,0.63,0.88,7.19,高级,1次,无,19.94,12.72,0.53,是,是,0.69,配电箱,3.19,0.58,0.47,0.76,0.46,3,0.72,中风险
0.93,0.38,否,0.61,0.7,0.53,中级,无,无,21.99,26.44,0.35,是,是,0.69,深基坑,36.25,0.73,0.19,0.63,0.92,1,0.73,低风险
0.81,0.33,否,0.8,0.85,5.84,中级,无,1次,33.63,11.43,0.28,是,是,0.54,塔吊,23.41,0.89,0.25,0.92,0.5,0,0.67,低风险
0.58,0.26,否,0.59,0.68,6.08,中级,无,无,16.83,32.07,0.48,是,是,0.34,塔吊,63.03,0.06,0,0.95,0.56,1,0.59,极高风险
0.58,0.14,是,0.74,0.76,0.78,高级,无,无,40.49,24.65,0.04,是,是,0.67,车辆,62.95,1,0.04,0.9,0.61,4,0.3,高风险
0.75,0.45,否,0.74,0.85,26.68,中级,无,1次,9.47,41.64,0.07,是,是,0.89,配电箱,2.93,1,0.6,0.81,0.36,3,0.84,无风险
0.41,0.46,否,0.62,0.69,0.12,中级,无,无,18.99,30.72,0.42,是,是,0.65,配电箱,43.98,0.65,0,0.75,0.4,4,0.8,高风险
0.57,0.49,否,0.74,0.87,4.61,初级,无,无,10.87,10.65,0,是,是,0.69,配电箱,19.49,0.58,0.17,0.91,0.86,4,0.54,低风险
0.74,0.23,否,0.89,0.73,7.24,初级,无,无,10.66,80.65,0.19,是,是,0.63,塔吊,10.13,0.53,0.09,0.6,0.59,8,0.51,高风险
0.47,0.26,否,0.79,0.82,7.19,中级,无,无,22.26,79.97,0.29,是,是,0.44,配电箱,1.96,0.63,0.25,0.95,0.66,3,0.85,低风险
0.89,0.17,否,0.88,0.81,4.8,初级,无,无,35.13,10.35,0.17,是,是,0.49,配电箱,25.16,1,0.26,0.51,0.66,3,0.84,低风险
0.77,0.17,否,0.72,0.56,3.39,初级,无,≥2次,22.84,15.85,0.12,是,是,0.81,车辆,0.51,0.64,0.16,0.92,0.72,1,0.92,高风险
0.7,0.5,否,0.72,0.82,19.79,无证,无,无,7.34,34.87,0.13,是,是,0.84,深基坑,5.73,0.19,0,0.55,0.67,1,0.87,高风险
0.51,0.39,否,0.74,0.77,11.99,中级,无,无,27.09,20.93,0.52,是,是,0.26,塔吊,51.91,0.45,0.27,0.84,0.73,2,0.7,高风险
0.04,0.23,否,0.66,0.8,13.99,初级,无,1次,27.26,33.07,0.57,是,是,0.83,配电箱,51.66,0.71,0.22,0.8,0.95,6,0.8,高风险
0.78,0.19,否,0.61,0.71,4.8,初级,无,1次,28.41,55.29,0.46,是,是,0.39,配电箱,13.05,0.2,0.98,0.83,0.77,1,0.26,极高风险
0.74,0.99,否,0.65,0.76,5.5,中级,无,无,29.79,24.97,0.22,是,是,0.34,塔吊,7.46,0.55,0,0.64,0.56,5,0.54,高风险
0.06,0.22,否,0.61,0.81,3.09,初级,无,无,39.61,21.16,0.06,是,是,0.76,车辆,89.82,0.57,0.07,0.74,0.72,3,0.89,高风险
0.82,0.34,否,0.65,0.84,2.46,初级,无,无,28.23,17.12,0.39,是,是,0.96,配电箱,28.71,0.66,0.94,0.88,0.57,3,0.65,中风险
0.27,0.18,否,0.49,0.85,4.12,高级,无,1次,56.21,37.13,0.23,是,是,0.6,高支模,4.44,0.46,0.67,0.62,0.22,5,0.31,极高风险
0.7,0.19,否,0.79,0.73,0.43,中级,无,无,23.82,47.48,0.08,是,是,0.63,高支模,19.82,0.87,0.54,0.7,0.8,2,0.44,中风险
0.8,0.35,否,0.79,0.79,18.74,初级,1次,无,22.17,12.27,0.15,是,是,0.9,配电箱,28.19,0.66,0.4,0.94,0.76,3,0.7,无风险
0.87,0.2,否,0.82,0.84,2.78,初级,无,1次,10.35,9.68,0.23,是,是,0.81,车辆,39.91,0.6,0,0.53,0.51,4,0.76,低风险
0.61,0.18,否,0.58,0.8,20.28,中级,无,≥2次,19.87,25.81,0.18,是,是,0.84,塔吊,1.64,1,0.19,0.73,0.9,1,0.45,无风险
0.51,0.13,否,0.77,0.76,8.71,中级,无,1次,21.16,6.32,0.02,是,是,0.75,车辆,64.39,0.18,0.13,0.77,0.62,6,0.84,中风险
0.19,0.28,否,0.46,0.94,6.4,高级,1次,无,9.78,6.98,0.23,是,是,0.39,配电箱,4.91,0.75,0.13,0.67,0.49,1,0.71,高风险
0.37,0.24,否,0.69,0.77,14.79,初级,无,1次,18.31,37.05,0.04,是,是,0.74,塔吊,7.65,0.26,0.09,0.89,0.54,1,0.28,中风险
0.83,0.24,否,0.69,0.67,21.93,中级,无,≥2次,22.47,24.15,0.23,否,是,0.43,高支模,14.44,0.29,0.15,0.81,0.69,1,0.86,极高风险
0.2,0.18,否,0.72,0.84,20.66,中级,1次,无,13.5,38.17,0,是,是,0.79,塔吊,2.65,1,0.26,0.8,0.63,2,0.44,高风险
0.76,0.21,否,0.75,0.78,6.43,初级,无,无,20.31,33.21,0.29,是,是,0.68,车辆,52.69,1,0,0.71,0.79,1,0.35,低风险
0.49,0.16,否,0.65,0.76,21.13,中级,无,无,12.14,18.71,0.35,是,是,0.9,塔吊,5.87,0.8,0,0.57,0.6,5,0.63,无风险
0.6,0.9,否,0.76,0.8,25.79,初级,无,1次,19.26,19.29,0.15,是,是,0.93,深基坑,0.27,0.61,0.49,0.85,0.58,5,0.33,高风险
0.41,0.11,否,0.73,1,6.17,无证,无,1次,9.36,20.33,0.04,是,是,0.26,深基坑,8.92,0.52,0.58,0.71,0.75,3,0.64,高风险
0.89,0.41,否,0.74,0.65,12.54,中级,无,1次,22.04,19.24,0.07,是,否,0.84,高支模,0.02,0.67,0.21,0.92,0.87,3,0.49,高风险
0.57,0.3,否,0.53,0.75,30.85,中级,1次,无,35.56,55.99,0.29,是,是,0.94,深基坑,0.38,1,0.37,0.52,0.31,3,0.37,低风险
0.47,0.1,否,0.69,0.75,13.49,中级,无,无,10.61,16.15,0.12,是,是,0.69,塔吊,10.32,1,0,0.88,0.71,3,0.65,无风险
0.81,0.1,否,0.62,0.82,1.63,高级,无,≥2次,26.18,29.54,0.13,否,是,0.69,高支模,50.46,1,0.32,0.91,0.65,4,0.63,极高风险
0.86,0.24,否,0.52,0.84,0.86,中级,无,无,28.14,32.98,0.09,否,是,0.43,深基坑,1.93,0.24,0,0.86,0.18,7,0.65,高风险
0.78,0.15,否,0.38,0.9,1.68,高级,无,无,9.45,6.91,0.03,是,是,0.95,车辆,7.48,0.57,0.63,0.8,0.89,4,0.76,高风险
0.78,0.35,否,0.78,0.85,4.76,中级,无,无,16.68,97,0.02,是,是,0.86,高支模,3.52,0.68,0.21,0.75,0.66,4,0.67,无风险
0.41,0.58,否,0.93,0.83,2.53,初级,无,无,15.07,57.43,0.06,是,是,0.35,高支模,10.95,0.57,0,0.92,0.68,0,0.64,中风险
0.65,0.12,否,0.75,0.85,24.7,中级,无,无,11.13,14.26,0.28,否,是,0.91,深基坑,3.21,0.77,0.31,0.75,0.21,3,0.64,高风险
0.81,0.31,否,0.84,0.68,17.39,中级,无,无,26.33,31.68,0.03,是,是,0.42,塔吊,37.24,0.89,0.17,0.85,0.7,3,0.37,无风险
0.61,0.69,否,0.67,0.97,1.91,初级,无,1次,18.18,16.8,0.2,是,是,0.18,高支模,10.61,1,0,0.81,0.95,2,0.76,高风险
0.48,0.29,否,0.77,0.68,5.75,初级,无,无,33.77,75.75,0.62,是,是,0.46,配电箱,27.67,0.6,0,0.73,0.83,1,0.57,高风险
0.36,0.29,否,0.69,0.89,12.65,中级,无,无,18.9,27.64,0.16,是,是,0.83,深基坑,96.5,0.9,0.35,0.52,0.44,1,0.81,中风险
0.46,0.19,否,0.72,0.95,15.99,初级,无,无,35.14,24.82,0.2,是,是,0.27,塔吊,22.48,0.47,0.11,0.56,0.63,3,0.88,低风险
0.75,0.65,否,0.68,0.83,8.45,初级,无,无,11.14,22.95,0,是,是,0.71,配电箱,23.23,1,0,0.96,0.72,0,0.25,无风险
0.77,0.14,否,0.68,0.84,32.46,高级,无,无,10.62,36.89,0.3,是,是,0.91,塔吊,25.98,0.34,0.11,0.87,0.76,1,0.27,无风险
0.67,0.21,否,0.64,0.82,1.97,高级,1次,1次,16.71,53.61,0.27,是,是,0.35,深基坑,24.04,1,0.76,0.64,0.85,0,0.48,极高风险
0.75,0.18,否,0.74,0.73,3.56,中级,无,无,11.65,15.44,0.16,是,是,0.56,高支模,30.89,0.82,0.03,0.85,0.37,2,0.31,低风险
0.81,0.61,否,0.6,0.59,13.61,初级,无,无,23.17,59.56,0.13,是,是,0.88,高支模,3.63,1,0.24,0.81,0.49,4,0.47,高风险
0.47,0.21,否,0.63,0.68,1.31,初级,无,1次,33.23,49.44,0.33,是,是,0.5,车辆,13.45,0.75,0.03,0.79,0.91,3,0.77,高风险
0.48,0.38,否,0.69,0.76,7.69,高级,无,无,25.42,27.83,0.1,是,否,0.53,深基坑,13.49,0.54,0.2,0.94,0.77,2,0.88,高风险
0.76,0.2,否,0.79,0.92,5.97,初级,无,无,15.19,44.88,0.08,是,否,0.82,车辆,33.7,0.44,0.78,0.81,0.77,6,0.71,极高风险
0.76,0.15,否,0.86,0.75,17.12,高级,无,1次,26.48,16.12,0.35,是,是,0.87,深基坑,2.55,0.56,0.05,0.69,0.53,2,0.24,无风险
0.46,0.27,否,0.83,0.89,2.86,中级,无,≥2次,18.27,12.21,0.27,是,是,0.94,深基坑,2.31,0.9,0.26,0.84,0.4,2,0.67,低风险
0.81,0.95,否,0.81,0.82,21.66,初级,无,无,20.89,51.36,0.17,是,是,0.63,塔吊,30.12,1,0.24,0.51,0.61,3,0.29,高风险
0.28,0.49,否,0.77,0.89,22,中级,无,无,15.15,56.53,0.06,是,是,0.97,配电箱,3.43,0.84,0.33,0.9,0.66,0,0.43,无风险
0.57,0.27,否,0.71,0.65,14.52,中级,无,无,30.27,17.5,0.08,是,是,0.81,配电箱,2.92,0.84,0.08,0.59,0.67,1,0.19,无风险
0.51,0.11,否,0.54,0.84,2.25,高级,1次,无,16.73,22.68,0.07,是,是,0.89,车辆,20.27,1,0,0.78,0.71,3,0.62,无风险
0.46,0.07,否,0.6,0.91,4.18,初级,无,无,21.7,59.21,0.18,是,是,0.83,车辆,26.9,1,0.16,0.87,0.84,7,0.83,中风险
0.74,0.29,否,0.72,0.82,17.74,无证,无,无,17.34,75.42,0.23,是,是,0.29,深基坑,39.36,0.5,0,0.96,0.46,2,0.71,高风险
0.64,0.39,否,0.66,0.89,1.95,初级,无,无,24.87,37.51,0.01,是,是,0.41,深基坑,4.73,1,0.27,0.73,0.31,2,0.6,中风险
0.77,0.41,否,0.7,0.67,5.26,初级,无,1次,9.86,26.31,0.41,是,是,0.82,高支模,10.18,0.37,0.18,0.71,0.58,1,0.3,高风险
0.23,0.42,否,0.63,0.77,4.18,中级,≥2次,无,23.13,42.14,0.11,是,是,0.52,塔吊,65.39,0.23,0,0.73,0.9,1,0.82,极高风险
0.54,0.48,否,0.6,0.64,9.08,初级,无,无,23.36,17.49,0.1,是,是,0.43,车辆,2.79,0.72,0.49,0.95,0.86,1,0.63,低风险
0.29,0.16,否,0.6,0.89,0.78,中级,无,无,7.71,19.33,0.65,是,是,0.6,塔吊,1.6,1,0.01,0.76,0.39,1,0.4,低风险
0.79,0.38,否,0.68,0.94,4.45,中级,无,1次,10.91,71.62,0.03,是,是,0.36,高支模,22.23,0.74,0.13,0.79,0.79,2,0.12,高风险
0.33,0.6,否,0.74,0.73,4.51,初级,无,无,30.84,106.26,0.69,是,否,0.68,车辆,1.39,1,0.47,0.85,0.58,4,0.7,极高风险
0.98,0.34,否,0.73,0.98,5.01,无证,无,无,27.36,10.59,0.19,是,是,0.14,车辆,19.87,0.5,0.37,0.94,0.46,2,0.7,极高风险
0.65,0.22,否,0.92,0.78,8.62,中级,无,1次,25.7,37.46,0.12,是,是,0.35,塔吊,4.85,0.54,0.23,0.56,0.23,2,0.92,中风险
0.6,0.23,否,0.59,0.82,0.22,初级,1次,无,23.02,20.82,0.86,是,是,0.8,深基坑,38.52,0.43,0,0.85,0.43,10,0.66,极高风险
0.6,0.42,否,0.65,0.88,3.22,高级,无,无,10.11,20.89,0.37,是,是,0.48,高支模,12.29,0.41,0,0.64,0.39,1,0.3,中风险
0.5,0.2,否,0.77,0.78,7.65,中级,无,1次,13.97,46.08,0.02,是,是,0.96,高支模,10.4,0.85,0.23,0.79,0.48,8,0.26,高风险
0.71,0.12,否,0.78,0.74,4.75,无证,无,1次,6.54,5.68,0.08,是,是,0.58,配电箱,18.59,0.5,0,0.47,0.23,2,0.57,高风险
0.75,0.29,否,0.69,0.72,18.91,初级,无,无,61.51,27.39,0.21,否,是,0.82,车辆,27.91,0.69,0.14,0.83,0.84,1,0.81,高风险
0.37,0.1,否,0.64,0.73,8.51,高级,1次,无,18.37,10.01,0.39,是,是,0.71,配电箱,12.89,1,0,0.85,0.79,1,0.34,无风险
0.52,0.6,否,0.59,0.86,2.01,初级,无,1次,28.87,33.06,0.14,是,是,0.71,车辆,16.54,0.54,0.17,0.97,0.87,1,0.95,高风险
0.69,0.66,否,0.77,0.71,7.66,中级,无,1次,39.1,9.48,0.42,是,是,0.7,深基坑,3.53,0.57,0.58,0.54,0.7,2,0.9,中风险
0.68,0.29,否,0.43,0.55,1.34,初级,无,无,12.32,32.8,0.08,是,是,0.24,塔吊,26.51,0.68,0.42,0.62,0.77,2,0.45,高风险
0.76,0.19,否,0.64,0.84,14.64,初级,1次,1次,26.34,20.02,0.15,是,是,0.79,配电箱,14.96,0.83,0.56,0.87,0.84,1,0.27,中风险
0.71,0.28,否,0.6,0.83,15.27,初级,无,无,31.31,51.78,0.06,是,是,0.77,高支模,4.16,1,0.46,0.76,0.81,3,0.46,无风险
0.64,0.5,否,0.76,0.77,9.36,中级,无,无,13.51,16.22,0.1,是,是,0.25,配电箱,25.74,0.49,0.46,0.8,0.38,2,0.89,高风险
0.9,0.41,否,0.8,0.91,2.45,中级,无,无,17.3,27.84,0.39,是,是,0.8,塔吊,10.43,1,0.43,0.94,0.77,1,0.83,无风险
0.32,0.29,否,0.61,0.96,6.06,中级,无,无,13.25,15.24,0.39,是,是,0.72,车辆,0.02,0.47,0.2,0.78,0.62,3,0.41,低风险
0.65,0.16,否,0.59,0.77,13.48,初级,无,1次,10.16,63.02,0.44,是,是,0.72,配电箱,48.7,0.79,0.65,0.83,0.67,6,0.62,极高风险
0.93,0.14,否,0.59,0.92,6.15,中级,无,无,49.06,10.7,0.11,是,是,0.54,深基坑,24.31,0.2,0.32,0.82,0.82,2,0.45,低风险
0.4,0.06,否,0.6,0.56,11.4,中级,无,1次,29.93,49.63,0.32,是,是,0.77,车辆,29.53,0.45,0.59,0.92,0.77,2,0.62,高风险
0.7,0.45,否,0.7,0.65,5.65,中级,无,1次,14.66,23.61,0.3,是,否,0.37,深基坑,16.93,1,0.05,0.78,0.56,5,0.67,极高风险
0.97,0.37,否,0.75,0.76,1.81,初级,无,1次,25.6,58.99,0.16,是,是,0.59,深基坑,11.22,0.74,0.09,0.82,0.13,0,0.41,高风险
0.88,0.58,否,0.76,0.87,12.92,中级,1次,无,61.84,87.74,0.02,是,是,0.93,配电箱,16.62,1,0,0.79,0.79,5,0.8,无风险
0.8,0.65,否,0.71,0.73,14.18,无证,无,无,10.01,36.76,0.33,是,是,0.84,深基坑,4.47,1,0.08,0.55,0.46,4,0.6,高风险
0.8,0.31,否,0.68,0.88,1.7,中级,无,1次,49.16,14.23,0.08,是,是,0.7,车辆,14.06,0.42,0,0.84,0.07,11,0.6,高风险
0.75,0.48,否,0.69,0.88,1.1,中级,无,无,26.2,22.62,0.24,是,是,0.88,深基坑,21.57,0.93,0,0.85,0.61,1,0.66,无风险
0.57,0.5,否,0.78,0.97,2.41,中级,无,1次,15.49,63.79,0.14,是,是,0.78,深基坑,16.44,0.37,0,0.8,0.77,4,0.87,中风险
0.62,0.23,否,0.62,0.64,11.52,中级,1次,无,58.52,63.74,0.9,是,是,0.73,高支模,8.99,0.41,0.32,0.65,0.62,2,0.93,极高风险
0.5,0.24,否,0.68,0.94,24.56,初级,无,1次,21.7,37.42,0.35,是,是,0.87,车辆,18.69,0.37,0.23,0.89,0.74,3,0.82,中风险
0.8,0.12,否,0.68,0.68,3.55,中级,无,1次,11.64,8.91,0.17,是,是,0.89,高支模,3.39,0.76,0.2,0.78,0.85,0,0.98,无风险
0.88,0.16,否,0.72,0.71,1.93,初级,无,1次,29.9,14.51,0.33,是,否,0.78,塔吊,23.37,0.53,0,0.75,0.74,4,0.5,高风险
0.54,0.42,否,0.71,0.87,15.4,初级,1次,无,37.71,24.55,0.3,是,是,0.66,塔吊,15.61,0.38,0.35,0.8,0.63,2,0.77,中风险
0.59,0.16,否,0.67,0.79,0.71,中级,无,无,19.06,19.98,0.16,是,是,0.94,塔吊,2.65,1,0.23,0.9,0.59,8,0.76,无风险
0.67,0.47,否,0.59,0.74,14.73,初级,无,无,27.9,13.66,0.04,是,是,0.59,车辆,11.2,0.87,0,0.79,0.75,1,0.88,无风险
0.5,0.3,否,0.66,0.79,13.06,初级,无,1次,17.12,22.86,0.23,否,是,0.69,配电箱,13.94,0.69,0,0.72,0.76,2,0.74,高风险
0.95,0.65,否,0.82,0.74,7.59,高级,无,≥2次,20.5,34.03,0.46,是,是,0.83,高支模,2.42,0.8,0.37,0.99,0.49,1,0.4,中风险
0.61,0.25,否,0.73,0.84,9.82,中级,无,无,12.56,25.33,0.28,是,是,0.82,深基坑,11.37,0.61,0.57,0.65,0.14,0,0.36,中风险
0.67,0.11,否,0.57,0.83,10.8,中级,无,无,40.88,19.99,0.27,是,是,0.65,高支模,10.34,1,0.3,0.87,0.74,1,0.41,无风险
0.65,0.28,否,0.53,0.51,10.44,初级,无,无,11.76,41.53,0.08,是,是,0.53,塔吊,12.81,0.5,0.33,0.96,0.61,3,0.9,高风险
0.57,0.38,否,0.82,0.79,12.24,初级,无,无,17.22,26.23,0.01,是,是,0.83,深基坑,26.62,0.65,0.22,0.81,0.82,2,0.65,无风险
0.44,0.36,否,0.79,0.71,0.89,中级,无,无,19.09,71.19,0.61,否,是,0.54,车辆,19.2,0.6,0,0.71,0.4,2,0.51,极高风险
0.81,0.43,否,0.74,0.84,24.16,中级,1次,无,18.79,20.44,0.64,是,是,0.57,配电箱,28.62,0.77,0,0.91,0.34,4,0.53,中风险
0.37,0.37,否,0.7,0.67,1.45,中级,1次,无,6.65,29.76,0.28,是,是,0.63,深基坑,4.84,1,0.62,0.73,0.89,0,0.52,中风险
0.35,0.62,否,0.61,0.78,14.33,中级,无,无,8.89,18.82,0.2,是,是,0.84,高支模,72.56,0.53,0.11,0.8,0.81,1,0.72,低风险
0.5,0.31,否,0.69,0.7,2.1,高级,无,≥2次,15.18,15.5,0.39,是,是,0.8,高支模,0.09,0.49,0.04,0.92,0.86,3,0.66,低风险
0.56,0.12,否,0.8,0.81,4.95,高级,无,1次,11.53,33.4,0.22,是,是,0.84,高支模,12.09,0.24,0.28,0.75,0.77,1,0.64,低风险
0.39,0.33,否,0.73,0.76,3.07,中级,无,无,12.08,23.55,0.46,是,是,0.91,车辆,5.31,1,0.06,0.77,0.47,5,0.88,无风险
0.76,0.43,否,0.62,0.82,2.22,中级,无,≥2次,17.93,35.38,0.4,否,是,0.79,配电箱,21.92,1,0.52,0.89,0.83,3,0.44,极高风险
0.88,0.33,否,0.66,0.51,6.33,高级,无,≥2次,16.84,29.35,0.34,是,是,0.63,车辆,9.55,0.64,0,0.68,0.77,3,0.69,高风险
0.87,0.26,否,0.53,0.77,0.33,中级,1次,无,32.74,33.63,0.11,是,是,0.35,高支模,18.92,0.69,0.21,0.81,0.73,7,0.32,高风险
0.27,0.24,否,0.48,0.85,6.58,中级,无,无,16.46,37.56,0.01,是,是,0.85,塔吊,68.55,0.53,0.08,0.69,0.31,4,0.25,高风险
0.47,0.31,否,0.94,0.76,4.84,中级,无,无,12.84,22.79,0.31,是,是,0.93,车辆,60.31,0.29,0.07,0.85,0.55,1,0.47,低风险
0.7,0.35,否,0.66,0.89,35.92,中级,1次,≥2次,29.68,56.86,0.05,是,否,0.85,高支模,4.61,0.59,0.14,0.74,0.79,2,0.6,高风险
0.77,0.22,否,0.68,0.9,6.53,中级,无,无,15.11,36.55,0.07,是,是,0.91,车辆,2.41,0.47,0.51,0.95,0.65,4,0.78,无风险
0.57,0.62,否,0.62,0.9,16.71,中级,无,1次,17.25,45.9,0.32,是,是,0.84,深基坑,0.72,1,0.51,0.71,0.83,2,0.61,低风险
0.65,0.1,否,0.71,0.79,3.48,高级,无,无,11.55,83.55,0.91,是,是,0.42,深基坑,14.25,0.31,0,0.75,0.54,4,0.26,高风险
0.52,0.33,否,0.69,0.87,0.93,初级,无,1次,44.17,16.84,0.29,是,是,0.94,配电箱,10.5,1,0.19,0.84,0.27,3,0.91,中风险
0.47,0.47,否,0.73,0.76,7.12,中级,无,无,43.69,37.91,0.14,是,是,0.4,塔吊,5.72,1,0,0.87,0.69,1,0.72,无风险
0.85,0.46,否,0.73,0.84,8.63,高级,无,无,14.03,50.51,0.56,否,是,0.33,配电箱,32.76,0.21,0.3,0.84,0.42,2,0.48,极高风险
0.46,0.22,否,0.78,0.95,0.08,无证,1次,无,14.62,21.62,0.04,是,是,0.69,配电箱,16.46,0.55,0,0.95,0.79,2,0.59,高风险
0.72,0.43,否,0.82,0.92,21.61,高级,无,无,20.4,63.41,0.72,是,是,0.46,配电箱,19.95,0.88,0.22,0.69,0.2,3,0.46,高风险
0.49,0.23,否,0.75,0.75,3.56,高级,无,1次,14.6,25.29,0.15,是,是,0.51,配电箱,13.35,0.31,0.48,0.77,0.51,4,0.52,极高风险
0.66,0.63,否,0.78,0.97,19.71,高级,无,1次,20.9,51.94,0.01,是,是,0.33,车辆,9.64,1,0.42,0.5,0.25,3,0.88,中风险
0.76,0.26,否,0.65,0.81,5.98,初级,无,无,40.91,70.61,0.07,是,是,0.49,车辆,4.18,0.82,0.02,0.57,0.29,2,0.29,中风险
0.58,0.15,否,0.78,0.71,0.67,初级,无,1次,34.64,32.65,0.53,是,是,0.53,高支模,1.07,0.69,0.56,0.92,0.51,0,0.87,高风险
0.69,0.73,否,0.61,0.84,3.86,中级,无,无,25.89,16.4,0.03,是,是,0.75,深基坑,17.44,1,0.08,0.92,0.81,2,0.64,无风险
0.66,0.3,是,0.72,0.81,5.23,中级,1次,1次,24.22,28.86,0.11,是,是,0.27,深基坑,11.43,0.64,0.11,0.87,0.75,1,0.44,极高风险
0.87,0.21,否,0.7,0.76,19.88,中级,无,无,10.33,47.52,0.26,是,是,0.27,配电箱,35.88,1,0,0.86,0.08,1,0.48,低风险
0.73,0.34,否,0.84,0.68,0.53,高级,无,无,11.38,24.45,0.22,是,是,0.49,车辆,2.97,0.93,0.07,0.5,0.53,2,0.52,无风险
0.68,0.48,否,0.81,0.71,12.39,中级,无,1次,15.27,31.31,0.16,是,是,0.57,高支模,15.52,0.82,0.43,0.9,0.51,1,0.48,中风险
0.39,0.14,否,0.54,0.63,0.37,中级,无,1次,19.83,25.54,0.41,是,是,0.5,车辆,24.07,0.56,0.52,0.76,0.39,3,0.79,极高风险
0.39,0.13,否,0.6,0.73,16.7,初级,无,无,20.22,11.94,0.3,是,是,0.81,高支模,7.61,0.84,0.18,0.96,0.35,3,0.43,低风险
0.56,0.13,否,0.65,0.81,16.82,高级,无,1次,7.89,47.91,0.49,是,是,0.87,深基坑,18.75,0.57,0.56,0.88,0.61,2,0.53,中风险
0.03,0.1,否,0.74,0.71,19.45,中级,无,≥2次,33.98,33.12,0.18,是,是,0.33,高支模,3.64,0.5,0.32,0.84,0.69,4,0.43,高风险
0.64,0.36,否,0.85,0.97,3.86,中级,无,无,7.84,42.2,0.13,是,是,0.64,深基坑,17.24,0.49,0,0.87,0.65,5,0.28,低风险
0.87,0.33,否,0.8,0.76,2.08,中级,无,无,26.91,31.27,0.78,是,是,0.55,深基坑,16.51,0.56,0,0.91,0.74,0,0.87,低风险
0.68,0.17,否,0.8,0.84,2.2,高级,无,无,24.94,52.55,0.24,是,是,0.64,塔吊,14.97,1,0,0.92,0.87,3,0.93,无风险
0.56,0.16,否,0.61,0.8,16.8,高级,无,无,23.19,22.1,0.08,是,是,0.56,车辆,39.11,0.87,0.48,0.87,0.46,1,0.73,无风险
0.61,0.1,否,0.59,0.97,3.48,中级,无,无,20.35,23.26,0.34,是,是,0.55,车辆,33.49,0.44,0.11,0.91,0.71,4,0.3,中风险
0.67,0.44,否,0.58,0.85,7.74,初级,1次,无,22.37,60.45,0.03,是,是,0.73,深基坑,11.67,0.45,0.03,0.88,0.83,1,0.74,低风险
0.05,0.32,否,0.76,0.71,11.59,中级,无,无,11,8.64,0.16,是,是,0.84,塔吊,98.91,0.8,0.55,0.93,0.66,2,0.82,高风险
0.86,0.63,否,0.93,1,2.79,初级,1次,无,35.92,34.42,0.19,是,是,0.83,塔吊,18.18,0.82,0,0.72,0.34,2,0.49,低风险
0.74,0.16,否,0.74,0.72,11.23,中级,无,≥2次,21.47,15.95,0.14,是,是,0.5,深基坑,12.87,0.73,0.28,0.62,0.65,4,0.85,中风险
0.71,0.57,否,0.92,0.89,6.19,中级,无,无,23.81,25.99,0.06,是,是,0.68,车辆,31.17,0.38,0.29,0.86,0.85,5,0.82,低风险
0.47,0.15,否,0.56,0.82,12.61,中级,无,无,10.2,18.08,0.02,是,是,0.08,高支模,10.09,0.56,0.15,0.92,0.9,2,0.2,高风险
0.38,0.17,否,0.78,0.76,3.91,高级,无,无,26.2,48.54,0.41,是,是,0.62,塔吊,2.58,0.78,0.83,0.89,0.85,4,0.63,低风险
0.64,0.29,否,0.73,0.96,17.46,中级,无,无,36.88,24.95,0.33,是,是,0.79,塔吊,32.55,0.69,0.27,0.77,0.65,3,0.54,无风险
0.55,0.19,否,0.86,0.76,2.03,初级,无,无,11.65,14.94,0.69,是,是,0.57,配电箱,35.22,0.44,0,0.62,0.44,4,0.41,高风险
0.41,0.54,否,0.89,0.7,25.53,初级,无,无,32.08,10.02,0.38,是,是,0.77,深基坑,21.31,0.38,0.53,0.81,0.41,4,0.64,高风险
0.94,0.13,否,0.67,0.84,7.65,中级,无,无,15.82,25.14,0.18,是,是,0.56,深基坑,15.4,1,0.03,0.93,0.59,4,0.81,无风险
0.67,0.31,否,0.65,0.86,20.26,中级,≥2次,无,36.18,21.68,0.58,是,是,0.84,高支模,23,0.74,0,0.93,0.88,6,0.82,低风险
0.75,0.67,否,0.54,0.76,1.25,初级,无,无,23.78,61.35,0.03,是,是,0.34,塔吊,11.06,0.33,0.06,0.69,0.17,2,0.28,极高风险
0.11,0.44,否,0.65,0.78,1.71,中级,无,1次,56.39,21.34,0.34,是,是,0.58,塔吊,25.5,0.49,0.31,0.95,0.58,5,0.98,极高风险
0.5,0.35,否,0.68,0.91,24.48,初级,无,无,9.82,36.45,0.01,是,是,0.52,深基坑,10.47,0.08,0,0.81,0.64,2,0.28,低风险
0.85,0.21,否,0.54,0.87,12.63,高级,无,1次,16.29,61.23,0.05,是,是,0.9,配电箱,22.85,0.76,0.78,0.77,0.37,6,0.8,高风险
0.7,0.48,否,0.46,0.75,26.57,初级,无,1次,14.57,53.75,0.45,是,是,0.62,深基坑,45.35,0.66,0,0.65,0.98,5,0.3,高风险
0.71,0.33,否,0.77,0.84,3.07,中级,无,≥2次,35.11,61.82,0.36,是,否,0.37,塔吊,24.52,0.82,0,0.71,0.47,1,0.3,极高风险
0.57,0.26,否,0.67,0.72,5.16,中级,1次,无,13.67,25.79,0.13,是,是,0.45,深基坑,22.61,1,0.19,0.82,0.73,3,0.46,中风险
0.79,0.35,否,0.64,0.72,5.81,中级,1次,1次,35.7,63.82,0.34,是,是,0.4,深基坑,0.86,0.38,0.55,0.91,0.55,3,0.73,极高风险
0.41,0.17,否,0.55,0.93,27.21,中级,无,1次,15.66,57.98,0.25,否,是,0.64,塔吊,2.21,0.62,0.21,0.97,0.38,7,0.55,极高风险
0.61,0.51,否,0.64,0.56,9.53,初级,1次,1次,12.37,25.32,0.02,是,是,0.84,塔吊,3.34,0.97,0,0.97,0.61,4,0.88,高风险
0.77,0.62,否,0.65,0.76,12.22,高级,≥2次,1次,15.25,37.71,0.11,是,是,0.67,配电箱,2.98,1,0.46,0.7,0.42,1,0.17,高风险
0.6,0.34,否,0.68,0.85,2.59,中级,无,无,20.29,17.51,0,是,是,0.33,高支模,2.28,0.79,0.02,0.82,0.71,0,0.39,无风险
0.45,0.38,否,0.85,0.65,6.69,中级,1次,无,12.68,36.46,0.34,是,是,0.21,深基坑,4.89,0.54,0.06,0.9,0.61,1,0.75,中风险
0.9,0.27,否,0.53,0.74,5.76,中级,无,无,24.19,36.91,0.22,是,是,0.1,高支模,31.81,0.53,0.43,0.78,0.69,4,0.46,极高风险
0.53,0.46,否,0.79,0.87,8.15,中级,无,无,35.98,17.32,0.14,是,是,0.55,深基坑,2.1,0.91,0.29,0.71,0.65,4,0.36,无风险
0.49,0.53,否,0.78,0.85,11.4,中级,无,无,12.85,10.19,0.04,是,是,0.31,塔吊,7.81,0.82,0.33,0.84,0.93,4,0.54,无风险
0.42,0.29,否,0.79,0.78,2.32,初级,≥2次,无,15.77,40.5,0.31,是,是,0.17,塔吊,4.85,0.63,0.58,0.72,0.22,2,0.67,极高风险
0.2,0.23,否,0.85,0.85,9.95,初级,无,无,28.24,17.47,0.07,是,否,0.81,塔吊,23.05,1,0.07,0.7,0.24,8,0.26,极高风险
0.45,0.41,否,0.52,0.81,6.89,高级,1次,无,12.48,31.17,0.04,是,是,0.45,塔吊,14.39,0.78,0,0.89,0.63,2,0.6,低风险
0.5,0.2,否,0.77,0.9,14.69,无证,无,1次,13.86,26.26,0.53,是,是,0.88,深基坑,1.75,1,0.01,0.58,0.69,3,0.38,高风险
0.87,0.23,否,0.81,0.92,2.8,中级,无,无,24.79,15.54,0.46,是,是,0.88,高支模,12.78,0.79,0.07,0.76,0.29,1,0.86,无风险
0.69,0.21,否,0.56,0.87,18.31,初级,无,无,24.35,13.55,0.09,是,是,0.72,车辆,1.08,0.43,0.34,0.75,0.57,2,0.75,无风险
0.4,0.92,否,0.77,0.78,0.2,初级,无,无,30.53,69.91,0.08,是,是,0.29,深基坑,9.35,0.9,0.37,0.81,0.65,1,0.62,极高风险
0.65,0.64,否,0.85,0.69,3.13,初级,无,无,14.02,18.55,0.25,是,是,0.73,高支模,59.35,0.46,0,0.94,0.91,11,0.56,高风险
0.14,0.17,否,0.51,0.82,9.04,中级,无,无,33.11,45.57,0.22,是,是,0.79,塔吊,19.75,0.72,0.41,0.77,0.82,2,0.82,高风险
0.72,0.4,否,0.73,0.8,5.9,高级,1次,无,15.26,30.98,0.16,是,是,0.4,配电箱,24.94,0.62,0.35,0.69,0.56,2,0.46,高风险
0.65,0.23,否,0.92,0.92,6.06,初级,无,无,8.24,37.99,0.06,是,是,0.26,深基坑,13.54,0.74,0,0.79,0.88,3,0.82,无风险
0.4,0.66,否,0.67,0.8,13.22,初级,无,1次,12.95,32.04,0.28,是,是,0.08,高支模,1.46,0.77,0,0.67,0.41,2,0.73,高风险
0.93,0.26,否,0.72,0.78,0.22,初级,无,无,11.5,26.34,0.6,是,是,0.31,配电箱,4.88,0.78,0.33,0.83,0.58,3,0.74,高风险
0.8,0.13,否,0.71,0.72,2.63,高级,无,无,25.33,21.38,0.8,是,是,0.97,车辆,26.36,0.36,0,0.84,0.37,4,0.33,低风险
0.72,0.28,否,0.88,0.83,3.79,中级,无,1次,20.69,57.33,0.68,是,是,0.44,车辆,15.27,1,0.01,0.96,0.96,3,0.7,中风险
0.87,0.24,否,0.51,0.7,0.07,中级,≥2次,无,17.98,32.57,0.16,否,是,0.54,车辆,7.56,1,0.33,0.69,0.95,2,0.44,极高风险
0.7,0.45,否,0.61,0.82,1.59,中级,无,1次,11.52,18.27,0.11,是,是,0.12,深基坑,2.07,0.8,0.45,0.51,0.62,6,0.62,高风险
0.62,0.26,否,0.79,0.86,3.27,中级,无,无,31.43,26.73,0.17,是,是,0.28,塔吊,3.73,0.74,0.01,0.64,0.38,3,0.77,低风险
0.49,0.34,否,0.62,0.85,24.33,中级,无,1次,39.84,32.85,0.21,是,是,0.72,深基坑,1.64,0.51,0,0.77,0.74,2,0.58,无风险
0.56,0.1,否,0.73,0.81,8.8,初级,无,≥2次,6.21,26.33,0.05,是,是,0.91,深基坑,3.91,0.25,0.55,0.55,0.4,5,0.58,极高风险
0.69,0.18,否,0.71,0.81,8.49,中级,无,1次,38.8,18.65,0.13,是,是,0.91,车辆,18.44,0.93,0.11,0.87,0.27,2,0.68,低风险
0.48,0.42,否,0.68,0.81,6.27,中级,无,1次,29.28,19.99,0.72,是,是,0.92,车辆,4.89,0.94,0,0.76,0.83,1,0.52,无风险
0.8,0.76,否,0.73,0.93,2.41,中级,无,1次,15.36,92,0.15,是,是,0.47,塔吊,22.63,0.39,0,0.92,0.73,4,0.55,高风险
0.47,0.11,否,0.62,0.77,8.01,高级,无,1次,9.3,20.02,0.18,是,是,0.86,塔吊,42.53,0.71,0.34,0.93,0.73,4,0.58,低风险
0.34,0.27,否,0.8,0.75,3.92,中级,无,无,23.39,89.54,0.03,是,是,0.35,塔吊,19.16,0.47,0.55,0.87,0.9,0,0.74,中风险
0.58,0.2,否,0.68,0.79,1.74,中级,无,无,17.83,17.43,0.03,是,是,0.75,车辆,4.47,0.77,0.2,0.81,0.77,1,0.68,无风险
0.89,0.46,否,0.67,0.9,6.43,初级,无,无,32.53,19.37,0.09,是,是,0.53,高支模,19.76,0.27,0,0.95,0.81,3,0.77,无风险
0.21,0.26,否,0.91,0.98,6.49,高级,无,无,11.54,19.73,0.02,是,是,0.83,车辆,14.71,0.25,0.29,0.95,0.86,2,0.55,无风险
0.77,0.3,否,0.59,0.93,21.03,高级,无,1次,15.45,22.25,0.02,是,是,0.83,深基坑,10.78,0.6,0,0.73,0.64,3,0.98,无风险
0.53,0.56,否,0.86,0.91,6.91,中级,无,1次,43.45,43.82,0.47,是,是,0.33,塔吊,38.83,0.79,0,0.64,0.8,2,0.8,中风险
0.06,0.59,是,0.69,0.85,7.62,高级,无,1次,17.86,16.42,0.28,是,是,0.24,深基坑,4.98,1,0.13,0.89,0.83,2,0.78,极高风险
0.92,0.27,否,0.84,0.75,11.22,中级,无,无,22.94,15.44,0.04,否,是,0.58,配电箱,17.93,1,0.32,0.81,0.86,1,0.71,高风险
0.25,0.38,否,0.77,0.78,9.12,初级,1次,1次,31.02,65.93,0.22,是,是,0.25,高支模,23.06,0.24,0,0.95,0.8,1,0.66,极高风险
0.57,0.36,否,0.83,0.89,4.93,初级,无,1次,27.15,25.47,0.03,是,是,0.33,深基坑,12.85,1,0.34,0.71,0.7,1,0.47,中风险
0.54,0.33,否,0.69,0.91,26.33,中级,无,无,9.69,53.83,0.13,是,是,0.88,塔吊,16.77,0.86,0.19,0.84,0.75,2,0.85,无风险
0.72,0.32,否,0.99,0.94,3.19,无证,无,无,18.4,37.41,0.08,是,是,0.76,车辆,28.1,1,0,0.89,0.5,5,0.52,高风险
0.32,0.2,否,0.8,0.91,5.63,初级,无,无,26.3,33.76,0.44,是,是,0.84,车辆,1.41,0.62,0.28,0.8,0.68,3,0.36,低风险
0.76,0.72,否,0.65,0.77,0.99,初级,无,无,11.67,56.08,0.24,否,是,0.52,车辆,18.04,0.61,0.13,0.97,0.46,2,0.43,极高风险
0.6,0.27,否,0.79,0.85,22.35,初级,无,无,22.28,48.79,0.15,是,是,0.89,配电箱,20.52,1,0.68,0.9,0.55,4,0.39,中风险
0.34,0.39,否,0.74,0.65,6.99,初级,无,无,8.53,27.24,0,是,是,0.8,深基坑,2.12,1,0.35,0.85,0.7,3,0.53,无风险
0.81,0.16,否,0.75,0.64,0.17,中级,无,1次,17.5,25.26,0.12,是,是,0.88,车辆,15.04,0.69,0.33,0.79,0.39,2,0.41,中风险
0.73,0.22,否,0.48,0.86,6.92,高级,无,无,9.19,43.54,0.42,是,是,0.46,高支模,13.5,0.81,0.23,0.74,0.53,2,0.19,中风险
0.19,0.27,否,0.44,0.65,11.99,中级,无,无,23.16,12.35,0.47,是,是,0.87,车辆,10.49,0.64,0.06,0.74,0.94,4,0.73,高风险
0.5,0.24,否,0.64,0.75,1.53,中级,无,1次,48.79,39.25,0.25,是,否,0.13,车辆,1.94,0.82,0,0.91,0.74,4,0.11,极高风险
0.41,0.23,否,0.64,0.83,21.65,高级,无,无,21.14,28.87,0.02,是,是,0.35,高支模,23.15,1,0.4,0.83,0.6,3,0.48,低风险
0.59,0.36,否,0.54,0.82,26.08,中级,无,无,13.86,55.74,0.25,是,是,0.91,深基坑,37.43,0.4,0.3,0.43,0.86,1,0.75,中风险
0.75,0.21,否,0.57,0.74,16.81,中级,无,≥2次,21.73,58.89,0.22,是,是,0.37,高支模,12.65,1,0.52,0.84,0.85,3,0.82,高风险
0.75,0.64,是,0.57,0.68,0.92,高级,无,1次,53.13,11.18,0.21,是,是,0.27,塔吊,6.7,0.88,0.18,0.9,0.8,2,0.67,高风险
0.6,0.35,否,0.79,0.93,12.35,高级,无,无,32.43,20.84,0.42,是,是,0.26,高支模,0.58,0.68,0.03,0.71,0.68,3,0.88,无风险
0.4,0.2,否,0.75,0.85,1.77,初级,无,≥2次,17.36,18.48,0.13,是,是,0.54,车辆,18.12,0.74,0.01,0.85,0.45,3,0.38,极高风险
0.71,0.11,否,0.89,0.85,24.01,中级,无,无,4.17,20.69,0.09,是,是,0.84,车辆,12.14,0.65,0.08,0.72,0.6,2,0.79,无风险
0.43,0.39,否,0.82,0.8,3.31,中级,无,无,36.46,24.28,0.02,是,是,0.52,塔吊,34.94,0.57,0,0.6,0.73,3,0.51,低风险
0.69,0.16,否,0.64,0.74,0.85,中级,无,≥2次,90.48,16.93,0.23,是,是,0.17,高支模,35.34,1,0.78,0.92,0.72,3,0.33,极高风险
0.72,0.34,否,0.63,0.63,17.51,中级,无,无,8.35,11.32,0.05,是,是,0.94,配电箱,20.26,1,0.55,0.86,0.69,2,0.61,无风险
0.46,0.76,否,0.68,0.83,2.67,中级,无,无,13.39,24.17,0.12,是,是,0.88,深基坑,17.53,0.46,0.16,0.89,0.78,1,0.52,低风险
0.88,0.36,否,0.75,0.8,10.79,中级,无,1次,26.99,32.86,0.34,是,是,0.83,深基坑,18.42,0.42,0.45,0.83,0.67,4,0.74,中风险
0.81,0.4,否,0.83,0.9,9.51,初级,无,无,32.29,60.83,0.36,是,是,0.53,车辆,2.58,0.6,0.61,0.82,0.82,5,0.75,中风险
0.42,0.19,否,0.57,0.83,30.83,中级,无,无,21.83,51.02,0.17,是,是,0.84,塔吊,5.12,0.79,0.13,0.9,0.12,5,0.6,无风险
0.43,0.22,否,0.71,0.87,6.8,中级,无,无,36.39,11.01,0.3,是,是,0.77,车辆,41.2,0.26,0,0.7,0.54,5,0.65,中风险
0.87,0.3,否,0.61,0.68,4.34,初级,无,无,17.46,16.56,0.42,是,是,0.85,配电箱,5.51,0.44,0.65,0.92,0.73,5,0.56,高风险
0.31,0.08,否,0.54,0.78,12.07,初级,无,1次,6.8,30.17,0.07,是,是,0.96,车辆,42.09,0.27,0.49,0.79,0.79,1,0.53,高风险
0.52,0.12,否,0.89,0.76,19.38,初级,1次,无,13.15,21.93,0.16,是,是,0.63,塔吊,20.16,0.74,0.23,0.76,0.77,2,0.85,无风险
0.89,0.49,否,0.74,0.87,9.68,中级,无,1次,12.18,47.75,0.08,是,是,0.81,高支模,6.17,0.57,0,0.92,0.58,5,0.33,低风险
0.87,0.37,否,0.58,0.74,7.16,初级,无,≥2次,14.17,31.58,0.07,是,是,0.49,车辆,1.84,0.87,0.83,0.84,0.57,1,0.58,高风险
0.47,0.12,否,0.79,0.89,1.22,初级,无,无,12.19,51.59,0.31,是,是,0.8,配电箱,13.44,0.75,0.65,0.76,0.29,3,0.49,极高风险
0.84,0.33,否,0.82,0.79,12.65,初级,无,无,6.49,13.43,0.34,是,是,0.38,塔吊,0.21,0.64,0.47,0.51,0.79,2,0.76,低风险
0.45,0.36,否,0.94,0.74,0.69,中级,无,1次,20.25,32.44,0.47,是,否,0.39,车辆,0.18,0.59,0,0.7,0.31,0,0.78,极高风险
0.37,0.25,否,0.68,0.72,10.74,高级,1次,无,23.34,36.71,0.15,否,是,0.17,车辆,5.31,0.35,0.83,0.92,0.82,2,0.82,极高风险
0.62,0.1,否,0.58,0.82,2.2,中级,无,1次,23.52,18.81,0.65,是,是,0.86,塔吊,19.54,0.79,0.52,0.94,0.78,2,0.51,低风险
0.13,0.07,否,0.76,0.76,5.77,中级,1次,≥2次,16.21,52.49,0.69,是,是,0.83,配电箱,27.68,0.83,0.04,0.8,0.6,4,0.5,极高风险
0.78,0.48,否,0.68,0.71,15.58,高级,无,无,18.13,18.18,0.17,是,是,0.92,塔吊,0.55,1,0.02,0.85,0.35,5,0.62,无风险
0.77,0.58,否,0.77,0.65,2.32,初级,无,无,22.44,27.22,0.38,是,是,0.33,配电箱,16.8,0.71,0,0.95,0.24,2,0.43,高风险
0.68,0.87,否,0.84,0.79,6.94,初级,无,无,16.71,35.04,0.04,是,是,0.83,高支模,17.92,0.54,0,0.73,0.39,2,0.22,高风险
0.86,0.22,否,0.65,0.7,14.09,中级,无,无,22.76,17.91,0.14,是,是,0.85,高支模,14.21,0.73,0,0.92,0.48,3,0.32,无风险
0.67,0.07,否,0.69,0.83,10.88,初级,无,无,23.89,17.14,0.39,是,是,0.85,配电箱,14.11,0.79,0.31,0.91,0.84,3,0.26,低风险
0.34,0.63,否,0.67,0.86,0.88,初级,无,无,19.98,44.05,0.48,是,是,0.97,塔吊,26.97,1,0.14,0.56,0.43,6,0.62,极高风险
0.45,0.13,否,0.74,0.78,1.78,中级,无,1次,22.99,80.52,0.17,是,是,0.72,车辆,0.42,0.93,0.94,0.73,0.77,2,0.69,中风险
0.62,0.18,否,0.63,0.72,0.36,中级,1次,1次,11.44,31.93,0.1,是,是,0.21,深基坑,33.13,1,0.34,0.76,0.44,2,0.56,极高风险
0.31,0.21,否,0.75,0.73,6.41,中级,1次,无,13.98,29.41,0.16,是,是,0.39,塔吊,8.77,0.81,0.25,0.82,0.13,3,0.46,高风险
0.74,0.27,否,0.76,0.81,12.26,初级,无,无,16.65,14.5,0.72,否,是,0.96,高支模,7.03,0.12,0.51,0.79,0.43,5,0.4,极高风险
0.67,0.33,否,0.88,0.83,7.3,中级,1次,无,24.11,44.84,0.3,是,是,0.53,高支模,18.87,0.61,0.25,0.78,1,4,0.49,中风险
0.96,0.19,否,0.86,0.74,22.02,中级,无,无,5.72,34.5,0.11,是,是,0.35,配电箱,14.43,0.66,0,0.79,0.63,3,0.32,无风险
0.86,0.89,否,0.66,0.73,1.05,初级,无,无,29.07,41.92,0.1,是,是,0.84,车辆,26.03,0.9,0,0.9,0.57,2,0.31,高风险
0.28,0.17,否,0.56,1,3.55,初级,无,无,13.85,31.76,0.6,是,是,0.47,深基坑,20.33,1,0.48,0.66,0.28,2,0.79,极高风险
0.78,0.28,否,0.73,0.76,15.41,中级,无,≥2次,26.35,22.82,0.17,是,是,0.48,车辆,5.3,0.19,0.19,0.87,0.64,1,0.59,中风险
0.59,0.23,否,0.64,0.57,39.16,中级,无,1次,36.43,38.22,0.2,否,是,0.95,车辆,14.41,0.5,0.17,0.89,0.82,3,0.88,极高风险
0.82,0.24,否,0.74,0.93,23.66,高级,无,无,33.99,13.52,0.37,是,是,0.84,配电箱,15,0.37,0.23,0.96,0.9,1,0.33,无风险
0.84,0.37,否,0.69,0.65,24.31,高级,无,无,13.5,19.56,0.05,是,是,0.89,车辆,16.57,0.55,0.22,0.89,0.35,2,0.7,无风险
0.75,0.25,否,0.54,0.74,14.52,高级,1次,无,7.2,32.63,0.15,是,是,0.45,深基坑,12.27,0.68,0.39,0.6,0.76,2,0.8,低风险
0.54,0.21,否,0.91,0.84,38.54,中级,无,无,13.99,44.37,0.46,是,是,0.64,高支模,2.01,1,0.23,0.69,0.53,1,0.49,无风险
0.5,0.31,否,0.62,0.75,14.01,无证,无,无,32.4,20.68,0.45,是,是,0.59,高支模,17.54,0.85,0.63,0.9,0.29,1,0.64,极高风险
0.56,0.48,否,0.85,0.98,0.62,中级,无,1次,20.49,62.29,0.2,是,是,0.34,车辆,4.19,0.76,0.36,0.52,0.08,3,0.63,极高风险
0.35,0.33,否,0.77,0.93,0.56,高级,无,无,20.87,30.76,0.3,是,是,0.56,配电箱,11.64,0.81,0.36,0.78,0.87,3,0.64,低风险
0.31,0.12,否,0.65,0.86,2.74,初级,无,无,28.72,15.29,0.56,是,是,0.81,车辆,0.55,0.77,0.96,0.84,0.77,9,0.96,高风险
0.67,0.39,否,0.6,0.91,16.4,中级,无,无,26.86,22.03,0.19,是,是,0.46,配电箱,18.83,0.82,0.38,0.86,0.72,1,0.1,高风险
0.65,0.14,否,0.55,0.99,12.18,中级,1次,≥2次,10.1,17.11,0.03,是,是,0.16,深基坑,16.71,0.82,0.18,0.87,0.56,3,0.35,高风险
0.67,0.32,否,0.65,0.86,6.26,中级,无,≥2次,13.73,34.01,0.53,是,是,0.21,高支模,4.68,0.5,0.01,0.48,0.28,3,0.14,极高风险
0.17,0.29,否,0.87,0.96,8.84,初级,无,无,11.65,113.04,0.52,否,是,0.51,深基坑,10.44,0.43,0.55,0.82,0.35,2,0.72,极高风险
0.62,0.19,否,0.52,0.79,3.53,无证,无,≥2次,13.84,67.54,0.16,是,是,0.08,配电箱,1.44,0.75,0,0.73,0.91,3,0.87,极高风险
0.39,0.26,否,0.62,0.76,1.1,中级,无,无,16.63,14.32,0.26,否,是,0.6,深基坑,12.26,0.21,0.33,0.9,0.72,2,0.97,高风险
0.91,0.93,否,0.88,0.81,4.96,中级,无,无,31.49,25.58,0.48,是,是,0.64,配电箱,3.59,0.33,0.24,0.65,0.3,8,0.36,极高风险
0.58,0.56,否,0.8,0.64,6.75,中级,无,无,7.12,23.66,0.19,否,是,0.75,高支模,9.34,0.63,0,0.99,0.85,1,0.68,高风险
0.96,0.16,否,0.69,0.72,6.57,中级,无,无,25.87,28.94,0.03,是,是,0.88,塔吊,26.79,0.89,0.27,0.95,0.7,4,0.34,无风险
0.79,0.52,否,0.46,1,3.4,高级,1次,1次,22.3,89.5,0.12,是,是,0.84,塔吊,34.58,0.64,0.44,0.9,0.82,1,0.14,高风险
0.12,0.16,否,0.7,0.88,18.68,初级,无,无,27.81,24.17,0.11,是,是,0.74,配电箱,15.07,0.69,0.27,0.83,0.79,2,0.57,高风险
0.78,0.15,否,0.6,0.85,11.46,中级,无,无,15.25,23.74,0.28,是,是,0.92,配电箱,8.99,0.62,0.56,0.87,0.91,5,0.61,无风险
0.21,0.34,否,0.73,0.75,0.58,初级,1次,无,38.47,45.22,0.15,是,是,0.78,深基坑,16.62,0.63,0.27,0.95,0.53,1,0.9,高风险
0.45,0.42,否,0.72,0.72,3.95,中级,无,1次,31.88,45.89,0.48,是,否,0.92,深基坑,23.1,1,0.41,0.86,0.74,2,0.65,极高风险
0.71,0.28,否,0.72,0.67,1.12,高级,无,无,19.88,36.88,0.32,是,是,0.81,车辆,0.13,1,0.02,0.26,0.37,5,0.87,无风险
0.78,0.32,否,0.62,0.75,3.99,中级,无,1次,59.27,35.35,0.25,是,是,0.82,塔吊,2.25,0.67,0,0.88,0.78,0,0.79,无风险
0.8,0.17,否,0.7,0.89,2.67,高级,无,无,21.86,20.19,0.14,是,是,0.42,车辆,4.79,0.49,0.59,0.87,0.77,5,0.6,无风险
0.37,0.19,否,0.71,0.73,1.81,中级,无,无,11.27,17.43,0.21,是,是,0.7,塔吊,25.35,1,0.05,0.75,0.67,5,0.51,低风险
0.77,0.41,否,0.73,0.7,1.51,高级,无,1次,17.13,39.86,0.14,是,是,0.85,配电箱,13.4,0.84,0.39,0.91,0.42,1,0.43,中风险
0.58,0.57,否,0.72,0.91,1.96,中级,无,无,19.06,80.84,0.03,是,是,0.56,塔吊,9.01,0.71,0.07,0.63,0.4,4,0.13,高风险
0.38,0.47,否,0.64,0.78,2.1,中级,无,无,16.31,63.89,0.37,是,是,0.34,深基坑,22.94,0.34,0.41,0.75,0.56,6,0.81,极高风险
0.29,0.39,否,0.64,0.81,2.88,初级,1次,无,15,52.03,0.05,是,是,0.63,塔吊,4.11,0.83,0,0.89,0.16,2,0.31,高风险
0.72,0.19,否,0.85,0.88,0.98,初级,无,1次,27.32,21.93,0.41,是,是,0.79,配电箱,4.75,0.33,0.96,0.9,0.84,2,0.47,高风险
0.86,0.11,否,0.73,0.9,22.34,高级,无,无,33.52,45.53,0.42,是,是,0.89,配电箱,6.02,0.52,0.14,0.54,0.75,5,0.52,无风险
0.85,0.46,否,0.56,0.77,33.09,中级,无,1次,36.76,22.65,0.16,是,是,0.81,配电箱,16.22,0.38,0.06,0.9,0.82,1,0.47,无风险
0.75,0.23,否,0.78,0.78,9.54,初级,无,1次,29.52,87.02,0.15,是,是,0.08,高支模,2.44,0.55,0,0.73,0.73,7,0.68,高风险
0.55,0.24,否,0.58,0.76,4.66,中级,1次,无,34.01,18.56,0.22,是,是,0.52,塔吊,3.41,0.83,0.05,0.72,0.75,5,0.68,低风险
0.4,0.33,否,0.67,0.6,3.36,无证,无,无,42.23,5.76,0.14,否,是,0.69,深基坑,17.01,0.78,0,0.86,0.92,5,0.66,极高风险
0.56,0.18,否,0.71,0.73,2.24,初级,无,无,10.08,39.08,0.14,是,是,0.66,高支模,19.27,0.63,0.42,0.96,0.41,3,0.22,高风险
0.79,0.38,否,0.69,0.81,3.8,中级,无,无,28.38,24.52,0.32,是,是,0.45,深基坑,18.84,1,0.04,0.81,0.89,1,0.79,无风险
0.66,0.64,否,0.5,0.79,1.41,初级,无,无,24.37,61.01,0.38,是,是,0.83,配电箱,0.74,0.79,0.29,0.92,0.7,1,0.48,中风险
0.39,0.24,否,0.62,0.57,1.74,初级,1次,1次,14.57,30.87,0.13,是,是,0.6,塔吊,33.02,1,0.28,0.69,0.55,3,0.76,极高风险
0.56,0.16,否,0.67,0.87,7.98,初级,无,1次,23.35,17.35,0.1,是,是,0.96,车辆,32.18,1,0,0.85,0.62,0,0.21,无风险
0.54,0.73,否,0.69,0.91,4.42,中级,无,无,20.91,19.96,0.46,是,是,0.9,塔吊,80,0.36,0.33,0.75,0.77,5,0.89,高风险
0.89,0.26,否,0.67,0.79,0.16,中级,无,1次,37.21,20.01,0.4,是,是,0.72,车辆,18.37,0.77,0,0.75,0.58,3,0.48,低风险
0.8,0.23,否,0.57,0.95,18.57,中级,1次,1次,30.49,28.61,0.27,否,是,0.95,配电箱,41.8,0.53,0.3,0.81,0.81,6,0.83,高风险
0.37,0.21,否,0.78,0.78,0.42,高级,无,1次,16.19,29.86,0.57,是,是,0.87,配电箱,0.06,0.62,0.63,0.8,0.65,0,0.53,低风险
0.7,0.47,否,0.76,0.69,22.42,中级,1次,1次,18.68,15.94,0.26,是,是,0.59,深基坑,40.52,0.73,0.22,0.67,0.91,0,0.89,中风险
0.92,0.39,否,0.68,0.82,0.29,初级,无,≥2次,13.62,80.2,0.02,是,是,0.49,高支模,21.52,0.36,0.7,0.89,0.78,7,0.9,极高风险
0.79,0.12,是,0.7,0.73,8.03,初级,无,无,17.92,15.92,0.59,是,是,0.68,深基坑,8.19,0.91,0,0.88,0.9,1,0.72,高风险
0.84,0.35,否,0.85,0.81,19.66,初级,1次,无,40.23,12.95,0.19,是,是,0.82,深基坑,0.16,0.41,0.72,0.75,0.7,2,0.46,无风险
0.55,0.58,否,0.78,0.76,0.38,中级,无,1次,28.95,51.66,0.24,是,是,0.12,高支模,0.84,0.65,0.79,0.92,0.66,2,0.39,极高风险
0.88,0.43,否,0.74,0.67,34.59,中级,无,1次,10.96,8.66,0.03,是,是,0.33,塔吊,1.05,0.73,0.57,0.68,0.32,2,0.64,低风险
0.26,0.47,否,0.82,0.68,3.67,初级,1次,无,9.44,11.52,0.34,是,是,0.86,车辆,15.64,0.58,0.41,0.67,0.49,3,0.95,极高风险
0.64,0.43,否,0.57,0.8,1.75,中级,1次,1次,11.17,10.19,0.14,是,是,0.63,配电箱,2.83,0.91,0,0.82,0.8,4,0.26,低风险
0.32,0.32,否,0.68,0.74,13.12,中级,1次,无,16.3,15.38,0.17,是,否,0.4,车辆,0.97,1,0.18,0.87,0.2,2,0.38,高风险
0.14,0.18,否,0.55,0.75,13.34,中级,1次,1次,35.78,35.72,0.56,是,是,0.93,配电箱,35.56,0.55,0.28,0.52,0.36,2,0.41,极高风险
0.84,0.53,否,0.62,0.68,13.77,中级,无,1次,26.84,23.93,0.31,是,是,0.61,车辆,16.23,1,0.08,0.85,0.37,2,0.35,中风险
0.51,0.19,否,0.7,0.78,4.89,初级,无,无,22.99,10.42,0.06,是,是,0.56,塔吊,31.26,1,0.11,0.62,0.54,6,0.8,低风险
0.36,0.24,否,0.64,0.93,0.32,中级,无,无,23.23,20.93,0.31,是,是,0.53,车辆,4.18,0.28,0.84,0.94,0.42,2,0.72,高风险
0.53,0.24,否,0.78,0.73,15.17,初级,无,无,19.06,50.92,0.01,是,是,0.88,高支模,0.9,0.65,0.03,0.87,0.74,7,0.62,无风险
0.69,0.33,否,0.75,0.78,8.58,初级,1次,1次,12.13,43.09,0.43,是,是,0.64,深基坑,16,1,0,0.79,0.79,2,0.82,中风险
0.74,0.64,否,0.73,0.76,1.35,中级,无,≥2次,12.78,43.15,0.13,是,是,0.79,深基坑,3.32,0.36,0.37,0.86,0.39,3,0.74,极高风险
0.34,0.51,否,0.77,0.53,0.3,中级,无,1次,17.74,38.81,0.16,是,是,0.26,高支模,18.06,0.71,0.3,0.57,0.81,2,0.83,极高风险
0.7,0.27,否,0.75,0.78,14.12,初级,无,1次,24.78,12.47,0.27,是,是,0.84,配电箱,4.57,0.64,0.21,0.83,0.46,2,0.6,低风险
0.23,0.53,否,0.7,0.9,16.27,中级,1次,无,10.66,19.44,0.21,是,是,0.57,车辆,19.43,0.56,0.41,0.86,0.75,2,0.7,高风险
0.87,0.2,否,0.79,0.93,0.67,初级,无,无,21.79,54.03,0.02,是,是,0.83,深基坑,17.7,0.56,0.22,0.71,0.12,5,0.87,中风险
0.69,0.28,否,0.82,0.78,22.86,中级,1次,1次,29.35,38.22,0.17,是,是,0.95,车辆,10.35,0.57,0.11,0.65,0.5,4,0.59,低风险
0.69,0.17,否,0.61,0.92,1.14,高级,无,无,8.61,79.12,0.69,是,是,0.79,塔吊,0.56,0.13,0.85,0.96,0.21,1,0.67,极高风险
0.53,0.1,是,0.81,0.86,20.03,高级,1次,1次,14.97,35.03,0.12,是,是,0.7,深基坑,24.72,0.45,0,0.73,0.91,2,0.5,高风险
0.49,0.1,否,0.5,0.69,20.34,初级,无,无,45.71,26.15,0.06,是,是,0.48,深基坑,13.97,0.69,0.04,0.65,0.28,3,0.19,中风险
0.79,0.4,否,0.66,0.74,4.41,中级,1次,无,17.46,44,0.3,是,是,0.17,塔吊,12.99,0.59,0.15,0.72,0.73,2,0.66,高风险
0.56,0.36,否,0.76,0.67,5.74,中级,无,≥2次,15.53,15.89,0.32,是,是,0.9,塔吊,26.48,0.57,0,0.96,0.44,2,0.62,中风险
0.43,0.09,否,0.67,0.67,2.6,初级,1次,无,13.77,41.28,0,是,是,0.79,深基坑,4.04,0.66,0.09,0.89,0.78,0,0.45,无风险
0.64,0.62,否,0.75,0.8,0.82,中级,无,无,18.59,13.07,0.43,是,是,0.83,高支模,0.88,0.79,0.43,0.82,0.93,3,0.4,无风险
0.86,0.23,否,0.71,0.88,17.93,初级,无,无,12.3,20.21,0.23,是,是,0.75,高支模,15.84,0.61,0.39,0.87,0.81,2,0.38,无风险
0.57,0.2,否,0.75,0.8,7.54,中级,无,1次,14.53,17.97,0.63,否,是,0.2,塔吊,29.78,0.12,0.78,0.73,0.51,4,0.91,极高风险
0.45,0.49,否,0.75,0.81,4.7,初级,无,无,17.86,55.72,0.39,否,是,0.93,高支模,34.48,1,0.72,0.7,0.45,3,0.75,极高风险
0.63,0.22,否,0.87,0.88,35.95,初级,≥2次,无,23.96,24.01,0.02,是,是,0.67,塔吊,20.85,1,0.22,0.89,0.75,3,0.44,无风险
0.85,0.34,否,0.75,0.86,0.96,中级,无,无,31.65,11.83,0.06,是,是,0.52,车辆,18.29,1,0.19,0.75,0.47,2,0.65,无风险
0.29,0.28,否,0.7,0.68,2.3,初级,无,无,13.35,29.11,0.76,是,是,0.91,塔吊,17.97,0.72,0.47,0.87,0.27,3,0.99,高风险
0.73,0.35,否,0.83,0.78,12.53,初级,无,无,17.85,27.67,0.46,是,是,0.48,深基坑,13.33,0.68,0.49,0.85,0.26,0,0.77,高风险
0.63,0.61,否,0.66,0.92,4.59,中级,1次,无,9.53,19.71,0.34,是,是,0.7,配电箱,12.12,1,0.65,0.96,0.45,7,0.53,极高风险
0.17,0.11,否,0.86,0.85,28.57,中级,无,无,29.27,15.54,0,是,是,0.72,配电箱,30.51,0.57,0.68,0.92,0.33,4,0.31,高风险
0.8,0.51,否,0.84,0.85,0.1,初级,无,无,21.95,11.37,0,是,是,0.52,高支模,0.01,0.89,0.31,0.95,0.86,6,0.62,无风险
0.77,0.32,否,0.74,0.82,1.18,初级,1次,无,13.97,43.35,0.23,是,是,0.39,车辆,11.42,0.28,0.43,0.87,0.46,2,0.74,极高风险
0.41,0.63,否,0.72,0.76,4.9,无证,无,1次,24.54,11.98,0.42,是,是,0.76,配电箱,0.5,0.42,0,0.74,0.51,3,0.13,高风险
0.85,0.39,否,0.78,0.65,4.96,初级,无,无,19.46,15.21,0.33,是,否,0.49,车辆,14.69,0.7,0.26,0.94,0.85,2,0.62,极高风险
0.35,0.22,否,0.45,0.7,0.52,中级,1次,无,19.97,39.63,0.7,是,是,0.88,配电箱,1.12,0.8,0.76,0.67,0.75,1,0.65,高风险
0.76,0.28,否,0.73,0.79,37.28,初级,无,无,17.99,109.63,0.09,是,是,0.58,深基坑,2.71,1,0.02,0.88,0.9,8,0.68,无风险
0.67,0.26,否,0.87,0.77,10.88,中级,无,≥2次,16.14,26.03,0.49,是,是,0.38,车辆,4.73,0.64,0.18,0.95,0.54,2,0.73,高风险
0.91,0.48,否,0.72,0.71,18.87,中级,无,无,55.75,52.12,0.14,是,是,0.85,塔吊,17.78,0.23,0.19,0.81,0.64,6,0.63,低风险
0.51,0.13,否,0.8,0.72,8.03,中级,无,1次,15.99,31.63,0.36,是,是,0.3,深基坑,0.04,1,0.11,0.91,0.76,1,0.78,无风险
0.64,0.25,否,0.89,0.59,14.52,初级,无,无,29.52,29.15,0.18,是,是,0.87,塔吊,3.16,0.79,0.05,0.79,0.8,4,0.67,高风险
0.76,0.13,否,0.69,0.74,26.89,中级,无,1次,25.78,35.32,0.16,是,是,0.86,车辆,16.28,0.89,0.36,0.86,0.61,4,0.39,低风险
0.73,0.14,否,0.57,0.86,2.24,初级,≥2次,无,52.96,32.54,0.09,是,是,0.28,塔吊,97.23,0.7,0.2,0.76,0.34,3,0.65,极高风险
0.84,0.68,否,0.64,0.8,29.09,中级,≥2次,无,9.84,46.43,0.12,否,是,0.8,塔吊,13.19,1,0.93,0.76,0.76,3,0.75,极高风险
0.45,0.7,否,0.65,0.85,1.86,无证,1次,1次,19.63,21.41,0.28,是,是,0.8,塔吊,2.48,0.3,0,0.84,0.84,2,0.22,高风险
0.48,0.27,否,0.69,0.75,7.07,中级,无,无,31.95,33.95,0.39,是,是,0.42,配电箱,39.92,0.43,0,0.56,0.39,5,0.52,高风险
0.63,0.22,否,0.75,0.72,4.48,中级,无,无,13.59,61.37,0.21,是,是,0.44,车辆,3.7,0.75,0.39,0.55,0.27,3,0.57,高风险
0.78,0.7,否,0.7,0.74,3.87,初级,无,无,7.06,50.88,0.21,是,是,0.87,塔吊,3.99,0.57,0.44,0.79,0.84,2,0.33,中风险
0.32,0.16,否,0.67,0.83,6.69,中级,无,无,20.16,61.69,0.13,是,是,0.68,配电箱,15.14,0.26,0.26,0.72,0.77,1,0.4,高风险
0.32,0.17,否,0.8,0.73,3.18,高级,1次,1次,13.72,10.29,0.38,是,是,0.67,车辆,11.88,1,0,0.64,0.72,2,0.21,低风险
0.48,0.44,否,0.64,0.86,2.16,高级,无,1次,23.86,24.28,0.01,是,是,0.98,塔吊,23.09,0.69,0.28,0.79,0.86,0,0.35,无风险
0.7,0.43,否,0.53,0.96,20.7,初级,无,1次,17.26,26.04,0.16,是,是,0.8,塔吊,13.79,0.65,0.07,0.72,0.49,2,0.37,低风险
0.65,0.09,否,0.67,0.64,3.6,中级,无,无,44.73,27.31,0.65,是,是,0.54,塔吊,0.63,0.71,0.09,0.76,0.44,1,0.45,低风险
0.37,0.15,否,0.87,0.86,6.06,中级,1次,1次,20.47,36.53,0.32,是,是,0.15,塔吊,4.28,1,0.11,0.93,0.67,1,0.18,高风险
0.62,0.38,否,0.72,0.76,1.34,高级,无,无,11.45,12.66,0.24,是,是,0.67,配电箱,48.8,0.84,0,0.9,0.7,1,0.63,无风险
0.71,0.88,否,0.68,0.95,11.02,中级,无,无,25.33,25.94,0.35,是,是,0.63,高支模,1.05,0.78,0,0.83,0.48,2,0.74,高风险
0.67,0.54,否,0.89,0.73,11.78,中级,无,无,30.06,90.81,0.41,是,是,0.63,高支模,10.81,0.66,0.34,0.78,0.55,4,0.95,中风险
0.42,0.11,否,0.65,0.71,13.76,初级,无,无,33.16,56.18,0.22,是,是,0.46,深基坑,4.4,0.73,0.68,0.53,0.67,1,0.38,高风险
0.31,0.27,否,0.84,0.91,37.82,初级,无,1次,31.49,26.3,0.15,是,是,0.81,配电箱,21.82,0.59,0.2,0.66,0.59,2,0.8,低风险
0.71,0.55,否,0.87,0.76,13.51,中级,无,无,48.43,25.24,0.32,是,是,0.48,塔吊,19.48,0.54,0.26,0.73,0.9,5,0.45,中风险
0.79,0.33,否,0.64,0.68,0.12,初级,无,无,14.99,13.62,0.18,是,否,0.84,车辆,8.39,0.18,0.18,0.91,0.84,1,0.53,高风险
0.64,0.41,否,0.58,0.76,8.75,初级,无,1次,31.08,45.83,0.02,是,是,0.93,车辆,19.12,0.89,0.23,0.87,0.86,3,0.51,中风险
0.43,0.17,否,0.62,0.93,7.88,中级,1次,无,12.4,13.29,0.23,是,是,0.43,塔吊,3.61,0.33,0.19,0.62,0.64,4,0.27,高风险
0.77,0.1,否,0.68,0.84,27.93,初级,1次,无,28.6,27.68,0.3,是,是,0.82,车辆,9.38,1,0,0.94,0.72,0,0.36,无风险
0.63,0.48,否,0.76,0.78,2.69,中级,无,无,21,7.67,0.31,是,是,0.76,深基坑,18.97,1,0,0.65,0.57,0,0.78,无风险
0.83,0.77,否,0.84,0.73,6.5,中级,1次,无,18.78,63.83,0.02,是,是,0.95,配电箱,20.61,1,0.55,0.69,0.11,1,0.5,高风险
0.14,0.13,否,0.51,0.77,18.43,中级,无,无,11.57,13.01,0.24,是,是,0.9,深基坑,22.32,0.86,0.34,0.87,0.68,3,0.57,高风险
0.69,0.1,否,0.89,0.7,0.36,中级,无,无,25.24,27.67,0.1,是,是,0.1,塔吊,0.17,0.79,0.39,0.87,0.72,3,0.86,高风险
0.94,0.74,否,0.64,0.8,1.81,中级,无,≥2次,31.15,32.74,0.28,是,是,0.52,深基坑,10.38,0.71,0.45,0.86,0.71,2,0.7,高风险
0.72,0.33,否,0.67,0.85,30.58,高级,无,无,31.46,14.2,0.02,是,是,0.49,深基坑,10.11,0.81,0,0.65,0.73,2,0.51,无风险
0.81,0.12,否,0.61,0.7,2.58,初级,1次,无,26.44,23.37,0.05,是,是,0.53,配电箱,4.27,0.89,0.09,0.77,0.71,3,0.71,低风险
0.24,0.27,否,0.61,0.77,3.77,中级,无,≥2次,16.35,112.99,0.42,是,是,0.82,高支模,12.06,0.73,0.02,0.74,0.32,2,0.94,极高风险
0.83,0.29,否,0.77,0.73,9.87,高级,无,1次,36.93,19.84,0.36,是,是,0.59,高支模,18.81,0.44,0.85,0.73,0.85,3,0.71,中风险
0.62,0.26,否,0.88,0.55,2.78,中级,无,1次,10.96,27.83,0.15,是,是,0.89,配电箱,0.81,0.33,0.15,0.9,0.71,2,0.41,高风险
0.82,0.59,否,0.7,1,15.83,高级,无,≥2次,21.83,24.66,0.1,是,是,0.5,塔吊,18.76,0.54,0.19,0.87,0.59,4,0.6,中风险
0.74,0.25,否,0.81,0.77,4.77,中级,无,1次,21,27.1,0.14,否,是,0.3,深基坑,0.88,0.47,0.59,0.82,0.74,0,0.86,高风险
0.69,0.11,否,0.73,0.83,3.78,初级,无,1次,15.84,11.65,0.47,是,是,0.63,车辆,16.96,0.77,0.34,0.69,0.35,2,0.7,高风险
0.81,0.31,否,0.89,0.87,8.22,中级,无,1次,8.71,77.72,0.19,是,是,0.19,深基坑,4.56,0.74,0.14,0.83,0.58,2,0.33,高风险
0.47,0.11,否,0.71,0.8,33.42,高级,无,1次,30.47,39.8,0.14,是,是,0.51,车辆,12.54,0.51,0.51,0.89,0.63,2,0.17,低风险
0.74,0.24,否,0.75,0.73,0.57,初级,1次,1次,12.19,25.48,0.17,是,是,0.75,塔吊,14.92,0.76,0.08,0.9,0.75,4,0.64,中风险
0.43,0.26,否,0.52,0.79,12.67,初级,无,无,15.33,50.9,0.06,是,是,0.97,配电箱,18.34,0.24,0.13,0.72,0.42,1,0.54,高风险
0.18,0.2,否,0.45,0.87,26.85,中级,无,无,20.73,37.02,0.29,是,是,0.82,配电箱,35.53,0.46,0.45,0.82,0.74,5,0.44,高风险
0.51,0.23,否,0.62,0.77,12.88,中级,无,1次,29.49,23.43,0.26,是,是,0.71,配电箱,58.06,0.67,0.36,0.7,0.41,3,0.68,高风险
0.82,0.69,否,0.83,0.91,5.57,初级,1次,1次,40.88,40.98,0,是,是,0.5,塔吊,4.54,0.3,0.61,0.73,0.54,3,0.32,极高风险
0.56,0.22,否,0.78,0.86,19.44,中级,无,无,20.53,36.57,0.02,是,是,0.69,深基坑,9.89,0.87,0.3,0.77,0.39,3,0.96,无风险
0.45,0.22,否,0.66,0.69,5.47,初级,无,1次,29.48,50.03,0.05,是,是,0.98,塔吊,1.71,1,0,0.83,0.56,1,0.48,无风险
0.75,0.68,否,0.91,0.69,12.39,中级,无,无,22.92,10.41,0.06,是,是,0.55,高支模,47.62,0.56,0.22,0.86,0.8,2,0.81,低风险
0.48,0.1,否,0.59,0.84,7.22,中级,无,≥2次,19.81,13.61,0.53,是,是,0.09,深基坑,0.18,1,0,0.86,0.63,3,0.78,高风险
0.19,0.35,否,0.6,0.76,16.12,中级,无,无,50.91,20.28,0.21,是,是,0.76,配电箱,28.83,0.49,0.2,0.84,0.67,1,0.87,高风险
0.73,0.43,否,0.7,0.79,7.16,初级,无,无,14.36,47.16,0.03,是,否,0.1,塔吊,67.54,0.4,0.08,0.86,0.71,2,0.76,极高风险
0.48,0.4,否,0.77,0.78,14.33,高级,无,无,15.82,33.59,0.06,是,否,0.47,车辆,18.58,0.28,0,0.78,0.51,3,0.52,高风险
0.52,0.2,否,0.68,0.85,15.12,高级,无,1次,29.49,21.82,0.12,是,是,0.4,深基坑,14.62,0.43,0,0.89,0.72,2,0.81,无风险
0.39,0.27,否,0.88,0.75,0.83,初级,1次,无,42.51,22.5,0.05,是,是,0.8,高支模,14.88,0.69,0.52,0.97,0.86,4,0.27,中风险
0.8,0.65,否,0.64,0.63,9.11,无证,1次,无,15.74,14.17,0.77,是,是,0.86,高支模,11.89,0.39,0.06,0.49,0.48,1,0.73,极高风险
0.9,0.49,否,0.68,0.81,10.03,初级,无,无,21.72,33.89,0.15,是,是,0.23,深基坑,2.95,1,0.28,0.92,0.56,3,0.63,低风险
0.9,0.17,否,0.74,0.7,9.19,初级,无,无,16.39,63.42,0.14,是,是,0.6,塔吊,21.85,0.54,0.17,0.98,0.8,2,0.4,低风险
0.56,0.72,否,0.64,0.92,8.21,中级,1次,无,33.08,36.59,0.26,是,是,0.57,配电箱,19.33,0.47,0.29,0.51,0.59,5,0.67,极高风险
0.38,0.65,否,0.71,0.69,1.2,中级,无,1次,19.94,28.63,0.04,是,是,0.86,高支模,12.68,0.87,0.14,0.48,0.55,2,0.88,中风险
0.71,0.27,否,0.72,0.82,4.14,高级,无,1次,33.12,36.68,0.2,是,是,0.61,配电箱,32.54,1,0.64,0.94,0.93,1,0.64,低风险
0.5,0.28,否,0.7,0.69,6.62,中级,无,≥2次,18.63,25.17,0.36,是,是,0.75,深基坑,9.81,0.4,0.25,0.99,0.67,10,0.77,极高风险
0.67,0.34,是,0.62,0.95,1.07,中级,无,1次,37.08,38.82,0.17,是,是,0.9,配电箱,6.25,1,0.03,0.61,0.59,5,0.5,极高风险
0.26,0.28,否,0.57,0.92,4.65,中级,无,无,33.4,76.69,0.23,是,是,0.21,高支模,24.22,0.64,0.09,0.87,0.7,1,0.73,高风险
0.59,0.26,否,0.65,0.89,10.87,初级,无,无,10.87,30.25,0.51,是,是,0.23,车辆,11.13,1,0.21,0.93,0.63,5,0.85,高风险
0.32,0.39,否,0.93,0.79,0.56,高级,无,1次,12.99,42.36,0.26,是,是,0.31,高支模,0.52,0.86,0.21,0.92,0.68,1,0.68,低风险
0.68,0.26,否,0.71,0.82,1.37,高级,1次,无,70.67,21.02,0.04,是,是,0.31,深基坑,40.29,0.79,0.1,0.85,0.82,2,0.73,低风险
0.36,0.35,否,0.79,0.79,9.12,中级,无,无,46.25,37.34,0.16,是,是,0.7,深基坑,0.67,0.56,0.59,0.64,0.4,1,0.37,中风险
0.8,0.16,否,0.79,0.81,0.79,中级,无,无,34.75,37.88,0.16,是,是,0.7,塔吊,4.47,0.67,0.14,0.92,0.45,9,0.33,高风险
0.59,0.14,否,0.65,0.87,9.21,中级,无,无,18.13,25.28,0.67,否,是,0.92,配电箱,4.27,0.79,0.21,0.63,0.88,2,0.68,高风险
0.85,0.37,否,0.78,0.78,4.04,初级,无,无,28.27,15.59,0.07,是,是,0.25,深基坑,22.75,1,0.04,0.65,0.84,1,0.65,无风险
0.66,0.12,否,0.63,0.51,4.15,中级,无,1次,17.08,14.68,0.23,是,是,0.81,深基坑,25.2,0.58,0.18,0.77,0.67,3,0.37,高风险
0.39,0.33,否,0.64,0.84,11.69,中级,无,无,20.13,28.82,0.47,是,是,0.61,塔吊,15.21,0.76,0.18,0.76,0.21,1,0.55,中风险
0.55,0.14,是,0.61,0.65,3.51,无证,无,无,18.57,35.79,0.58,是,是,0.61,塔吊,10.51,0.67,0.18,0.9,0.78,3,0.77,极高风险
0.8,0.48,是,0.65,0.72,10.14,中级,无,无,10.77,50.41,0.08,是,是,0.29,塔吊,18.27,0.17,0.25,0.85,0.61,1,0.62,极高风险
0.76,0.97,否,0.74,0.69,0.1,中级,无,1次,21.99,92.92,0.58,是,是,0.82,配电箱,6.12,0.58,0.61,0.95,0.52,2,0.42,极高风险
0.72,0.31,否,0.51,0.84,6.48,初级,无,无,15.71,20.43,0.45,是,是,0.93,塔吊,32.58,0.74,0.49,0.86,0.54,1,0.78,中风险
0.74,0.39,否,0.74,0.88,32.34,初级,1次,1次,11.2,81.67,0.07,是,是,0.38,高支模,38.26,0.7,0.46,0.92,0.41,6,0.41,极高风险
0.75,0.39,否,0.74,0.66,2.11,中级,无,1次,16.87,25.9,0.25,是,是,0.44,配电箱,9.17,0.73,0.04,0.91,0.55,2,0.52,中风险
0.33,0.13,否,0.74,0.77,19.21,中级,无,无,17.24,64.78,0.28,是,是,0.34,塔吊,7.86,0.55,0.03,0.64,0.83,5,0.56,低风险
0.83,0.28,否,0.79,0.75,20.21,初级,无,无,12.95,7.87,0.07,否,是,0.85,高支模,4.59,0.68,0,0.8,0.85,2,0.7,高风险
0.68,0.15,否,0.78,0.72,28.07,初级,无,无,13.25,42.26,0.07,是,是,0.53,深基坑,11.3,0.53,0.16,0.96,0.89,1,0.7,无风险
0.51,0.1,否,0.6,0.81,33.3,高级,无,1次,76.52,50.66,0.08,否,是,0.54,高支模,18.38,0.67,0.92,0.92,0.4,1,0.57,极高风险
0.58,0.36,否,0.86,0.59,10.18,高级,1次,1次,16.31,26.99,0.23,是,否,0.32,塔吊,2.58,1,0,0.89,0.54,2,0.22,极高风险
0.39,0.4,否,0.62,0.91,0.29,中级,无,无,45.57,28.18,0.28,是,否,0.67,配电箱,11.91,0.35,0.31,0.59,0.6,1,0.82,极高风险
0.73,0.22,否,0.65,0.66,6.63,中级,无,无,29.14,12.15,0.19,是,是,0.19,高支模,10.38,0.77,0,0.73,0.86,1,0.31,高风险
0.8,0.2,否,0.61,0.72,9.7,高级,无,1次,15.31,25.13,0.27,是,是,0.31,配电箱,7.45,0.95,0,0.88,0.7,1,0.28,低风险
0.85,0.43,否,0.78,0.75,26.39,中级,1次,无,14.24,24.38,0.11,是,是,0.75,深基坑,21.11,0.74,0.42,0.94,0.9,7,0.45,低风险
0.36,0.18,否,0.58,0.95,8.63,中级,无,无,7.74,60.01,0.1,是,是,0.91,车辆,6.87,1,0.1,0.98,0.34,4,0.74,无风险
0.57,0.79,否,0.68,0.79,18.86,中级,无,无,6.64,86.53,0.22,是,是,0.83,车辆,16.05,0.66,0.23,0.53,0.59,0,0.72,高风险
0.32,0.18,否,0.75,0.73,7.96,初级,无,无,33.07,8.14,0.21,是,是,0.68,车辆,4.78,0.62,0,0.86,0.09,1,0.66,无风险
0.71,0.31,否,0.67,0.68,18.17,高级,无,无,15.41,58.77,0.32,是,是,0.42,塔吊,13.48,1,0,0.95,0.19,3,0.5,低风险
0.72,0.61,否,0.72,0.59,0.14,中级,1次,1次,24.76,39.22,0.04,是,是,0.97,塔吊,14.74,1,0.65,0.98,0.59,3,0.57,高风险
0.29,0.28,否,0.72,0.67,0.8,初级,无,无,26.47,54.15,0.12,是,是,0.26,配电箱,2.01,1,0.23,0.98,0.75,1,0.44,中风险
0.51,0.09,否,0.6,0.85,12.61,中级,无,无,18.87,18.21,0.68,是,是,0.63,塔吊,0.05,0.71,0.3,0.92,0.23,1,0.59,低风险
0.81,0.29,否,0.62,0.71,13.65,中级,无,1次,23.79,53.89,0.08,是,是,0.78,高支模,22.57,0.42,0.3,0.8,0.69,4,0.34,高风险
0.88,0.24,否,0.82,0.85,5.47,中级,无,1次,27.53,25.11,0.32,是,是,0.71,车辆,0.22,0.41,0.05,0.77,0.86,2,0.41,无风险
0.25,0.12,否,0.86,0.97,8.9,初级,无,1次,32.68,31.62,0.01,是,是,0.79,深基坑,7.6,0.46,0.83,0.78,0.71,1,0.81,低风险
0.66,0.61,否,0.65,0.86,22.48,初级,无,1次,10.04,61.8,0.03,是,是,0.4,深基坑,1.01,0.19,0,0.97,0.55,7,0.45,高风险
0.47,0.43,否,0.65,0.77,1.63,无证,无,1次,45.9,48.24,0.19,是,是,0.78,塔吊,17.09,0.8,0.05,0.95,0.39,1,0.38,高风险
0.71,0.33,否,0.69,0.7,9.84,中级,1次,1次,26.61,58.2,0.18,是,是,0.57,配电箱,49.43,0.68,0.42,0.87,0.76,3,0.43,极高风险
0.31,0.15,否,0.71,0.85,8.25,中级,无,无,31.29,19.59,0.03,是,是,0.71,配电箱,9.75,0.75,0,0.86,0.87,4,0.59,无风险
0.89,0.43,否,0.81,0.74,0.28,中级,无,无,26.4,44.24,0.53,是,是,0.66,配电箱,14.39,0.28,0.85,0.9,0.19,2,0.49,极高风险
0.52,0.12,否,0.61,0.85,10.91,中级,无,1次,35.97,31.31,0.09,是,是,0.86,塔吊,16.4,1,0.06,0.86,0.61,4,0.48,无风险
0.62,0.3,否,0.67,0.82,0.26,初级,无,1次,22.21,28.48,0.18,是,是,0.47,高支模,27.96,0.49,0.59,0.63,0.86,3,0.88,极高风险
0.81,0.95,否,0.7,0.93,4.65,高级,无,无,29.17,27.39,0.14,是,是,0.11,深基坑,18.39,0.73,0.82,0.7,0.58,2,0.82,极高风险
0.66,0.33,否,0.61,0.71,5.76,高级,无,1次,28.29,26.22,0.2,是,是,0.25,高支模,20.59,0.43,0,0.81,0.76,1,0.14,中风险
0.86,0.24,否,0.66,0.92,9.15,初级,无,无,18.62,9.41,0.59,是,是,0.66,配电箱,2.34,0.88,0.21,0.82,0.87,2,0.61,无风险
0.19,0.25,否,0.6,0.74,0.03,中级,1次,无,16.38,28.06,0.29,是,是,0.9,塔吊,56.21,0.35,0.01,0.94,0.38,3,0.42,高风险
0.6,0.81,否,0.59,0.95,14.45,中级,无,无,8.42,35.33,0.09,是,是,0.92,车辆,10.93,0.67,0.31,0.47,0.76,1,0.61,高风险
0.36,0.62,否,0.71,0.73,9.11,初级,无,无,27.86,17.05,0.44,是,是,0.71,深基坑,19.32,0.6,0,0.8,0.8,1,0.79,低风险
0.71,0.52,否,0.73,0.76,3,中级,无,1次,15.97,21.29,0.11,是,是,0.38,配电箱,19.42,0.9,0.4,0.8,0.77,3,0.51,高风险
0.76,0.37,否,0.63,0.7,4.23,中级,无,无,19.57,24.75,0.33,是,是,0.59,配电箱,16.64,0.31,0.52,0.72,0.27,3,0.57,极高风险
0.36,0.87,否,0.56,0.94,19.44,中级,1次,无,17.43,38.48,0,是,是,0.73,配电箱,39.65,0.72,0.11,0.67,0.47,2,0.71,高风险
0.89,0.29,否,0.65,0.86,12.78,高级,1次,无,12.14,36.69,0.1,是,是,0.74,高支模,32.38,0.63,0.17,0.74,0.58,1,0.45,低风险
0.26,0.25,否,0.54,0.93,7.52,中级,1次,1次,30.95,90.3,0.01,是,是,0.82,塔吊,28.94,1,0.3,0.69,0.76,4,0.67,高风险
0.88,0.29,否,0.65,0.71,20.22,高级,无,无,14.18,33.22,0.52,是,是,0.86,高支模,10.64,1,0.19,0.72,0.58,1,0.87,无风险
0.77,0.23,否,0.95,0.91,25.92,中级,无,1次,6.28,20.32,0.23,是,是,0.53,深基坑,16.31,0.78,0,0.95,0.87,2,0.58,无风险
0.51,0.25,否,0.67,0.72,7.62,无证,1次,无,13.07,15.35,0.13,是,是,0.84,车辆,17.4,0.57,0.13,0.72,0.23,2,0.54,高风险
0.93,0.72,否,0.86,0.74,0.07,中级,1次,无,15.04,73.26,0.17,是,是,0.85,车辆,19.43,0.28,0.07,0.81,0.72,4,0.62,高风险
0.57,0.13,否,0.71,0.9,8.5,中级,无,无,16.62,67.09,0.8,是,是,0.94,塔吊,17.99,1,0.32,0.81,0.28,1,0.94,中风险
0.83,0.17,否,0.68,0.65,4.08,中级,无,无,22.17,50.88,0.27,是,是,0.5,车辆,26.57,0.7,0,0.46,0.35,2,0.49,中风险
0.65,0.76,否,0.84,0.66,6.03,初级,无,无,13.25,29.43,0.03,是,是,0.88,高支模,17.48,0.48,0.04,0.94,0.7,2,0.58,低风险
0.84,0.53,否,0.74,0.6,6.3,中级,无,1次,44.43,28.62,0.05,是,是,0.87,塔吊,7.13,0.69,0.04,0.82,0.35,5,0.71,低风险
0.69,0.43,否,0.76,0.71,2.06,初级,无,1次,13.69,18.71,0.14,是,是,0.67,车辆,4.31,0.79,0.13,0.59,0.35,3,0.87,中风险
0.8,0.17,否,0.75,0.8,4.58,高级,无,1次,9.85,33.2,0.08,否,是,0.26,深基坑,16.54,0.92,0.04,0.72,0.44,2,0.38,高风险
0.34,0.23,否,0.66,0.64,4.83,高级,1次,1次,21.61,32.05,0.74,是,是,0.74,车辆,17.06,1,0,0.92,0.62,2,0.93,中风险
0.76,0.4,否,0.63,0.87,3.04,初级,1次,1次,20.76,17.59,0.13,是,是,0.63,高支模,29.24,1,0.2,0.78,0.53,2,0.71,高风险
0.68,0.61,否,0.77,0.76,1.74,高级,无,≥2次,11.34,19.37,0.04,是,是,0.86,塔吊,55.51,1,0,0.7,0.57,2,0.74,低风险
0.55,0.62,否,0.62,0.9,11.61,中级,无,1次,28.49,23.74,0.3,是,是,0.68,高支模,3.24,0.46,0.03,0.86,0.74,3,0.25,低风险
0.72,0.27,否,0.67,0.81,3.62,初级,无,1次,29.83,41.43,0.03,是,是,0.93,配电箱,7.51,0.53,0.56,0.97,0.67,7,0.12,极高风险
0.38,0.22,否,0.78,0.73,1.91,初级,无,≥2次,23.37,24.47,0.13,是,是,0.43,塔吊,15.27,1,0.56,0.95,0.8,3,0.49,高风险
0.79,0.31,否,0.66,0.94,17.86,中级,无,无,15.61,43.7,0.44,是,是,0.82,车辆,3.11,0.76,0.05,0.87,0.57,3,0.61,无风险
0.58,0.21,否,0.71,0.72,33.02,高级,无,无,13.29,61.47,0.18,是,是,0.83,塔吊,17.48,0.47,0,0.66,0.75,1,0.82,无风险
0.77,0.2,否,0.61,0.77,1.77,中级,1次,无,17.73,12.77,0.62,是,是,0.3,车辆,7.55,1,0.72,0.96,0.54,2,0.53,高风险
0.51,0.26,否,0.75,0.72,13.52,高级,1次,无,30.37,21.74,0.36,否,是,0.69,车辆,12.19,0.73,0.19,0.63,0.48,2,0.58,高风险
0.77,0.25,否,0.69,0.83,20.14,中级,1次,无,15.99,61.49,0.79,是,是,0.89,车辆,17.03,0.69,0,0.69,0.06,0,0.9,高风险
0.37,0.4,否,0.83,0.9,21.7,初级,无,无,19.15,24.22,0.23,是,是,0.75,塔吊,3.94,1,0.3,0.75,0.81,2,0.12,无风险
0.78,0.24,否,0.83,0.74,6.26,初级,无,无,11.82,38.56,0.28,是,是,0.45,深基坑,4.74,1,0.1,0.76,0.56,2,0.9,无风险
0.52,0.15,否,0.74,0.8,3.82,中级,无,无,24.92,25.78,0.4,是,是,0.82,深基坑,1.77,0.72,0.29,0.82,0.83,4,0.7,无风险
0.7,0.96,否,0.63,0.77,3.92,中级,1次,无,34.59,61.48,0.8,是,是,0.22,配电箱,12.58,1,0.41,0.85,0.94,4,0.6,极高风险
0.78,0.22,否,0.71,0.8,8.93,初级,无,无,14.6,16.5,0.17,是,是,0.51,高支模,14.83,0.51,0,0.57,0.32,4,0.63,低风险
0.48,0.15,否,0.62,0.74,8.37,高级,无,无,16.14,17.83,0.09,是,是,0.67,配电箱,12.3,0.8,0,0.8,0.82,0,0.52,无风险
0.79,0.1,否,0.59,0.73,36.85,高级,无,1次,12.83,32.12,0.19,是,是,0.31,塔吊,2.27,0.34,0,0.74,0.37,6,0.37,低风险
0.46,0.18,否,0.61,0.93,3.54,中级,无,1次,11.55,50.82,0.15,是,是,0.83,塔吊,1.46,0.77,0.16,0.94,0.6,3,0.47,低风险
0.78,0.34,否,0.7,0.85,7.97,高级,无,1次,16.78,83.28,0.4,是,是,0.78,车辆,20.74,1,0.18,0.93,0.67,2,0.21,中风险
0.82,0.19,否,0.69,0.82,1.1,高级,无,无,15.21,9.82,0.01,是,是,0.88,深基坑,3.93,0.46,0,0.86,0.94,2,0.47,无风险
0.4,0.09,否,0.81,0.8,6.54,无证,无,1次,22.44,18.27,0.02,是,是,0.64,高支模,13.14,0.72,0.07,0.63,0.58,1,0.56,高风险
0.47,0.42,否,0.65,0.75,5.11,初级,无,≥2次,27.77,27.48,0.19,是,是,0.62,配电箱,21.62,0.77,0,0.88,0.3,3,0.42,极高风险
0.44,0.14,否,0.72,0.68,13.39,高级,无,1次,9.94,10.44,0.28,是,是,0.69,配电箱,13.2,0.23,0.46,0.96,0.74,2,0.54,中风险
0.21,0.11,否,0.74,0.74,15.51,中级,无,无,17.75,9,0.22,是,否,0.91,车辆,0.89,0.74,0,0.79,0.66,2,0.4,高风险
0.35,0.14,否,0.72,0.82,8.17,中级,无,无,21.4,27.15,0.06,是,是,0.3,高支模,4.08,0.8,0.84,0.93,0.67,4,0.21,中风险
0.55,0.24,否,0.74,0.89,10.29,初级,无,1次,13.72,21.98,0,是,是,0.71,塔吊,0.3,0.66,0.09,0.61,0.2,8,0.58,中风险
0.84,0.45,否,0.75,0.78,12.53,高级,无,1次,17.5,35.93,0.18,是,是,0.52,配电箱,1.84,0.7,0.14,0.96,0.73,2,0.46,无风险
0.09,0.35,否,0.71,0.88,9.76,中级,无,1次,12.36,73.54,0.42,是,是,0.51,深基坑,3.41,1,0.26,0.58,0.42,3,0.67,高风险
0.84,0.26,否,0.48,0.69,17.6,中级,无,无,35.91,27.14,0.27,是,是,0.76,配电箱,24.21,0.65,0.56,0.8,0.81,2,0.71,低风险
0.8,0.29,否,0.59,0.8,23.33,初级,无,无,24.86,66.42,0.18,是,是,0.51,高支模,20.11,0.29,0.21,0.92,0.45,0,0.62,高风险
0.73,0.25,否,0.66,0.89,2.37,高级,无,无,14.54,18.61,0.17,否,是,0.81,塔吊,11.93,1,0.16,0.56,0.64,2,0.42,高风险
0.8,0.42,否,0.65,0.84,1.04,高级,无,无,16.24,31.54,0.13,是,是,0.86,配电箱,69.39,0.61,0.03,0.94,0.14,6,0.52,低风险
0.03,0.15,否,0.69,0.67,2.59,初级,无,无,10.64,46.35,0.11,否,是,0.64,车辆,30.48,1,0.23,0.8,0.43,4,0.37,极高风险
0.54,0.63,否,0.7,0.77,28.58,中级,无,1次,34.3,81.73,0.17,是,是,0.2,车辆,45.13,0.53,0.01,0.72,0.15,3,0.58,极高风险
0.48,0.24,否,0.53,0.61,13.15,中级,无,无,41.8,32.97,0.15,否,是,0.5,深基坑,28.8,1,0,0.73,0.71,5,0.66,高风险
0.64,0.21,否,0.72,0.82,21.16,中级,无,无,27.17,25.83,0.29,是,是,0.24,车辆,0.07,0.74,0.58,0.94,0.78,1,0.78,无风险
0.85,0.74,否,0.94,0.56,4.84,中级,无,1次,9.69,23.63,0.03,是,是,0.59,深基坑,0.28,0.91,0.06,0.6,0.75,4,0.61,高风险
0.54,0.32,否,0.66,0.8,0.11,高级,无,无,16.22,40.74,0.11,是,是,0.6,深基坑,0.52,0.64,0.11,0.55,0.68,1,0.57,无风险
0.25,0.26,否,0.56,0.74,3.85,高级,无,无,13.4,27.98,0.15,是,是,0.21,车辆,19.46,0.95,0,0.91,0.71,1,0.68,低风险
0.8,0.25,否,0.85,0.88,12.84,中级,无,无,19.62,78.06,0.05,是,是,0.75,配电箱,7.97,0.75,0.47,0.94,0.78,8,0.78,高风险
0.73,0.13,否,0.66,0.93,19.52,中级,无,无,10.46,7.59,0.04,是,是,0.55,车辆,4.29,0.72,0.33,0.63,0.71,2,0.87,无风险
0.72,0.61,否,0.71,0.79,21.14,无证,无,1次,14.74,52.1,0.02,是,是,0.27,深基坑,9.35,0.86,0.31,0.7,0.19,1,0.88,极高风险
0.75,0.29,否,0.71,0.74,2.96,中级,1次,1次,8.01,33.57,0.07,是,是,0.7,高支模,4.42,0.55,0.21,0.89,0.58,5,0.53,中风险
0.84,0.49,否,0.75,0.76,11.71,初级,无,无,16.52,31.4,0.44,是,否,0.79,配电箱,17.15,0.64,0.02,0.9,0.7,5,0.61,极高风险
0.55,0.39,否,0.72,0.86,27.61,中级,无,1次,25.16,41.15,0.3,是,是,0.85,深基坑,25.9,0.41,0.41,0.78,0.1,1,0.71,高风险
0.56,0.27,否,0.86,0.92,1.36,中级,无,无,12.31,32.18,0.31,是,否,0.35,高支模,6.23,0.64,0,0.83,0.39,2,0.52,高风险
0.97,0.22,否,0.75,0.94,0.64,中级,无,无,27,68.2,0.16,是,是,0.84,深基坑,42.16,0.39,0.09,0.96,0.73,2,0.87,无风险
0.62,0.36,否,0.58,0.62,11.86,高级,无,1次,47.72,21.92,0.08,是,是,0.26,深基坑,17.8,1,0,0.73,0.65,2,0.5,低风险
0.88,0.19,否,0.69,0.83,26.66,初级,无,≥2次,15.83,28.63,0.33,是,是,0.75,车辆,20.36,0.66,0.13,0.88,0.52,4,0.35,高风险
0.78,0.31,否,0.66,0.81,26.46,中级,无,1次,58.95,25.39,0.49,是,是,0.86,深基坑,35.13,0.75,0,0.66,0.49,3,0.73,低风险
0.62,0.14,否,0.78,0.65,0.05,初级,无,≥2次,22.55,21.08,0.03,是,是,0.77,高支模,24.15,0.67,0.28,0.87,0.59,1,0.55,高风险
0.46,0.37,否,0.79,0.73,1.22,高级,无,1次,35.48,36.27,0.57,是,否,0.9,高支模,27.64,1,0.46,0.85,0.67,1,0.4,极高风险
0.62,0.37,否,0.61,0.68,7.15,初级,无,无,27.67,16.99,0.79,是,是,0.37,深基坑,14.79,0.97,0.07,0.89,0.32,1,0.16,高风险
0.33,0.32,否,0.6,0.73,2.78,初级,无,无,17.93,45.35,0.17,是,是,0.88,配电箱,0.41,0.72,0.26,0.94,0.8,0,0.78,无风险
0.95,0.49,否,0.63,0.92,11.58,中级,无,无,10.12,17.89,0.18,是,是,0.73,深基坑,27.23,0.8,0.45,0.78,0.78,6,0.62,低风险
0.59,0.46,否,0.82,0.68,10.98,高级,无,无,20.52,16.48,0.67,是,是,0.24,配电箱,3.13,0.25,0,0.84,0.8,1,0.61,低风险
0.32,0.57,否,0.56,0.63,0.51,中级,1次,1次,17.39,51.18,0.05,是,是,0.26,车辆,18.12,0.25,0.35,0.92,0.18,4,0.5,极高风险
0.78,0.46,否,0.56,0.81,8.56,高级,无,无,34.46,29.4,0.09,是,是,0.75,深基坑,0.06,0.5,0.26,0.55,0.44,3,0.27,无风险
0.27,0.45,否,0.65,0.82,0.69,初级,无,1次,23.94,61.28,0.02,是,是,0.91,高支模,8.8,0.47,0.54,0.56,0.8,2,0.68,高风险
0.2,0.21,是,0.75,0.78,10.48,高级,1次,≥2次,19.86,69.19,0.36,是,是,0.46,深基坑,5.82,0.56,0,0.87,0.84,6,0.73,极高风险
0.81,0.94,否,1,0.73,25.25,初级,无,1次,10.71,60.71,0.13,是,是,0.6,配电箱,3.12,0.32,0,0.93,0.49,3,0.71,高风险
0.53,0.56,否,0.61,0.82,8.04,中级,无,1次,15.63,25.48,0.05,是,否,0.78,高支模,26.08,1,0.21,0.85,0.75,5,0.54,极高风险
0.64,0.16,否,0.76,0.82,15.52,中级,无,无,23.97,21.17,0.1,是,是,0.85,塔吊,1.34,0.34,0.28,0.83,0.6,3,0.59,无风险
0.73,0.48,否,0.65,0.86,9.48,中级,无,≥2次,7.88,22.18,0.02,是,是,0.76,车辆,2.99,0.81,0.41,0.75,0.51,5,0.5,中风险
0.73,0.77,否,0.71,0.68,2.09,中级,无,无,16.31,51.7,0.32,是,是,0.89,配电箱,1.75,1,0,0.94,0.6,5,0.9,无风险
0.37,0.58,是,0.69,0.93,3.6,高级,1次,1次,12.31,22.65,0.03,是,是,0.91,配电箱,20,1,0.27,0.65,0.8,1,0.78,高风险
0.57,0.46,否,0.64,0.85,0.71,中级,无,1次,20.41,24.23,0.36,是,否,0.87,高支模,11.74,1,0.28,0.79,0.75,0,0.39,极高风险
0.41,0.19,否,0.7,0.6,9.72,中级,无,≥2次,19.38,62.95,0.27,是,是,0.92,高支模,0.48,0.79,0,0.86,0.43,1,0.88,高风险
0.71,0.43,否,0.74,0.96,7.89,高级,无,无,20.04,33.63,0.05,是,是,0.66,塔吊,16.51,0.81,0.58,0.91,0.3,3,0.64,低风险
0.33,0.42,否,0.36,0.86,7.09,中级,无,1次,20.51,40.29,0.05,是,是,0.91,车辆,3.26,0.6,0.51,0.62,0.66,3,0.52,高风险
0.7,0.11,否,0.68,0.81,3.64,高级,无,1次,21.99,20.56,0.25,是,是,0.46,配电箱,15.51,0.63,0,0.87,0.47,0,0.76,低风险
0.61,0.34,否,0.67,0.67,1.08,初级,无,无,23.85,31.85,0.03,是,是,0.85,塔吊,14.5,0.64,0.15,0.87,0.76,4,0.75,低风险
0.71,0.27,否,0.66,0.85,7.68,中级,无,无,21.92,22.7,0.01,是,是,0.81,车辆,24.69,0.5,0.06,0.87,0.86,2,0.9,无风险
0.7,0.28,否,0.74,0.72,1.07,中级,无,无,42.91,59.09,0.08,是,是,0.36,配电箱,15.9,0.8,0.18,0.93,0.29,3,0.41,高风险
0.54,0.75,否,0.7,0.77,6.71,无证,1次,无,19.54,27.11,0.47,是,是,0.95,车辆,2.93,1,0.22,0.94,0.88,4,0.76,高风险
0.75,0.25,否,0.73,0.9,5.71,初级,1次,1次,17.35,29.62,0.46,是,是,0.36,高支模,10.44,0.78,0.23,0.58,0.82,1,0.49,高风险
0.3,0.4,否,0.74,0.86,10.49,中级,无,无,32.15,31.03,0.04,是,是,0.68,塔吊,0.38,0.74,0.84,0.89,0.83,1,0.86,无风险
0.84,0.94,否,0.66,0.91,0.72,中级,无,无,18.43,49.51,0.43,否,是,0.47,高支模,3.87,0.66,0.76,0.92,0.43,3,0.44,极高风险
0.62,0.34,否,0.64,0.84,0.24,中级,无,无,32.37,15.24,0.08,是,是,0.42,高支模,1.55,0.82,0,0.71,0.91,2,0.8,无风险
0.7,0.42,否,0.82,0.76,3.03,中级,无,无,21.22,34.54,0.16,是,是,0.86,塔吊,22.69,1,0,0.79,0.82,2,0.9,无风险
0.56,0.37,否,0.46,0.82,3.28,中级,无,无,16.38,59.49,0.52,是,是,0.57,配电箱,1.13,0.37,0.07,0.9,0.74,2,0.56,中风险
0.58,0.23,否,0.53,0.66,4.51,中级,无,无,11.37,10.29,0.26,是,是,0.52,高支模,17.95,0.46,0.14,0.72,0.78,1,0.66,低风险
0.52,0.43,否,0.74,0.84,10.52,中级,无,1次,13.95,34.32,0.3,是,是,0.34,塔吊,16.08,1,0.51,0.72,0.48,3,0.26,极高风险
0.87,0.4,否,0.83,0.7,0.28,初级,无,无,12.24,56.18,0.18,是,是,0.58,车辆,4.46,0.39,0.05,0.89,0.67,1,0.52,低风险
0.88,0.96,否,0.7,0.67,2.41,初级,无,1次,15.81,34.42,0.43,是,是,0.96,配电箱,7.75,0.46,0.11,0.6,0.42,2,0.79,极高风险
0.37,0.17,否,0.44,0.69,18.83,初级,无,无,13.34,9.16,0.24,是,是,0.69,深基坑,15.16,0.58,0.06,0.54,0.92,1,0.67,无风险
0.27,0.59,是,0.86,0.8,6.18,初级,无,无,12.6,36.12,0.11,是,是,0.81,车辆,4.08,0.88,0.82,0.76,0.73,5,0.68,极高风险
0.8,0.46,否,0.67,0.8,5.38,中级,无,1次,32.8,49.78,0.56,是,是,0.95,高支模,1.94,1,0.11,0.66,0.47,5,0.79,中风险
0.92,0.17,否,0.68,0.67,15.83,中级,无,1次,19.25,30.16,0.07,是,是,0.29,车辆,39.39,0.49,0.46,0.73,0.54,1,0.74,高风险
0.67,0.59,否,0.69,0.79,0.71,高级,无,1次,14.98,22.63,0.15,是,是,0.5,塔吊,15.35,0.6,0.46,0.79,0.8,5,0.61,中风险
0.53,0.81,否,0.84,0.84,10.77,中级,1次,无,20.04,42.28,0.58,是,是,0.75,车辆,9.33,0.38,0.02,0.93,0.69,2,0.54,高风险
0.82,0.43,否,0.76,0.78,24.06,中级,无,无,18.33,9.31,0.13,是,是,0.88,深基坑,3.88,0.63,0,0.91,0.71,5,0.56,无风险
0.84,0.37,否,0.8,0.74,7.89,初级,无,无,14.47,34.74,0.13,是,是,0.79,塔吊,24.61,1,0.13,0.91,0.85,2,0.72,无风险
0.61,0.94,否,0.78,0.76,10.6,中级,无,无,17.46,65.24,0.62,是,是,0.91,塔吊,16.54,0.91,0.18,0.97,0.93,3,0.71,高风险
0.77,0.3,否,0.63,0.72,6.45,高级,≥2次,无,82.77,75.43,0.15,是,是,0.37,配电箱,18.49,0.82,0.29,0.67,0.5,1,0.71,极高风险
0.67,0.22,否,0.83,0.89,3.85,中级,无,无,33.54,49.14,0,是,是,0.81,塔吊,18.61,0.25,0,0.85,0.77,3,0.39,无风险
0.78,0.18,否,0.65,0.71,7.84,初级,无,无,14.75,9.81,0.11,是,是,0.79,塔吊,6.87,0.79,0,0.8,0.71,5,0.53,无风险
0.43,0.25,否,0.73,0.79,4.37,中级,1次,无,24.86,54.74,0.11,否,否,0.77,车辆,1.5,0.63,0.5,0.84,0.13,3,0.52,极高风险
0.2,0.19,否,0.69,0.85,4.82,初级,无,1次,38.83,37.19,0.25,是,是,0.95,配电箱,57.86,0.48,0.26,0.82,0.65,6,0.67,高风险
0.85,0.84,否,0.51,0.72,18.79,中级,1次,无,16.98,33.59,0.19,是,是,0.65,配电箱,1.25,0.56,0.25,0.97,0.8,1,0.75,高风险
0.36,0.12,否,0.47,0.88,20.53,中级,无,无,31.56,65.84,0.13,是,是,0.45,高支模,19.88,0.8,0,0.95,0.19,6,0.88,中风险
0.77,0.86,否,0.61,0.89,14.13,初级,无,1次,15.69,65.2,0.15,是,是,0.85,高支模,27.06,1,0.14,0.86,0.14,1,0.73,极高风险
0.35,0.12,否,0.77,0.77,7.79,中级,无,无,41.53,15.5,0.25,是,是,0.44,配电箱,6.19,0.61,0.9,1,0.49,6,0.64,高风险
0.71,0.42,否,0.89,0.66,4.38,中级,无,无,19.81,23.85,0.05,是,否,0.75,塔吊,18.31,0.81,0.3,0.87,0.71,3,0.85,高风险
0.75,0.56,否,0.65,0.89,3.93,初级,1次,无,8.73,74.38,0.27,是,是,0.72,深基坑,12.11,0.79,0.11,0.78,0.4,4,0.91,高风险
0.81,0.25,否,0.69,0.98,4.78,初级,≥2次,无,36.94,18.41,0.09,是,是,0.61,配电箱,57.35,0.46,0.7,0.92,0.51,3,0.8,高风险
0.68,0.37,否,0.47,0.69,15.39,中级,无,≥2次,22.94,21.28,0.09,是,是,0.83,配电箱,19.94,0.55,0.5,0.88,0.57,1,0.46,高风险
0.92,0.36,否,0.65,0.7,4.38,中级,无,无,16.92,7.74,0.32,是,是,0.7,车辆,7.95,0.75,0.17,0.87,0.18,2,0.34,低风险
0.79,0.35,否,0.53,0.81,5.57,初级,无,无,11.59,50.36,0.33,是,是,0.34,塔吊,2.3,0.54,0,0.69,0.29,2,0.84,高风险
0.77,0.2,否,0.68,0.76,10.55,高级,无,无,16.42,17.89,0.35,是,是,0.94,车辆,9.39,0.34,0.18,0.86,0.49,3,0.58,无风险
0.42,0.7,否,0.87,0.89,2.12,中级,1次,1次,21.77,70.95,0.47,是,是,0.28,车辆,14.2,0.59,0.22,0.69,0.75,6,0.44,极高风险
0.36,0.51,否,0.56,0.79,0.83,初级,无,1次,24.91,79.07,0.01,是,是,0.64,高支模,21.86,1,0.28,0.98,0.63,0,0.92,高风险
0.66,0.25,否,0.78,0.66,1.59,高级,无,无,26.35,19.24,0.31,是,是,0.51,车辆,3.69,0.75,0,0.75,0.65,3,0.56,无风险
0.4,0.56,否,0.69,0.79,23.44,无证,无,无,20.18,32.49,0.38,是,是,0.37,高支模,7.42,0.92,0.31,0.88,0.57,1,0.76,高风险
0.86,0.28,否,0.83,0.88,7.87,中级,无,无,19.36,20.63,0.17,是,是,0.22,车辆,4.88,0.29,0.15,0.69,0.24,4,0.37,中风险
0.67,0.24,否,0.69,0.73,6.19,中级,无,无,14.57,52.36,0.21,是,是,0.76,车辆,1.82,1,0.22,0.84,0.84,0,0.37,无风险
0.73,0.27,否,0.69,0.77,6.3,初级,无,1次,9.29,63.31,0.51,是,是,0.37,车辆,0.29,0.49,0.22,0.74,0.3,1,0.29,极高风险
0.74,0.43,否,0.56,0.89,1.42,中级,无,无,24.18,39.33,0.64,否,否,0.85,塔吊,15.21,0.64,0,0.77,0.71,1,0.74,极高风险
0.68,0.11,否,0.43,0.83,17.06,初级,无,无,33.89,17.5,0.34,是,是,0.64,车辆,20.95,1,0.24,0.76,0.33,2,0.43,中风险
0.51,0.11,否,0.66,0.86,27.48,高级,无,无,16.71,67.48,0.5,否,是,0.63,高支模,53.19,0.57,0,0.89,0.19,2,0.52,极高风险
0.71,0.18,否,0.63,0.65,28.71,初级,无,无,20.47,16.79,0.55,是,是,0.92,塔吊,20.71,0.85,0,0.68,0.81,2,0.48,无风险
0.73,0.43,否,0.58,0.75,12.45,高级,1次,无,20.59,35.51,0.74,是,否,0.59,高支模,30.71,0.21,0,0.91,0.94,3,0.85,极高风险
0.1,0.19,否,0.55,0.91,5.1,高级,无,无,26.64,41.01,0.19,是,是,0.74,深基坑,9.52,0.63,0.11,0.71,0.79,1,0.72,高风险
0.2,0.14,否,0.6,0.74,8.68,中级,无,无,21.6,45.28,0.58,是,是,0.82,配电箱,1.69,0.82,0.09,0.99,0.64,1,0.5,低风险
0.45,0.19,否,0.58,0.67,2.45,高级,无,无,9.73,54.99,0.12,是,是,0.31,深基坑,10.45,0.66,0.38,0.92,0.7,2,0.81,中风险
0.73,0.25,否,0.7,0.9,0.28,初级,≥2次,1次,41.88,26.97,0.13,是,是,0.4,车辆,43.45,0.92,0.48,0.76,0.95,4,0.85,极高风险
0.58,0.29,否,0.82,0.58,4.68,中级,无,无,10.6,16.52,0.41,是,是,0.41,塔吊,15.91,1,0,0.97,0.57,8,0.72,极高风险
0.24,0.15,否,0.57,0.83,4.37,高级,无,无,22.2,21.41,0.53,是,是,0.32,车辆,15.36,0.75,0,0.78,0.63,3,0.28,中风险
0.1,0.06,否,0.56,0.94,5.42,中级,无,1次,4.48,25.25,0.51,是,是,0.64,深基坑,13.71,1,0.35,0.86,0.66,1,0.45,高风险
0.45,0.55,否,0.53,0.7,6.77,中级,无,1次,27.06,33.21,0.17,是,是,0.61,高支模,1.78,0.75,0,0.77,0.96,1,0.94,无风险
0.64,0.12,否,0.62,0.77,10.39,中级,无,1次,15.65,9.23,0.36,是,否,0.66,车辆,15,0.85,0.93,0.89,0.32,2,0.88,极高风险
0.56,0.27,否,0.73,0.77,6.39,高级,1次,1次,14.77,30.44,0.07,是,是,0.7,深基坑,7.66,0.83,0.29,0.89,0.09,3,0.45,中风险
0.69,0.17,否,0.55,0.73,1.4,中级,无,无,17.54,10.19,0.23,是,是,0.11,高支模,16.67,0.44,0.13,0.81,0.7,2,0.54,高风险
0.92,0.33,否,0.8,0.79,33.3,中级,无,无,10.08,16.44,0.01,是,是,0.06,高支模,7.21,0.46,0.03,0.83,0.49,2,0.73,高风险
0.52,0.27,否,0.77,0.85,11.33,中级,无,≥2次,12.82,22.14,0.31,是,是,0.76,配电箱,1.41,0.5,0.12,0.82,0.39,3,0.57,中风险
0.43,0.24,否,0.68,0.77,1.18,中级,无,无,23.57,31.21,0.53,是,是,0.56,深基坑,0.58,0.53,0.22,0.8,0.09,1,0.78,中风险
0.86,0.15,否,0.77,0.72,24.77,高级,无,无,71.73,14.43,0.14,是,是,0.59,深基坑,27.02,0.49,0,0.77,0.63,1,0.57,无风险
0.62,0.27,否,0.68,0.68,12.1,高级,无,无,39.48,12.08,0.39,是,是,0.11,高支模,4.77,0.32,0,0.9,0.72,4,0.54,高风险
0.34,0.24,否,0.53,0.85,3.14,初级,无,1次,31.86,64.36,0.05,是,是,0.18,配电箱,7.89,0.4,0.06,0.66,0.26,2,0.71,极高风险
0.71,0.19,否,0.74,0.63,4.95,中级,1次,无,17.52,12.3,0.31,是,是,0.15,深基坑,6.46,1,0,0.9,0.22,5,0.24,高风险
0.84,0.25,否,0.8,0.77,0.52,初级,无,≥2次,11.59,16.09,0.37,是,是,0.59,塔吊,16.23,0.54,0.28,0.9,0.83,2,0.83,中风险
0.9,0.5,否,0.86,0.84,6.16,无证,无,无,20.43,25.24,0.04,是,是,0.58,配电箱,42.24,0.22,0.03,0.79,0.76,1,0.58,高风险
0.65,0.17,否,0.66,0.67,2.56,初级,无,无,21.63,47.31,0,是,是,0.52,车辆,25.6,0.61,0,0.64,0.59,7,0.77,高风险
0.88,0.35,否,0.75,0.57,12.6,中级,无,无,29.41,31.7,0.19,是,是,0.85,高支模,25.3,0.75,0.17,0.92,0.85,3,0.61,高风险
0.44,0.17,是,0.4,0.9,8.46,中级,无,无,12.28,11.6,0.6,是,是,0.81,深基坑,1.23,0.82,0.41,0.85,0.52,2,0.45,高风险
0.85,0.2,否,0.78,0.67,2.68,中级,无,无,15.13,27.85,0.16,是,是,0.26,高支模,1.59,0.27,0.37,0.93,0.87,1,0.88,无风险
0.72,0.24,否,0.71,0.67,4.6,初级,≥2次,无,7.81,26.64,0.29,是,是,0.73,深基坑,28.26,0.82,0.33,0.8,0.75,3,0.73,高风险
0.55,0.41,否,0.66,0.89,17.7,高级,无,无,14.82,57.53,0.02,是,是,0.79,高支模,18.9,0.58,0.24,0.85,0.93,7,0.73,低风险
0.83,0.4,否,0.7,0.75,2.71,高级,无,1次,65.02,30.4,0.83,是,是,0.9,车辆,16.17,0.62,0.35,0.7,0.33,8,0.76,极高风险
0.65,0.37,否,0.65,0.87,10.53,高级,无,1次,20.92,17.95,0.03,是,否,0.07,深基坑,0.67,0.62,0.34,0.68,0.11,5,0.64,极高风险
0.82,0.42,否,0.74,0.7,2.15,高级,无,无,27.5,42.11,0.11,是,是,0.8,配电箱,8.6,1,0.19,0.86,0.69,0,0.69,无风险
0.71,0.25,否,0.79,0.72,10.12,中级,无,1次,29.95,42.25,0.18,是,是,0.82,配电箱,25.47,0.63,0.39,0.82,0.48,5,0.56,高风险
0.91,0.34,否,0.79,0.8,4.05,无证,无,无,35.65,47.27,0.05,是,是,0.59,配电箱,13.83,0.48,0.34,0.8,0.82,3,0.7,高风险
0.51,0.77,否,0.69,0.75,9.26,初级,无,无,16.84,60.55,0.13,是,是,0.83,深基坑,22.54,0.9,0.05,0.94,0.13,3,0.38,高风险
0.63,0.16,否,0.71,0.7,2.54,中级,无,无,19.57,23.7,0.05,是,是,0.85,深基坑,10.84,0.47,0.42,0.87,0.5,1,0.34,低风险
0.8,0.39,否,0.75,0.65,6.52,中级,无,1次,20.6,21.03,0.04,是,是,0.64,塔吊,1.13,0.78,0.26,0.46,0.13,2,0.58,中风险
0.42,0.3,否,0.81,0.63,12.29,中级,1次,1次,25.91,74.42,0.19,是,否,0.72,高支模,26.34,1,0.17,0.78,0.66,4,0.66,极高风险
0.65,0.36,否,0.97,0.79,1.27,初级,无,≥2次,16.38,61.86,0.27,是,是,0.81,深基坑,21.75,1,0.27,0.52,0.73,1,0.64,极高风险
0.14,0.24,否,0.62,0.83,12.47,中级,无,≥2次,23.09,82.77,0.11,是,是,0.22,车辆,14.4,0.54,0.6,0.87,0.71,0,0.61,极高风险
0.66,0.09,否,0.68,1,4.94,中级,无,无,9.01,77.78,0.74,是,是,0.83,塔吊,17.8,0.4,0.09,0.8,0.55,4,0.75,中风险
0.55,0.11,否,0.69,0.71,4.48,初级,1次,无,8.9,31.47,0.12,是,是,0.81,深基坑,19.38,0.74,0.06,0.94,0.8,3,0.86,低风险
0.81,0.22,否,0.85,0.76,27.5,高级,无,无,12.07,25.88,0.05,是,是,0.75,车辆,15.19,0.93,0.6,0.74,0.59,7,0.51,无风险
0.11,0.21,否,0.58,0.82,3.92,高级,无,1次,62.4,23.71,0.01,是,是,0.62,高支模,5.65,1,0,0.66,0.46,3,0.55,高风险
0.43,0.47,否,0.69,0.86,0.89,中级,无,1次,14.97,61.66,0.32,是,是,0.93,塔吊,8.03,1,0.5,0.97,0.1,2,0.95,高风险
0.57,0.66,否,0.6,0.93,12.11,初级,无,无,23.4,50.68,0.48,是,是,0.84,车辆,31.38,0.72,0.32,0.74,0.65,0,0.24,极高风险
0.8,0.26,否,0.64,0.76,0.68,高级,1次,无,39.04,28.29,0.13,是,是,0.24,高支模,12.66,0.42,0.42,0.78,0.6,1,0.53,高风险
0.58,0.18,否,0.55,0.88,4.13,初级,无,无,10.1,13.31,0.17,否,是,0.39,高支模,1.05,0.26,0.39,0.84,0.63,4,0.53,极高风险
0.8,0.28,否,0.72,0.84,7.97,中级,无,≥2次,13.06,54.34,0.23,是,是,0.72,配电箱,28.26,0.12,0.54,0.73,0.25,0,0.36,极高风险
0.72,0.2,否,0.73,0.84,13.46,初级,无,无,22.01,48.47,0.33,是,是,0.39,车辆,21.83,0.32,0.54,0.58,0.52,1,0.53,极高风险
0.71,0.15,否,0.87,0.84,10.73,初级,无,1次,33.85,44.94,0.01,是,是,0.26,车辆,10.91,0.65,0,0.95,0.89,3,0.63,低风险
0.24,0.13,否,0.66,0.66,9.61,初级,无,无,31.96,61.57,0.74,是,是,0.69,车辆,13.29,0.32,0.07,0.73,0.8,3,0.66,极高风险
0.33,0.86,否,0.63,0.69,0.22,中级,≥2次,无,22.2,33.76,0.15,是,是,0.72,塔吊,4.77,0.67,0.36,0.81,0.81,1,0.2,极高风险
0.58,0.14,否,0.62,0.76,3.62,中级,1次,无,8.57,9.69,0.06,是,是,0.22,配电箱,14.53,1,0.6,0.76,0.67,4,0.25,高风险
0.25,0.2,否,0.64,0.61,0.49,初级,≥2次,1次,20.98,12.84,0.38,是,是,0.34,塔吊,1.46,0.48,0.19,0.87,0.8,4,0.81,极高风险
0.86,0.52,否,0.68,0.97,4.76,中级,无,无,28.48,48.73,0.08,是,否,0.98,塔吊,2.01,1,0.81,0.68,0.67,4,0.77,高风险
0.57,0.33,否,0.71,0.84,0.51,中级,无,无,20.29,44.31,0.3,是,是,0.48,塔吊,11.83,0.27,0,0.78,0.82,2,0.61,低风险
0.3,0.25,否,0.75,0.76,7.16,中级,无,无,22.89,40.96,0.15,是,是,0.97,塔吊,34.65,0.17,0.36,0.8,0.72,2,0.31,中风险
0.89,0.35,否,0.74,0.73,6.74,无证,无,≥2次,9.59,37.05,0.19,是,是,0.58,配电箱,21.94,0.63,0.62,0.82,0.74,2,0.31,极高风险
0.69,0.57,否,0.59,0.83,16.91,高级,1次,1次,32.8,22.33,0.38,是,是,0.73,配电箱,14.97,0.88,0.08,0.58,0.4,4,0.61,高风险
0.7,0.57,否,0.7,0.8,9.33,中级,≥2次,1次,14.7,31.96,0.24,是,是,0.86,深基坑,10.45,0.91,0.42,0.89,0.6,4,0.5,高风险
0.79,0.3,否,0.6,0.77,21.73,中级,无,无,12.1,67.49,0.49,是,是,0.84,配电箱,3.49,1,0.49,0.94,0.71,4,0.47,低风险
0.73,0.06,否,0.68,0.91,38.23,中级,无,无,27.26,40.63,0.04,是,是,0.6,车辆,45.35,0.44,0.34,0.86,0.7,1,0.65,无风险
0.64,0.45,否,0.69,0.63,5.62,中级,无,1次,32.22,9.47,0.48,是,是,0.52,配电箱,13.8,1,0.1,0.73,0.9,6,0.68,中风险
